Python benchmark suite 1.11.0


==================================================
( 1/83) creating venv for benchmark (argparse)

(trying common venv first)
Installing requirements into the virtual environment /home/qianhuiwang/cpython/build-purecap
# /home/qianhuiwang/cpython/build-purecap/python -m pip install pyperf==2.9.0
Requirement already satisfied: pyperf==2.9.0 in ./lib/python3.12/site-packages (2.9.0)
Requirement already satisfied: psutil>=5.9.0 in ./lib/python3.12/site-packages (from pyperf==2.9.0) (7.0.0)

[notice] A new release of pip is available: 25.0.1 -> 25.1
[notice] To update, run: /home/qianhuiwang/cpython/build-purecap/python -m pip install --upgrade pip
Installing requirements into the virtual environment /home/qianhuiwang/cpython/build-purecap
# /home/qianhuiwang/cpython/build-purecap/python -m pip install psutil
Requirement already satisfied: psutil in ./lib/python3.12/site-packages (7.0.0)

[notice] A new release of pip is available: 25.0.1 -> 25.1
[notice] To update, run: /home/qianhuiwang/cpython/build-purecap/python -m pip install --upgrade pip
# /home/qianhuiwang/cpython/build-purecap/python -m pip freeze
alabaster==0.7.16
asgiref==3.6.0
babel==2.17.0
build==1.2.2.post1
certifi==2021.5.30
Chameleon==3.9.1
charset-normalizer==3.4.1
coverage==7.3.2
Django==4.2
docutils==0.21.2
dulwich==0.20.23
Genshi==0.7.7
html5lib==1.1
idna==3.10
imagesize==1.4.1
Jinja2==3.1.6
legacy-cgi==2.6
Mako==1.1.4
MarkupSafe==2.0.1
mpmath==1.2.1
networkx==3.4.2
packaging==24.2
psutil==7.0.0
pyaes==1.6.1
Pygments==2.19.1
pyperf==2.9.0
pyperformance @ file:///home/qianhuiwang/cpython/site-packages/pyperformance/dist/pyperformance-1.11.0-py3-none-any.whl#sha256=5e7db3719781f5aaaa31704d7bc2566ec18ade1aa74b998aae4e93a9ebbaa849
pyproject_hooks==1.2.0
python-docs-theme==2024.6
pytz==2021.1
requests==2.32.3
setuptools==78.1.0
six==1.16.0
snowballstemmer==2.2.0
Sphinx==7.3.7
sphinxcontrib-applehelp==2.0.0
sphinxcontrib-devhelp==2.0.0
sphinxcontrib-htmlhelp==2.1.0
sphinxcontrib-jsmath==1.0.1
sphinxcontrib-qthelp==2.0.0
sphinxcontrib-serializinghtml==2.0.0
sqlglot==4.6.0
sqlparse==0.4.1
sympy==1.13.0
urllib3==1.26.5
webencodings==0.5.1
# /home/qianhuiwang/cpython/build-purecap/python -m pip freeze
alabaster==0.7.16
asgiref==3.6.0
babel==2.17.0
build==1.2.2.post1
certifi==2021.5.30
Chameleon==3.9.1
charset-normalizer==3.4.1
coverage==7.3.2
Django==4.2
docutils==0.21.2
dulwich==0.20.23
Genshi==0.7.7
html5lib==1.1
idna==3.10
imagesize==1.4.1
Jinja2==3.1.6
legacy-cgi==2.6
Mako==1.1.4
MarkupSafe==2.0.1
mpmath==1.2.1
networkx==3.4.2
packaging==24.2
psutil==7.0.0
pyaes==1.6.1
Pygments==2.19.1
pyperf==2.9.0
pyperformance @ file:///home/qianhuiwang/cpython/site-packages/pyperformance/dist/pyperformance-1.11.0-py3-none-any.whl#sha256=5e7db3719781f5aaaa31704d7bc2566ec18ade1aa74b998aae4e93a9ebbaa849
pyproject_hooks==1.2.0
python-docs-theme==2024.6
pytz==2021.1
requests==2.32.3
setuptools==78.1.0
six==1.16.0
snowballstemmer==2.2.0
Sphinx==7.3.7
sphinxcontrib-applehelp==2.0.0
sphinxcontrib-devhelp==2.0.0
sphinxcontrib-htmlhelp==2.1.0
sphinxcontrib-jsmath==1.0.1
sphinxcontrib-qthelp==2.0.0
sphinxcontrib-serializinghtml==2.0.0
sqlglot==4.6.0
sqlparse==0.4.1
sympy==1.13.0
urllib3==1.26.5
webencodings==0.5.1

==================================================
( 2/83) creating venv for benchmark (argparse_subparsers)

(trying common venv first)
Installing requirements into the virtual environment /home/qianhuiwang/cpython/build-purecap
# /home/qianhuiwang/cpython/build-purecap/python -m pip install pyperf==2.9.0
Requirement already satisfied: pyperf==2.9.0 in ./lib/python3.12/site-packages (2.9.0)
Requirement already satisfied: psutil>=5.9.0 in ./lib/python3.12/site-packages (from pyperf==2.9.0) (7.0.0)

[notice] A new release of pip is available: 25.0.1 -> 25.1
[notice] To update, run: /home/qianhuiwang/cpython/build-purecap/python -m pip install --upgrade pip
Installing requirements into the virtual environment /home/qianhuiwang/cpython/build-purecap
# /home/qianhuiwang/cpython/build-purecap/python -m pip install psutil
Requirement already satisfied: psutil in ./lib/python3.12/site-packages (7.0.0)

[notice] A new release of pip is available: 25.0.1 -> 25.1
[notice] To update, run: /home/qianhuiwang/cpython/build-purecap/python -m pip install --upgrade pip
# /home/qianhuiwang/cpython/build-purecap/python -m pip freeze
alabaster==0.7.16
asgiref==3.6.0
babel==2.17.0
build==1.2.2.post1
certifi==2021.5.30
Chameleon==3.9.1
charset-normalizer==3.4.1
coverage==7.3.2
Django==4.2
docutils==0.21.2
dulwich==0.20.23
Genshi==0.7.7
html5lib==1.1
idna==3.10
imagesize==1.4.1
Jinja2==3.1.6
legacy-cgi==2.6
Mako==1.1.4
MarkupSafe==2.0.1
mpmath==1.2.1
networkx==3.4.2
packaging==24.2
psutil==7.0.0
pyaes==1.6.1
Pygments==2.19.1
pyperf==2.9.0
pyperformance @ file:///home/qianhuiwang/cpython/site-packages/pyperformance/dist/pyperformance-1.11.0-py3-none-any.whl#sha256=5e7db3719781f5aaaa31704d7bc2566ec18ade1aa74b998aae4e93a9ebbaa849
pyproject_hooks==1.2.0
python-docs-theme==2024.6
pytz==2021.1
requests==2.32.3
setuptools==78.1.0
six==1.16.0
snowballstemmer==2.2.0
Sphinx==7.3.7
sphinxcontrib-applehelp==2.0.0
sphinxcontrib-devhelp==2.0.0
sphinxcontrib-htmlhelp==2.1.0
sphinxcontrib-jsmath==1.0.1
sphinxcontrib-qthelp==2.0.0
sphinxcontrib-serializinghtml==2.0.0
sqlglot==4.6.0
sqlparse==0.4.1
sympy==1.13.0
urllib3==1.26.5
webencodings==0.5.1
# /home/qianhuiwang/cpython/build-purecap/python -m pip freeze
alabaster==0.7.16
asgiref==3.6.0
babel==2.17.0
build==1.2.2.post1
certifi==2021.5.30
Chameleon==3.9.1
charset-normalizer==3.4.1
coverage==7.3.2
Django==4.2
docutils==0.21.2
dulwich==0.20.23
Genshi==0.7.7
html5lib==1.1
idna==3.10
imagesize==1.4.1
Jinja2==3.1.6
legacy-cgi==2.6
Mako==1.1.4
MarkupSafe==2.0.1
mpmath==1.2.1
networkx==3.4.2
packaging==24.2
psutil==7.0.0
pyaes==1.6.1
Pygments==2.19.1
pyperf==2.9.0
pyperformance @ file:///home/qianhuiwang/cpython/site-packages/pyperformance/dist/pyperformance-1.11.0-py3-none-any.whl#sha256=5e7db3719781f5aaaa31704d7bc2566ec18ade1aa74b998aae4e93a9ebbaa849
pyproject_hooks==1.2.0
python-docs-theme==2024.6
pytz==2021.1
requests==2.32.3
setuptools==78.1.0
six==1.16.0
snowballstemmer==2.2.0
Sphinx==7.3.7
sphinxcontrib-applehelp==2.0.0
sphinxcontrib-devhelp==2.0.0
sphinxcontrib-htmlhelp==2.1.0
sphinxcontrib-jsmath==1.0.1
sphinxcontrib-qthelp==2.0.0
sphinxcontrib-serializinghtml==2.0.0
sqlglot==4.6.0
sqlparse==0.4.1
sympy==1.13.0
urllib3==1.26.5
webencodings==0.5.1

==================================================
( 3/83) creating venv for benchmark (async_generators)

(trying common venv first)
Installing requirements into the virtual environment /home/qianhuiwang/cpython/build-purecap
# /home/qianhuiwang/cpython/build-purecap/python -m pip install pyperf==2.9.0
Requirement already satisfied: pyperf==2.9.0 in ./lib/python3.12/site-packages (2.9.0)
Requirement already satisfied: psutil>=5.9.0 in ./lib/python3.12/site-packages (from pyperf==2.9.0) (7.0.0)

[notice] A new release of pip is available: 25.0.1 -> 25.1
[notice] To update, run: /home/qianhuiwang/cpython/build-purecap/python -m pip install --upgrade pip
Installing requirements into the virtual environment /home/qianhuiwang/cpython/build-purecap
# /home/qianhuiwang/cpython/build-purecap/python -m pip install psutil
Requirement already satisfied: psutil in ./lib/python3.12/site-packages (7.0.0)

[notice] A new release of pip is available: 25.0.1 -> 25.1
[notice] To update, run: /home/qianhuiwang/cpython/build-purecap/python -m pip install --upgrade pip
# /home/qianhuiwang/cpython/build-purecap/python -m pip freeze
alabaster==0.7.16
asgiref==3.6.0
babel==2.17.0
build==1.2.2.post1
certifi==2021.5.30
Chameleon==3.9.1
charset-normalizer==3.4.1
coverage==7.3.2
Django==4.2
docutils==0.21.2
dulwich==0.20.23
Genshi==0.7.7
html5lib==1.1
idna==3.10
imagesize==1.4.1
Jinja2==3.1.6
legacy-cgi==2.6
Mako==1.1.4
MarkupSafe==2.0.1
mpmath==1.2.1
networkx==3.4.2
packaging==24.2
psutil==7.0.0
pyaes==1.6.1
Pygments==2.19.1
pyperf==2.9.0
pyperformance @ file:///home/qianhuiwang/cpython/site-packages/pyperformance/dist/pyperformance-1.11.0-py3-none-any.whl#sha256=5e7db3719781f5aaaa31704d7bc2566ec18ade1aa74b998aae4e93a9ebbaa849
pyproject_hooks==1.2.0
python-docs-theme==2024.6
pytz==2021.1
requests==2.32.3
setuptools==78.1.0
six==1.16.0
snowballstemmer==2.2.0
Sphinx==7.3.7
sphinxcontrib-applehelp==2.0.0
sphinxcontrib-devhelp==2.0.0
sphinxcontrib-htmlhelp==2.1.0
sphinxcontrib-jsmath==1.0.1
sphinxcontrib-qthelp==2.0.0
sphinxcontrib-serializinghtml==2.0.0
sqlglot==4.6.0
sqlparse==0.4.1
sympy==1.13.0
urllib3==1.26.5
webencodings==0.5.1
# /home/qianhuiwang/cpython/build-purecap/python -m pip freeze
alabaster==0.7.16
asgiref==3.6.0
babel==2.17.0
build==1.2.2.post1
certifi==2021.5.30
Chameleon==3.9.1
charset-normalizer==3.4.1
coverage==7.3.2
Django==4.2
docutils==0.21.2
dulwich==0.20.23
Genshi==0.7.7
html5lib==1.1
idna==3.10
imagesize==1.4.1
Jinja2==3.1.6
legacy-cgi==2.6
Mako==1.1.4
MarkupSafe==2.0.1
mpmath==1.2.1
networkx==3.4.2
packaging==24.2
psutil==7.0.0
pyaes==1.6.1
Pygments==2.19.1
pyperf==2.9.0
pyperformance @ file:///home/qianhuiwang/cpython/site-packages/pyperformance/dist/pyperformance-1.11.0-py3-none-any.whl#sha256=5e7db3719781f5aaaa31704d7bc2566ec18ade1aa74b998aae4e93a9ebbaa849
pyproject_hooks==1.2.0
python-docs-theme==2024.6
pytz==2021.1
requests==2.32.3
setuptools==78.1.0
six==1.16.0
snowballstemmer==2.2.0
Sphinx==7.3.7
sphinxcontrib-applehelp==2.0.0
sphinxcontrib-devhelp==2.0.0
sphinxcontrib-htmlhelp==2.1.0
sphinxcontrib-jsmath==1.0.1
sphinxcontrib-qthelp==2.0.0
sphinxcontrib-serializinghtml==2.0.0
sqlglot==4.6.0
sqlparse==0.4.1
sympy==1.13.0
urllib3==1.26.5
webencodings==0.5.1

==================================================
( 4/83) creating venv for benchmark (async_tree)

(trying common venv first)
Installing requirements into the virtual environment /home/qianhuiwang/cpython/build-purecap
# /home/qianhuiwang/cpython/build-purecap/python -m pip install pyperf==2.9.0
Requirement already satisfied: pyperf==2.9.0 in ./lib/python3.12/site-packages (2.9.0)
Requirement already satisfied: psutil>=5.9.0 in ./lib/python3.12/site-packages (from pyperf==2.9.0) (7.0.0)

[notice] A new release of pip is available: 25.0.1 -> 25.1
[notice] To update, run: /home/qianhuiwang/cpython/build-purecap/python -m pip install --upgrade pip
Installing requirements into the virtual environment /home/qianhuiwang/cpython/build-purecap
# /home/qianhuiwang/cpython/build-purecap/python -m pip install psutil
Requirement already satisfied: psutil in ./lib/python3.12/site-packages (7.0.0)

[notice] A new release of pip is available: 25.0.1 -> 25.1
[notice] To update, run: /home/qianhuiwang/cpython/build-purecap/python -m pip install --upgrade pip
# /home/qianhuiwang/cpython/build-purecap/python -m pip freeze
alabaster==0.7.16
asgiref==3.6.0
babel==2.17.0
build==1.2.2.post1
certifi==2021.5.30
Chameleon==3.9.1
charset-normalizer==3.4.1
coverage==7.3.2
Django==4.2
docutils==0.21.2
dulwich==0.20.23
Genshi==0.7.7
html5lib==1.1
idna==3.10
imagesize==1.4.1
Jinja2==3.1.6
legacy-cgi==2.6
Mako==1.1.4
MarkupSafe==2.0.1
mpmath==1.2.1
networkx==3.4.2
packaging==24.2
psutil==7.0.0
pyaes==1.6.1
Pygments==2.19.1
pyperf==2.9.0
pyperformance @ file:///home/qianhuiwang/cpython/site-packages/pyperformance/dist/pyperformance-1.11.0-py3-none-any.whl#sha256=5e7db3719781f5aaaa31704d7bc2566ec18ade1aa74b998aae4e93a9ebbaa849
pyproject_hooks==1.2.0
python-docs-theme==2024.6
pytz==2021.1
requests==2.32.3
setuptools==78.1.0
six==1.16.0
snowballstemmer==2.2.0
Sphinx==7.3.7
sphinxcontrib-applehelp==2.0.0
sphinxcontrib-devhelp==2.0.0
sphinxcontrib-htmlhelp==2.1.0
sphinxcontrib-jsmath==1.0.1
sphinxcontrib-qthelp==2.0.0
sphinxcontrib-serializinghtml==2.0.0
sqlglot==4.6.0
sqlparse==0.4.1
sympy==1.13.0
urllib3==1.26.5
webencodings==0.5.1
# /home/qianhuiwang/cpython/build-purecap/python -m pip freeze
alabaster==0.7.16
asgiref==3.6.0
babel==2.17.0
build==1.2.2.post1
certifi==2021.5.30
Chameleon==3.9.1
charset-normalizer==3.4.1
coverage==7.3.2
Django==4.2
docutils==0.21.2
dulwich==0.20.23
Genshi==0.7.7
html5lib==1.1
idna==3.10
imagesize==1.4.1
Jinja2==3.1.6
legacy-cgi==2.6
Mako==1.1.4
MarkupSafe==2.0.1
mpmath==1.2.1
networkx==3.4.2
packaging==24.2
psutil==7.0.0
pyaes==1.6.1
Pygments==2.19.1
pyperf==2.9.0
pyperformance @ file:///home/qianhuiwang/cpython/site-packages/pyperformance/dist/pyperformance-1.11.0-py3-none-any.whl#sha256=5e7db3719781f5aaaa31704d7bc2566ec18ade1aa74b998aae4e93a9ebbaa849
pyproject_hooks==1.2.0
python-docs-theme==2024.6
pytz==2021.1
requests==2.32.3
setuptools==78.1.0
six==1.16.0
snowballstemmer==2.2.0
Sphinx==7.3.7
sphinxcontrib-applehelp==2.0.0
sphinxcontrib-devhelp==2.0.0
sphinxcontrib-htmlhelp==2.1.0
sphinxcontrib-jsmath==1.0.1
sphinxcontrib-qthelp==2.0.0
sphinxcontrib-serializinghtml==2.0.0
sqlglot==4.6.0
sqlparse==0.4.1
sympy==1.13.0
urllib3==1.26.5
webencodings==0.5.1

==================================================
( 5/83) creating venv for benchmark (async_tree_cpu_io_mixed)

(trying common venv first)
Installing requirements into the virtual environment /home/qianhuiwang/cpython/build-purecap
# /home/qianhuiwang/cpython/build-purecap/python -m pip install pyperf==2.9.0
Requirement already satisfied: pyperf==2.9.0 in ./lib/python3.12/site-packages (2.9.0)
Requirement already satisfied: psutil>=5.9.0 in ./lib/python3.12/site-packages (from pyperf==2.9.0) (7.0.0)

[notice] A new release of pip is available: 25.0.1 -> 25.1
[notice] To update, run: /home/qianhuiwang/cpython/build-purecap/python -m pip install --upgrade pip
Installing requirements into the virtual environment /home/qianhuiwang/cpython/build-purecap
# /home/qianhuiwang/cpython/build-purecap/python -m pip install psutil
Requirement already satisfied: psutil in ./lib/python3.12/site-packages (7.0.0)

[notice] A new release of pip is available: 25.0.1 -> 25.1
[notice] To update, run: /home/qianhuiwang/cpython/build-purecap/python -m pip install --upgrade pip
# /home/qianhuiwang/cpython/build-purecap/python -m pip freeze
alabaster==0.7.16
asgiref==3.6.0
babel==2.17.0
build==1.2.2.post1
certifi==2021.5.30
Chameleon==3.9.1
charset-normalizer==3.4.1
coverage==7.3.2
Django==4.2
docutils==0.21.2
dulwich==0.20.23
Genshi==0.7.7
html5lib==1.1
idna==3.10
imagesize==1.4.1
Jinja2==3.1.6
legacy-cgi==2.6
Mako==1.1.4
MarkupSafe==2.0.1
mpmath==1.2.1
networkx==3.4.2
packaging==24.2
psutil==7.0.0
pyaes==1.6.1
Pygments==2.19.1
pyperf==2.9.0
pyperformance @ file:///home/qianhuiwang/cpython/site-packages/pyperformance/dist/pyperformance-1.11.0-py3-none-any.whl#sha256=5e7db3719781f5aaaa31704d7bc2566ec18ade1aa74b998aae4e93a9ebbaa849
pyproject_hooks==1.2.0
python-docs-theme==2024.6
pytz==2021.1
requests==2.32.3
setuptools==78.1.0
six==1.16.0
snowballstemmer==2.2.0
Sphinx==7.3.7
sphinxcontrib-applehelp==2.0.0
sphinxcontrib-devhelp==2.0.0
sphinxcontrib-htmlhelp==2.1.0
sphinxcontrib-jsmath==1.0.1
sphinxcontrib-qthelp==2.0.0
sphinxcontrib-serializinghtml==2.0.0
sqlglot==4.6.0
sqlparse==0.4.1
sympy==1.13.0
urllib3==1.26.5
webencodings==0.5.1
# /home/qianhuiwang/cpython/build-purecap/python -m pip freeze
alabaster==0.7.16
asgiref==3.6.0
babel==2.17.0
build==1.2.2.post1
certifi==2021.5.30
Chameleon==3.9.1
charset-normalizer==3.4.1
coverage==7.3.2
Django==4.2
docutils==0.21.2
dulwich==0.20.23
Genshi==0.7.7
html5lib==1.1
idna==3.10
imagesize==1.4.1
Jinja2==3.1.6
legacy-cgi==2.6
Mako==1.1.4
MarkupSafe==2.0.1
mpmath==1.2.1
networkx==3.4.2
packaging==24.2
psutil==7.0.0
pyaes==1.6.1
Pygments==2.19.1
pyperf==2.9.0
pyperformance @ file:///home/qianhuiwang/cpython/site-packages/pyperformance/dist/pyperformance-1.11.0-py3-none-any.whl#sha256=5e7db3719781f5aaaa31704d7bc2566ec18ade1aa74b998aae4e93a9ebbaa849
pyproject_hooks==1.2.0
python-docs-theme==2024.6
pytz==2021.1
requests==2.32.3
setuptools==78.1.0
six==1.16.0
snowballstemmer==2.2.0
Sphinx==7.3.7
sphinxcontrib-applehelp==2.0.0
sphinxcontrib-devhelp==2.0.0
sphinxcontrib-htmlhelp==2.1.0
sphinxcontrib-jsmath==1.0.1
sphinxcontrib-qthelp==2.0.0
sphinxcontrib-serializinghtml==2.0.0
sqlglot==4.6.0
sqlparse==0.4.1
sympy==1.13.0
urllib3==1.26.5
webencodings==0.5.1

==================================================
( 6/83) creating venv for benchmark (async_tree_cpu_io_mixed_tg)

(trying common venv first)
Installing requirements into the virtual environment /home/qianhuiwang/cpython/build-purecap
# /home/qianhuiwang/cpython/build-purecap/python -m pip install pyperf==2.9.0
Requirement already satisfied: pyperf==2.9.0 in ./lib/python3.12/site-packages (2.9.0)
Requirement already satisfied: psutil>=5.9.0 in ./lib/python3.12/site-packages (from pyperf==2.9.0) (7.0.0)

[notice] A new release of pip is available: 25.0.1 -> 25.1
[notice] To update, run: /home/qianhuiwang/cpython/build-purecap/python -m pip install --upgrade pip
Installing requirements into the virtual environment /home/qianhuiwang/cpython/build-purecap
# /home/qianhuiwang/cpython/build-purecap/python -m pip install psutil
Requirement already satisfied: psutil in ./lib/python3.12/site-packages (7.0.0)

[notice] A new release of pip is available: 25.0.1 -> 25.1
[notice] To update, run: /home/qianhuiwang/cpython/build-purecap/python -m pip install --upgrade pip
# /home/qianhuiwang/cpython/build-purecap/python -m pip freeze
alabaster==0.7.16
asgiref==3.6.0
babel==2.17.0
build==1.2.2.post1
certifi==2021.5.30
Chameleon==3.9.1
charset-normalizer==3.4.1
coverage==7.3.2
Django==4.2
docutils==0.21.2
dulwich==0.20.23
Genshi==0.7.7
html5lib==1.1
idna==3.10
imagesize==1.4.1
Jinja2==3.1.6
legacy-cgi==2.6
Mako==1.1.4
MarkupSafe==2.0.1
mpmath==1.2.1
networkx==3.4.2
packaging==24.2
psutil==7.0.0
pyaes==1.6.1
Pygments==2.19.1
pyperf==2.9.0
pyperformance @ file:///home/qianhuiwang/cpython/site-packages/pyperformance/dist/pyperformance-1.11.0-py3-none-any.whl#sha256=5e7db3719781f5aaaa31704d7bc2566ec18ade1aa74b998aae4e93a9ebbaa849
pyproject_hooks==1.2.0
python-docs-theme==2024.6
pytz==2021.1
requests==2.32.3
setuptools==78.1.0
six==1.16.0
snowballstemmer==2.2.0
Sphinx==7.3.7
sphinxcontrib-applehelp==2.0.0
sphinxcontrib-devhelp==2.0.0
sphinxcontrib-htmlhelp==2.1.0
sphinxcontrib-jsmath==1.0.1
sphinxcontrib-qthelp==2.0.0
sphinxcontrib-serializinghtml==2.0.0
sqlglot==4.6.0
sqlparse==0.4.1
sympy==1.13.0
urllib3==1.26.5
webencodings==0.5.1
# /home/qianhuiwang/cpython/build-purecap/python -m pip freeze
alabaster==0.7.16
asgiref==3.6.0
babel==2.17.0
build==1.2.2.post1
certifi==2021.5.30
Chameleon==3.9.1
charset-normalizer==3.4.1
coverage==7.3.2
Django==4.2
docutils==0.21.2
dulwich==0.20.23
Genshi==0.7.7
html5lib==1.1
idna==3.10
imagesize==1.4.1
Jinja2==3.1.6
legacy-cgi==2.6
Mako==1.1.4
MarkupSafe==2.0.1
mpmath==1.2.1
networkx==3.4.2
packaging==24.2
psutil==7.0.0
pyaes==1.6.1
Pygments==2.19.1
pyperf==2.9.0
pyperformance @ file:///home/qianhuiwang/cpython/site-packages/pyperformance/dist/pyperformance-1.11.0-py3-none-any.whl#sha256=5e7db3719781f5aaaa31704d7bc2566ec18ade1aa74b998aae4e93a9ebbaa849
pyproject_hooks==1.2.0
python-docs-theme==2024.6
pytz==2021.1
requests==2.32.3
setuptools==78.1.0
six==1.16.0
snowballstemmer==2.2.0
Sphinx==7.3.7
sphinxcontrib-applehelp==2.0.0
sphinxcontrib-devhelp==2.0.0
sphinxcontrib-htmlhelp==2.1.0
sphinxcontrib-jsmath==1.0.1
sphinxcontrib-qthelp==2.0.0
sphinxcontrib-serializinghtml==2.0.0
sqlglot==4.6.0
sqlparse==0.4.1
sympy==1.13.0
urllib3==1.26.5
webencodings==0.5.1

==================================================
( 7/83) creating venv for benchmark (async_tree_eager)

(trying common venv first)
Installing requirements into the virtual environment /home/qianhuiwang/cpython/build-purecap
# /home/qianhuiwang/cpython/build-purecap/python -m pip install pyperf==2.9.0
Requirement already satisfied: pyperf==2.9.0 in ./lib/python3.12/site-packages (2.9.0)
Requirement already satisfied: psutil>=5.9.0 in ./lib/python3.12/site-packages (from pyperf==2.9.0) (7.0.0)

[notice] A new release of pip is available: 25.0.1 -> 25.1
[notice] To update, run: /home/qianhuiwang/cpython/build-purecap/python -m pip install --upgrade pip
Installing requirements into the virtual environment /home/qianhuiwang/cpython/build-purecap
# /home/qianhuiwang/cpython/build-purecap/python -m pip install psutil
Requirement already satisfied: psutil in ./lib/python3.12/site-packages (7.0.0)

[notice] A new release of pip is available: 25.0.1 -> 25.1
[notice] To update, run: /home/qianhuiwang/cpython/build-purecap/python -m pip install --upgrade pip
# /home/qianhuiwang/cpython/build-purecap/python -m pip freeze
alabaster==0.7.16
asgiref==3.6.0
babel==2.17.0
build==1.2.2.post1
certifi==2021.5.30
Chameleon==3.9.1
charset-normalizer==3.4.1
coverage==7.3.2
Django==4.2
docutils==0.21.2
dulwich==0.20.23
Genshi==0.7.7
html5lib==1.1
idna==3.10
imagesize==1.4.1
Jinja2==3.1.6
legacy-cgi==2.6
Mako==1.1.4
MarkupSafe==2.0.1
mpmath==1.2.1
networkx==3.4.2
packaging==24.2
psutil==7.0.0
pyaes==1.6.1
Pygments==2.19.1
pyperf==2.9.0
pyperformance @ file:///home/qianhuiwang/cpython/site-packages/pyperformance/dist/pyperformance-1.11.0-py3-none-any.whl#sha256=5e7db3719781f5aaaa31704d7bc2566ec18ade1aa74b998aae4e93a9ebbaa849
pyproject_hooks==1.2.0
python-docs-theme==2024.6
pytz==2021.1
requests==2.32.3
setuptools==78.1.0
six==1.16.0
snowballstemmer==2.2.0
Sphinx==7.3.7
sphinxcontrib-applehelp==2.0.0
sphinxcontrib-devhelp==2.0.0
sphinxcontrib-htmlhelp==2.1.0
sphinxcontrib-jsmath==1.0.1
sphinxcontrib-qthelp==2.0.0
sphinxcontrib-serializinghtml==2.0.0
sqlglot==4.6.0
sqlparse==0.4.1
sympy==1.13.0
urllib3==1.26.5
webencodings==0.5.1
# /home/qianhuiwang/cpython/build-purecap/python -m pip freeze
alabaster==0.7.16
asgiref==3.6.0
babel==2.17.0
build==1.2.2.post1
certifi==2021.5.30
Chameleon==3.9.1
charset-normalizer==3.4.1
coverage==7.3.2
Django==4.2
docutils==0.21.2
dulwich==0.20.23
Genshi==0.7.7
html5lib==1.1
idna==3.10
imagesize==1.4.1
Jinja2==3.1.6
legacy-cgi==2.6
Mako==1.1.4
MarkupSafe==2.0.1
mpmath==1.2.1
networkx==3.4.2
packaging==24.2
psutil==7.0.0
pyaes==1.6.1
Pygments==2.19.1
pyperf==2.9.0
pyperformance @ file:///home/qianhuiwang/cpython/site-packages/pyperformance/dist/pyperformance-1.11.0-py3-none-any.whl#sha256=5e7db3719781f5aaaa31704d7bc2566ec18ade1aa74b998aae4e93a9ebbaa849
pyproject_hooks==1.2.0
python-docs-theme==2024.6
pytz==2021.1
requests==2.32.3
setuptools==78.1.0
six==1.16.0
snowballstemmer==2.2.0
Sphinx==7.3.7
sphinxcontrib-applehelp==2.0.0
sphinxcontrib-devhelp==2.0.0
sphinxcontrib-htmlhelp==2.1.0
sphinxcontrib-jsmath==1.0.1
sphinxcontrib-qthelp==2.0.0
sphinxcontrib-serializinghtml==2.0.0
sqlglot==4.6.0
sqlparse==0.4.1
sympy==1.13.0
urllib3==1.26.5
webencodings==0.5.1

==================================================
( 8/83) creating venv for benchmark (async_tree_eager_cpu_io_mixed)

(trying common venv first)
Installing requirements into the virtual environment /home/qianhuiwang/cpython/build-purecap
# /home/qianhuiwang/cpython/build-purecap/python -m pip install pyperf==2.9.0
Requirement already satisfied: pyperf==2.9.0 in ./lib/python3.12/site-packages (2.9.0)
Requirement already satisfied: psutil>=5.9.0 in ./lib/python3.12/site-packages (from pyperf==2.9.0) (7.0.0)

[notice] A new release of pip is available: 25.0.1 -> 25.1
[notice] To update, run: /home/qianhuiwang/cpython/build-purecap/python -m pip install --upgrade pip
Installing requirements into the virtual environment /home/qianhuiwang/cpython/build-purecap
# /home/qianhuiwang/cpython/build-purecap/python -m pip install psutil
Requirement already satisfied: psutil in ./lib/python3.12/site-packages (7.0.0)

[notice] A new release of pip is available: 25.0.1 -> 25.1
[notice] To update, run: /home/qianhuiwang/cpython/build-purecap/python -m pip install --upgrade pip
# /home/qianhuiwang/cpython/build-purecap/python -m pip freeze
alabaster==0.7.16
asgiref==3.6.0
babel==2.17.0
build==1.2.2.post1
certifi==2021.5.30
Chameleon==3.9.1
charset-normalizer==3.4.1
coverage==7.3.2
Django==4.2
docutils==0.21.2
dulwich==0.20.23
Genshi==0.7.7
html5lib==1.1
idna==3.10
imagesize==1.4.1
Jinja2==3.1.6
legacy-cgi==2.6
Mako==1.1.4
MarkupSafe==2.0.1
mpmath==1.2.1
networkx==3.4.2
packaging==24.2
psutil==7.0.0
pyaes==1.6.1
Pygments==2.19.1
pyperf==2.9.0
pyperformance @ file:///home/qianhuiwang/cpython/site-packages/pyperformance/dist/pyperformance-1.11.0-py3-none-any.whl#sha256=5e7db3719781f5aaaa31704d7bc2566ec18ade1aa74b998aae4e93a9ebbaa849
pyproject_hooks==1.2.0
python-docs-theme==2024.6
pytz==2021.1
requests==2.32.3
setuptools==78.1.0
six==1.16.0
snowballstemmer==2.2.0
Sphinx==7.3.7
sphinxcontrib-applehelp==2.0.0
sphinxcontrib-devhelp==2.0.0
sphinxcontrib-htmlhelp==2.1.0
sphinxcontrib-jsmath==1.0.1
sphinxcontrib-qthelp==2.0.0
sphinxcontrib-serializinghtml==2.0.0
sqlglot==4.6.0
sqlparse==0.4.1
sympy==1.13.0
urllib3==1.26.5
webencodings==0.5.1
# /home/qianhuiwang/cpython/build-purecap/python -m pip freeze
alabaster==0.7.16
asgiref==3.6.0
babel==2.17.0
build==1.2.2.post1
certifi==2021.5.30
Chameleon==3.9.1
charset-normalizer==3.4.1
coverage==7.3.2
Django==4.2
docutils==0.21.2
dulwich==0.20.23
Genshi==0.7.7
html5lib==1.1
idna==3.10
imagesize==1.4.1
Jinja2==3.1.6
legacy-cgi==2.6
Mako==1.1.4
MarkupSafe==2.0.1
mpmath==1.2.1
networkx==3.4.2
packaging==24.2
psutil==7.0.0
pyaes==1.6.1
Pygments==2.19.1
pyperf==2.9.0
pyperformance @ file:///home/qianhuiwang/cpython/site-packages/pyperformance/dist/pyperformance-1.11.0-py3-none-any.whl#sha256=5e7db3719781f5aaaa31704d7bc2566ec18ade1aa74b998aae4e93a9ebbaa849
pyproject_hooks==1.2.0
python-docs-theme==2024.6
pytz==2021.1
requests==2.32.3
setuptools==78.1.0
six==1.16.0
snowballstemmer==2.2.0
Sphinx==7.3.7
sphinxcontrib-applehelp==2.0.0
sphinxcontrib-devhelp==2.0.0
sphinxcontrib-htmlhelp==2.1.0
sphinxcontrib-jsmath==1.0.1
sphinxcontrib-qthelp==2.0.0
sphinxcontrib-serializinghtml==2.0.0
sqlglot==4.6.0
sqlparse==0.4.1
sympy==1.13.0
urllib3==1.26.5
webencodings==0.5.1

==================================================
( 9/83) creating venv for benchmark (async_tree_eager_cpu_io_mixed_tg)

(trying common venv first)
Installing requirements into the virtual environment /home/qianhuiwang/cpython/build-purecap
# /home/qianhuiwang/cpython/build-purecap/python -m pip install pyperf==2.9.0
Requirement already satisfied: pyperf==2.9.0 in ./lib/python3.12/site-packages (2.9.0)
Requirement already satisfied: psutil>=5.9.0 in ./lib/python3.12/site-packages (from pyperf==2.9.0) (7.0.0)

[notice] A new release of pip is available: 25.0.1 -> 25.1
[notice] To update, run: /home/qianhuiwang/cpython/build-purecap/python -m pip install --upgrade pip
Installing requirements into the virtual environment /home/qianhuiwang/cpython/build-purecap
# /home/qianhuiwang/cpython/build-purecap/python -m pip install psutil
Requirement already satisfied: psutil in ./lib/python3.12/site-packages (7.0.0)

[notice] A new release of pip is available: 25.0.1 -> 25.1
[notice] To update, run: /home/qianhuiwang/cpython/build-purecap/python -m pip install --upgrade pip
# /home/qianhuiwang/cpython/build-purecap/python -m pip freeze
alabaster==0.7.16
asgiref==3.6.0
babel==2.17.0
build==1.2.2.post1
certifi==2021.5.30
Chameleon==3.9.1
charset-normalizer==3.4.1
coverage==7.3.2
Django==4.2
docutils==0.21.2
dulwich==0.20.23
Genshi==0.7.7
html5lib==1.1
idna==3.10
imagesize==1.4.1
Jinja2==3.1.6
legacy-cgi==2.6
Mako==1.1.4
MarkupSafe==2.0.1
mpmath==1.2.1
networkx==3.4.2
packaging==24.2
psutil==7.0.0
pyaes==1.6.1
Pygments==2.19.1
pyperf==2.9.0
pyperformance @ file:///home/qianhuiwang/cpython/site-packages/pyperformance/dist/pyperformance-1.11.0-py3-none-any.whl#sha256=5e7db3719781f5aaaa31704d7bc2566ec18ade1aa74b998aae4e93a9ebbaa849
pyproject_hooks==1.2.0
python-docs-theme==2024.6
pytz==2021.1
requests==2.32.3
setuptools==78.1.0
six==1.16.0
snowballstemmer==2.2.0
Sphinx==7.3.7
sphinxcontrib-applehelp==2.0.0
sphinxcontrib-devhelp==2.0.0
sphinxcontrib-htmlhelp==2.1.0
sphinxcontrib-jsmath==1.0.1
sphinxcontrib-qthelp==2.0.0
sphinxcontrib-serializinghtml==2.0.0
sqlglot==4.6.0
sqlparse==0.4.1
sympy==1.13.0
urllib3==1.26.5
webencodings==0.5.1
# /home/qianhuiwang/cpython/build-purecap/python -m pip freeze
alabaster==0.7.16
asgiref==3.6.0
babel==2.17.0
build==1.2.2.post1
certifi==2021.5.30
Chameleon==3.9.1
charset-normalizer==3.4.1
coverage==7.3.2
Django==4.2
docutils==0.21.2
dulwich==0.20.23
Genshi==0.7.7
html5lib==1.1
idna==3.10
imagesize==1.4.1
Jinja2==3.1.6
legacy-cgi==2.6
Mako==1.1.4
MarkupSafe==2.0.1
mpmath==1.2.1
networkx==3.4.2
packaging==24.2
psutil==7.0.0
pyaes==1.6.1
Pygments==2.19.1
pyperf==2.9.0
pyperformance @ file:///home/qianhuiwang/cpython/site-packages/pyperformance/dist/pyperformance-1.11.0-py3-none-any.whl#sha256=5e7db3719781f5aaaa31704d7bc2566ec18ade1aa74b998aae4e93a9ebbaa849
pyproject_hooks==1.2.0
python-docs-theme==2024.6
pytz==2021.1
requests==2.32.3
setuptools==78.1.0
six==1.16.0
snowballstemmer==2.2.0
Sphinx==7.3.7
sphinxcontrib-applehelp==2.0.0
sphinxcontrib-devhelp==2.0.0
sphinxcontrib-htmlhelp==2.1.0
sphinxcontrib-jsmath==1.0.1
sphinxcontrib-qthelp==2.0.0
sphinxcontrib-serializinghtml==2.0.0
sqlglot==4.6.0
sqlparse==0.4.1
sympy==1.13.0
urllib3==1.26.5
webencodings==0.5.1

==================================================
(10/83) creating venv for benchmark (async_tree_eager_io)

(trying common venv first)
Installing requirements into the virtual environment /home/qianhuiwang/cpython/build-purecap
# /home/qianhuiwang/cpython/build-purecap/python -m pip install pyperf==2.9.0
Requirement already satisfied: pyperf==2.9.0 in ./lib/python3.12/site-packages (2.9.0)
Requirement already satisfied: psutil>=5.9.0 in ./lib/python3.12/site-packages (from pyperf==2.9.0) (7.0.0)

[notice] A new release of pip is available: 25.0.1 -> 25.1
[notice] To update, run: /home/qianhuiwang/cpython/build-purecap/python -m pip install --upgrade pip
Installing requirements into the virtual environment /home/qianhuiwang/cpython/build-purecap
# /home/qianhuiwang/cpython/build-purecap/python -m pip install psutil
Requirement already satisfied: psutil in ./lib/python3.12/site-packages (7.0.0)

[notice] A new release of pip is available: 25.0.1 -> 25.1
[notice] To update, run: /home/qianhuiwang/cpython/build-purecap/python -m pip install --upgrade pip
# /home/qianhuiwang/cpython/build-purecap/python -m pip freeze
alabaster==0.7.16
asgiref==3.6.0
babel==2.17.0
build==1.2.2.post1
certifi==2021.5.30
Chameleon==3.9.1
charset-normalizer==3.4.1
coverage==7.3.2
Django==4.2
docutils==0.21.2
dulwich==0.20.23
Genshi==0.7.7
html5lib==1.1
idna==3.10
imagesize==1.4.1
Jinja2==3.1.6
legacy-cgi==2.6
Mako==1.1.4
MarkupSafe==2.0.1
mpmath==1.2.1
networkx==3.4.2
packaging==24.2
psutil==7.0.0
pyaes==1.6.1
Pygments==2.19.1
pyperf==2.9.0
pyperformance @ file:///home/qianhuiwang/cpython/site-packages/pyperformance/dist/pyperformance-1.11.0-py3-none-any.whl#sha256=5e7db3719781f5aaaa31704d7bc2566ec18ade1aa74b998aae4e93a9ebbaa849
pyproject_hooks==1.2.0
python-docs-theme==2024.6
pytz==2021.1
requests==2.32.3
setuptools==78.1.0
six==1.16.0
snowballstemmer==2.2.0
Sphinx==7.3.7
sphinxcontrib-applehelp==2.0.0
sphinxcontrib-devhelp==2.0.0
sphinxcontrib-htmlhelp==2.1.0
sphinxcontrib-jsmath==1.0.1
sphinxcontrib-qthelp==2.0.0
sphinxcontrib-serializinghtml==2.0.0
sqlglot==4.6.0
sqlparse==0.4.1
sympy==1.13.0
urllib3==1.26.5
webencodings==0.5.1
# /home/qianhuiwang/cpython/build-purecap/python -m pip freeze
alabaster==0.7.16
asgiref==3.6.0
babel==2.17.0
build==1.2.2.post1
certifi==2021.5.30
Chameleon==3.9.1
charset-normalizer==3.4.1
coverage==7.3.2
Django==4.2
docutils==0.21.2
dulwich==0.20.23
Genshi==0.7.7
html5lib==1.1
idna==3.10
imagesize==1.4.1
Jinja2==3.1.6
legacy-cgi==2.6
Mako==1.1.4
MarkupSafe==2.0.1
mpmath==1.2.1
networkx==3.4.2
packaging==24.2
psutil==7.0.0
pyaes==1.6.1
Pygments==2.19.1
pyperf==2.9.0
pyperformance @ file:///home/qianhuiwang/cpython/site-packages/pyperformance/dist/pyperformance-1.11.0-py3-none-any.whl#sha256=5e7db3719781f5aaaa31704d7bc2566ec18ade1aa74b998aae4e93a9ebbaa849
pyproject_hooks==1.2.0
python-docs-theme==2024.6
pytz==2021.1
requests==2.32.3
setuptools==78.1.0
six==1.16.0
snowballstemmer==2.2.0
Sphinx==7.3.7
sphinxcontrib-applehelp==2.0.0
sphinxcontrib-devhelp==2.0.0
sphinxcontrib-htmlhelp==2.1.0
sphinxcontrib-jsmath==1.0.1
sphinxcontrib-qthelp==2.0.0
sphinxcontrib-serializinghtml==2.0.0
sqlglot==4.6.0
sqlparse==0.4.1
sympy==1.13.0
urllib3==1.26.5
webencodings==0.5.1

==================================================
(11/83) creating venv for benchmark (async_tree_eager_io_tg)

(trying common venv first)
Installing requirements into the virtual environment /home/qianhuiwang/cpython/build-purecap
# /home/qianhuiwang/cpython/build-purecap/python -m pip install pyperf==2.9.0
Requirement already satisfied: pyperf==2.9.0 in ./lib/python3.12/site-packages (2.9.0)
Requirement already satisfied: psutil>=5.9.0 in ./lib/python3.12/site-packages (from pyperf==2.9.0) (7.0.0)

[notice] A new release of pip is available: 25.0.1 -> 25.1
[notice] To update, run: /home/qianhuiwang/cpython/build-purecap/python -m pip install --upgrade pip
Installing requirements into the virtual environment /home/qianhuiwang/cpython/build-purecap
# /home/qianhuiwang/cpython/build-purecap/python -m pip install psutil
Requirement already satisfied: psutil in ./lib/python3.12/site-packages (7.0.0)

[notice] A new release of pip is available: 25.0.1 -> 25.1
[notice] To update, run: /home/qianhuiwang/cpython/build-purecap/python -m pip install --upgrade pip
# /home/qianhuiwang/cpython/build-purecap/python -m pip freeze
alabaster==0.7.16
asgiref==3.6.0
babel==2.17.0
build==1.2.2.post1
certifi==2021.5.30
Chameleon==3.9.1
charset-normalizer==3.4.1
coverage==7.3.2
Django==4.2
docutils==0.21.2
dulwich==0.20.23
Genshi==0.7.7
html5lib==1.1
idna==3.10
imagesize==1.4.1
Jinja2==3.1.6
legacy-cgi==2.6
Mako==1.1.4
MarkupSafe==2.0.1
mpmath==1.2.1
networkx==3.4.2
packaging==24.2
psutil==7.0.0
pyaes==1.6.1
Pygments==2.19.1
pyperf==2.9.0
pyperformance @ file:///home/qianhuiwang/cpython/site-packages/pyperformance/dist/pyperformance-1.11.0-py3-none-any.whl#sha256=5e7db3719781f5aaaa31704d7bc2566ec18ade1aa74b998aae4e93a9ebbaa849
pyproject_hooks==1.2.0
python-docs-theme==2024.6
pytz==2021.1
requests==2.32.3
setuptools==78.1.0
six==1.16.0
snowballstemmer==2.2.0
Sphinx==7.3.7
sphinxcontrib-applehelp==2.0.0
sphinxcontrib-devhelp==2.0.0
sphinxcontrib-htmlhelp==2.1.0
sphinxcontrib-jsmath==1.0.1
sphinxcontrib-qthelp==2.0.0
sphinxcontrib-serializinghtml==2.0.0
sqlglot==4.6.0
sqlparse==0.4.1
sympy==1.13.0
urllib3==1.26.5
webencodings==0.5.1
# /home/qianhuiwang/cpython/build-purecap/python -m pip freeze
alabaster==0.7.16
asgiref==3.6.0
babel==2.17.0
build==1.2.2.post1
certifi==2021.5.30
Chameleon==3.9.1
charset-normalizer==3.4.1
coverage==7.3.2
Django==4.2
docutils==0.21.2
dulwich==0.20.23
Genshi==0.7.7
html5lib==1.1
idna==3.10
imagesize==1.4.1
Jinja2==3.1.6
legacy-cgi==2.6
Mako==1.1.4
MarkupSafe==2.0.1
mpmath==1.2.1
networkx==3.4.2
packaging==24.2
psutil==7.0.0
pyaes==1.6.1
Pygments==2.19.1
pyperf==2.9.0
pyperformance @ file:///home/qianhuiwang/cpython/site-packages/pyperformance/dist/pyperformance-1.11.0-py3-none-any.whl#sha256=5e7db3719781f5aaaa31704d7bc2566ec18ade1aa74b998aae4e93a9ebbaa849
pyproject_hooks==1.2.0
python-docs-theme==2024.6
pytz==2021.1
requests==2.32.3
setuptools==78.1.0
six==1.16.0
snowballstemmer==2.2.0
Sphinx==7.3.7
sphinxcontrib-applehelp==2.0.0
sphinxcontrib-devhelp==2.0.0
sphinxcontrib-htmlhelp==2.1.0
sphinxcontrib-jsmath==1.0.1
sphinxcontrib-qthelp==2.0.0
sphinxcontrib-serializinghtml==2.0.0
sqlglot==4.6.0
sqlparse==0.4.1
sympy==1.13.0
urllib3==1.26.5
webencodings==0.5.1

==================================================
(12/83) creating venv for benchmark (async_tree_eager_memoization)

(trying common venv first)
Installing requirements into the virtual environment /home/qianhuiwang/cpython/build-purecap
# /home/qianhuiwang/cpython/build-purecap/python -m pip install pyperf==2.9.0
Requirement already satisfied: pyperf==2.9.0 in ./lib/python3.12/site-packages (2.9.0)
Requirement already satisfied: psutil>=5.9.0 in ./lib/python3.12/site-packages (from pyperf==2.9.0) (7.0.0)

[notice] A new release of pip is available: 25.0.1 -> 25.1
[notice] To update, run: /home/qianhuiwang/cpython/build-purecap/python -m pip install --upgrade pip
Installing requirements into the virtual environment /home/qianhuiwang/cpython/build-purecap
# /home/qianhuiwang/cpython/build-purecap/python -m pip install psutil
Requirement already satisfied: psutil in ./lib/python3.12/site-packages (7.0.0)

[notice] A new release of pip is available: 25.0.1 -> 25.1
[notice] To update, run: /home/qianhuiwang/cpython/build-purecap/python -m pip install --upgrade pip
# /home/qianhuiwang/cpython/build-purecap/python -m pip freeze
alabaster==0.7.16
asgiref==3.6.0
babel==2.17.0
build==1.2.2.post1
certifi==2021.5.30
Chameleon==3.9.1
charset-normalizer==3.4.1
coverage==7.3.2
Django==4.2
docutils==0.21.2
dulwich==0.20.23
Genshi==0.7.7
html5lib==1.1
idna==3.10
imagesize==1.4.1
Jinja2==3.1.6
legacy-cgi==2.6
Mako==1.1.4
MarkupSafe==2.0.1
mpmath==1.2.1
networkx==3.4.2
packaging==24.2
psutil==7.0.0
pyaes==1.6.1
Pygments==2.19.1
pyperf==2.9.0
pyperformance @ file:///home/qianhuiwang/cpython/site-packages/pyperformance/dist/pyperformance-1.11.0-py3-none-any.whl#sha256=5e7db3719781f5aaaa31704d7bc2566ec18ade1aa74b998aae4e93a9ebbaa849
pyproject_hooks==1.2.0
python-docs-theme==2024.6
pytz==2021.1
requests==2.32.3
setuptools==78.1.0
six==1.16.0
snowballstemmer==2.2.0
Sphinx==7.3.7
sphinxcontrib-applehelp==2.0.0
sphinxcontrib-devhelp==2.0.0
sphinxcontrib-htmlhelp==2.1.0
sphinxcontrib-jsmath==1.0.1
sphinxcontrib-qthelp==2.0.0
sphinxcontrib-serializinghtml==2.0.0
sqlglot==4.6.0
sqlparse==0.4.1
sympy==1.13.0
urllib3==1.26.5
webencodings==0.5.1
# /home/qianhuiwang/cpython/build-purecap/python -m pip freeze
alabaster==0.7.16
asgiref==3.6.0
babel==2.17.0
build==1.2.2.post1
certifi==2021.5.30
Chameleon==3.9.1
charset-normalizer==3.4.1
coverage==7.3.2
Django==4.2
docutils==0.21.2
dulwich==0.20.23
Genshi==0.7.7
html5lib==1.1
idna==3.10
imagesize==1.4.1
Jinja2==3.1.6
legacy-cgi==2.6
Mako==1.1.4
MarkupSafe==2.0.1
mpmath==1.2.1
networkx==3.4.2
packaging==24.2
psutil==7.0.0
pyaes==1.6.1
Pygments==2.19.1
pyperf==2.9.0
pyperformance @ file:///home/qianhuiwang/cpython/site-packages/pyperformance/dist/pyperformance-1.11.0-py3-none-any.whl#sha256=5e7db3719781f5aaaa31704d7bc2566ec18ade1aa74b998aae4e93a9ebbaa849
pyproject_hooks==1.2.0
python-docs-theme==2024.6
pytz==2021.1
requests==2.32.3
setuptools==78.1.0
six==1.16.0
snowballstemmer==2.2.0
Sphinx==7.3.7
sphinxcontrib-applehelp==2.0.0
sphinxcontrib-devhelp==2.0.0
sphinxcontrib-htmlhelp==2.1.0
sphinxcontrib-jsmath==1.0.1
sphinxcontrib-qthelp==2.0.0
sphinxcontrib-serializinghtml==2.0.0
sqlglot==4.6.0
sqlparse==0.4.1
sympy==1.13.0
urllib3==1.26.5
webencodings==0.5.1

==================================================
(13/83) creating venv for benchmark (async_tree_eager_memoization_tg)

(trying common venv first)
Installing requirements into the virtual environment /home/qianhuiwang/cpython/build-purecap
# /home/qianhuiwang/cpython/build-purecap/python -m pip install pyperf==2.9.0
Requirement already satisfied: pyperf==2.9.0 in ./lib/python3.12/site-packages (2.9.0)
Requirement already satisfied: psutil>=5.9.0 in ./lib/python3.12/site-packages (from pyperf==2.9.0) (7.0.0)

[notice] A new release of pip is available: 25.0.1 -> 25.1
[notice] To update, run: /home/qianhuiwang/cpython/build-purecap/python -m pip install --upgrade pip
Installing requirements into the virtual environment /home/qianhuiwang/cpython/build-purecap
# /home/qianhuiwang/cpython/build-purecap/python -m pip install psutil
Requirement already satisfied: psutil in ./lib/python3.12/site-packages (7.0.0)

[notice] A new release of pip is available: 25.0.1 -> 25.1
[notice] To update, run: /home/qianhuiwang/cpython/build-purecap/python -m pip install --upgrade pip
# /home/qianhuiwang/cpython/build-purecap/python -m pip freeze
alabaster==0.7.16
asgiref==3.6.0
babel==2.17.0
build==1.2.2.post1
certifi==2021.5.30
Chameleon==3.9.1
charset-normalizer==3.4.1
coverage==7.3.2
Django==4.2
docutils==0.21.2
dulwich==0.20.23
Genshi==0.7.7
html5lib==1.1
idna==3.10
imagesize==1.4.1
Jinja2==3.1.6
legacy-cgi==2.6
Mako==1.1.4
MarkupSafe==2.0.1
mpmath==1.2.1
networkx==3.4.2
packaging==24.2
psutil==7.0.0
pyaes==1.6.1
Pygments==2.19.1
pyperf==2.9.0
pyperformance @ file:///home/qianhuiwang/cpython/site-packages/pyperformance/dist/pyperformance-1.11.0-py3-none-any.whl#sha256=5e7db3719781f5aaaa31704d7bc2566ec18ade1aa74b998aae4e93a9ebbaa849
pyproject_hooks==1.2.0
python-docs-theme==2024.6
pytz==2021.1
requests==2.32.3
setuptools==78.1.0
six==1.16.0
snowballstemmer==2.2.0
Sphinx==7.3.7
sphinxcontrib-applehelp==2.0.0
sphinxcontrib-devhelp==2.0.0
sphinxcontrib-htmlhelp==2.1.0
sphinxcontrib-jsmath==1.0.1
sphinxcontrib-qthelp==2.0.0
sphinxcontrib-serializinghtml==2.0.0
sqlglot==4.6.0
sqlparse==0.4.1
sympy==1.13.0
urllib3==1.26.5
webencodings==0.5.1
# /home/qianhuiwang/cpython/build-purecap/python -m pip freeze
alabaster==0.7.16
asgiref==3.6.0
babel==2.17.0
build==1.2.2.post1
certifi==2021.5.30
Chameleon==3.9.1
charset-normalizer==3.4.1
coverage==7.3.2
Django==4.2
docutils==0.21.2
dulwich==0.20.23
Genshi==0.7.7
html5lib==1.1
idna==3.10
imagesize==1.4.1
Jinja2==3.1.6
legacy-cgi==2.6
Mako==1.1.4
MarkupSafe==2.0.1
mpmath==1.2.1
networkx==3.4.2
packaging==24.2
psutil==7.0.0
pyaes==1.6.1
Pygments==2.19.1
pyperf==2.9.0
pyperformance @ file:///home/qianhuiwang/cpython/site-packages/pyperformance/dist/pyperformance-1.11.0-py3-none-any.whl#sha256=5e7db3719781f5aaaa31704d7bc2566ec18ade1aa74b998aae4e93a9ebbaa849
pyproject_hooks==1.2.0
python-docs-theme==2024.6
pytz==2021.1
requests==2.32.3
setuptools==78.1.0
six==1.16.0
snowballstemmer==2.2.0
Sphinx==7.3.7
sphinxcontrib-applehelp==2.0.0
sphinxcontrib-devhelp==2.0.0
sphinxcontrib-htmlhelp==2.1.0
sphinxcontrib-jsmath==1.0.1
sphinxcontrib-qthelp==2.0.0
sphinxcontrib-serializinghtml==2.0.0
sqlglot==4.6.0
sqlparse==0.4.1
sympy==1.13.0
urllib3==1.26.5
webencodings==0.5.1

==================================================
(14/83) creating venv for benchmark (async_tree_eager_tg)

(trying common venv first)
Installing requirements into the virtual environment /home/qianhuiwang/cpython/build-purecap
# /home/qianhuiwang/cpython/build-purecap/python -m pip install pyperf==2.9.0
Requirement already satisfied: pyperf==2.9.0 in ./lib/python3.12/site-packages (2.9.0)
Requirement already satisfied: psutil>=5.9.0 in ./lib/python3.12/site-packages (from pyperf==2.9.0) (7.0.0)

[notice] A new release of pip is available: 25.0.1 -> 25.1
[notice] To update, run: /home/qianhuiwang/cpython/build-purecap/python -m pip install --upgrade pip
Installing requirements into the virtual environment /home/qianhuiwang/cpython/build-purecap
# /home/qianhuiwang/cpython/build-purecap/python -m pip install psutil
Requirement already satisfied: psutil in ./lib/python3.12/site-packages (7.0.0)

[notice] A new release of pip is available: 25.0.1 -> 25.1
[notice] To update, run: /home/qianhuiwang/cpython/build-purecap/python -m pip install --upgrade pip
# /home/qianhuiwang/cpython/build-purecap/python -m pip freeze
alabaster==0.7.16
asgiref==3.6.0
babel==2.17.0
build==1.2.2.post1
certifi==2021.5.30
Chameleon==3.9.1
charset-normalizer==3.4.1
coverage==7.3.2
Django==4.2
docutils==0.21.2
dulwich==0.20.23
Genshi==0.7.7
html5lib==1.1
idna==3.10
imagesize==1.4.1
Jinja2==3.1.6
legacy-cgi==2.6
Mako==1.1.4
MarkupSafe==2.0.1
mpmath==1.2.1
networkx==3.4.2
packaging==24.2
psutil==7.0.0
pyaes==1.6.1
Pygments==2.19.1
pyperf==2.9.0
pyperformance @ file:///home/qianhuiwang/cpython/site-packages/pyperformance/dist/pyperformance-1.11.0-py3-none-any.whl#sha256=5e7db3719781f5aaaa31704d7bc2566ec18ade1aa74b998aae4e93a9ebbaa849
pyproject_hooks==1.2.0
python-docs-theme==2024.6
pytz==2021.1
requests==2.32.3
setuptools==78.1.0
six==1.16.0
snowballstemmer==2.2.0
Sphinx==7.3.7
sphinxcontrib-applehelp==2.0.0
sphinxcontrib-devhelp==2.0.0
sphinxcontrib-htmlhelp==2.1.0
sphinxcontrib-jsmath==1.0.1
sphinxcontrib-qthelp==2.0.0
sphinxcontrib-serializinghtml==2.0.0
sqlglot==4.6.0
sqlparse==0.4.1
sympy==1.13.0
urllib3==1.26.5
webencodings==0.5.1
# /home/qianhuiwang/cpython/build-purecap/python -m pip freeze
alabaster==0.7.16
asgiref==3.6.0
babel==2.17.0
build==1.2.2.post1
certifi==2021.5.30
Chameleon==3.9.1
charset-normalizer==3.4.1
coverage==7.3.2
Django==4.2
docutils==0.21.2
dulwich==0.20.23
Genshi==0.7.7
html5lib==1.1
idna==3.10
imagesize==1.4.1
Jinja2==3.1.6
legacy-cgi==2.6
Mako==1.1.4
MarkupSafe==2.0.1
mpmath==1.2.1
networkx==3.4.2
packaging==24.2
psutil==7.0.0
pyaes==1.6.1
Pygments==2.19.1
pyperf==2.9.0
pyperformance @ file:///home/qianhuiwang/cpython/site-packages/pyperformance/dist/pyperformance-1.11.0-py3-none-any.whl#sha256=5e7db3719781f5aaaa31704d7bc2566ec18ade1aa74b998aae4e93a9ebbaa849
pyproject_hooks==1.2.0
python-docs-theme==2024.6
pytz==2021.1
requests==2.32.3
setuptools==78.1.0
six==1.16.0
snowballstemmer==2.2.0
Sphinx==7.3.7
sphinxcontrib-applehelp==2.0.0
sphinxcontrib-devhelp==2.0.0
sphinxcontrib-htmlhelp==2.1.0
sphinxcontrib-jsmath==1.0.1
sphinxcontrib-qthelp==2.0.0
sphinxcontrib-serializinghtml==2.0.0
sqlglot==4.6.0
sqlparse==0.4.1
sympy==1.13.0
urllib3==1.26.5
webencodings==0.5.1

==================================================
(15/83) creating venv for benchmark (async_tree_io)

(trying common venv first)
Installing requirements into the virtual environment /home/qianhuiwang/cpython/build-purecap
# /home/qianhuiwang/cpython/build-purecap/python -m pip install pyperf==2.9.0
Requirement already satisfied: pyperf==2.9.0 in ./lib/python3.12/site-packages (2.9.0)
Requirement already satisfied: psutil>=5.9.0 in ./lib/python3.12/site-packages (from pyperf==2.9.0) (7.0.0)

[notice] A new release of pip is available: 25.0.1 -> 25.1
[notice] To update, run: /home/qianhuiwang/cpython/build-purecap/python -m pip install --upgrade pip
Installing requirements into the virtual environment /home/qianhuiwang/cpython/build-purecap
# /home/qianhuiwang/cpython/build-purecap/python -m pip install psutil
Requirement already satisfied: psutil in ./lib/python3.12/site-packages (7.0.0)

[notice] A new release of pip is available: 25.0.1 -> 25.1
[notice] To update, run: /home/qianhuiwang/cpython/build-purecap/python -m pip install --upgrade pip
# /home/qianhuiwang/cpython/build-purecap/python -m pip freeze
alabaster==0.7.16
asgiref==3.6.0
babel==2.17.0
build==1.2.2.post1
certifi==2021.5.30
Chameleon==3.9.1
charset-normalizer==3.4.1
coverage==7.3.2
Django==4.2
docutils==0.21.2
dulwich==0.20.23
Genshi==0.7.7
html5lib==1.1
idna==3.10
imagesize==1.4.1
Jinja2==3.1.6
legacy-cgi==2.6
Mako==1.1.4
MarkupSafe==2.0.1
mpmath==1.2.1
networkx==3.4.2
packaging==24.2
psutil==7.0.0
pyaes==1.6.1
Pygments==2.19.1
pyperf==2.9.0
pyperformance @ file:///home/qianhuiwang/cpython/site-packages/pyperformance/dist/pyperformance-1.11.0-py3-none-any.whl#sha256=5e7db3719781f5aaaa31704d7bc2566ec18ade1aa74b998aae4e93a9ebbaa849
pyproject_hooks==1.2.0
python-docs-theme==2024.6
pytz==2021.1
requests==2.32.3
setuptools==78.1.0
six==1.16.0
snowballstemmer==2.2.0
Sphinx==7.3.7
sphinxcontrib-applehelp==2.0.0
sphinxcontrib-devhelp==2.0.0
sphinxcontrib-htmlhelp==2.1.0
sphinxcontrib-jsmath==1.0.1
sphinxcontrib-qthelp==2.0.0
sphinxcontrib-serializinghtml==2.0.0
sqlglot==4.6.0
sqlparse==0.4.1
sympy==1.13.0
urllib3==1.26.5
webencodings==0.5.1
# /home/qianhuiwang/cpython/build-purecap/python -m pip freeze
alabaster==0.7.16
asgiref==3.6.0
babel==2.17.0
build==1.2.2.post1
certifi==2021.5.30
Chameleon==3.9.1
charset-normalizer==3.4.1
coverage==7.3.2
Django==4.2
docutils==0.21.2
dulwich==0.20.23
Genshi==0.7.7
html5lib==1.1
idna==3.10
imagesize==1.4.1
Jinja2==3.1.6
legacy-cgi==2.6
Mako==1.1.4
MarkupSafe==2.0.1
mpmath==1.2.1
networkx==3.4.2
packaging==24.2
psutil==7.0.0
pyaes==1.6.1
Pygments==2.19.1
pyperf==2.9.0
pyperformance @ file:///home/qianhuiwang/cpython/site-packages/pyperformance/dist/pyperformance-1.11.0-py3-none-any.whl#sha256=5e7db3719781f5aaaa31704d7bc2566ec18ade1aa74b998aae4e93a9ebbaa849
pyproject_hooks==1.2.0
python-docs-theme==2024.6
pytz==2021.1
requests==2.32.3
setuptools==78.1.0
six==1.16.0
snowballstemmer==2.2.0
Sphinx==7.3.7
sphinxcontrib-applehelp==2.0.0
sphinxcontrib-devhelp==2.0.0
sphinxcontrib-htmlhelp==2.1.0
sphinxcontrib-jsmath==1.0.1
sphinxcontrib-qthelp==2.0.0
sphinxcontrib-serializinghtml==2.0.0
sqlglot==4.6.0
sqlparse==0.4.1
sympy==1.13.0
urllib3==1.26.5
webencodings==0.5.1

==================================================
(16/83) creating venv for benchmark (async_tree_io_tg)

(trying common venv first)
Installing requirements into the virtual environment /home/qianhuiwang/cpython/build-purecap
# /home/qianhuiwang/cpython/build-purecap/python -m pip install pyperf==2.9.0
Requirement already satisfied: pyperf==2.9.0 in ./lib/python3.12/site-packages (2.9.0)
Requirement already satisfied: psutil>=5.9.0 in ./lib/python3.12/site-packages (from pyperf==2.9.0) (7.0.0)

[notice] A new release of pip is available: 25.0.1 -> 25.1
[notice] To update, run: /home/qianhuiwang/cpython/build-purecap/python -m pip install --upgrade pip
Installing requirements into the virtual environment /home/qianhuiwang/cpython/build-purecap
# /home/qianhuiwang/cpython/build-purecap/python -m pip install psutil
Requirement already satisfied: psutil in ./lib/python3.12/site-packages (7.0.0)

[notice] A new release of pip is available: 25.0.1 -> 25.1
[notice] To update, run: /home/qianhuiwang/cpython/build-purecap/python -m pip install --upgrade pip
# /home/qianhuiwang/cpython/build-purecap/python -m pip freeze
alabaster==0.7.16
asgiref==3.6.0
babel==2.17.0
build==1.2.2.post1
certifi==2021.5.30
Chameleon==3.9.1
charset-normalizer==3.4.1
coverage==7.3.2
Django==4.2
docutils==0.21.2
dulwich==0.20.23
Genshi==0.7.7
html5lib==1.1
idna==3.10
imagesize==1.4.1
Jinja2==3.1.6
legacy-cgi==2.6
Mako==1.1.4
MarkupSafe==2.0.1
mpmath==1.2.1
networkx==3.4.2
packaging==24.2
psutil==7.0.0
pyaes==1.6.1
Pygments==2.19.1
pyperf==2.9.0
pyperformance @ file:///home/qianhuiwang/cpython/site-packages/pyperformance/dist/pyperformance-1.11.0-py3-none-any.whl#sha256=5e7db3719781f5aaaa31704d7bc2566ec18ade1aa74b998aae4e93a9ebbaa849
pyproject_hooks==1.2.0
python-docs-theme==2024.6
pytz==2021.1
requests==2.32.3
setuptools==78.1.0
six==1.16.0
snowballstemmer==2.2.0
Sphinx==7.3.7
sphinxcontrib-applehelp==2.0.0
sphinxcontrib-devhelp==2.0.0
sphinxcontrib-htmlhelp==2.1.0
sphinxcontrib-jsmath==1.0.1
sphinxcontrib-qthelp==2.0.0
sphinxcontrib-serializinghtml==2.0.0
sqlglot==4.6.0
sqlparse==0.4.1
sympy==1.13.0
urllib3==1.26.5
webencodings==0.5.1
# /home/qianhuiwang/cpython/build-purecap/python -m pip freeze
alabaster==0.7.16
asgiref==3.6.0
babel==2.17.0
build==1.2.2.post1
certifi==2021.5.30
Chameleon==3.9.1
charset-normalizer==3.4.1
coverage==7.3.2
Django==4.2
docutils==0.21.2
dulwich==0.20.23
Genshi==0.7.7
html5lib==1.1
idna==3.10
imagesize==1.4.1
Jinja2==3.1.6
legacy-cgi==2.6
Mako==1.1.4
MarkupSafe==2.0.1
mpmath==1.2.1
networkx==3.4.2
packaging==24.2
psutil==7.0.0
pyaes==1.6.1
Pygments==2.19.1
pyperf==2.9.0
pyperformance @ file:///home/qianhuiwang/cpython/site-packages/pyperformance/dist/pyperformance-1.11.0-py3-none-any.whl#sha256=5e7db3719781f5aaaa31704d7bc2566ec18ade1aa74b998aae4e93a9ebbaa849
pyproject_hooks==1.2.0
python-docs-theme==2024.6
pytz==2021.1
requests==2.32.3
setuptools==78.1.0
six==1.16.0
snowballstemmer==2.2.0
Sphinx==7.3.7
sphinxcontrib-applehelp==2.0.0
sphinxcontrib-devhelp==2.0.0
sphinxcontrib-htmlhelp==2.1.0
sphinxcontrib-jsmath==1.0.1
sphinxcontrib-qthelp==2.0.0
sphinxcontrib-serializinghtml==2.0.0
sqlglot==4.6.0
sqlparse==0.4.1
sympy==1.13.0
urllib3==1.26.5
webencodings==0.5.1

==================================================
(17/83) creating venv for benchmark (async_tree_memoization)

(trying common venv first)
Installing requirements into the virtual environment /home/qianhuiwang/cpython/build-purecap
# /home/qianhuiwang/cpython/build-purecap/python -m pip install pyperf==2.9.0
Requirement already satisfied: pyperf==2.9.0 in ./lib/python3.12/site-packages (2.9.0)
Requirement already satisfied: psutil>=5.9.0 in ./lib/python3.12/site-packages (from pyperf==2.9.0) (7.0.0)

[notice] A new release of pip is available: 25.0.1 -> 25.1
[notice] To update, run: /home/qianhuiwang/cpython/build-purecap/python -m pip install --upgrade pip
Installing requirements into the virtual environment /home/qianhuiwang/cpython/build-purecap
# /home/qianhuiwang/cpython/build-purecap/python -m pip install psutil
Requirement already satisfied: psutil in ./lib/python3.12/site-packages (7.0.0)

[notice] A new release of pip is available: 25.0.1 -> 25.1
[notice] To update, run: /home/qianhuiwang/cpython/build-purecap/python -m pip install --upgrade pip
# /home/qianhuiwang/cpython/build-purecap/python -m pip freeze
alabaster==0.7.16
asgiref==3.6.0
babel==2.17.0
build==1.2.2.post1
certifi==2021.5.30
Chameleon==3.9.1
charset-normalizer==3.4.1
coverage==7.3.2
Django==4.2
docutils==0.21.2
dulwich==0.20.23
Genshi==0.7.7
html5lib==1.1
idna==3.10
imagesize==1.4.1
Jinja2==3.1.6
legacy-cgi==2.6
Mako==1.1.4
MarkupSafe==2.0.1
mpmath==1.2.1
networkx==3.4.2
packaging==24.2
psutil==7.0.0
pyaes==1.6.1
Pygments==2.19.1
pyperf==2.9.0
pyperformance @ file:///home/qianhuiwang/cpython/site-packages/pyperformance/dist/pyperformance-1.11.0-py3-none-any.whl#sha256=5e7db3719781f5aaaa31704d7bc2566ec18ade1aa74b998aae4e93a9ebbaa849
pyproject_hooks==1.2.0
python-docs-theme==2024.6
pytz==2021.1
requests==2.32.3
setuptools==78.1.0
six==1.16.0
snowballstemmer==2.2.0
Sphinx==7.3.7
sphinxcontrib-applehelp==2.0.0
sphinxcontrib-devhelp==2.0.0
sphinxcontrib-htmlhelp==2.1.0
sphinxcontrib-jsmath==1.0.1
sphinxcontrib-qthelp==2.0.0
sphinxcontrib-serializinghtml==2.0.0
sqlglot==4.6.0
sqlparse==0.4.1
sympy==1.13.0
urllib3==1.26.5
webencodings==0.5.1
# /home/qianhuiwang/cpython/build-purecap/python -m pip freeze
alabaster==0.7.16
asgiref==3.6.0
babel==2.17.0
build==1.2.2.post1
certifi==2021.5.30
Chameleon==3.9.1
charset-normalizer==3.4.1
coverage==7.3.2
Django==4.2
docutils==0.21.2
dulwich==0.20.23
Genshi==0.7.7
html5lib==1.1
idna==3.10
imagesize==1.4.1
Jinja2==3.1.6
legacy-cgi==2.6
Mako==1.1.4
MarkupSafe==2.0.1
mpmath==1.2.1
networkx==3.4.2
packaging==24.2
psutil==7.0.0
pyaes==1.6.1
Pygments==2.19.1
pyperf==2.9.0
pyperformance @ file:///home/qianhuiwang/cpython/site-packages/pyperformance/dist/pyperformance-1.11.0-py3-none-any.whl#sha256=5e7db3719781f5aaaa31704d7bc2566ec18ade1aa74b998aae4e93a9ebbaa849
pyproject_hooks==1.2.0
python-docs-theme==2024.6
pytz==2021.1
requests==2.32.3
setuptools==78.1.0
six==1.16.0
snowballstemmer==2.2.0
Sphinx==7.3.7
sphinxcontrib-applehelp==2.0.0
sphinxcontrib-devhelp==2.0.0
sphinxcontrib-htmlhelp==2.1.0
sphinxcontrib-jsmath==1.0.1
sphinxcontrib-qthelp==2.0.0
sphinxcontrib-serializinghtml==2.0.0
sqlglot==4.6.0
sqlparse==0.4.1
sympy==1.13.0
urllib3==1.26.5
webencodings==0.5.1

==================================================
(18/83) creating venv for benchmark (async_tree_memoization_tg)

(trying common venv first)
Installing requirements into the virtual environment /home/qianhuiwang/cpython/build-purecap
# /home/qianhuiwang/cpython/build-purecap/python -m pip install pyperf==2.9.0
Requirement already satisfied: pyperf==2.9.0 in ./lib/python3.12/site-packages (2.9.0)
Requirement already satisfied: psutil>=5.9.0 in ./lib/python3.12/site-packages (from pyperf==2.9.0) (7.0.0)

[notice] A new release of pip is available: 25.0.1 -> 25.1
[notice] To update, run: /home/qianhuiwang/cpython/build-purecap/python -m pip install --upgrade pip
Installing requirements into the virtual environment /home/qianhuiwang/cpython/build-purecap
# /home/qianhuiwang/cpython/build-purecap/python -m pip install psutil
Requirement already satisfied: psutil in ./lib/python3.12/site-packages (7.0.0)

[notice] A new release of pip is available: 25.0.1 -> 25.1
[notice] To update, run: /home/qianhuiwang/cpython/build-purecap/python -m pip install --upgrade pip
# /home/qianhuiwang/cpython/build-purecap/python -m pip freeze
alabaster==0.7.16
asgiref==3.6.0
babel==2.17.0
build==1.2.2.post1
certifi==2021.5.30
Chameleon==3.9.1
charset-normalizer==3.4.1
coverage==7.3.2
Django==4.2
docutils==0.21.2
dulwich==0.20.23
Genshi==0.7.7
html5lib==1.1
idna==3.10
imagesize==1.4.1
Jinja2==3.1.6
legacy-cgi==2.6
Mako==1.1.4
MarkupSafe==2.0.1
mpmath==1.2.1
networkx==3.4.2
packaging==24.2
psutil==7.0.0
pyaes==1.6.1
Pygments==2.19.1
pyperf==2.9.0
pyperformance @ file:///home/qianhuiwang/cpython/site-packages/pyperformance/dist/pyperformance-1.11.0-py3-none-any.whl#sha256=5e7db3719781f5aaaa31704d7bc2566ec18ade1aa74b998aae4e93a9ebbaa849
pyproject_hooks==1.2.0
python-docs-theme==2024.6
pytz==2021.1
requests==2.32.3
setuptools==78.1.0
six==1.16.0
snowballstemmer==2.2.0
Sphinx==7.3.7
sphinxcontrib-applehelp==2.0.0
sphinxcontrib-devhelp==2.0.0
sphinxcontrib-htmlhelp==2.1.0
sphinxcontrib-jsmath==1.0.1
sphinxcontrib-qthelp==2.0.0
sphinxcontrib-serializinghtml==2.0.0
sqlglot==4.6.0
sqlparse==0.4.1
sympy==1.13.0
urllib3==1.26.5
webencodings==0.5.1
# /home/qianhuiwang/cpython/build-purecap/python -m pip freeze
alabaster==0.7.16
asgiref==3.6.0
babel==2.17.0
build==1.2.2.post1
certifi==2021.5.30
Chameleon==3.9.1
charset-normalizer==3.4.1
coverage==7.3.2
Django==4.2
docutils==0.21.2
dulwich==0.20.23
Genshi==0.7.7
html5lib==1.1
idna==3.10
imagesize==1.4.1
Jinja2==3.1.6
legacy-cgi==2.6
Mako==1.1.4
MarkupSafe==2.0.1
mpmath==1.2.1
networkx==3.4.2
packaging==24.2
psutil==7.0.0
pyaes==1.6.1
Pygments==2.19.1
pyperf==2.9.0
pyperformance @ file:///home/qianhuiwang/cpython/site-packages/pyperformance/dist/pyperformance-1.11.0-py3-none-any.whl#sha256=5e7db3719781f5aaaa31704d7bc2566ec18ade1aa74b998aae4e93a9ebbaa849
pyproject_hooks==1.2.0
python-docs-theme==2024.6
pytz==2021.1
requests==2.32.3
setuptools==78.1.0
six==1.16.0
snowballstemmer==2.2.0
Sphinx==7.3.7
sphinxcontrib-applehelp==2.0.0
sphinxcontrib-devhelp==2.0.0
sphinxcontrib-htmlhelp==2.1.0
sphinxcontrib-jsmath==1.0.1
sphinxcontrib-qthelp==2.0.0
sphinxcontrib-serializinghtml==2.0.0
sqlglot==4.6.0
sqlparse==0.4.1
sympy==1.13.0
urllib3==1.26.5
webencodings==0.5.1

==================================================
(19/83) creating venv for benchmark (async_tree_tg)

(trying common venv first)
Installing requirements into the virtual environment /home/qianhuiwang/cpython/build-purecap
# /home/qianhuiwang/cpython/build-purecap/python -m pip install pyperf==2.9.0
Requirement already satisfied: pyperf==2.9.0 in ./lib/python3.12/site-packages (2.9.0)
Requirement already satisfied: psutil>=5.9.0 in ./lib/python3.12/site-packages (from pyperf==2.9.0) (7.0.0)

[notice] A new release of pip is available: 25.0.1 -> 25.1
[notice] To update, run: /home/qianhuiwang/cpython/build-purecap/python -m pip install --upgrade pip
Installing requirements into the virtual environment /home/qianhuiwang/cpython/build-purecap
# /home/qianhuiwang/cpython/build-purecap/python -m pip install psutil
Requirement already satisfied: psutil in ./lib/python3.12/site-packages (7.0.0)

[notice] A new release of pip is available: 25.0.1 -> 25.1
[notice] To update, run: /home/qianhuiwang/cpython/build-purecap/python -m pip install --upgrade pip
# /home/qianhuiwang/cpython/build-purecap/python -m pip freeze
alabaster==0.7.16
asgiref==3.6.0
babel==2.17.0
build==1.2.2.post1
certifi==2021.5.30
Chameleon==3.9.1
charset-normalizer==3.4.1
coverage==7.3.2
Django==4.2
docutils==0.21.2
dulwich==0.20.23
Genshi==0.7.7
html5lib==1.1
idna==3.10
imagesize==1.4.1
Jinja2==3.1.6
legacy-cgi==2.6
Mako==1.1.4
MarkupSafe==2.0.1
mpmath==1.2.1
networkx==3.4.2
packaging==24.2
psutil==7.0.0
pyaes==1.6.1
Pygments==2.19.1
pyperf==2.9.0
pyperformance @ file:///home/qianhuiwang/cpython/site-packages/pyperformance/dist/pyperformance-1.11.0-py3-none-any.whl#sha256=5e7db3719781f5aaaa31704d7bc2566ec18ade1aa74b998aae4e93a9ebbaa849
pyproject_hooks==1.2.0
python-docs-theme==2024.6
pytz==2021.1
requests==2.32.3
setuptools==78.1.0
six==1.16.0
snowballstemmer==2.2.0
Sphinx==7.3.7
sphinxcontrib-applehelp==2.0.0
sphinxcontrib-devhelp==2.0.0
sphinxcontrib-htmlhelp==2.1.0
sphinxcontrib-jsmath==1.0.1
sphinxcontrib-qthelp==2.0.0
sphinxcontrib-serializinghtml==2.0.0
sqlglot==4.6.0
sqlparse==0.4.1
sympy==1.13.0
urllib3==1.26.5
webencodings==0.5.1
# /home/qianhuiwang/cpython/build-purecap/python -m pip freeze
alabaster==0.7.16
asgiref==3.6.0
babel==2.17.0
build==1.2.2.post1
certifi==2021.5.30
Chameleon==3.9.1
charset-normalizer==3.4.1
coverage==7.3.2
Django==4.2
docutils==0.21.2
dulwich==0.20.23
Genshi==0.7.7
html5lib==1.1
idna==3.10
imagesize==1.4.1
Jinja2==3.1.6
legacy-cgi==2.6
Mako==1.1.4
MarkupSafe==2.0.1
mpmath==1.2.1
networkx==3.4.2
packaging==24.2
psutil==7.0.0
pyaes==1.6.1
Pygments==2.19.1
pyperf==2.9.0
pyperformance @ file:///home/qianhuiwang/cpython/site-packages/pyperformance/dist/pyperformance-1.11.0-py3-none-any.whl#sha256=5e7db3719781f5aaaa31704d7bc2566ec18ade1aa74b998aae4e93a9ebbaa849
pyproject_hooks==1.2.0
python-docs-theme==2024.6
pytz==2021.1
requests==2.32.3
setuptools==78.1.0
six==1.16.0
snowballstemmer==2.2.0
Sphinx==7.3.7
sphinxcontrib-applehelp==2.0.0
sphinxcontrib-devhelp==2.0.0
sphinxcontrib-htmlhelp==2.1.0
sphinxcontrib-jsmath==1.0.1
sphinxcontrib-qthelp==2.0.0
sphinxcontrib-serializinghtml==2.0.0
sqlglot==4.6.0
sqlparse==0.4.1
sympy==1.13.0
urllib3==1.26.5
webencodings==0.5.1

==================================================
(20/83) creating venv for benchmark (bpe_tokeniser)

(trying common venv first)
Installing requirements into the virtual environment /home/qianhuiwang/cpython/build-purecap
# /home/qianhuiwang/cpython/build-purecap/python -m pip install pyperf==2.9.0
Requirement already satisfied: pyperf==2.9.0 in ./lib/python3.12/site-packages (2.9.0)
Requirement already satisfied: psutil>=5.9.0 in ./lib/python3.12/site-packages (from pyperf==2.9.0) (7.0.0)

[notice] A new release of pip is available: 25.0.1 -> 25.1
[notice] To update, run: /home/qianhuiwang/cpython/build-purecap/python -m pip install --upgrade pip
Installing requirements into the virtual environment /home/qianhuiwang/cpython/build-purecap
# /home/qianhuiwang/cpython/build-purecap/python -m pip install psutil
Requirement already satisfied: psutil in ./lib/python3.12/site-packages (7.0.0)

[notice] A new release of pip is available: 25.0.1 -> 25.1
[notice] To update, run: /home/qianhuiwang/cpython/build-purecap/python -m pip install --upgrade pip
# /home/qianhuiwang/cpython/build-purecap/python -m pip freeze
alabaster==0.7.16
asgiref==3.6.0
babel==2.17.0
build==1.2.2.post1
certifi==2021.5.30
Chameleon==3.9.1
charset-normalizer==3.4.1
coverage==7.3.2
Django==4.2
docutils==0.21.2
dulwich==0.20.23
Genshi==0.7.7
html5lib==1.1
idna==3.10
imagesize==1.4.1
Jinja2==3.1.6
legacy-cgi==2.6
Mako==1.1.4
MarkupSafe==2.0.1
mpmath==1.2.1
networkx==3.4.2
packaging==24.2
psutil==7.0.0
pyaes==1.6.1
Pygments==2.19.1
pyperf==2.9.0
pyperformance @ file:///home/qianhuiwang/cpython/site-packages/pyperformance/dist/pyperformance-1.11.0-py3-none-any.whl#sha256=5e7db3719781f5aaaa31704d7bc2566ec18ade1aa74b998aae4e93a9ebbaa849
pyproject_hooks==1.2.0
python-docs-theme==2024.6
pytz==2021.1
requests==2.32.3
setuptools==78.1.0
six==1.16.0
snowballstemmer==2.2.0
Sphinx==7.3.7
sphinxcontrib-applehelp==2.0.0
sphinxcontrib-devhelp==2.0.0
sphinxcontrib-htmlhelp==2.1.0
sphinxcontrib-jsmath==1.0.1
sphinxcontrib-qthelp==2.0.0
sphinxcontrib-serializinghtml==2.0.0
sqlglot==4.6.0
sqlparse==0.4.1
sympy==1.13.0
urllib3==1.26.5
webencodings==0.5.1
# /home/qianhuiwang/cpython/build-purecap/python -m pip freeze
alabaster==0.7.16
asgiref==3.6.0
babel==2.17.0
build==1.2.2.post1
certifi==2021.5.30
Chameleon==3.9.1
charset-normalizer==3.4.1
coverage==7.3.2
Django==4.2
docutils==0.21.2
dulwich==0.20.23
Genshi==0.7.7
html5lib==1.1
idna==3.10
imagesize==1.4.1
Jinja2==3.1.6
legacy-cgi==2.6
Mako==1.1.4
MarkupSafe==2.0.1
mpmath==1.2.1
networkx==3.4.2
packaging==24.2
psutil==7.0.0
pyaes==1.6.1
Pygments==2.19.1
pyperf==2.9.0
pyperformance @ file:///home/qianhuiwang/cpython/site-packages/pyperformance/dist/pyperformance-1.11.0-py3-none-any.whl#sha256=5e7db3719781f5aaaa31704d7bc2566ec18ade1aa74b998aae4e93a9ebbaa849
pyproject_hooks==1.2.0
python-docs-theme==2024.6
pytz==2021.1
requests==2.32.3
setuptools==78.1.0
six==1.16.0
snowballstemmer==2.2.0
Sphinx==7.3.7
sphinxcontrib-applehelp==2.0.0
sphinxcontrib-devhelp==2.0.0
sphinxcontrib-htmlhelp==2.1.0
sphinxcontrib-jsmath==1.0.1
sphinxcontrib-qthelp==2.0.0
sphinxcontrib-serializinghtml==2.0.0
sqlglot==4.6.0
sqlparse==0.4.1
sympy==1.13.0
urllib3==1.26.5
webencodings==0.5.1

==================================================
(21/83) creating venv for benchmark (chameleon)

(trying common venv first)
Installing requirements into the virtual environment /home/qianhuiwang/cpython/build-purecap
# /home/qianhuiwang/cpython/build-purecap/python -m pip install chameleon==3.9.1 pyperf==2.9.0
Requirement already satisfied: chameleon==3.9.1 in ./lib/python3.12/site-packages (3.9.1)
Requirement already satisfied: pyperf==2.9.0 in ./lib/python3.12/site-packages (2.9.0)
Requirement already satisfied: psutil>=5.9.0 in ./lib/python3.12/site-packages (from pyperf==2.9.0) (7.0.0)

[notice] A new release of pip is available: 25.0.1 -> 25.1
[notice] To update, run: /home/qianhuiwang/cpython/build-purecap/python -m pip install --upgrade pip
Installing requirements into the virtual environment /home/qianhuiwang/cpython/build-purecap
# /home/qianhuiwang/cpython/build-purecap/python -m pip install psutil
Requirement already satisfied: psutil in ./lib/python3.12/site-packages (7.0.0)

[notice] A new release of pip is available: 25.0.1 -> 25.1
[notice] To update, run: /home/qianhuiwang/cpython/build-purecap/python -m pip install --upgrade pip
# /home/qianhuiwang/cpython/build-purecap/python -m pip freeze
alabaster==0.7.16
asgiref==3.6.0
babel==2.17.0
build==1.2.2.post1
certifi==2021.5.30
Chameleon==3.9.1
charset-normalizer==3.4.1
coverage==7.3.2
Django==4.2
docutils==0.21.2
dulwich==0.20.23
Genshi==0.7.7
html5lib==1.1
idna==3.10
imagesize==1.4.1
Jinja2==3.1.6
legacy-cgi==2.6
Mako==1.1.4
MarkupSafe==2.0.1
mpmath==1.2.1
networkx==3.4.2
packaging==24.2
psutil==7.0.0
pyaes==1.6.1
Pygments==2.19.1
pyperf==2.9.0
pyperformance @ file:///home/qianhuiwang/cpython/site-packages/pyperformance/dist/pyperformance-1.11.0-py3-none-any.whl#sha256=5e7db3719781f5aaaa31704d7bc2566ec18ade1aa74b998aae4e93a9ebbaa849
pyproject_hooks==1.2.0
python-docs-theme==2024.6
pytz==2021.1
requests==2.32.3
setuptools==78.1.0
six==1.16.0
snowballstemmer==2.2.0
Sphinx==7.3.7
sphinxcontrib-applehelp==2.0.0
sphinxcontrib-devhelp==2.0.0
sphinxcontrib-htmlhelp==2.1.0
sphinxcontrib-jsmath==1.0.1
sphinxcontrib-qthelp==2.0.0
sphinxcontrib-serializinghtml==2.0.0
sqlglot==4.6.0
sqlparse==0.4.1
sympy==1.13.0
urllib3==1.26.5
webencodings==0.5.1
# /home/qianhuiwang/cpython/build-purecap/python -m pip freeze
alabaster==0.7.16
asgiref==3.6.0
babel==2.17.0
build==1.2.2.post1
certifi==2021.5.30
Chameleon==3.9.1
charset-normalizer==3.4.1
coverage==7.3.2
Django==4.2
docutils==0.21.2
dulwich==0.20.23
Genshi==0.7.7
html5lib==1.1
idna==3.10
imagesize==1.4.1
Jinja2==3.1.6
legacy-cgi==2.6
Mako==1.1.4
MarkupSafe==2.0.1
mpmath==1.2.1
networkx==3.4.2
packaging==24.2
psutil==7.0.0
pyaes==1.6.1
Pygments==2.19.1
pyperf==2.9.0
pyperformance @ file:///home/qianhuiwang/cpython/site-packages/pyperformance/dist/pyperformance-1.11.0-py3-none-any.whl#sha256=5e7db3719781f5aaaa31704d7bc2566ec18ade1aa74b998aae4e93a9ebbaa849
pyproject_hooks==1.2.0
python-docs-theme==2024.6
pytz==2021.1
requests==2.32.3
setuptools==78.1.0
six==1.16.0
snowballstemmer==2.2.0
Sphinx==7.3.7
sphinxcontrib-applehelp==2.0.0
sphinxcontrib-devhelp==2.0.0
sphinxcontrib-htmlhelp==2.1.0
sphinxcontrib-jsmath==1.0.1
sphinxcontrib-qthelp==2.0.0
sphinxcontrib-serializinghtml==2.0.0
sqlglot==4.6.0
sqlparse==0.4.1
sympy==1.13.0
urllib3==1.26.5
webencodings==0.5.1

==================================================
(22/83) creating venv for benchmark (chaos)

(trying common venv first)
Installing requirements into the virtual environment /home/qianhuiwang/cpython/build-purecap
# /home/qianhuiwang/cpython/build-purecap/python -m pip install pyperf==2.9.0
Requirement already satisfied: pyperf==2.9.0 in ./lib/python3.12/site-packages (2.9.0)
Requirement already satisfied: psutil>=5.9.0 in ./lib/python3.12/site-packages (from pyperf==2.9.0) (7.0.0)

[notice] A new release of pip is available: 25.0.1 -> 25.1
[notice] To update, run: /home/qianhuiwang/cpython/build-purecap/python -m pip install --upgrade pip
Installing requirements into the virtual environment /home/qianhuiwang/cpython/build-purecap
# /home/qianhuiwang/cpython/build-purecap/python -m pip install psutil
Requirement already satisfied: psutil in ./lib/python3.12/site-packages (7.0.0)

[notice] A new release of pip is available: 25.0.1 -> 25.1
[notice] To update, run: /home/qianhuiwang/cpython/build-purecap/python -m pip install --upgrade pip
# /home/qianhuiwang/cpython/build-purecap/python -m pip freeze
alabaster==0.7.16
asgiref==3.6.0
babel==2.17.0
build==1.2.2.post1
certifi==2021.5.30
Chameleon==3.9.1
charset-normalizer==3.4.1
coverage==7.3.2
Django==4.2
docutils==0.21.2
dulwich==0.20.23
Genshi==0.7.7
html5lib==1.1
idna==3.10
imagesize==1.4.1
Jinja2==3.1.6
legacy-cgi==2.6
Mako==1.1.4
MarkupSafe==2.0.1
mpmath==1.2.1
networkx==3.4.2
packaging==24.2
psutil==7.0.0
pyaes==1.6.1
Pygments==2.19.1
pyperf==2.9.0
pyperformance @ file:///home/qianhuiwang/cpython/site-packages/pyperformance/dist/pyperformance-1.11.0-py3-none-any.whl#sha256=5e7db3719781f5aaaa31704d7bc2566ec18ade1aa74b998aae4e93a9ebbaa849
pyproject_hooks==1.2.0
python-docs-theme==2024.6
pytz==2021.1
requests==2.32.3
setuptools==78.1.0
six==1.16.0
snowballstemmer==2.2.0
Sphinx==7.3.7
sphinxcontrib-applehelp==2.0.0
sphinxcontrib-devhelp==2.0.0
sphinxcontrib-htmlhelp==2.1.0
sphinxcontrib-jsmath==1.0.1
sphinxcontrib-qthelp==2.0.0
sphinxcontrib-serializinghtml==2.0.0
sqlglot==4.6.0
sqlparse==0.4.1
sympy==1.13.0
urllib3==1.26.5
webencodings==0.5.1
# /home/qianhuiwang/cpython/build-purecap/python -m pip freeze
alabaster==0.7.16
asgiref==3.6.0
babel==2.17.0
build==1.2.2.post1
certifi==2021.5.30
Chameleon==3.9.1
charset-normalizer==3.4.1
coverage==7.3.2
Django==4.2
docutils==0.21.2
dulwich==0.20.23
Genshi==0.7.7
html5lib==1.1
idna==3.10
imagesize==1.4.1
Jinja2==3.1.6
legacy-cgi==2.6
Mako==1.1.4
MarkupSafe==2.0.1
mpmath==1.2.1
networkx==3.4.2
packaging==24.2
psutil==7.0.0
pyaes==1.6.1
Pygments==2.19.1
pyperf==2.9.0
pyperformance @ file:///home/qianhuiwang/cpython/site-packages/pyperformance/dist/pyperformance-1.11.0-py3-none-any.whl#sha256=5e7db3719781f5aaaa31704d7bc2566ec18ade1aa74b998aae4e93a9ebbaa849
pyproject_hooks==1.2.0
python-docs-theme==2024.6
pytz==2021.1
requests==2.32.3
setuptools==78.1.0
six==1.16.0
snowballstemmer==2.2.0
Sphinx==7.3.7
sphinxcontrib-applehelp==2.0.0
sphinxcontrib-devhelp==2.0.0
sphinxcontrib-htmlhelp==2.1.0
sphinxcontrib-jsmath==1.0.1
sphinxcontrib-qthelp==2.0.0
sphinxcontrib-serializinghtml==2.0.0
sqlglot==4.6.0
sqlparse==0.4.1
sympy==1.13.0
urllib3==1.26.5
webencodings==0.5.1

==================================================
(23/83) creating venv for benchmark (comprehensions)

(trying common venv first)
Installing requirements into the virtual environment /home/qianhuiwang/cpython/build-purecap
# /home/qianhuiwang/cpython/build-purecap/python -m pip install pyperf==2.9.0
Requirement already satisfied: pyperf==2.9.0 in ./lib/python3.12/site-packages (2.9.0)
Requirement already satisfied: psutil>=5.9.0 in ./lib/python3.12/site-packages (from pyperf==2.9.0) (7.0.0)

[notice] A new release of pip is available: 25.0.1 -> 25.1
[notice] To update, run: /home/qianhuiwang/cpython/build-purecap/python -m pip install --upgrade pip
Installing requirements into the virtual environment /home/qianhuiwang/cpython/build-purecap
# /home/qianhuiwang/cpython/build-purecap/python -m pip install psutil
Requirement already satisfied: psutil in ./lib/python3.12/site-packages (7.0.0)

[notice] A new release of pip is available: 25.0.1 -> 25.1
[notice] To update, run: /home/qianhuiwang/cpython/build-purecap/python -m pip install --upgrade pip
# /home/qianhuiwang/cpython/build-purecap/python -m pip freeze
alabaster==0.7.16
asgiref==3.6.0
babel==2.17.0
build==1.2.2.post1
certifi==2021.5.30
Chameleon==3.9.1
charset-normalizer==3.4.1
coverage==7.3.2
Django==4.2
docutils==0.21.2
dulwich==0.20.23
Genshi==0.7.7
html5lib==1.1
idna==3.10
imagesize==1.4.1
Jinja2==3.1.6
legacy-cgi==2.6
Mako==1.1.4
MarkupSafe==2.0.1
mpmath==1.2.1
networkx==3.4.2
packaging==24.2
psutil==7.0.0
pyaes==1.6.1
Pygments==2.19.1
pyperf==2.9.0
pyperformance @ file:///home/qianhuiwang/cpython/site-packages/pyperformance/dist/pyperformance-1.11.0-py3-none-any.whl#sha256=5e7db3719781f5aaaa31704d7bc2566ec18ade1aa74b998aae4e93a9ebbaa849
pyproject_hooks==1.2.0
python-docs-theme==2024.6
pytz==2021.1
requests==2.32.3
setuptools==78.1.0
six==1.16.0
snowballstemmer==2.2.0
Sphinx==7.3.7
sphinxcontrib-applehelp==2.0.0
sphinxcontrib-devhelp==2.0.0
sphinxcontrib-htmlhelp==2.1.0
sphinxcontrib-jsmath==1.0.1
sphinxcontrib-qthelp==2.0.0
sphinxcontrib-serializinghtml==2.0.0
sqlglot==4.6.0
sqlparse==0.4.1
sympy==1.13.0
urllib3==1.26.5
webencodings==0.5.1
# /home/qianhuiwang/cpython/build-purecap/python -m pip freeze
alabaster==0.7.16
asgiref==3.6.0
babel==2.17.0
build==1.2.2.post1
certifi==2021.5.30
Chameleon==3.9.1
charset-normalizer==3.4.1
coverage==7.3.2
Django==4.2
docutils==0.21.2
dulwich==0.20.23
Genshi==0.7.7
html5lib==1.1
idna==3.10
imagesize==1.4.1
Jinja2==3.1.6
legacy-cgi==2.6
Mako==1.1.4
MarkupSafe==2.0.1
mpmath==1.2.1
networkx==3.4.2
packaging==24.2
psutil==7.0.0
pyaes==1.6.1
Pygments==2.19.1
pyperf==2.9.0
pyperformance @ file:///home/qianhuiwang/cpython/site-packages/pyperformance/dist/pyperformance-1.11.0-py3-none-any.whl#sha256=5e7db3719781f5aaaa31704d7bc2566ec18ade1aa74b998aae4e93a9ebbaa849
pyproject_hooks==1.2.0
python-docs-theme==2024.6
pytz==2021.1
requests==2.32.3
setuptools==78.1.0
six==1.16.0
snowballstemmer==2.2.0
Sphinx==7.3.7
sphinxcontrib-applehelp==2.0.0
sphinxcontrib-devhelp==2.0.0
sphinxcontrib-htmlhelp==2.1.0
sphinxcontrib-jsmath==1.0.1
sphinxcontrib-qthelp==2.0.0
sphinxcontrib-serializinghtml==2.0.0
sqlglot==4.6.0
sqlparse==0.4.1
sympy==1.13.0
urllib3==1.26.5
webencodings==0.5.1

==================================================
(24/83) creating venv for benchmark (concurrent_imap)

(trying common venv first)
Installing requirements into the virtual environment /home/qianhuiwang/cpython/build-purecap
# /home/qianhuiwang/cpython/build-purecap/python -m pip install pyperf==2.9.0
Requirement already satisfied: pyperf==2.9.0 in ./lib/python3.12/site-packages (2.9.0)
Requirement already satisfied: psutil>=5.9.0 in ./lib/python3.12/site-packages (from pyperf==2.9.0) (7.0.0)

[notice] A new release of pip is available: 25.0.1 -> 25.1
[notice] To update, run: /home/qianhuiwang/cpython/build-purecap/python -m pip install --upgrade pip
Installing requirements into the virtual environment /home/qianhuiwang/cpython/build-purecap
# /home/qianhuiwang/cpython/build-purecap/python -m pip install psutil
Requirement already satisfied: psutil in ./lib/python3.12/site-packages (7.0.0)

[notice] A new release of pip is available: 25.0.1 -> 25.1
[notice] To update, run: /home/qianhuiwang/cpython/build-purecap/python -m pip install --upgrade pip
# /home/qianhuiwang/cpython/build-purecap/python -m pip freeze
alabaster==0.7.16
asgiref==3.6.0
babel==2.17.0
build==1.2.2.post1
certifi==2021.5.30
Chameleon==3.9.1
charset-normalizer==3.4.1
coverage==7.3.2
Django==4.2
docutils==0.21.2
dulwich==0.20.23
Genshi==0.7.7
html5lib==1.1
idna==3.10
imagesize==1.4.1
Jinja2==3.1.6
legacy-cgi==2.6
Mako==1.1.4
MarkupSafe==2.0.1
mpmath==1.2.1
networkx==3.4.2
packaging==24.2
psutil==7.0.0
pyaes==1.6.1
Pygments==2.19.1
pyperf==2.9.0
pyperformance @ file:///home/qianhuiwang/cpython/site-packages/pyperformance/dist/pyperformance-1.11.0-py3-none-any.whl#sha256=5e7db3719781f5aaaa31704d7bc2566ec18ade1aa74b998aae4e93a9ebbaa849
pyproject_hooks==1.2.0
python-docs-theme==2024.6
pytz==2021.1
requests==2.32.3
setuptools==78.1.0
six==1.16.0
snowballstemmer==2.2.0
Sphinx==7.3.7
sphinxcontrib-applehelp==2.0.0
sphinxcontrib-devhelp==2.0.0
sphinxcontrib-htmlhelp==2.1.0
sphinxcontrib-jsmath==1.0.1
sphinxcontrib-qthelp==2.0.0
sphinxcontrib-serializinghtml==2.0.0
sqlglot==4.6.0
sqlparse==0.4.1
sympy==1.13.0
urllib3==1.26.5
webencodings==0.5.1
# /home/qianhuiwang/cpython/build-purecap/python -m pip freeze
alabaster==0.7.16
asgiref==3.6.0
babel==2.17.0
build==1.2.2.post1
certifi==2021.5.30
Chameleon==3.9.1
charset-normalizer==3.4.1
coverage==7.3.2
Django==4.2
docutils==0.21.2
dulwich==0.20.23
Genshi==0.7.7
html5lib==1.1
idna==3.10
imagesize==1.4.1
Jinja2==3.1.6
legacy-cgi==2.6
Mako==1.1.4
MarkupSafe==2.0.1
mpmath==1.2.1
networkx==3.4.2
packaging==24.2
psutil==7.0.0
pyaes==1.6.1
Pygments==2.19.1
pyperf==2.9.0
pyperformance @ file:///home/qianhuiwang/cpython/site-packages/pyperformance/dist/pyperformance-1.11.0-py3-none-any.whl#sha256=5e7db3719781f5aaaa31704d7bc2566ec18ade1aa74b998aae4e93a9ebbaa849
pyproject_hooks==1.2.0
python-docs-theme==2024.6
pytz==2021.1
requests==2.32.3
setuptools==78.1.0
six==1.16.0
snowballstemmer==2.2.0
Sphinx==7.3.7
sphinxcontrib-applehelp==2.0.0
sphinxcontrib-devhelp==2.0.0
sphinxcontrib-htmlhelp==2.1.0
sphinxcontrib-jsmath==1.0.1
sphinxcontrib-qthelp==2.0.0
sphinxcontrib-serializinghtml==2.0.0
sqlglot==4.6.0
sqlparse==0.4.1
sympy==1.13.0
urllib3==1.26.5
webencodings==0.5.1

==================================================
(25/83) creating venv for benchmark (coroutines)

(trying common venv first)
Installing requirements into the virtual environment /home/qianhuiwang/cpython/build-purecap
# /home/qianhuiwang/cpython/build-purecap/python -m pip install pyperf==2.9.0
Requirement already satisfied: pyperf==2.9.0 in ./lib/python3.12/site-packages (2.9.0)
Requirement already satisfied: psutil>=5.9.0 in ./lib/python3.12/site-packages (from pyperf==2.9.0) (7.0.0)

[notice] A new release of pip is available: 25.0.1 -> 25.1
[notice] To update, run: /home/qianhuiwang/cpython/build-purecap/python -m pip install --upgrade pip
Installing requirements into the virtual environment /home/qianhuiwang/cpython/build-purecap
# /home/qianhuiwang/cpython/build-purecap/python -m pip install psutil
Requirement already satisfied: psutil in ./lib/python3.12/site-packages (7.0.0)

[notice] A new release of pip is available: 25.0.1 -> 25.1
[notice] To update, run: /home/qianhuiwang/cpython/build-purecap/python -m pip install --upgrade pip
# /home/qianhuiwang/cpython/build-purecap/python -m pip freeze
alabaster==0.7.16
asgiref==3.6.0
babel==2.17.0
build==1.2.2.post1
certifi==2021.5.30
Chameleon==3.9.1
charset-normalizer==3.4.1
coverage==7.3.2
Django==4.2
docutils==0.21.2
dulwich==0.20.23
Genshi==0.7.7
html5lib==1.1
idna==3.10
imagesize==1.4.1
Jinja2==3.1.6
legacy-cgi==2.6
Mako==1.1.4
MarkupSafe==2.0.1
mpmath==1.2.1
networkx==3.4.2
packaging==24.2
psutil==7.0.0
pyaes==1.6.1
Pygments==2.19.1
pyperf==2.9.0
pyperformance @ file:///home/qianhuiwang/cpython/site-packages/pyperformance/dist/pyperformance-1.11.0-py3-none-any.whl#sha256=5e7db3719781f5aaaa31704d7bc2566ec18ade1aa74b998aae4e93a9ebbaa849
pyproject_hooks==1.2.0
python-docs-theme==2024.6
pytz==2021.1
requests==2.32.3
setuptools==78.1.0
six==1.16.0
snowballstemmer==2.2.0
Sphinx==7.3.7
sphinxcontrib-applehelp==2.0.0
sphinxcontrib-devhelp==2.0.0
sphinxcontrib-htmlhelp==2.1.0
sphinxcontrib-jsmath==1.0.1
sphinxcontrib-qthelp==2.0.0
sphinxcontrib-serializinghtml==2.0.0
sqlglot==4.6.0
sqlparse==0.4.1
sympy==1.13.0
urllib3==1.26.5
webencodings==0.5.1
# /home/qianhuiwang/cpython/build-purecap/python -m pip freeze
alabaster==0.7.16
asgiref==3.6.0
babel==2.17.0
build==1.2.2.post1
certifi==2021.5.30
Chameleon==3.9.1
charset-normalizer==3.4.1
coverage==7.3.2
Django==4.2
docutils==0.21.2
dulwich==0.20.23
Genshi==0.7.7
html5lib==1.1
idna==3.10
imagesize==1.4.1
Jinja2==3.1.6
legacy-cgi==2.6
Mako==1.1.4
MarkupSafe==2.0.1
mpmath==1.2.1
networkx==3.4.2
packaging==24.2
psutil==7.0.0
pyaes==1.6.1
Pygments==2.19.1
pyperf==2.9.0
pyperformance @ file:///home/qianhuiwang/cpython/site-packages/pyperformance/dist/pyperformance-1.11.0-py3-none-any.whl#sha256=5e7db3719781f5aaaa31704d7bc2566ec18ade1aa74b998aae4e93a9ebbaa849
pyproject_hooks==1.2.0
python-docs-theme==2024.6
pytz==2021.1
requests==2.32.3
setuptools==78.1.0
six==1.16.0
snowballstemmer==2.2.0
Sphinx==7.3.7
sphinxcontrib-applehelp==2.0.0
sphinxcontrib-devhelp==2.0.0
sphinxcontrib-htmlhelp==2.1.0
sphinxcontrib-jsmath==1.0.1
sphinxcontrib-qthelp==2.0.0
sphinxcontrib-serializinghtml==2.0.0
sqlglot==4.6.0
sqlparse==0.4.1
sympy==1.13.0
urllib3==1.26.5
webencodings==0.5.1

==================================================
(26/83) creating venv for benchmark (coverage)

(trying common venv first)
Installing requirements into the virtual environment /home/qianhuiwang/cpython/build-purecap
# /home/qianhuiwang/cpython/build-purecap/python -m pip install coverage==7.3.2 pyperf==2.9.0
Requirement already satisfied: coverage==7.3.2 in ./lib/python3.12/site-packages (7.3.2)
Requirement already satisfied: pyperf==2.9.0 in ./lib/python3.12/site-packages (2.9.0)
Requirement already satisfied: psutil>=5.9.0 in ./lib/python3.12/site-packages (from pyperf==2.9.0) (7.0.0)

[notice] A new release of pip is available: 25.0.1 -> 25.1
[notice] To update, run: /home/qianhuiwang/cpython/build-purecap/python -m pip install --upgrade pip
Installing requirements into the virtual environment /home/qianhuiwang/cpython/build-purecap
# /home/qianhuiwang/cpython/build-purecap/python -m pip install psutil
Requirement already satisfied: psutil in ./lib/python3.12/site-packages (7.0.0)

[notice] A new release of pip is available: 25.0.1 -> 25.1
[notice] To update, run: /home/qianhuiwang/cpython/build-purecap/python -m pip install --upgrade pip
# /home/qianhuiwang/cpython/build-purecap/python -m pip freeze
alabaster==0.7.16
asgiref==3.6.0
babel==2.17.0
build==1.2.2.post1
certifi==2021.5.30
Chameleon==3.9.1
charset-normalizer==3.4.1
coverage==7.3.2
Django==4.2
docutils==0.21.2
dulwich==0.20.23
Genshi==0.7.7
html5lib==1.1
idna==3.10
imagesize==1.4.1
Jinja2==3.1.6
legacy-cgi==2.6
Mako==1.1.4
MarkupSafe==2.0.1
mpmath==1.2.1
networkx==3.4.2
packaging==24.2
psutil==7.0.0
pyaes==1.6.1
Pygments==2.19.1
pyperf==2.9.0
pyperformance @ file:///home/qianhuiwang/cpython/site-packages/pyperformance/dist/pyperformance-1.11.0-py3-none-any.whl#sha256=5e7db3719781f5aaaa31704d7bc2566ec18ade1aa74b998aae4e93a9ebbaa849
pyproject_hooks==1.2.0
python-docs-theme==2024.6
pytz==2021.1
requests==2.32.3
setuptools==78.1.0
six==1.16.0
snowballstemmer==2.2.0
Sphinx==7.3.7
sphinxcontrib-applehelp==2.0.0
sphinxcontrib-devhelp==2.0.0
sphinxcontrib-htmlhelp==2.1.0
sphinxcontrib-jsmath==1.0.1
sphinxcontrib-qthelp==2.0.0
sphinxcontrib-serializinghtml==2.0.0
sqlglot==4.6.0
sqlparse==0.4.1
sympy==1.13.0
urllib3==1.26.5
webencodings==0.5.1
# /home/qianhuiwang/cpython/build-purecap/python -m pip freeze
alabaster==0.7.16
asgiref==3.6.0
babel==2.17.0
build==1.2.2.post1
certifi==2021.5.30
Chameleon==3.9.1
charset-normalizer==3.4.1
coverage==7.3.2
Django==4.2
docutils==0.21.2
dulwich==0.20.23
Genshi==0.7.7
html5lib==1.1
idna==3.10
imagesize==1.4.1
Jinja2==3.1.6
legacy-cgi==2.6
Mako==1.1.4
MarkupSafe==2.0.1
mpmath==1.2.1
networkx==3.4.2
packaging==24.2
psutil==7.0.0
pyaes==1.6.1
Pygments==2.19.1
pyperf==2.9.0
pyperformance @ file:///home/qianhuiwang/cpython/site-packages/pyperformance/dist/pyperformance-1.11.0-py3-none-any.whl#sha256=5e7db3719781f5aaaa31704d7bc2566ec18ade1aa74b998aae4e93a9ebbaa849
pyproject_hooks==1.2.0
python-docs-theme==2024.6
pytz==2021.1
requests==2.32.3
setuptools==78.1.0
six==1.16.0
snowballstemmer==2.2.0
Sphinx==7.3.7
sphinxcontrib-applehelp==2.0.0
sphinxcontrib-devhelp==2.0.0
sphinxcontrib-htmlhelp==2.1.0
sphinxcontrib-jsmath==1.0.1
sphinxcontrib-qthelp==2.0.0
sphinxcontrib-serializinghtml==2.0.0
sqlglot==4.6.0
sqlparse==0.4.1
sympy==1.13.0
urllib3==1.26.5
webencodings==0.5.1

==================================================
(27/83) creating venv for benchmark (crypto_pyaes)

(trying common venv first)
Installing requirements into the virtual environment /home/qianhuiwang/cpython/build-purecap
# /home/qianhuiwang/cpython/build-purecap/python -m pip install pyaes==1.6.1 pyperf==2.9.0
Requirement already satisfied: pyaes==1.6.1 in ./lib/python3.12/site-packages (1.6.1)
Requirement already satisfied: pyperf==2.9.0 in ./lib/python3.12/site-packages (2.9.0)
Requirement already satisfied: psutil>=5.9.0 in ./lib/python3.12/site-packages (from pyperf==2.9.0) (7.0.0)

[notice] A new release of pip is available: 25.0.1 -> 25.1
[notice] To update, run: /home/qianhuiwang/cpython/build-purecap/python -m pip install --upgrade pip
Installing requirements into the virtual environment /home/qianhuiwang/cpython/build-purecap
# /home/qianhuiwang/cpython/build-purecap/python -m pip install psutil
Requirement already satisfied: psutil in ./lib/python3.12/site-packages (7.0.0)

[notice] A new release of pip is available: 25.0.1 -> 25.1
[notice] To update, run: /home/qianhuiwang/cpython/build-purecap/python -m pip install --upgrade pip
# /home/qianhuiwang/cpython/build-purecap/python -m pip freeze
alabaster==0.7.16
asgiref==3.6.0
babel==2.17.0
build==1.2.2.post1
certifi==2021.5.30
Chameleon==3.9.1
charset-normalizer==3.4.1
coverage==7.3.2
Django==4.2
docutils==0.21.2
dulwich==0.20.23
Genshi==0.7.7
html5lib==1.1
idna==3.10
imagesize==1.4.1
Jinja2==3.1.6
legacy-cgi==2.6
Mako==1.1.4
MarkupSafe==2.0.1
mpmath==1.2.1
networkx==3.4.2
packaging==24.2
psutil==7.0.0
pyaes==1.6.1
Pygments==2.19.1
pyperf==2.9.0
pyperformance @ file:///home/qianhuiwang/cpython/site-packages/pyperformance/dist/pyperformance-1.11.0-py3-none-any.whl#sha256=5e7db3719781f5aaaa31704d7bc2566ec18ade1aa74b998aae4e93a9ebbaa849
pyproject_hooks==1.2.0
python-docs-theme==2024.6
pytz==2021.1
requests==2.32.3
setuptools==78.1.0
six==1.16.0
snowballstemmer==2.2.0
Sphinx==7.3.7
sphinxcontrib-applehelp==2.0.0
sphinxcontrib-devhelp==2.0.0
sphinxcontrib-htmlhelp==2.1.0
sphinxcontrib-jsmath==1.0.1
sphinxcontrib-qthelp==2.0.0
sphinxcontrib-serializinghtml==2.0.0
sqlglot==4.6.0
sqlparse==0.4.1
sympy==1.13.0
urllib3==1.26.5
webencodings==0.5.1
# /home/qianhuiwang/cpython/build-purecap/python -m pip freeze
alabaster==0.7.16
asgiref==3.6.0
babel==2.17.0
build==1.2.2.post1
certifi==2021.5.30
Chameleon==3.9.1
charset-normalizer==3.4.1
coverage==7.3.2
Django==4.2
docutils==0.21.2
dulwich==0.20.23
Genshi==0.7.7
html5lib==1.1
idna==3.10
imagesize==1.4.1
Jinja2==3.1.6
legacy-cgi==2.6
Mako==1.1.4
MarkupSafe==2.0.1
mpmath==1.2.1
networkx==3.4.2
packaging==24.2
psutil==7.0.0
pyaes==1.6.1
Pygments==2.19.1
pyperf==2.9.0
pyperformance @ file:///home/qianhuiwang/cpython/site-packages/pyperformance/dist/pyperformance-1.11.0-py3-none-any.whl#sha256=5e7db3719781f5aaaa31704d7bc2566ec18ade1aa74b998aae4e93a9ebbaa849
pyproject_hooks==1.2.0
python-docs-theme==2024.6
pytz==2021.1
requests==2.32.3
setuptools==78.1.0
six==1.16.0
snowballstemmer==2.2.0
Sphinx==7.3.7
sphinxcontrib-applehelp==2.0.0
sphinxcontrib-devhelp==2.0.0
sphinxcontrib-htmlhelp==2.1.0
sphinxcontrib-jsmath==1.0.1
sphinxcontrib-qthelp==2.0.0
sphinxcontrib-serializinghtml==2.0.0
sqlglot==4.6.0
sqlparse==0.4.1
sympy==1.13.0
urllib3==1.26.5
webencodings==0.5.1

==================================================
(28/83) creating venv for benchmark (deepcopy)

(trying common venv first)
Installing requirements into the virtual environment /home/qianhuiwang/cpython/build-purecap
# /home/qianhuiwang/cpython/build-purecap/python -m pip install pyperf==2.9.0
Requirement already satisfied: pyperf==2.9.0 in ./lib/python3.12/site-packages (2.9.0)
Requirement already satisfied: psutil>=5.9.0 in ./lib/python3.12/site-packages (from pyperf==2.9.0) (7.0.0)

[notice] A new release of pip is available: 25.0.1 -> 25.1
[notice] To update, run: /home/qianhuiwang/cpython/build-purecap/python -m pip install --upgrade pip
Installing requirements into the virtual environment /home/qianhuiwang/cpython/build-purecap
# /home/qianhuiwang/cpython/build-purecap/python -m pip install psutil
Requirement already satisfied: psutil in ./lib/python3.12/site-packages (7.0.0)

[notice] A new release of pip is available: 25.0.1 -> 25.1
[notice] To update, run: /home/qianhuiwang/cpython/build-purecap/python -m pip install --upgrade pip
# /home/qianhuiwang/cpython/build-purecap/python -m pip freeze
alabaster==0.7.16
asgiref==3.6.0
babel==2.17.0
build==1.2.2.post1
certifi==2021.5.30
Chameleon==3.9.1
charset-normalizer==3.4.1
coverage==7.3.2
Django==4.2
docutils==0.21.2
dulwich==0.20.23
Genshi==0.7.7
html5lib==1.1
idna==3.10
imagesize==1.4.1
Jinja2==3.1.6
legacy-cgi==2.6
Mako==1.1.4
MarkupSafe==2.0.1
mpmath==1.2.1
networkx==3.4.2
packaging==24.2
psutil==7.0.0
pyaes==1.6.1
Pygments==2.19.1
pyperf==2.9.0
pyperformance @ file:///home/qianhuiwang/cpython/site-packages/pyperformance/dist/pyperformance-1.11.0-py3-none-any.whl#sha256=5e7db3719781f5aaaa31704d7bc2566ec18ade1aa74b998aae4e93a9ebbaa849
pyproject_hooks==1.2.0
python-docs-theme==2024.6
pytz==2021.1
requests==2.32.3
setuptools==78.1.0
six==1.16.0
snowballstemmer==2.2.0
Sphinx==7.3.7
sphinxcontrib-applehelp==2.0.0
sphinxcontrib-devhelp==2.0.0
sphinxcontrib-htmlhelp==2.1.0
sphinxcontrib-jsmath==1.0.1
sphinxcontrib-qthelp==2.0.0
sphinxcontrib-serializinghtml==2.0.0
sqlglot==4.6.0
sqlparse==0.4.1
sympy==1.13.0
urllib3==1.26.5
webencodings==0.5.1
# /home/qianhuiwang/cpython/build-purecap/python -m pip freeze
alabaster==0.7.16
asgiref==3.6.0
babel==2.17.0
build==1.2.2.post1
certifi==2021.5.30
Chameleon==3.9.1
charset-normalizer==3.4.1
coverage==7.3.2
Django==4.2
docutils==0.21.2
dulwich==0.20.23
Genshi==0.7.7
html5lib==1.1
idna==3.10
imagesize==1.4.1
Jinja2==3.1.6
legacy-cgi==2.6
Mako==1.1.4
MarkupSafe==2.0.1
mpmath==1.2.1
networkx==3.4.2
packaging==24.2
psutil==7.0.0
pyaes==1.6.1
Pygments==2.19.1
pyperf==2.9.0
pyperformance @ file:///home/qianhuiwang/cpython/site-packages/pyperformance/dist/pyperformance-1.11.0-py3-none-any.whl#sha256=5e7db3719781f5aaaa31704d7bc2566ec18ade1aa74b998aae4e93a9ebbaa849
pyproject_hooks==1.2.0
python-docs-theme==2024.6
pytz==2021.1
requests==2.32.3
setuptools==78.1.0
six==1.16.0
snowballstemmer==2.2.0
Sphinx==7.3.7
sphinxcontrib-applehelp==2.0.0
sphinxcontrib-devhelp==2.0.0
sphinxcontrib-htmlhelp==2.1.0
sphinxcontrib-jsmath==1.0.1
sphinxcontrib-qthelp==2.0.0
sphinxcontrib-serializinghtml==2.0.0
sqlglot==4.6.0
sqlparse==0.4.1
sympy==1.13.0
urllib3==1.26.5
webencodings==0.5.1

==================================================
(29/83) creating venv for benchmark (deltablue)

(trying common venv first)
Installing requirements into the virtual environment /home/qianhuiwang/cpython/build-purecap
# /home/qianhuiwang/cpython/build-purecap/python -m pip install pyperf==2.9.0
Requirement already satisfied: pyperf==2.9.0 in ./lib/python3.12/site-packages (2.9.0)
Requirement already satisfied: psutil>=5.9.0 in ./lib/python3.12/site-packages (from pyperf==2.9.0) (7.0.0)

[notice] A new release of pip is available: 25.0.1 -> 25.1
[notice] To update, run: /home/qianhuiwang/cpython/build-purecap/python -m pip install --upgrade pip
Installing requirements into the virtual environment /home/qianhuiwang/cpython/build-purecap
# /home/qianhuiwang/cpython/build-purecap/python -m pip install psutil
Requirement already satisfied: psutil in ./lib/python3.12/site-packages (7.0.0)

[notice] A new release of pip is available: 25.0.1 -> 25.1
[notice] To update, run: /home/qianhuiwang/cpython/build-purecap/python -m pip install --upgrade pip
# /home/qianhuiwang/cpython/build-purecap/python -m pip freeze
alabaster==0.7.16
asgiref==3.6.0
babel==2.17.0
build==1.2.2.post1
certifi==2021.5.30
Chameleon==3.9.1
charset-normalizer==3.4.1
coverage==7.3.2
Django==4.2
docutils==0.21.2
dulwich==0.20.23
Genshi==0.7.7
html5lib==1.1
idna==3.10
imagesize==1.4.1
Jinja2==3.1.6
legacy-cgi==2.6
Mako==1.1.4
MarkupSafe==2.0.1
mpmath==1.2.1
networkx==3.4.2
packaging==24.2
psutil==7.0.0
pyaes==1.6.1
Pygments==2.19.1
pyperf==2.9.0
pyperformance @ file:///home/qianhuiwang/cpython/site-packages/pyperformance/dist/pyperformance-1.11.0-py3-none-any.whl#sha256=5e7db3719781f5aaaa31704d7bc2566ec18ade1aa74b998aae4e93a9ebbaa849
pyproject_hooks==1.2.0
python-docs-theme==2024.6
pytz==2021.1
requests==2.32.3
setuptools==78.1.0
six==1.16.0
snowballstemmer==2.2.0
Sphinx==7.3.7
sphinxcontrib-applehelp==2.0.0
sphinxcontrib-devhelp==2.0.0
sphinxcontrib-htmlhelp==2.1.0
sphinxcontrib-jsmath==1.0.1
sphinxcontrib-qthelp==2.0.0
sphinxcontrib-serializinghtml==2.0.0
sqlglot==4.6.0
sqlparse==0.4.1
sympy==1.13.0
urllib3==1.26.5
webencodings==0.5.1
# /home/qianhuiwang/cpython/build-purecap/python -m pip freeze
alabaster==0.7.16
asgiref==3.6.0
babel==2.17.0
build==1.2.2.post1
certifi==2021.5.30
Chameleon==3.9.1
charset-normalizer==3.4.1
coverage==7.3.2
Django==4.2
docutils==0.21.2
dulwich==0.20.23
Genshi==0.7.7
html5lib==1.1
idna==3.10
imagesize==1.4.1
Jinja2==3.1.6
legacy-cgi==2.6
Mako==1.1.4
MarkupSafe==2.0.1
mpmath==1.2.1
networkx==3.4.2
packaging==24.2
psutil==7.0.0
pyaes==1.6.1
Pygments==2.19.1
pyperf==2.9.0
pyperformance @ file:///home/qianhuiwang/cpython/site-packages/pyperformance/dist/pyperformance-1.11.0-py3-none-any.whl#sha256=5e7db3719781f5aaaa31704d7bc2566ec18ade1aa74b998aae4e93a9ebbaa849
pyproject_hooks==1.2.0
python-docs-theme==2024.6
pytz==2021.1
requests==2.32.3
setuptools==78.1.0
six==1.16.0
snowballstemmer==2.2.0
Sphinx==7.3.7
sphinxcontrib-applehelp==2.0.0
sphinxcontrib-devhelp==2.0.0
sphinxcontrib-htmlhelp==2.1.0
sphinxcontrib-jsmath==1.0.1
sphinxcontrib-qthelp==2.0.0
sphinxcontrib-serializinghtml==2.0.0
sqlglot==4.6.0
sqlparse==0.4.1
sympy==1.13.0
urllib3==1.26.5
webencodings==0.5.1

==================================================
(30/83) creating venv for benchmark (django_template)

(trying common venv first)
Installing requirements into the virtual environment /home/qianhuiwang/cpython/build-purecap
# /home/qianhuiwang/cpython/build-purecap/python -m pip install asgiref==3.6.0 django==4.2 pytz==2021.1 sqlparse==0.4.1 legacy-cgi==2.6 pyperf==2.9.0
Requirement already satisfied: asgiref==3.6.0 in ./lib/python3.12/site-packages (3.6.0)
Requirement already satisfied: django==4.2 in ./lib/python3.12/site-packages (4.2)
Requirement already satisfied: pytz==2021.1 in ./lib/python3.12/site-packages (2021.1)
Requirement already satisfied: sqlparse==0.4.1 in ./lib/python3.12/site-packages (0.4.1)
Requirement already satisfied: legacy-cgi==2.6 in ./lib/python3.12/site-packages (2.6)
Requirement already satisfied: pyperf==2.9.0 in ./lib/python3.12/site-packages (2.9.0)
Requirement already satisfied: psutil>=5.9.0 in ./lib/python3.12/site-packages (from pyperf==2.9.0) (7.0.0)

[notice] A new release of pip is available: 25.0.1 -> 25.1
[notice] To update, run: /home/qianhuiwang/cpython/build-purecap/python -m pip install --upgrade pip
Installing requirements into the virtual environment /home/qianhuiwang/cpython/build-purecap
# /home/qianhuiwang/cpython/build-purecap/python -m pip install psutil
Requirement already satisfied: psutil in ./lib/python3.12/site-packages (7.0.0)

[notice] A new release of pip is available: 25.0.1 -> 25.1
[notice] To update, run: /home/qianhuiwang/cpython/build-purecap/python -m pip install --upgrade pip
# /home/qianhuiwang/cpython/build-purecap/python -m pip freeze
alabaster==0.7.16
asgiref==3.6.0
babel==2.17.0
build==1.2.2.post1
certifi==2021.5.30
Chameleon==3.9.1
charset-normalizer==3.4.1
coverage==7.3.2
Django==4.2
docutils==0.21.2
dulwich==0.20.23
Genshi==0.7.7
html5lib==1.1
idna==3.10
imagesize==1.4.1
Jinja2==3.1.6
legacy-cgi==2.6
Mako==1.1.4
MarkupSafe==2.0.1
mpmath==1.2.1
networkx==3.4.2
packaging==24.2
psutil==7.0.0
pyaes==1.6.1
Pygments==2.19.1
pyperf==2.9.0
pyperformance @ file:///home/qianhuiwang/cpython/site-packages/pyperformance/dist/pyperformance-1.11.0-py3-none-any.whl#sha256=5e7db3719781f5aaaa31704d7bc2566ec18ade1aa74b998aae4e93a9ebbaa849
pyproject_hooks==1.2.0
python-docs-theme==2024.6
pytz==2021.1
requests==2.32.3
setuptools==78.1.0
six==1.16.0
snowballstemmer==2.2.0
Sphinx==7.3.7
sphinxcontrib-applehelp==2.0.0
sphinxcontrib-devhelp==2.0.0
sphinxcontrib-htmlhelp==2.1.0
sphinxcontrib-jsmath==1.0.1
sphinxcontrib-qthelp==2.0.0
sphinxcontrib-serializinghtml==2.0.0
sqlglot==4.6.0
sqlparse==0.4.1
sympy==1.13.0
urllib3==1.26.5
webencodings==0.5.1
# /home/qianhuiwang/cpython/build-purecap/python -m pip freeze
alabaster==0.7.16
asgiref==3.6.0
babel==2.17.0
build==1.2.2.post1
certifi==2021.5.30
Chameleon==3.9.1
charset-normalizer==3.4.1
coverage==7.3.2
Django==4.2
docutils==0.21.2
dulwich==0.20.23
Genshi==0.7.7
html5lib==1.1
idna==3.10
imagesize==1.4.1
Jinja2==3.1.6
legacy-cgi==2.6
Mako==1.1.4
MarkupSafe==2.0.1
mpmath==1.2.1
networkx==3.4.2
packaging==24.2
psutil==7.0.0
pyaes==1.6.1
Pygments==2.19.1
pyperf==2.9.0
pyperformance @ file:///home/qianhuiwang/cpython/site-packages/pyperformance/dist/pyperformance-1.11.0-py3-none-any.whl#sha256=5e7db3719781f5aaaa31704d7bc2566ec18ade1aa74b998aae4e93a9ebbaa849
pyproject_hooks==1.2.0
python-docs-theme==2024.6
pytz==2021.1
requests==2.32.3
setuptools==78.1.0
six==1.16.0
snowballstemmer==2.2.0
Sphinx==7.3.7
sphinxcontrib-applehelp==2.0.0
sphinxcontrib-devhelp==2.0.0
sphinxcontrib-htmlhelp==2.1.0
sphinxcontrib-jsmath==1.0.1
sphinxcontrib-qthelp==2.0.0
sphinxcontrib-serializinghtml==2.0.0
sqlglot==4.6.0
sqlparse==0.4.1
sympy==1.13.0
urllib3==1.26.5
webencodings==0.5.1

==================================================
(31/83) creating venv for benchmark (dulwich_log)

(trying common venv first)
Installing requirements into the virtual environment /home/qianhuiwang/cpython/build-purecap
# /home/qianhuiwang/cpython/build-purecap/python -m pip install certifi==2021.5.30 dulwich==0.20.23 urllib3==1.26.5 pyperf==2.9.0
Requirement already satisfied: certifi==2021.5.30 in ./lib/python3.12/site-packages (2021.5.30)
Requirement already satisfied: dulwich==0.20.23 in ./lib/python3.12/site-packages (0.20.23)
Requirement already satisfied: urllib3==1.26.5 in ./lib/python3.12/site-packages (1.26.5)
Requirement already satisfied: pyperf==2.9.0 in ./lib/python3.12/site-packages (2.9.0)
Requirement already satisfied: psutil>=5.9.0 in ./lib/python3.12/site-packages (from pyperf==2.9.0) (7.0.0)

[notice] A new release of pip is available: 25.0.1 -> 25.1
[notice] To update, run: /home/qianhuiwang/cpython/build-purecap/python -m pip install --upgrade pip
Installing requirements into the virtual environment /home/qianhuiwang/cpython/build-purecap
# /home/qianhuiwang/cpython/build-purecap/python -m pip install psutil
Requirement already satisfied: psutil in ./lib/python3.12/site-packages (7.0.0)

[notice] A new release of pip is available: 25.0.1 -> 25.1
[notice] To update, run: /home/qianhuiwang/cpython/build-purecap/python -m pip install --upgrade pip
# /home/qianhuiwang/cpython/build-purecap/python -m pip freeze
alabaster==0.7.16
asgiref==3.6.0
babel==2.17.0
build==1.2.2.post1
certifi==2021.5.30
Chameleon==3.9.1
charset-normalizer==3.4.1
coverage==7.3.2
Django==4.2
docutils==0.21.2
dulwich==0.20.23
Genshi==0.7.7
html5lib==1.1
idna==3.10
imagesize==1.4.1
Jinja2==3.1.6
legacy-cgi==2.6
Mako==1.1.4
MarkupSafe==2.0.1
mpmath==1.2.1
networkx==3.4.2
packaging==24.2
psutil==7.0.0
pyaes==1.6.1
Pygments==2.19.1
pyperf==2.9.0
pyperformance @ file:///home/qianhuiwang/cpython/site-packages/pyperformance/dist/pyperformance-1.11.0-py3-none-any.whl#sha256=5e7db3719781f5aaaa31704d7bc2566ec18ade1aa74b998aae4e93a9ebbaa849
pyproject_hooks==1.2.0
python-docs-theme==2024.6
pytz==2021.1
requests==2.32.3
setuptools==78.1.0
six==1.16.0
snowballstemmer==2.2.0
Sphinx==7.3.7
sphinxcontrib-applehelp==2.0.0
sphinxcontrib-devhelp==2.0.0
sphinxcontrib-htmlhelp==2.1.0
sphinxcontrib-jsmath==1.0.1
sphinxcontrib-qthelp==2.0.0
sphinxcontrib-serializinghtml==2.0.0
sqlglot==4.6.0
sqlparse==0.4.1
sympy==1.13.0
urllib3==1.26.5
webencodings==0.5.1
# /home/qianhuiwang/cpython/build-purecap/python -m pip freeze
alabaster==0.7.16
asgiref==3.6.0
babel==2.17.0
build==1.2.2.post1
certifi==2021.5.30
Chameleon==3.9.1
charset-normalizer==3.4.1
coverage==7.3.2
Django==4.2
docutils==0.21.2
dulwich==0.20.23
Genshi==0.7.7
html5lib==1.1
idna==3.10
imagesize==1.4.1
Jinja2==3.1.6
legacy-cgi==2.6
Mako==1.1.4
MarkupSafe==2.0.1
mpmath==1.2.1
networkx==3.4.2
packaging==24.2
psutil==7.0.0
pyaes==1.6.1
Pygments==2.19.1
pyperf==2.9.0
pyperformance @ file:///home/qianhuiwang/cpython/site-packages/pyperformance/dist/pyperformance-1.11.0-py3-none-any.whl#sha256=5e7db3719781f5aaaa31704d7bc2566ec18ade1aa74b998aae4e93a9ebbaa849
pyproject_hooks==1.2.0
python-docs-theme==2024.6
pytz==2021.1
requests==2.32.3
setuptools==78.1.0
six==1.16.0
snowballstemmer==2.2.0
Sphinx==7.3.7
sphinxcontrib-applehelp==2.0.0
sphinxcontrib-devhelp==2.0.0
sphinxcontrib-htmlhelp==2.1.0
sphinxcontrib-jsmath==1.0.1
sphinxcontrib-qthelp==2.0.0
sphinxcontrib-serializinghtml==2.0.0
sqlglot==4.6.0
sqlparse==0.4.1
sympy==1.13.0
urllib3==1.26.5
webencodings==0.5.1

==================================================
(32/83) creating venv for benchmark (fannkuch)

(trying common venv first)
Installing requirements into the virtual environment /home/qianhuiwang/cpython/build-purecap
# /home/qianhuiwang/cpython/build-purecap/python -m pip install pyperf==2.9.0
Requirement already satisfied: pyperf==2.9.0 in ./lib/python3.12/site-packages (2.9.0)
Requirement already satisfied: psutil>=5.9.0 in ./lib/python3.12/site-packages (from pyperf==2.9.0) (7.0.0)

[notice] A new release of pip is available: 25.0.1 -> 25.1
[notice] To update, run: /home/qianhuiwang/cpython/build-purecap/python -m pip install --upgrade pip
Installing requirements into the virtual environment /home/qianhuiwang/cpython/build-purecap
# /home/qianhuiwang/cpython/build-purecap/python -m pip install psutil
Requirement already satisfied: psutil in ./lib/python3.12/site-packages (7.0.0)

[notice] A new release of pip is available: 25.0.1 -> 25.1
[notice] To update, run: /home/qianhuiwang/cpython/build-purecap/python -m pip install --upgrade pip
# /home/qianhuiwang/cpython/build-purecap/python -m pip freeze
alabaster==0.7.16
asgiref==3.6.0
babel==2.17.0
build==1.2.2.post1
certifi==2021.5.30
Chameleon==3.9.1
charset-normalizer==3.4.1
coverage==7.3.2
Django==4.2
docutils==0.21.2
dulwich==0.20.23
Genshi==0.7.7
html5lib==1.1
idna==3.10
imagesize==1.4.1
Jinja2==3.1.6
legacy-cgi==2.6
Mako==1.1.4
MarkupSafe==2.0.1
mpmath==1.2.1
networkx==3.4.2
packaging==24.2
psutil==7.0.0
pyaes==1.6.1
Pygments==2.19.1
pyperf==2.9.0
pyperformance @ file:///home/qianhuiwang/cpython/site-packages/pyperformance/dist/pyperformance-1.11.0-py3-none-any.whl#sha256=5e7db3719781f5aaaa31704d7bc2566ec18ade1aa74b998aae4e93a9ebbaa849
pyproject_hooks==1.2.0
python-docs-theme==2024.6
pytz==2021.1
requests==2.32.3
setuptools==78.1.0
six==1.16.0
snowballstemmer==2.2.0
Sphinx==7.3.7
sphinxcontrib-applehelp==2.0.0
sphinxcontrib-devhelp==2.0.0
sphinxcontrib-htmlhelp==2.1.0
sphinxcontrib-jsmath==1.0.1
sphinxcontrib-qthelp==2.0.0
sphinxcontrib-serializinghtml==2.0.0
sqlglot==4.6.0
sqlparse==0.4.1
sympy==1.13.0
urllib3==1.26.5
webencodings==0.5.1
# /home/qianhuiwang/cpython/build-purecap/python -m pip freeze
alabaster==0.7.16
asgiref==3.6.0
babel==2.17.0
build==1.2.2.post1
certifi==2021.5.30
Chameleon==3.9.1
charset-normalizer==3.4.1
coverage==7.3.2
Django==4.2
docutils==0.21.2
dulwich==0.20.23
Genshi==0.7.7
html5lib==1.1
idna==3.10
imagesize==1.4.1
Jinja2==3.1.6
legacy-cgi==2.6
Mako==1.1.4
MarkupSafe==2.0.1
mpmath==1.2.1
networkx==3.4.2
packaging==24.2
psutil==7.0.0
pyaes==1.6.1
Pygments==2.19.1
pyperf==2.9.0
pyperformance @ file:///home/qianhuiwang/cpython/site-packages/pyperformance/dist/pyperformance-1.11.0-py3-none-any.whl#sha256=5e7db3719781f5aaaa31704d7bc2566ec18ade1aa74b998aae4e93a9ebbaa849
pyproject_hooks==1.2.0
python-docs-theme==2024.6
pytz==2021.1
requests==2.32.3
setuptools==78.1.0
six==1.16.0
snowballstemmer==2.2.0
Sphinx==7.3.7
sphinxcontrib-applehelp==2.0.0
sphinxcontrib-devhelp==2.0.0
sphinxcontrib-htmlhelp==2.1.0
sphinxcontrib-jsmath==1.0.1
sphinxcontrib-qthelp==2.0.0
sphinxcontrib-serializinghtml==2.0.0
sqlglot==4.6.0
sqlparse==0.4.1
sympy==1.13.0
urllib3==1.26.5
webencodings==0.5.1

==================================================
(33/83) creating venv for benchmark (float)

(trying common venv first)
Installing requirements into the virtual environment /home/qianhuiwang/cpython/build-purecap
# /home/qianhuiwang/cpython/build-purecap/python -m pip install pyperf==2.9.0
Requirement already satisfied: pyperf==2.9.0 in ./lib/python3.12/site-packages (2.9.0)
Requirement already satisfied: psutil>=5.9.0 in ./lib/python3.12/site-packages (from pyperf==2.9.0) (7.0.0)

[notice] A new release of pip is available: 25.0.1 -> 25.1
[notice] To update, run: /home/qianhuiwang/cpython/build-purecap/python -m pip install --upgrade pip
Installing requirements into the virtual environment /home/qianhuiwang/cpython/build-purecap
# /home/qianhuiwang/cpython/build-purecap/python -m pip install psutil
Requirement already satisfied: psutil in ./lib/python3.12/site-packages (7.0.0)

[notice] A new release of pip is available: 25.0.1 -> 25.1
[notice] To update, run: /home/qianhuiwang/cpython/build-purecap/python -m pip install --upgrade pip
# /home/qianhuiwang/cpython/build-purecap/python -m pip freeze
alabaster==0.7.16
asgiref==3.6.0
babel==2.17.0
build==1.2.2.post1
certifi==2021.5.30
Chameleon==3.9.1
charset-normalizer==3.4.1
coverage==7.3.2
Django==4.2
docutils==0.21.2
dulwich==0.20.23
Genshi==0.7.7
html5lib==1.1
idna==3.10
imagesize==1.4.1
Jinja2==3.1.6
legacy-cgi==2.6
Mako==1.1.4
MarkupSafe==2.0.1
mpmath==1.2.1
networkx==3.4.2
packaging==24.2
psutil==7.0.0
pyaes==1.6.1
Pygments==2.19.1
pyperf==2.9.0
pyperformance @ file:///home/qianhuiwang/cpython/site-packages/pyperformance/dist/pyperformance-1.11.0-py3-none-any.whl#sha256=5e7db3719781f5aaaa31704d7bc2566ec18ade1aa74b998aae4e93a9ebbaa849
pyproject_hooks==1.2.0
python-docs-theme==2024.6
pytz==2021.1
requests==2.32.3
setuptools==78.1.0
six==1.16.0
snowballstemmer==2.2.0
Sphinx==7.3.7
sphinxcontrib-applehelp==2.0.0
sphinxcontrib-devhelp==2.0.0
sphinxcontrib-htmlhelp==2.1.0
sphinxcontrib-jsmath==1.0.1
sphinxcontrib-qthelp==2.0.0
sphinxcontrib-serializinghtml==2.0.0
sqlglot==4.6.0
sqlparse==0.4.1
sympy==1.13.0
urllib3==1.26.5
webencodings==0.5.1
# /home/qianhuiwang/cpython/build-purecap/python -m pip freeze
alabaster==0.7.16
asgiref==3.6.0
babel==2.17.0
build==1.2.2.post1
certifi==2021.5.30
Chameleon==3.9.1
charset-normalizer==3.4.1
coverage==7.3.2
Django==4.2
docutils==0.21.2
dulwich==0.20.23
Genshi==0.7.7
html5lib==1.1
idna==3.10
imagesize==1.4.1
Jinja2==3.1.6
legacy-cgi==2.6
Mako==1.1.4
MarkupSafe==2.0.1
mpmath==1.2.1
networkx==3.4.2
packaging==24.2
psutil==7.0.0
pyaes==1.6.1
Pygments==2.19.1
pyperf==2.9.0
pyperformance @ file:///home/qianhuiwang/cpython/site-packages/pyperformance/dist/pyperformance-1.11.0-py3-none-any.whl#sha256=5e7db3719781f5aaaa31704d7bc2566ec18ade1aa74b998aae4e93a9ebbaa849
pyproject_hooks==1.2.0
python-docs-theme==2024.6
pytz==2021.1
requests==2.32.3
setuptools==78.1.0
six==1.16.0
snowballstemmer==2.2.0
Sphinx==7.3.7
sphinxcontrib-applehelp==2.0.0
sphinxcontrib-devhelp==2.0.0
sphinxcontrib-htmlhelp==2.1.0
sphinxcontrib-jsmath==1.0.1
sphinxcontrib-qthelp==2.0.0
sphinxcontrib-serializinghtml==2.0.0
sqlglot==4.6.0
sqlparse==0.4.1
sympy==1.13.0
urllib3==1.26.5
webencodings==0.5.1

==================================================
(34/83) creating venv for benchmark (gc_collect)

(trying common venv first)
Installing requirements into the virtual environment /home/qianhuiwang/cpython/build-purecap
# /home/qianhuiwang/cpython/build-purecap/python -m pip install pyperf==2.9.0
Requirement already satisfied: pyperf==2.9.0 in ./lib/python3.12/site-packages (2.9.0)
Requirement already satisfied: psutil>=5.9.0 in ./lib/python3.12/site-packages (from pyperf==2.9.0) (7.0.0)

[notice] A new release of pip is available: 25.0.1 -> 25.1
[notice] To update, run: /home/qianhuiwang/cpython/build-purecap/python -m pip install --upgrade pip
Installing requirements into the virtual environment /home/qianhuiwang/cpython/build-purecap
# /home/qianhuiwang/cpython/build-purecap/python -m pip install psutil
Requirement already satisfied: psutil in ./lib/python3.12/site-packages (7.0.0)

[notice] A new release of pip is available: 25.0.1 -> 25.1
[notice] To update, run: /home/qianhuiwang/cpython/build-purecap/python -m pip install --upgrade pip
# /home/qianhuiwang/cpython/build-purecap/python -m pip freeze
alabaster==0.7.16
asgiref==3.6.0
babel==2.17.0
build==1.2.2.post1
certifi==2021.5.30
Chameleon==3.9.1
charset-normalizer==3.4.1
coverage==7.3.2
Django==4.2
docutils==0.21.2
dulwich==0.20.23
Genshi==0.7.7
html5lib==1.1
idna==3.10
imagesize==1.4.1
Jinja2==3.1.6
legacy-cgi==2.6
Mako==1.1.4
MarkupSafe==2.0.1
mpmath==1.2.1
networkx==3.4.2
packaging==24.2
psutil==7.0.0
pyaes==1.6.1
Pygments==2.19.1
pyperf==2.9.0
pyperformance @ file:///home/qianhuiwang/cpython/site-packages/pyperformance/dist/pyperformance-1.11.0-py3-none-any.whl#sha256=5e7db3719781f5aaaa31704d7bc2566ec18ade1aa74b998aae4e93a9ebbaa849
pyproject_hooks==1.2.0
python-docs-theme==2024.6
pytz==2021.1
requests==2.32.3
setuptools==78.1.0
six==1.16.0
snowballstemmer==2.2.0
Sphinx==7.3.7
sphinxcontrib-applehelp==2.0.0
sphinxcontrib-devhelp==2.0.0
sphinxcontrib-htmlhelp==2.1.0
sphinxcontrib-jsmath==1.0.1
sphinxcontrib-qthelp==2.0.0
sphinxcontrib-serializinghtml==2.0.0
sqlglot==4.6.0
sqlparse==0.4.1
sympy==1.13.0
urllib3==1.26.5
webencodings==0.5.1
# /home/qianhuiwang/cpython/build-purecap/python -m pip freeze
alabaster==0.7.16
asgiref==3.6.0
babel==2.17.0
build==1.2.2.post1
certifi==2021.5.30
Chameleon==3.9.1
charset-normalizer==3.4.1
coverage==7.3.2
Django==4.2
docutils==0.21.2
dulwich==0.20.23
Genshi==0.7.7
html5lib==1.1
idna==3.10
imagesize==1.4.1
Jinja2==3.1.6
legacy-cgi==2.6
Mako==1.1.4
MarkupSafe==2.0.1
mpmath==1.2.1
networkx==3.4.2
packaging==24.2
psutil==7.0.0
pyaes==1.6.1
Pygments==2.19.1
pyperf==2.9.0
pyperformance @ file:///home/qianhuiwang/cpython/site-packages/pyperformance/dist/pyperformance-1.11.0-py3-none-any.whl#sha256=5e7db3719781f5aaaa31704d7bc2566ec18ade1aa74b998aae4e93a9ebbaa849
pyproject_hooks==1.2.0
python-docs-theme==2024.6
pytz==2021.1
requests==2.32.3
setuptools==78.1.0
six==1.16.0
snowballstemmer==2.2.0
Sphinx==7.3.7
sphinxcontrib-applehelp==2.0.0
sphinxcontrib-devhelp==2.0.0
sphinxcontrib-htmlhelp==2.1.0
sphinxcontrib-jsmath==1.0.1
sphinxcontrib-qthelp==2.0.0
sphinxcontrib-serializinghtml==2.0.0
sqlglot==4.6.0
sqlparse==0.4.1
sympy==1.13.0
urllib3==1.26.5
webencodings==0.5.1

==================================================
(35/83) creating venv for benchmark (gc_traversal)

(trying common venv first)
Installing requirements into the virtual environment /home/qianhuiwang/cpython/build-purecap
# /home/qianhuiwang/cpython/build-purecap/python -m pip install pyperf==2.9.0
Requirement already satisfied: pyperf==2.9.0 in ./lib/python3.12/site-packages (2.9.0)
Requirement already satisfied: psutil>=5.9.0 in ./lib/python3.12/site-packages (from pyperf==2.9.0) (7.0.0)

[notice] A new release of pip is available: 25.0.1 -> 25.1
[notice] To update, run: /home/qianhuiwang/cpython/build-purecap/python -m pip install --upgrade pip
Installing requirements into the virtual environment /home/qianhuiwang/cpython/build-purecap
# /home/qianhuiwang/cpython/build-purecap/python -m pip install psutil
Requirement already satisfied: psutil in ./lib/python3.12/site-packages (7.0.0)

[notice] A new release of pip is available: 25.0.1 -> 25.1
[notice] To update, run: /home/qianhuiwang/cpython/build-purecap/python -m pip install --upgrade pip
# /home/qianhuiwang/cpython/build-purecap/python -m pip freeze
alabaster==0.7.16
asgiref==3.6.0
babel==2.17.0
build==1.2.2.post1
certifi==2021.5.30
Chameleon==3.9.1
charset-normalizer==3.4.1
coverage==7.3.2
Django==4.2
docutils==0.21.2
dulwich==0.20.23
Genshi==0.7.7
html5lib==1.1
idna==3.10
imagesize==1.4.1
Jinja2==3.1.6
legacy-cgi==2.6
Mako==1.1.4
MarkupSafe==2.0.1
mpmath==1.2.1
networkx==3.4.2
packaging==24.2
psutil==7.0.0
pyaes==1.6.1
Pygments==2.19.1
pyperf==2.9.0
pyperformance @ file:///home/qianhuiwang/cpython/site-packages/pyperformance/dist/pyperformance-1.11.0-py3-none-any.whl#sha256=5e7db3719781f5aaaa31704d7bc2566ec18ade1aa74b998aae4e93a9ebbaa849
pyproject_hooks==1.2.0
python-docs-theme==2024.6
pytz==2021.1
requests==2.32.3
setuptools==78.1.0
six==1.16.0
snowballstemmer==2.2.0
Sphinx==7.3.7
sphinxcontrib-applehelp==2.0.0
sphinxcontrib-devhelp==2.0.0
sphinxcontrib-htmlhelp==2.1.0
sphinxcontrib-jsmath==1.0.1
sphinxcontrib-qthelp==2.0.0
sphinxcontrib-serializinghtml==2.0.0
sqlglot==4.6.0
sqlparse==0.4.1
sympy==1.13.0
urllib3==1.26.5
webencodings==0.5.1
# /home/qianhuiwang/cpython/build-purecap/python -m pip freeze
alabaster==0.7.16
asgiref==3.6.0
babel==2.17.0
build==1.2.2.post1
certifi==2021.5.30
Chameleon==3.9.1
charset-normalizer==3.4.1
coverage==7.3.2
Django==4.2
docutils==0.21.2
dulwich==0.20.23
Genshi==0.7.7
html5lib==1.1
idna==3.10
imagesize==1.4.1
Jinja2==3.1.6
legacy-cgi==2.6
Mako==1.1.4
MarkupSafe==2.0.1
mpmath==1.2.1
networkx==3.4.2
packaging==24.2
psutil==7.0.0
pyaes==1.6.1
Pygments==2.19.1
pyperf==2.9.0
pyperformance @ file:///home/qianhuiwang/cpython/site-packages/pyperformance/dist/pyperformance-1.11.0-py3-none-any.whl#sha256=5e7db3719781f5aaaa31704d7bc2566ec18ade1aa74b998aae4e93a9ebbaa849
pyproject_hooks==1.2.0
python-docs-theme==2024.6
pytz==2021.1
requests==2.32.3
setuptools==78.1.0
six==1.16.0
snowballstemmer==2.2.0
Sphinx==7.3.7
sphinxcontrib-applehelp==2.0.0
sphinxcontrib-devhelp==2.0.0
sphinxcontrib-htmlhelp==2.1.0
sphinxcontrib-jsmath==1.0.1
sphinxcontrib-qthelp==2.0.0
sphinxcontrib-serializinghtml==2.0.0
sqlglot==4.6.0
sqlparse==0.4.1
sympy==1.13.0
urllib3==1.26.5
webencodings==0.5.1

==================================================
(36/83) creating venv for benchmark (generators)

(trying common venv first)
Installing requirements into the virtual environment /home/qianhuiwang/cpython/build-purecap
# /home/qianhuiwang/cpython/build-purecap/python -m pip install pyperf==2.9.0
Requirement already satisfied: pyperf==2.9.0 in ./lib/python3.12/site-packages (2.9.0)
Requirement already satisfied: psutil>=5.9.0 in ./lib/python3.12/site-packages (from pyperf==2.9.0) (7.0.0)

[notice] A new release of pip is available: 25.0.1 -> 25.1
[notice] To update, run: /home/qianhuiwang/cpython/build-purecap/python -m pip install --upgrade pip
Installing requirements into the virtual environment /home/qianhuiwang/cpython/build-purecap
# /home/qianhuiwang/cpython/build-purecap/python -m pip install psutil
Requirement already satisfied: psutil in ./lib/python3.12/site-packages (7.0.0)

[notice] A new release of pip is available: 25.0.1 -> 25.1
[notice] To update, run: /home/qianhuiwang/cpython/build-purecap/python -m pip install --upgrade pip
# /home/qianhuiwang/cpython/build-purecap/python -m pip freeze
alabaster==0.7.16
asgiref==3.6.0
babel==2.17.0
build==1.2.2.post1
certifi==2021.5.30
Chameleon==3.9.1
charset-normalizer==3.4.1
coverage==7.3.2
Django==4.2
docutils==0.21.2
dulwich==0.20.23
Genshi==0.7.7
html5lib==1.1
idna==3.10
imagesize==1.4.1
Jinja2==3.1.6
legacy-cgi==2.6
Mako==1.1.4
MarkupSafe==2.0.1
mpmath==1.2.1
networkx==3.4.2
packaging==24.2
psutil==7.0.0
pyaes==1.6.1
Pygments==2.19.1
pyperf==2.9.0
pyperformance @ file:///home/qianhuiwang/cpython/site-packages/pyperformance/dist/pyperformance-1.11.0-py3-none-any.whl#sha256=5e7db3719781f5aaaa31704d7bc2566ec18ade1aa74b998aae4e93a9ebbaa849
pyproject_hooks==1.2.0
python-docs-theme==2024.6
pytz==2021.1
requests==2.32.3
setuptools==78.1.0
six==1.16.0
snowballstemmer==2.2.0
Sphinx==7.3.7
sphinxcontrib-applehelp==2.0.0
sphinxcontrib-devhelp==2.0.0
sphinxcontrib-htmlhelp==2.1.0
sphinxcontrib-jsmath==1.0.1
sphinxcontrib-qthelp==2.0.0
sphinxcontrib-serializinghtml==2.0.0
sqlglot==4.6.0
sqlparse==0.4.1
sympy==1.13.0
urllib3==1.26.5
webencodings==0.5.1
# /home/qianhuiwang/cpython/build-purecap/python -m pip freeze
alabaster==0.7.16
asgiref==3.6.0
babel==2.17.0
build==1.2.2.post1
certifi==2021.5.30
Chameleon==3.9.1
charset-normalizer==3.4.1
coverage==7.3.2
Django==4.2
docutils==0.21.2
dulwich==0.20.23
Genshi==0.7.7
html5lib==1.1
idna==3.10
imagesize==1.4.1
Jinja2==3.1.6
legacy-cgi==2.6
Mako==1.1.4
MarkupSafe==2.0.1
mpmath==1.2.1
networkx==3.4.2
packaging==24.2
psutil==7.0.0
pyaes==1.6.1
Pygments==2.19.1
pyperf==2.9.0
pyperformance @ file:///home/qianhuiwang/cpython/site-packages/pyperformance/dist/pyperformance-1.11.0-py3-none-any.whl#sha256=5e7db3719781f5aaaa31704d7bc2566ec18ade1aa74b998aae4e93a9ebbaa849
pyproject_hooks==1.2.0
python-docs-theme==2024.6
pytz==2021.1
requests==2.32.3
setuptools==78.1.0
six==1.16.0
snowballstemmer==2.2.0
Sphinx==7.3.7
sphinxcontrib-applehelp==2.0.0
sphinxcontrib-devhelp==2.0.0
sphinxcontrib-htmlhelp==2.1.0
sphinxcontrib-jsmath==1.0.1
sphinxcontrib-qthelp==2.0.0
sphinxcontrib-serializinghtml==2.0.0
sqlglot==4.6.0
sqlparse==0.4.1
sympy==1.13.0
urllib3==1.26.5
webencodings==0.5.1

==================================================
(37/83) creating venv for benchmark (genshi)

(trying common venv first)
Installing requirements into the virtual environment /home/qianhuiwang/cpython/build-purecap
# /home/qianhuiwang/cpython/build-purecap/python -m pip install genshi==0.7.7 six==1.16.0 pyperf==2.9.0
Requirement already satisfied: genshi==0.7.7 in ./lib/python3.12/site-packages (0.7.7)
Requirement already satisfied: six==1.16.0 in ./lib/python3.12/site-packages (1.16.0)
Requirement already satisfied: pyperf==2.9.0 in ./lib/python3.12/site-packages (2.9.0)
Requirement already satisfied: psutil>=5.9.0 in ./lib/python3.12/site-packages (from pyperf==2.9.0) (7.0.0)

[notice] A new release of pip is available: 25.0.1 -> 25.1
[notice] To update, run: /home/qianhuiwang/cpython/build-purecap/python -m pip install --upgrade pip
Installing requirements into the virtual environment /home/qianhuiwang/cpython/build-purecap
# /home/qianhuiwang/cpython/build-purecap/python -m pip install psutil
Requirement already satisfied: psutil in ./lib/python3.12/site-packages (7.0.0)

[notice] A new release of pip is available: 25.0.1 -> 25.1
[notice] To update, run: /home/qianhuiwang/cpython/build-purecap/python -m pip install --upgrade pip
# /home/qianhuiwang/cpython/build-purecap/python -m pip freeze
alabaster==0.7.16
asgiref==3.6.0
babel==2.17.0
build==1.2.2.post1
certifi==2021.5.30
Chameleon==3.9.1
charset-normalizer==3.4.1
coverage==7.3.2
Django==4.2
docutils==0.21.2
dulwich==0.20.23
Genshi==0.7.7
html5lib==1.1
idna==3.10
imagesize==1.4.1
Jinja2==3.1.6
legacy-cgi==2.6
Mako==1.1.4
MarkupSafe==2.0.1
mpmath==1.2.1
networkx==3.4.2
packaging==24.2
psutil==7.0.0
pyaes==1.6.1
Pygments==2.19.1
pyperf==2.9.0
pyperformance @ file:///home/qianhuiwang/cpython/site-packages/pyperformance/dist/pyperformance-1.11.0-py3-none-any.whl#sha256=5e7db3719781f5aaaa31704d7bc2566ec18ade1aa74b998aae4e93a9ebbaa849
pyproject_hooks==1.2.0
python-docs-theme==2024.6
pytz==2021.1
requests==2.32.3
setuptools==78.1.0
six==1.16.0
snowballstemmer==2.2.0
Sphinx==7.3.7
sphinxcontrib-applehelp==2.0.0
sphinxcontrib-devhelp==2.0.0
sphinxcontrib-htmlhelp==2.1.0
sphinxcontrib-jsmath==1.0.1
sphinxcontrib-qthelp==2.0.0
sphinxcontrib-serializinghtml==2.0.0
sqlglot==4.6.0
sqlparse==0.4.1
sympy==1.13.0
urllib3==1.26.5
webencodings==0.5.1
# /home/qianhuiwang/cpython/build-purecap/python -m pip freeze
alabaster==0.7.16
asgiref==3.6.0
babel==2.17.0
build==1.2.2.post1
certifi==2021.5.30
Chameleon==3.9.1
charset-normalizer==3.4.1
coverage==7.3.2
Django==4.2
docutils==0.21.2
dulwich==0.20.23
Genshi==0.7.7
html5lib==1.1
idna==3.10
imagesize==1.4.1
Jinja2==3.1.6
legacy-cgi==2.6
Mako==1.1.4
MarkupSafe==2.0.1
mpmath==1.2.1
networkx==3.4.2
packaging==24.2
psutil==7.0.0
pyaes==1.6.1
Pygments==2.19.1
pyperf==2.9.0
pyperformance @ file:///home/qianhuiwang/cpython/site-packages/pyperformance/dist/pyperformance-1.11.0-py3-none-any.whl#sha256=5e7db3719781f5aaaa31704d7bc2566ec18ade1aa74b998aae4e93a9ebbaa849
pyproject_hooks==1.2.0
python-docs-theme==2024.6
pytz==2021.1
requests==2.32.3
setuptools==78.1.0
six==1.16.0
snowballstemmer==2.2.0
Sphinx==7.3.7
sphinxcontrib-applehelp==2.0.0
sphinxcontrib-devhelp==2.0.0
sphinxcontrib-htmlhelp==2.1.0
sphinxcontrib-jsmath==1.0.1
sphinxcontrib-qthelp==2.0.0
sphinxcontrib-serializinghtml==2.0.0
sqlglot==4.6.0
sqlparse==0.4.1
sympy==1.13.0
urllib3==1.26.5
webencodings==0.5.1

==================================================
(38/83) creating venv for benchmark (go)

(trying common venv first)
Installing requirements into the virtual environment /home/qianhuiwang/cpython/build-purecap
# /home/qianhuiwang/cpython/build-purecap/python -m pip install pyperf==2.9.0
Requirement already satisfied: pyperf==2.9.0 in ./lib/python3.12/site-packages (2.9.0)
Requirement already satisfied: psutil>=5.9.0 in ./lib/python3.12/site-packages (from pyperf==2.9.0) (7.0.0)

[notice] A new release of pip is available: 25.0.1 -> 25.1
[notice] To update, run: /home/qianhuiwang/cpython/build-purecap/python -m pip install --upgrade pip
Installing requirements into the virtual environment /home/qianhuiwang/cpython/build-purecap
# /home/qianhuiwang/cpython/build-purecap/python -m pip install psutil
Requirement already satisfied: psutil in ./lib/python3.12/site-packages (7.0.0)

[notice] A new release of pip is available: 25.0.1 -> 25.1
[notice] To update, run: /home/qianhuiwang/cpython/build-purecap/python -m pip install --upgrade pip
# /home/qianhuiwang/cpython/build-purecap/python -m pip freeze
alabaster==0.7.16
asgiref==3.6.0
babel==2.17.0
build==1.2.2.post1
certifi==2021.5.30
Chameleon==3.9.1
charset-normalizer==3.4.1
coverage==7.3.2
Django==4.2
docutils==0.21.2
dulwich==0.20.23
Genshi==0.7.7
html5lib==1.1
idna==3.10
imagesize==1.4.1
Jinja2==3.1.6
legacy-cgi==2.6
Mako==1.1.4
MarkupSafe==2.0.1
mpmath==1.2.1
networkx==3.4.2
packaging==24.2
psutil==7.0.0
pyaes==1.6.1
Pygments==2.19.1
pyperf==2.9.0
pyperformance @ file:///home/qianhuiwang/cpython/site-packages/pyperformance/dist/pyperformance-1.11.0-py3-none-any.whl#sha256=5e7db3719781f5aaaa31704d7bc2566ec18ade1aa74b998aae4e93a9ebbaa849
pyproject_hooks==1.2.0
python-docs-theme==2024.6
pytz==2021.1
requests==2.32.3
setuptools==78.1.0
six==1.16.0
snowballstemmer==2.2.0
Sphinx==7.3.7
sphinxcontrib-applehelp==2.0.0
sphinxcontrib-devhelp==2.0.0
sphinxcontrib-htmlhelp==2.1.0
sphinxcontrib-jsmath==1.0.1
sphinxcontrib-qthelp==2.0.0
sphinxcontrib-serializinghtml==2.0.0
sqlglot==4.6.0
sqlparse==0.4.1
sympy==1.13.0
urllib3==1.26.5
webencodings==0.5.1
# /home/qianhuiwang/cpython/build-purecap/python -m pip freeze
alabaster==0.7.16
asgiref==3.6.0
babel==2.17.0
build==1.2.2.post1
certifi==2021.5.30
Chameleon==3.9.1
charset-normalizer==3.4.1
coverage==7.3.2
Django==4.2
docutils==0.21.2
dulwich==0.20.23
Genshi==0.7.7
html5lib==1.1
idna==3.10
imagesize==1.4.1
Jinja2==3.1.6
legacy-cgi==2.6
Mako==1.1.4
MarkupSafe==2.0.1
mpmath==1.2.1
networkx==3.4.2
packaging==24.2
psutil==7.0.0
pyaes==1.6.1
Pygments==2.19.1
pyperf==2.9.0
pyperformance @ file:///home/qianhuiwang/cpython/site-packages/pyperformance/dist/pyperformance-1.11.0-py3-none-any.whl#sha256=5e7db3719781f5aaaa31704d7bc2566ec18ade1aa74b998aae4e93a9ebbaa849
pyproject_hooks==1.2.0
python-docs-theme==2024.6
pytz==2021.1
requests==2.32.3
setuptools==78.1.0
six==1.16.0
snowballstemmer==2.2.0
Sphinx==7.3.7
sphinxcontrib-applehelp==2.0.0
sphinxcontrib-devhelp==2.0.0
sphinxcontrib-htmlhelp==2.1.0
sphinxcontrib-jsmath==1.0.1
sphinxcontrib-qthelp==2.0.0
sphinxcontrib-serializinghtml==2.0.0
sqlglot==4.6.0
sqlparse==0.4.1
sympy==1.13.0
urllib3==1.26.5
webencodings==0.5.1

==================================================
(39/83) creating venv for benchmark (hexiom)

(trying common venv first)
Installing requirements into the virtual environment /home/qianhuiwang/cpython/build-purecap
# /home/qianhuiwang/cpython/build-purecap/python -m pip install pyperf==2.9.0
Requirement already satisfied: pyperf==2.9.0 in ./lib/python3.12/site-packages (2.9.0)
Requirement already satisfied: psutil>=5.9.0 in ./lib/python3.12/site-packages (from pyperf==2.9.0) (7.0.0)

[notice] A new release of pip is available: 25.0.1 -> 25.1
[notice] To update, run: /home/qianhuiwang/cpython/build-purecap/python -m pip install --upgrade pip
Installing requirements into the virtual environment /home/qianhuiwang/cpython/build-purecap
# /home/qianhuiwang/cpython/build-purecap/python -m pip install psutil
Requirement already satisfied: psutil in ./lib/python3.12/site-packages (7.0.0)

[notice] A new release of pip is available: 25.0.1 -> 25.1
[notice] To update, run: /home/qianhuiwang/cpython/build-purecap/python -m pip install --upgrade pip
# /home/qianhuiwang/cpython/build-purecap/python -m pip freeze
alabaster==0.7.16
asgiref==3.6.0
babel==2.17.0
build==1.2.2.post1
certifi==2021.5.30
Chameleon==3.9.1
charset-normalizer==3.4.1
coverage==7.3.2
Django==4.2
docutils==0.21.2
dulwich==0.20.23
Genshi==0.7.7
html5lib==1.1
idna==3.10
imagesize==1.4.1
Jinja2==3.1.6
legacy-cgi==2.6
Mako==1.1.4
MarkupSafe==2.0.1
mpmath==1.2.1
networkx==3.4.2
packaging==24.2
psutil==7.0.0
pyaes==1.6.1
Pygments==2.19.1
pyperf==2.9.0
pyperformance @ file:///home/qianhuiwang/cpython/site-packages/pyperformance/dist/pyperformance-1.11.0-py3-none-any.whl#sha256=5e7db3719781f5aaaa31704d7bc2566ec18ade1aa74b998aae4e93a9ebbaa849
pyproject_hooks==1.2.0
python-docs-theme==2024.6
pytz==2021.1
requests==2.32.3
setuptools==78.1.0
six==1.16.0
snowballstemmer==2.2.0
Sphinx==7.3.7
sphinxcontrib-applehelp==2.0.0
sphinxcontrib-devhelp==2.0.0
sphinxcontrib-htmlhelp==2.1.0
sphinxcontrib-jsmath==1.0.1
sphinxcontrib-qthelp==2.0.0
sphinxcontrib-serializinghtml==2.0.0
sqlglot==4.6.0
sqlparse==0.4.1
sympy==1.13.0
urllib3==1.26.5
webencodings==0.5.1
# /home/qianhuiwang/cpython/build-purecap/python -m pip freeze
alabaster==0.7.16
asgiref==3.6.0
babel==2.17.0
build==1.2.2.post1
certifi==2021.5.30
Chameleon==3.9.1
charset-normalizer==3.4.1
coverage==7.3.2
Django==4.2
docutils==0.21.2
dulwich==0.20.23
Genshi==0.7.7
html5lib==1.1
idna==3.10
imagesize==1.4.1
Jinja2==3.1.6
legacy-cgi==2.6
Mako==1.1.4
MarkupSafe==2.0.1
mpmath==1.2.1
networkx==3.4.2
packaging==24.2
psutil==7.0.0
pyaes==1.6.1
Pygments==2.19.1
pyperf==2.9.0
pyperformance @ file:///home/qianhuiwang/cpython/site-packages/pyperformance/dist/pyperformance-1.11.0-py3-none-any.whl#sha256=5e7db3719781f5aaaa31704d7bc2566ec18ade1aa74b998aae4e93a9ebbaa849
pyproject_hooks==1.2.0
python-docs-theme==2024.6
pytz==2021.1
requests==2.32.3
setuptools==78.1.0
six==1.16.0
snowballstemmer==2.2.0
Sphinx==7.3.7
sphinxcontrib-applehelp==2.0.0
sphinxcontrib-devhelp==2.0.0
sphinxcontrib-htmlhelp==2.1.0
sphinxcontrib-jsmath==1.0.1
sphinxcontrib-qthelp==2.0.0
sphinxcontrib-serializinghtml==2.0.0
sqlglot==4.6.0
sqlparse==0.4.1
sympy==1.13.0
urllib3==1.26.5
webencodings==0.5.1

==================================================
(40/83) creating venv for benchmark (html5lib)

(trying common venv first)
Installing requirements into the virtual environment /home/qianhuiwang/cpython/build-purecap
# /home/qianhuiwang/cpython/build-purecap/python -m pip install html5lib==1.1 six==1.16.0 webencodings==0.5.1 pyperf==2.9.0
Requirement already satisfied: html5lib==1.1 in ./lib/python3.12/site-packages (1.1)
Requirement already satisfied: six==1.16.0 in ./lib/python3.12/site-packages (1.16.0)
Requirement already satisfied: webencodings==0.5.1 in ./lib/python3.12/site-packages (0.5.1)
Requirement already satisfied: pyperf==2.9.0 in ./lib/python3.12/site-packages (2.9.0)
Requirement already satisfied: psutil>=5.9.0 in ./lib/python3.12/site-packages (from pyperf==2.9.0) (7.0.0)

[notice] A new release of pip is available: 25.0.1 -> 25.1
[notice] To update, run: /home/qianhuiwang/cpython/build-purecap/python -m pip install --upgrade pip
Installing requirements into the virtual environment /home/qianhuiwang/cpython/build-purecap
# /home/qianhuiwang/cpython/build-purecap/python -m pip install psutil
Requirement already satisfied: psutil in ./lib/python3.12/site-packages (7.0.0)

[notice] A new release of pip is available: 25.0.1 -> 25.1
[notice] To update, run: /home/qianhuiwang/cpython/build-purecap/python -m pip install --upgrade pip
# /home/qianhuiwang/cpython/build-purecap/python -m pip freeze
alabaster==0.7.16
asgiref==3.6.0
babel==2.17.0
build==1.2.2.post1
certifi==2021.5.30
Chameleon==3.9.1
charset-normalizer==3.4.1
coverage==7.3.2
Django==4.2
docutils==0.21.2
dulwich==0.20.23
Genshi==0.7.7
html5lib==1.1
idna==3.10
imagesize==1.4.1
Jinja2==3.1.6
legacy-cgi==2.6
Mako==1.1.4
MarkupSafe==2.0.1
mpmath==1.2.1
networkx==3.4.2
packaging==24.2
psutil==7.0.0
pyaes==1.6.1
Pygments==2.19.1
pyperf==2.9.0
pyperformance @ file:///home/qianhuiwang/cpython/site-packages/pyperformance/dist/pyperformance-1.11.0-py3-none-any.whl#sha256=5e7db3719781f5aaaa31704d7bc2566ec18ade1aa74b998aae4e93a9ebbaa849
pyproject_hooks==1.2.0
python-docs-theme==2024.6
pytz==2021.1
requests==2.32.3
setuptools==78.1.0
six==1.16.0
snowballstemmer==2.2.0
Sphinx==7.3.7
sphinxcontrib-applehelp==2.0.0
sphinxcontrib-devhelp==2.0.0
sphinxcontrib-htmlhelp==2.1.0
sphinxcontrib-jsmath==1.0.1
sphinxcontrib-qthelp==2.0.0
sphinxcontrib-serializinghtml==2.0.0
sqlglot==4.6.0
sqlparse==0.4.1
sympy==1.13.0
urllib3==1.26.5
webencodings==0.5.1
# /home/qianhuiwang/cpython/build-purecap/python -m pip freeze
alabaster==0.7.16
asgiref==3.6.0
babel==2.17.0
build==1.2.2.post1
certifi==2021.5.30
Chameleon==3.9.1
charset-normalizer==3.4.1
coverage==7.3.2
Django==4.2
docutils==0.21.2
dulwich==0.20.23
Genshi==0.7.7
html5lib==1.1
idna==3.10
imagesize==1.4.1
Jinja2==3.1.6
legacy-cgi==2.6
Mako==1.1.4
MarkupSafe==2.0.1
mpmath==1.2.1
networkx==3.4.2
packaging==24.2
psutil==7.0.0
pyaes==1.6.1
Pygments==2.19.1
pyperf==2.9.0
pyperformance @ file:///home/qianhuiwang/cpython/site-packages/pyperformance/dist/pyperformance-1.11.0-py3-none-any.whl#sha256=5e7db3719781f5aaaa31704d7bc2566ec18ade1aa74b998aae4e93a9ebbaa849
pyproject_hooks==1.2.0
python-docs-theme==2024.6
pytz==2021.1
requests==2.32.3
setuptools==78.1.0
six==1.16.0
snowballstemmer==2.2.0
Sphinx==7.3.7
sphinxcontrib-applehelp==2.0.0
sphinxcontrib-devhelp==2.0.0
sphinxcontrib-htmlhelp==2.1.0
sphinxcontrib-jsmath==1.0.1
sphinxcontrib-qthelp==2.0.0
sphinxcontrib-serializinghtml==2.0.0
sqlglot==4.6.0
sqlparse==0.4.1
sympy==1.13.0
urllib3==1.26.5
webencodings==0.5.1

==================================================
(41/83) creating venv for benchmark (json_dumps)

(trying common venv first)
Installing requirements into the virtual environment /home/qianhuiwang/cpython/build-purecap
# /home/qianhuiwang/cpython/build-purecap/python -m pip install pyperf==2.9.0
Requirement already satisfied: pyperf==2.9.0 in ./lib/python3.12/site-packages (2.9.0)
Requirement already satisfied: psutil>=5.9.0 in ./lib/python3.12/site-packages (from pyperf==2.9.0) (7.0.0)

[notice] A new release of pip is available: 25.0.1 -> 25.1
[notice] To update, run: /home/qianhuiwang/cpython/build-purecap/python -m pip install --upgrade pip
Installing requirements into the virtual environment /home/qianhuiwang/cpython/build-purecap
# /home/qianhuiwang/cpython/build-purecap/python -m pip install psutil
Requirement already satisfied: psutil in ./lib/python3.12/site-packages (7.0.0)

[notice] A new release of pip is available: 25.0.1 -> 25.1
[notice] To update, run: /home/qianhuiwang/cpython/build-purecap/python -m pip install --upgrade pip
# /home/qianhuiwang/cpython/build-purecap/python -m pip freeze
alabaster==0.7.16
asgiref==3.6.0
babel==2.17.0
build==1.2.2.post1
certifi==2021.5.30
Chameleon==3.9.1
charset-normalizer==3.4.1
coverage==7.3.2
Django==4.2
docutils==0.21.2
dulwich==0.20.23
Genshi==0.7.7
html5lib==1.1
idna==3.10
imagesize==1.4.1
Jinja2==3.1.6
legacy-cgi==2.6
Mako==1.1.4
MarkupSafe==2.0.1
mpmath==1.2.1
networkx==3.4.2
packaging==24.2
psutil==7.0.0
pyaes==1.6.1
Pygments==2.19.1
pyperf==2.9.0
pyperformance @ file:///home/qianhuiwang/cpython/site-packages/pyperformance/dist/pyperformance-1.11.0-py3-none-any.whl#sha256=5e7db3719781f5aaaa31704d7bc2566ec18ade1aa74b998aae4e93a9ebbaa849
pyproject_hooks==1.2.0
python-docs-theme==2024.6
pytz==2021.1
requests==2.32.3
setuptools==78.1.0
six==1.16.0
snowballstemmer==2.2.0
Sphinx==7.3.7
sphinxcontrib-applehelp==2.0.0
sphinxcontrib-devhelp==2.0.0
sphinxcontrib-htmlhelp==2.1.0
sphinxcontrib-jsmath==1.0.1
sphinxcontrib-qthelp==2.0.0
sphinxcontrib-serializinghtml==2.0.0
sqlglot==4.6.0
sqlparse==0.4.1
sympy==1.13.0
urllib3==1.26.5
webencodings==0.5.1
# /home/qianhuiwang/cpython/build-purecap/python -m pip freeze
alabaster==0.7.16
asgiref==3.6.0
babel==2.17.0
build==1.2.2.post1
certifi==2021.5.30
Chameleon==3.9.1
charset-normalizer==3.4.1
coverage==7.3.2
Django==4.2
docutils==0.21.2
dulwich==0.20.23
Genshi==0.7.7
html5lib==1.1
idna==3.10
imagesize==1.4.1
Jinja2==3.1.6
legacy-cgi==2.6
Mako==1.1.4
MarkupSafe==2.0.1
mpmath==1.2.1
networkx==3.4.2
packaging==24.2
psutil==7.0.0
pyaes==1.6.1
Pygments==2.19.1
pyperf==2.9.0
pyperformance @ file:///home/qianhuiwang/cpython/site-packages/pyperformance/dist/pyperformance-1.11.0-py3-none-any.whl#sha256=5e7db3719781f5aaaa31704d7bc2566ec18ade1aa74b998aae4e93a9ebbaa849
pyproject_hooks==1.2.0
python-docs-theme==2024.6
pytz==2021.1
requests==2.32.3
setuptools==78.1.0
six==1.16.0
snowballstemmer==2.2.0
Sphinx==7.3.7
sphinxcontrib-applehelp==2.0.0
sphinxcontrib-devhelp==2.0.0
sphinxcontrib-htmlhelp==2.1.0
sphinxcontrib-jsmath==1.0.1
sphinxcontrib-qthelp==2.0.0
sphinxcontrib-serializinghtml==2.0.0
sqlglot==4.6.0
sqlparse==0.4.1
sympy==1.13.0
urllib3==1.26.5
webencodings==0.5.1

==================================================
(42/83) creating venv for benchmark (json_loads)

(trying common venv first)
Installing requirements into the virtual environment /home/qianhuiwang/cpython/build-purecap
# /home/qianhuiwang/cpython/build-purecap/python -m pip install pyperf==2.9.0
Requirement already satisfied: pyperf==2.9.0 in ./lib/python3.12/site-packages (2.9.0)
Requirement already satisfied: psutil>=5.9.0 in ./lib/python3.12/site-packages (from pyperf==2.9.0) (7.0.0)

[notice] A new release of pip is available: 25.0.1 -> 25.1
[notice] To update, run: /home/qianhuiwang/cpython/build-purecap/python -m pip install --upgrade pip
Installing requirements into the virtual environment /home/qianhuiwang/cpython/build-purecap
# /home/qianhuiwang/cpython/build-purecap/python -m pip install psutil
Requirement already satisfied: psutil in ./lib/python3.12/site-packages (7.0.0)

[notice] A new release of pip is available: 25.0.1 -> 25.1
[notice] To update, run: /home/qianhuiwang/cpython/build-purecap/python -m pip install --upgrade pip
# /home/qianhuiwang/cpython/build-purecap/python -m pip freeze
alabaster==0.7.16
asgiref==3.6.0
babel==2.17.0
build==1.2.2.post1
certifi==2021.5.30
Chameleon==3.9.1
charset-normalizer==3.4.1
coverage==7.3.2
Django==4.2
docutils==0.21.2
dulwich==0.20.23
Genshi==0.7.7
html5lib==1.1
idna==3.10
imagesize==1.4.1
Jinja2==3.1.6
legacy-cgi==2.6
Mako==1.1.4
MarkupSafe==2.0.1
mpmath==1.2.1
networkx==3.4.2
packaging==24.2
psutil==7.0.0
pyaes==1.6.1
Pygments==2.19.1
pyperf==2.9.0
pyperformance @ file:///home/qianhuiwang/cpython/site-packages/pyperformance/dist/pyperformance-1.11.0-py3-none-any.whl#sha256=5e7db3719781f5aaaa31704d7bc2566ec18ade1aa74b998aae4e93a9ebbaa849
pyproject_hooks==1.2.0
python-docs-theme==2024.6
pytz==2021.1
requests==2.32.3
setuptools==78.1.0
six==1.16.0
snowballstemmer==2.2.0
Sphinx==7.3.7
sphinxcontrib-applehelp==2.0.0
sphinxcontrib-devhelp==2.0.0
sphinxcontrib-htmlhelp==2.1.0
sphinxcontrib-jsmath==1.0.1
sphinxcontrib-qthelp==2.0.0
sphinxcontrib-serializinghtml==2.0.0
sqlglot==4.6.0
sqlparse==0.4.1
sympy==1.13.0
urllib3==1.26.5
webencodings==0.5.1
# /home/qianhuiwang/cpython/build-purecap/python -m pip freeze
alabaster==0.7.16
asgiref==3.6.0
babel==2.17.0
build==1.2.2.post1
certifi==2021.5.30
Chameleon==3.9.1
charset-normalizer==3.4.1
coverage==7.3.2
Django==4.2
docutils==0.21.2
dulwich==0.20.23
Genshi==0.7.7
html5lib==1.1
idna==3.10
imagesize==1.4.1
Jinja2==3.1.6
legacy-cgi==2.6
Mako==1.1.4
MarkupSafe==2.0.1
mpmath==1.2.1
networkx==3.4.2
packaging==24.2
psutil==7.0.0
pyaes==1.6.1
Pygments==2.19.1
pyperf==2.9.0
pyperformance @ file:///home/qianhuiwang/cpython/site-packages/pyperformance/dist/pyperformance-1.11.0-py3-none-any.whl#sha256=5e7db3719781f5aaaa31704d7bc2566ec18ade1aa74b998aae4e93a9ebbaa849
pyproject_hooks==1.2.0
python-docs-theme==2024.6
pytz==2021.1
requests==2.32.3
setuptools==78.1.0
six==1.16.0
snowballstemmer==2.2.0
Sphinx==7.3.7
sphinxcontrib-applehelp==2.0.0
sphinxcontrib-devhelp==2.0.0
sphinxcontrib-htmlhelp==2.1.0
sphinxcontrib-jsmath==1.0.1
sphinxcontrib-qthelp==2.0.0
sphinxcontrib-serializinghtml==2.0.0
sqlglot==4.6.0
sqlparse==0.4.1
sympy==1.13.0
urllib3==1.26.5
webencodings==0.5.1

==================================================
(43/83) creating venv for benchmark (logging)

(trying common venv first)
Installing requirements into the virtual environment /home/qianhuiwang/cpython/build-purecap
# /home/qianhuiwang/cpython/build-purecap/python -m pip install pyperf==2.9.0
Requirement already satisfied: pyperf==2.9.0 in ./lib/python3.12/site-packages (2.9.0)
Requirement already satisfied: psutil>=5.9.0 in ./lib/python3.12/site-packages (from pyperf==2.9.0) (7.0.0)

[notice] A new release of pip is available: 25.0.1 -> 25.1
[notice] To update, run: /home/qianhuiwang/cpython/build-purecap/python -m pip install --upgrade pip
Installing requirements into the virtual environment /home/qianhuiwang/cpython/build-purecap
# /home/qianhuiwang/cpython/build-purecap/python -m pip install psutil
Requirement already satisfied: psutil in ./lib/python3.12/site-packages (7.0.0)

[notice] A new release of pip is available: 25.0.1 -> 25.1
[notice] To update, run: /home/qianhuiwang/cpython/build-purecap/python -m pip install --upgrade pip
# /home/qianhuiwang/cpython/build-purecap/python -m pip freeze
alabaster==0.7.16
asgiref==3.6.0
babel==2.17.0
build==1.2.2.post1
certifi==2021.5.30
Chameleon==3.9.1
charset-normalizer==3.4.1
coverage==7.3.2
Django==4.2
docutils==0.21.2
dulwich==0.20.23
Genshi==0.7.7
html5lib==1.1
idna==3.10
imagesize==1.4.1
Jinja2==3.1.6
legacy-cgi==2.6
Mako==1.1.4
MarkupSafe==2.0.1
mpmath==1.2.1
networkx==3.4.2
packaging==24.2
psutil==7.0.0
pyaes==1.6.1
Pygments==2.19.1
pyperf==2.9.0
pyperformance @ file:///home/qianhuiwang/cpython/site-packages/pyperformance/dist/pyperformance-1.11.0-py3-none-any.whl#sha256=5e7db3719781f5aaaa31704d7bc2566ec18ade1aa74b998aae4e93a9ebbaa849
pyproject_hooks==1.2.0
python-docs-theme==2024.6
pytz==2021.1
requests==2.32.3
setuptools==78.1.0
six==1.16.0
snowballstemmer==2.2.0
Sphinx==7.3.7
sphinxcontrib-applehelp==2.0.0
sphinxcontrib-devhelp==2.0.0
sphinxcontrib-htmlhelp==2.1.0
sphinxcontrib-jsmath==1.0.1
sphinxcontrib-qthelp==2.0.0
sphinxcontrib-serializinghtml==2.0.0
sqlglot==4.6.0
sqlparse==0.4.1
sympy==1.13.0
urllib3==1.26.5
webencodings==0.5.1
# /home/qianhuiwang/cpython/build-purecap/python -m pip freeze
alabaster==0.7.16
asgiref==3.6.0
babel==2.17.0
build==1.2.2.post1
certifi==2021.5.30
Chameleon==3.9.1
charset-normalizer==3.4.1
coverage==7.3.2
Django==4.2
docutils==0.21.2
dulwich==0.20.23
Genshi==0.7.7
html5lib==1.1
idna==3.10
imagesize==1.4.1
Jinja2==3.1.6
legacy-cgi==2.6
Mako==1.1.4
MarkupSafe==2.0.1
mpmath==1.2.1
networkx==3.4.2
packaging==24.2
psutil==7.0.0
pyaes==1.6.1
Pygments==2.19.1
pyperf==2.9.0
pyperformance @ file:///home/qianhuiwang/cpython/site-packages/pyperformance/dist/pyperformance-1.11.0-py3-none-any.whl#sha256=5e7db3719781f5aaaa31704d7bc2566ec18ade1aa74b998aae4e93a9ebbaa849
pyproject_hooks==1.2.0
python-docs-theme==2024.6
pytz==2021.1
requests==2.32.3
setuptools==78.1.0
six==1.16.0
snowballstemmer==2.2.0
Sphinx==7.3.7
sphinxcontrib-applehelp==2.0.0
sphinxcontrib-devhelp==2.0.0
sphinxcontrib-htmlhelp==2.1.0
sphinxcontrib-jsmath==1.0.1
sphinxcontrib-qthelp==2.0.0
sphinxcontrib-serializinghtml==2.0.0
sqlglot==4.6.0
sqlparse==0.4.1
sympy==1.13.0
urllib3==1.26.5
webencodings==0.5.1

==================================================
(44/83) creating venv for benchmark (mako)

(trying common venv first)
Installing requirements into the virtual environment /home/qianhuiwang/cpython/build-purecap
# /home/qianhuiwang/cpython/build-purecap/python -m pip install mako==1.1.4 markupsafe==2.0.1 pyperf==2.9.0
Requirement already satisfied: mako==1.1.4 in ./lib/python3.12/site-packages (1.1.4)
Requirement already satisfied: markupsafe==2.0.1 in ./lib/python3.12/site-packages (2.0.1)
Requirement already satisfied: pyperf==2.9.0 in ./lib/python3.12/site-packages (2.9.0)
Requirement already satisfied: psutil>=5.9.0 in ./lib/python3.12/site-packages (from pyperf==2.9.0) (7.0.0)

[notice] A new release of pip is available: 25.0.1 -> 25.1
[notice] To update, run: /home/qianhuiwang/cpython/build-purecap/python -m pip install --upgrade pip
Installing requirements into the virtual environment /home/qianhuiwang/cpython/build-purecap
# /home/qianhuiwang/cpython/build-purecap/python -m pip install psutil
Requirement already satisfied: psutil in ./lib/python3.12/site-packages (7.0.0)

[notice] A new release of pip is available: 25.0.1 -> 25.1
[notice] To update, run: /home/qianhuiwang/cpython/build-purecap/python -m pip install --upgrade pip
# /home/qianhuiwang/cpython/build-purecap/python -m pip freeze
alabaster==0.7.16
asgiref==3.6.0
babel==2.17.0
build==1.2.2.post1
certifi==2021.5.30
Chameleon==3.9.1
charset-normalizer==3.4.1
coverage==7.3.2
Django==4.2
docutils==0.21.2
dulwich==0.20.23
Genshi==0.7.7
html5lib==1.1
idna==3.10
imagesize==1.4.1
Jinja2==3.1.6
legacy-cgi==2.6
Mako==1.1.4
MarkupSafe==2.0.1
mpmath==1.2.1
networkx==3.4.2
packaging==24.2
psutil==7.0.0
pyaes==1.6.1
Pygments==2.19.1
pyperf==2.9.0
pyperformance @ file:///home/qianhuiwang/cpython/site-packages/pyperformance/dist/pyperformance-1.11.0-py3-none-any.whl#sha256=5e7db3719781f5aaaa31704d7bc2566ec18ade1aa74b998aae4e93a9ebbaa849
pyproject_hooks==1.2.0
python-docs-theme==2024.6
pytz==2021.1
requests==2.32.3
setuptools==78.1.0
six==1.16.0
snowballstemmer==2.2.0
Sphinx==7.3.7
sphinxcontrib-applehelp==2.0.0
sphinxcontrib-devhelp==2.0.0
sphinxcontrib-htmlhelp==2.1.0
sphinxcontrib-jsmath==1.0.1
sphinxcontrib-qthelp==2.0.0
sphinxcontrib-serializinghtml==2.0.0
sqlglot==4.6.0
sqlparse==0.4.1
sympy==1.13.0
urllib3==1.26.5
webencodings==0.5.1
# /home/qianhuiwang/cpython/build-purecap/python -m pip freeze
alabaster==0.7.16
asgiref==3.6.0
babel==2.17.0
build==1.2.2.post1
certifi==2021.5.30
Chameleon==3.9.1
charset-normalizer==3.4.1
coverage==7.3.2
Django==4.2
docutils==0.21.2
dulwich==0.20.23
Genshi==0.7.7
html5lib==1.1
idna==3.10
imagesize==1.4.1
Jinja2==3.1.6
legacy-cgi==2.6
Mako==1.1.4
MarkupSafe==2.0.1
mpmath==1.2.1
networkx==3.4.2
packaging==24.2
psutil==7.0.0
pyaes==1.6.1
Pygments==2.19.1
pyperf==2.9.0
pyperformance @ file:///home/qianhuiwang/cpython/site-packages/pyperformance/dist/pyperformance-1.11.0-py3-none-any.whl#sha256=5e7db3719781f5aaaa31704d7bc2566ec18ade1aa74b998aae4e93a9ebbaa849
pyproject_hooks==1.2.0
python-docs-theme==2024.6
pytz==2021.1
requests==2.32.3
setuptools==78.1.0
six==1.16.0
snowballstemmer==2.2.0
Sphinx==7.3.7
sphinxcontrib-applehelp==2.0.0
sphinxcontrib-devhelp==2.0.0
sphinxcontrib-htmlhelp==2.1.0
sphinxcontrib-jsmath==1.0.1
sphinxcontrib-qthelp==2.0.0
sphinxcontrib-serializinghtml==2.0.0
sqlglot==4.6.0
sqlparse==0.4.1
sympy==1.13.0
urllib3==1.26.5
webencodings==0.5.1

==================================================
(45/83) creating venv for benchmark (mdp)

(trying common venv first)
Installing requirements into the virtual environment /home/qianhuiwang/cpython/build-purecap
# /home/qianhuiwang/cpython/build-purecap/python -m pip install pyperf==2.9.0
Requirement already satisfied: pyperf==2.9.0 in ./lib/python3.12/site-packages (2.9.0)
Requirement already satisfied: psutil>=5.9.0 in ./lib/python3.12/site-packages (from pyperf==2.9.0) (7.0.0)

[notice] A new release of pip is available: 25.0.1 -> 25.1
[notice] To update, run: /home/qianhuiwang/cpython/build-purecap/python -m pip install --upgrade pip
Installing requirements into the virtual environment /home/qianhuiwang/cpython/build-purecap
# /home/qianhuiwang/cpython/build-purecap/python -m pip install psutil
Requirement already satisfied: psutil in ./lib/python3.12/site-packages (7.0.0)

[notice] A new release of pip is available: 25.0.1 -> 25.1
[notice] To update, run: /home/qianhuiwang/cpython/build-purecap/python -m pip install --upgrade pip
# /home/qianhuiwang/cpython/build-purecap/python -m pip freeze
alabaster==0.7.16
asgiref==3.6.0
babel==2.17.0
build==1.2.2.post1
certifi==2021.5.30
Chameleon==3.9.1
charset-normalizer==3.4.1
coverage==7.3.2
Django==4.2
docutils==0.21.2
dulwich==0.20.23
Genshi==0.7.7
html5lib==1.1
idna==3.10
imagesize==1.4.1
Jinja2==3.1.6
legacy-cgi==2.6
Mako==1.1.4
MarkupSafe==2.0.1
mpmath==1.2.1
networkx==3.4.2
packaging==24.2
psutil==7.0.0
pyaes==1.6.1
Pygments==2.19.1
pyperf==2.9.0
pyperformance @ file:///home/qianhuiwang/cpython/site-packages/pyperformance/dist/pyperformance-1.11.0-py3-none-any.whl#sha256=5e7db3719781f5aaaa31704d7bc2566ec18ade1aa74b998aae4e93a9ebbaa849
pyproject_hooks==1.2.0
python-docs-theme==2024.6
pytz==2021.1
requests==2.32.3
setuptools==78.1.0
six==1.16.0
snowballstemmer==2.2.0
Sphinx==7.3.7
sphinxcontrib-applehelp==2.0.0
sphinxcontrib-devhelp==2.0.0
sphinxcontrib-htmlhelp==2.1.0
sphinxcontrib-jsmath==1.0.1
sphinxcontrib-qthelp==2.0.0
sphinxcontrib-serializinghtml==2.0.0
sqlglot==4.6.0
sqlparse==0.4.1
sympy==1.13.0
urllib3==1.26.5
webencodings==0.5.1
# /home/qianhuiwang/cpython/build-purecap/python -m pip freeze
alabaster==0.7.16
asgiref==3.6.0
babel==2.17.0
build==1.2.2.post1
certifi==2021.5.30
Chameleon==3.9.1
charset-normalizer==3.4.1
coverage==7.3.2
Django==4.2
docutils==0.21.2
dulwich==0.20.23
Genshi==0.7.7
html5lib==1.1
idna==3.10
imagesize==1.4.1
Jinja2==3.1.6
legacy-cgi==2.6
Mako==1.1.4
MarkupSafe==2.0.1
mpmath==1.2.1
networkx==3.4.2
packaging==24.2
psutil==7.0.0
pyaes==1.6.1
Pygments==2.19.1
pyperf==2.9.0
pyperformance @ file:///home/qianhuiwang/cpython/site-packages/pyperformance/dist/pyperformance-1.11.0-py3-none-any.whl#sha256=5e7db3719781f5aaaa31704d7bc2566ec18ade1aa74b998aae4e93a9ebbaa849
pyproject_hooks==1.2.0
python-docs-theme==2024.6
pytz==2021.1
requests==2.32.3
setuptools==78.1.0
six==1.16.0
snowballstemmer==2.2.0
Sphinx==7.3.7
sphinxcontrib-applehelp==2.0.0
sphinxcontrib-devhelp==2.0.0
sphinxcontrib-htmlhelp==2.1.0
sphinxcontrib-jsmath==1.0.1
sphinxcontrib-qthelp==2.0.0
sphinxcontrib-serializinghtml==2.0.0
sqlglot==4.6.0
sqlparse==0.4.1
sympy==1.13.0
urllib3==1.26.5
webencodings==0.5.1

==================================================
(46/83) creating venv for benchmark (meteor_contest)

(trying common venv first)
Installing requirements into the virtual environment /home/qianhuiwang/cpython/build-purecap
# /home/qianhuiwang/cpython/build-purecap/python -m pip install pyperf==2.9.0
Requirement already satisfied: pyperf==2.9.0 in ./lib/python3.12/site-packages (2.9.0)
Requirement already satisfied: psutil>=5.9.0 in ./lib/python3.12/site-packages (from pyperf==2.9.0) (7.0.0)

[notice] A new release of pip is available: 25.0.1 -> 25.1
[notice] To update, run: /home/qianhuiwang/cpython/build-purecap/python -m pip install --upgrade pip
Installing requirements into the virtual environment /home/qianhuiwang/cpython/build-purecap
# /home/qianhuiwang/cpython/build-purecap/python -m pip install psutil
Requirement already satisfied: psutil in ./lib/python3.12/site-packages (7.0.0)

[notice] A new release of pip is available: 25.0.1 -> 25.1
[notice] To update, run: /home/qianhuiwang/cpython/build-purecap/python -m pip install --upgrade pip
# /home/qianhuiwang/cpython/build-purecap/python -m pip freeze
alabaster==0.7.16
asgiref==3.6.0
babel==2.17.0
build==1.2.2.post1
certifi==2021.5.30
Chameleon==3.9.1
charset-normalizer==3.4.1
coverage==7.3.2
Django==4.2
docutils==0.21.2
dulwich==0.20.23
Genshi==0.7.7
html5lib==1.1
idna==3.10
imagesize==1.4.1
Jinja2==3.1.6
legacy-cgi==2.6
Mako==1.1.4
MarkupSafe==2.0.1
mpmath==1.2.1
networkx==3.4.2
packaging==24.2
psutil==7.0.0
pyaes==1.6.1
Pygments==2.19.1
pyperf==2.9.0
pyperformance @ file:///home/qianhuiwang/cpython/site-packages/pyperformance/dist/pyperformance-1.11.0-py3-none-any.whl#sha256=5e7db3719781f5aaaa31704d7bc2566ec18ade1aa74b998aae4e93a9ebbaa849
pyproject_hooks==1.2.0
python-docs-theme==2024.6
pytz==2021.1
requests==2.32.3
setuptools==78.1.0
six==1.16.0
snowballstemmer==2.2.0
Sphinx==7.3.7
sphinxcontrib-applehelp==2.0.0
sphinxcontrib-devhelp==2.0.0
sphinxcontrib-htmlhelp==2.1.0
sphinxcontrib-jsmath==1.0.1
sphinxcontrib-qthelp==2.0.0
sphinxcontrib-serializinghtml==2.0.0
sqlglot==4.6.0
sqlparse==0.4.1
sympy==1.13.0
urllib3==1.26.5
webencodings==0.5.1
# /home/qianhuiwang/cpython/build-purecap/python -m pip freeze
alabaster==0.7.16
asgiref==3.6.0
babel==2.17.0
build==1.2.2.post1
certifi==2021.5.30
Chameleon==3.9.1
charset-normalizer==3.4.1
coverage==7.3.2
Django==4.2
docutils==0.21.2
dulwich==0.20.23
Genshi==0.7.7
html5lib==1.1
idna==3.10
imagesize==1.4.1
Jinja2==3.1.6
legacy-cgi==2.6
Mako==1.1.4
MarkupSafe==2.0.1
mpmath==1.2.1
networkx==3.4.2
packaging==24.2
psutil==7.0.0
pyaes==1.6.1
Pygments==2.19.1
pyperf==2.9.0
pyperformance @ file:///home/qianhuiwang/cpython/site-packages/pyperformance/dist/pyperformance-1.11.0-py3-none-any.whl#sha256=5e7db3719781f5aaaa31704d7bc2566ec18ade1aa74b998aae4e93a9ebbaa849
pyproject_hooks==1.2.0
python-docs-theme==2024.6
pytz==2021.1
requests==2.32.3
setuptools==78.1.0
six==1.16.0
snowballstemmer==2.2.0
Sphinx==7.3.7
sphinxcontrib-applehelp==2.0.0
sphinxcontrib-devhelp==2.0.0
sphinxcontrib-htmlhelp==2.1.0
sphinxcontrib-jsmath==1.0.1
sphinxcontrib-qthelp==2.0.0
sphinxcontrib-serializinghtml==2.0.0
sqlglot==4.6.0
sqlparse==0.4.1
sympy==1.13.0
urllib3==1.26.5
webencodings==0.5.1

==================================================
(47/83) creating venv for benchmark (nbody)

(trying common venv first)
Installing requirements into the virtual environment /home/qianhuiwang/cpython/build-purecap
# /home/qianhuiwang/cpython/build-purecap/python -m pip install pyperf==2.9.0
Requirement already satisfied: pyperf==2.9.0 in ./lib/python3.12/site-packages (2.9.0)
Requirement already satisfied: psutil>=5.9.0 in ./lib/python3.12/site-packages (from pyperf==2.9.0) (7.0.0)

[notice] A new release of pip is available: 25.0.1 -> 25.1
[notice] To update, run: /home/qianhuiwang/cpython/build-purecap/python -m pip install --upgrade pip
Installing requirements into the virtual environment /home/qianhuiwang/cpython/build-purecap
# /home/qianhuiwang/cpython/build-purecap/python -m pip install psutil
Requirement already satisfied: psutil in ./lib/python3.12/site-packages (7.0.0)

[notice] A new release of pip is available: 25.0.1 -> 25.1
[notice] To update, run: /home/qianhuiwang/cpython/build-purecap/python -m pip install --upgrade pip
# /home/qianhuiwang/cpython/build-purecap/python -m pip freeze
alabaster==0.7.16
asgiref==3.6.0
babel==2.17.0
build==1.2.2.post1
certifi==2021.5.30
Chameleon==3.9.1
charset-normalizer==3.4.1
coverage==7.3.2
Django==4.2
docutils==0.21.2
dulwich==0.20.23
Genshi==0.7.7
html5lib==1.1
idna==3.10
imagesize==1.4.1
Jinja2==3.1.6
legacy-cgi==2.6
Mako==1.1.4
MarkupSafe==2.0.1
mpmath==1.2.1
networkx==3.4.2
packaging==24.2
psutil==7.0.0
pyaes==1.6.1
Pygments==2.19.1
pyperf==2.9.0
pyperformance @ file:///home/qianhuiwang/cpython/site-packages/pyperformance/dist/pyperformance-1.11.0-py3-none-any.whl#sha256=5e7db3719781f5aaaa31704d7bc2566ec18ade1aa74b998aae4e93a9ebbaa849
pyproject_hooks==1.2.0
python-docs-theme==2024.6
pytz==2021.1
requests==2.32.3
setuptools==78.1.0
six==1.16.0
snowballstemmer==2.2.0
Sphinx==7.3.7
sphinxcontrib-applehelp==2.0.0
sphinxcontrib-devhelp==2.0.0
sphinxcontrib-htmlhelp==2.1.0
sphinxcontrib-jsmath==1.0.1
sphinxcontrib-qthelp==2.0.0
sphinxcontrib-serializinghtml==2.0.0
sqlglot==4.6.0
sqlparse==0.4.1
sympy==1.13.0
urllib3==1.26.5
webencodings==0.5.1
# /home/qianhuiwang/cpython/build-purecap/python -m pip freeze
alabaster==0.7.16
asgiref==3.6.0
babel==2.17.0
build==1.2.2.post1
certifi==2021.5.30
Chameleon==3.9.1
charset-normalizer==3.4.1
coverage==7.3.2
Django==4.2
docutils==0.21.2
dulwich==0.20.23
Genshi==0.7.7
html5lib==1.1
idna==3.10
imagesize==1.4.1
Jinja2==3.1.6
legacy-cgi==2.6
Mako==1.1.4
MarkupSafe==2.0.1
mpmath==1.2.1
networkx==3.4.2
packaging==24.2
psutil==7.0.0
pyaes==1.6.1
Pygments==2.19.1
pyperf==2.9.0
pyperformance @ file:///home/qianhuiwang/cpython/site-packages/pyperformance/dist/pyperformance-1.11.0-py3-none-any.whl#sha256=5e7db3719781f5aaaa31704d7bc2566ec18ade1aa74b998aae4e93a9ebbaa849
pyproject_hooks==1.2.0
python-docs-theme==2024.6
pytz==2021.1
requests==2.32.3
setuptools==78.1.0
six==1.16.0
snowballstemmer==2.2.0
Sphinx==7.3.7
sphinxcontrib-applehelp==2.0.0
sphinxcontrib-devhelp==2.0.0
sphinxcontrib-htmlhelp==2.1.0
sphinxcontrib-jsmath==1.0.1
sphinxcontrib-qthelp==2.0.0
sphinxcontrib-serializinghtml==2.0.0
sqlglot==4.6.0
sqlparse==0.4.1
sympy==1.13.0
urllib3==1.26.5
webencodings==0.5.1

==================================================
(48/83) creating venv for benchmark (networkx)

(trying common venv first)
Installing requirements into the virtual environment /home/qianhuiwang/cpython/build-purecap
# /home/qianhuiwang/cpython/build-purecap/python -m pip install networkx==3.4.2 pyperf==2.9.0
Requirement already satisfied: networkx==3.4.2 in ./lib/python3.12/site-packages (3.4.2)
Requirement already satisfied: pyperf==2.9.0 in ./lib/python3.12/site-packages (2.9.0)
Requirement already satisfied: psutil>=5.9.0 in ./lib/python3.12/site-packages (from pyperf==2.9.0) (7.0.0)

[notice] A new release of pip is available: 25.0.1 -> 25.1
[notice] To update, run: /home/qianhuiwang/cpython/build-purecap/python -m pip install --upgrade pip
Installing requirements into the virtual environment /home/qianhuiwang/cpython/build-purecap
# /home/qianhuiwang/cpython/build-purecap/python -m pip install psutil
Requirement already satisfied: psutil in ./lib/python3.12/site-packages (7.0.0)

[notice] A new release of pip is available: 25.0.1 -> 25.1
[notice] To update, run: /home/qianhuiwang/cpython/build-purecap/python -m pip install --upgrade pip
# /home/qianhuiwang/cpython/build-purecap/python -m pip freeze
alabaster==0.7.16
asgiref==3.6.0
babel==2.17.0
build==1.2.2.post1
certifi==2021.5.30
Chameleon==3.9.1
charset-normalizer==3.4.1
coverage==7.3.2
Django==4.2
docutils==0.21.2
dulwich==0.20.23
Genshi==0.7.7
html5lib==1.1
idna==3.10
imagesize==1.4.1
Jinja2==3.1.6
legacy-cgi==2.6
Mako==1.1.4
MarkupSafe==2.0.1
mpmath==1.2.1
networkx==3.4.2
packaging==24.2
psutil==7.0.0
pyaes==1.6.1
Pygments==2.19.1
pyperf==2.9.0
pyperformance @ file:///home/qianhuiwang/cpython/site-packages/pyperformance/dist/pyperformance-1.11.0-py3-none-any.whl#sha256=5e7db3719781f5aaaa31704d7bc2566ec18ade1aa74b998aae4e93a9ebbaa849
pyproject_hooks==1.2.0
python-docs-theme==2024.6
pytz==2021.1
requests==2.32.3
setuptools==78.1.0
six==1.16.0
snowballstemmer==2.2.0
Sphinx==7.3.7
sphinxcontrib-applehelp==2.0.0
sphinxcontrib-devhelp==2.0.0
sphinxcontrib-htmlhelp==2.1.0
sphinxcontrib-jsmath==1.0.1
sphinxcontrib-qthelp==2.0.0
sphinxcontrib-serializinghtml==2.0.0
sqlglot==4.6.0
sqlparse==0.4.1
sympy==1.13.0
urllib3==1.26.5
webencodings==0.5.1
# /home/qianhuiwang/cpython/build-purecap/python -m pip freeze
alabaster==0.7.16
asgiref==3.6.0
babel==2.17.0
build==1.2.2.post1
certifi==2021.5.30
Chameleon==3.9.1
charset-normalizer==3.4.1
coverage==7.3.2
Django==4.2
docutils==0.21.2
dulwich==0.20.23
Genshi==0.7.7
html5lib==1.1
idna==3.10
imagesize==1.4.1
Jinja2==3.1.6
legacy-cgi==2.6
Mako==1.1.4
MarkupSafe==2.0.1
mpmath==1.2.1
networkx==3.4.2
packaging==24.2
psutil==7.0.0
pyaes==1.6.1
Pygments==2.19.1
pyperf==2.9.0
pyperformance @ file:///home/qianhuiwang/cpython/site-packages/pyperformance/dist/pyperformance-1.11.0-py3-none-any.whl#sha256=5e7db3719781f5aaaa31704d7bc2566ec18ade1aa74b998aae4e93a9ebbaa849
pyproject_hooks==1.2.0
python-docs-theme==2024.6
pytz==2021.1
requests==2.32.3
setuptools==78.1.0
six==1.16.0
snowballstemmer==2.2.0
Sphinx==7.3.7
sphinxcontrib-applehelp==2.0.0
sphinxcontrib-devhelp==2.0.0
sphinxcontrib-htmlhelp==2.1.0
sphinxcontrib-jsmath==1.0.1
sphinxcontrib-qthelp==2.0.0
sphinxcontrib-serializinghtml==2.0.0
sqlglot==4.6.0
sqlparse==0.4.1
sympy==1.13.0
urllib3==1.26.5
webencodings==0.5.1

==================================================
(49/83) creating venv for benchmark (networkx_connected_components)

(trying common venv first)
Installing requirements into the virtual environment /home/qianhuiwang/cpython/build-purecap
# /home/qianhuiwang/cpython/build-purecap/python -m pip install networkx==3.4.2 pyperf==2.9.0
Requirement already satisfied: networkx==3.4.2 in ./lib/python3.12/site-packages (3.4.2)
Requirement already satisfied: pyperf==2.9.0 in ./lib/python3.12/site-packages (2.9.0)
Requirement already satisfied: psutil>=5.9.0 in ./lib/python3.12/site-packages (from pyperf==2.9.0) (7.0.0)

[notice] A new release of pip is available: 25.0.1 -> 25.1
[notice] To update, run: /home/qianhuiwang/cpython/build-purecap/python -m pip install --upgrade pip
Installing requirements into the virtual environment /home/qianhuiwang/cpython/build-purecap
# /home/qianhuiwang/cpython/build-purecap/python -m pip install psutil
Requirement already satisfied: psutil in ./lib/python3.12/site-packages (7.0.0)

[notice] A new release of pip is available: 25.0.1 -> 25.1
[notice] To update, run: /home/qianhuiwang/cpython/build-purecap/python -m pip install --upgrade pip
# /home/qianhuiwang/cpython/build-purecap/python -m pip freeze
alabaster==0.7.16
asgiref==3.6.0
babel==2.17.0
build==1.2.2.post1
certifi==2021.5.30
Chameleon==3.9.1
charset-normalizer==3.4.1
coverage==7.3.2
Django==4.2
docutils==0.21.2
dulwich==0.20.23
Genshi==0.7.7
html5lib==1.1
idna==3.10
imagesize==1.4.1
Jinja2==3.1.6
legacy-cgi==2.6
Mako==1.1.4
MarkupSafe==2.0.1
mpmath==1.2.1
networkx==3.4.2
packaging==24.2
psutil==7.0.0
pyaes==1.6.1
Pygments==2.19.1
pyperf==2.9.0
pyperformance @ file:///home/qianhuiwang/cpython/site-packages/pyperformance/dist/pyperformance-1.11.0-py3-none-any.whl#sha256=5e7db3719781f5aaaa31704d7bc2566ec18ade1aa74b998aae4e93a9ebbaa849
pyproject_hooks==1.2.0
python-docs-theme==2024.6
pytz==2021.1
requests==2.32.3
setuptools==78.1.0
six==1.16.0
snowballstemmer==2.2.0
Sphinx==7.3.7
sphinxcontrib-applehelp==2.0.0
sphinxcontrib-devhelp==2.0.0
sphinxcontrib-htmlhelp==2.1.0
sphinxcontrib-jsmath==1.0.1
sphinxcontrib-qthelp==2.0.0
sphinxcontrib-serializinghtml==2.0.0
sqlglot==4.6.0
sqlparse==0.4.1
sympy==1.13.0
urllib3==1.26.5
webencodings==0.5.1
# /home/qianhuiwang/cpython/build-purecap/python -m pip freeze
alabaster==0.7.16
asgiref==3.6.0
babel==2.17.0
build==1.2.2.post1
certifi==2021.5.30
Chameleon==3.9.1
charset-normalizer==3.4.1
coverage==7.3.2
Django==4.2
docutils==0.21.2
dulwich==0.20.23
Genshi==0.7.7
html5lib==1.1
idna==3.10
imagesize==1.4.1
Jinja2==3.1.6
legacy-cgi==2.6
Mako==1.1.4
MarkupSafe==2.0.1
mpmath==1.2.1
networkx==3.4.2
packaging==24.2
psutil==7.0.0
pyaes==1.6.1
Pygments==2.19.1
pyperf==2.9.0
pyperformance @ file:///home/qianhuiwang/cpython/site-packages/pyperformance/dist/pyperformance-1.11.0-py3-none-any.whl#sha256=5e7db3719781f5aaaa31704d7bc2566ec18ade1aa74b998aae4e93a9ebbaa849
pyproject_hooks==1.2.0
python-docs-theme==2024.6
pytz==2021.1
requests==2.32.3
setuptools==78.1.0
six==1.16.0
snowballstemmer==2.2.0
Sphinx==7.3.7
sphinxcontrib-applehelp==2.0.0
sphinxcontrib-devhelp==2.0.0
sphinxcontrib-htmlhelp==2.1.0
sphinxcontrib-jsmath==1.0.1
sphinxcontrib-qthelp==2.0.0
sphinxcontrib-serializinghtml==2.0.0
sqlglot==4.6.0
sqlparse==0.4.1
sympy==1.13.0
urllib3==1.26.5
webencodings==0.5.1

==================================================
(50/83) creating venv for benchmark (networkx_k_core)

(trying common venv first)
Installing requirements into the virtual environment /home/qianhuiwang/cpython/build-purecap
# /home/qianhuiwang/cpython/build-purecap/python -m pip install networkx==3.4.2 pyperf==2.9.0
Requirement already satisfied: networkx==3.4.2 in ./lib/python3.12/site-packages (3.4.2)
Requirement already satisfied: pyperf==2.9.0 in ./lib/python3.12/site-packages (2.9.0)
Requirement already satisfied: psutil>=5.9.0 in ./lib/python3.12/site-packages (from pyperf==2.9.0) (7.0.0)

[notice] A new release of pip is available: 25.0.1 -> 25.1
[notice] To update, run: /home/qianhuiwang/cpython/build-purecap/python -m pip install --upgrade pip
Installing requirements into the virtual environment /home/qianhuiwang/cpython/build-purecap
# /home/qianhuiwang/cpython/build-purecap/python -m pip install psutil
Requirement already satisfied: psutil in ./lib/python3.12/site-packages (7.0.0)

[notice] A new release of pip is available: 25.0.1 -> 25.1
[notice] To update, run: /home/qianhuiwang/cpython/build-purecap/python -m pip install --upgrade pip
# /home/qianhuiwang/cpython/build-purecap/python -m pip freeze
alabaster==0.7.16
asgiref==3.6.0
babel==2.17.0
build==1.2.2.post1
certifi==2021.5.30
Chameleon==3.9.1
charset-normalizer==3.4.1
coverage==7.3.2
Django==4.2
docutils==0.21.2
dulwich==0.20.23
Genshi==0.7.7
html5lib==1.1
idna==3.10
imagesize==1.4.1
Jinja2==3.1.6
legacy-cgi==2.6
Mako==1.1.4
MarkupSafe==2.0.1
mpmath==1.2.1
networkx==3.4.2
packaging==24.2
psutil==7.0.0
pyaes==1.6.1
Pygments==2.19.1
pyperf==2.9.0
pyperformance @ file:///home/qianhuiwang/cpython/site-packages/pyperformance/dist/pyperformance-1.11.0-py3-none-any.whl#sha256=5e7db3719781f5aaaa31704d7bc2566ec18ade1aa74b998aae4e93a9ebbaa849
pyproject_hooks==1.2.0
python-docs-theme==2024.6
pytz==2021.1
requests==2.32.3
setuptools==78.1.0
six==1.16.0
snowballstemmer==2.2.0
Sphinx==7.3.7
sphinxcontrib-applehelp==2.0.0
sphinxcontrib-devhelp==2.0.0
sphinxcontrib-htmlhelp==2.1.0
sphinxcontrib-jsmath==1.0.1
sphinxcontrib-qthelp==2.0.0
sphinxcontrib-serializinghtml==2.0.0
sqlglot==4.6.0
sqlparse==0.4.1
sympy==1.13.0
urllib3==1.26.5
webencodings==0.5.1
# /home/qianhuiwang/cpython/build-purecap/python -m pip freeze
alabaster==0.7.16
asgiref==3.6.0
babel==2.17.0
build==1.2.2.post1
certifi==2021.5.30
Chameleon==3.9.1
charset-normalizer==3.4.1
coverage==7.3.2
Django==4.2
docutils==0.21.2
dulwich==0.20.23
Genshi==0.7.7
html5lib==1.1
idna==3.10
imagesize==1.4.1
Jinja2==3.1.6
legacy-cgi==2.6
Mako==1.1.4
MarkupSafe==2.0.1
mpmath==1.2.1
networkx==3.4.2
packaging==24.2
psutil==7.0.0
pyaes==1.6.1
Pygments==2.19.1
pyperf==2.9.0
pyperformance @ file:///home/qianhuiwang/cpython/site-packages/pyperformance/dist/pyperformance-1.11.0-py3-none-any.whl#sha256=5e7db3719781f5aaaa31704d7bc2566ec18ade1aa74b998aae4e93a9ebbaa849
pyproject_hooks==1.2.0
python-docs-theme==2024.6
pytz==2021.1
requests==2.32.3
setuptools==78.1.0
six==1.16.0
snowballstemmer==2.2.0
Sphinx==7.3.7
sphinxcontrib-applehelp==2.0.0
sphinxcontrib-devhelp==2.0.0
sphinxcontrib-htmlhelp==2.1.0
sphinxcontrib-jsmath==1.0.1
sphinxcontrib-qthelp==2.0.0
sphinxcontrib-serializinghtml==2.0.0
sqlglot==4.6.0
sqlparse==0.4.1
sympy==1.13.0
urllib3==1.26.5
webencodings==0.5.1

==================================================
(51/83) creating venv for benchmark (nqueens)

(trying common venv first)
Installing requirements into the virtual environment /home/qianhuiwang/cpython/build-purecap
# /home/qianhuiwang/cpython/build-purecap/python -m pip install pyperf==2.9.0
Requirement already satisfied: pyperf==2.9.0 in ./lib/python3.12/site-packages (2.9.0)
Requirement already satisfied: psutil>=5.9.0 in ./lib/python3.12/site-packages (from pyperf==2.9.0) (7.0.0)

[notice] A new release of pip is available: 25.0.1 -> 25.1
[notice] To update, run: /home/qianhuiwang/cpython/build-purecap/python -m pip install --upgrade pip
Installing requirements into the virtual environment /home/qianhuiwang/cpython/build-purecap
# /home/qianhuiwang/cpython/build-purecap/python -m pip install psutil
Requirement already satisfied: psutil in ./lib/python3.12/site-packages (7.0.0)

[notice] A new release of pip is available: 25.0.1 -> 25.1
[notice] To update, run: /home/qianhuiwang/cpython/build-purecap/python -m pip install --upgrade pip
# /home/qianhuiwang/cpython/build-purecap/python -m pip freeze
alabaster==0.7.16
asgiref==3.6.0
babel==2.17.0
build==1.2.2.post1
certifi==2021.5.30
Chameleon==3.9.1
charset-normalizer==3.4.1
coverage==7.3.2
Django==4.2
docutils==0.21.2
dulwich==0.20.23
Genshi==0.7.7
html5lib==1.1
idna==3.10
imagesize==1.4.1
Jinja2==3.1.6
legacy-cgi==2.6
Mako==1.1.4
MarkupSafe==2.0.1
mpmath==1.2.1
networkx==3.4.2
packaging==24.2
psutil==7.0.0
pyaes==1.6.1
Pygments==2.19.1
pyperf==2.9.0
pyperformance @ file:///home/qianhuiwang/cpython/site-packages/pyperformance/dist/pyperformance-1.11.0-py3-none-any.whl#sha256=5e7db3719781f5aaaa31704d7bc2566ec18ade1aa74b998aae4e93a9ebbaa849
pyproject_hooks==1.2.0
python-docs-theme==2024.6
pytz==2021.1
requests==2.32.3
setuptools==78.1.0
six==1.16.0
snowballstemmer==2.2.0
Sphinx==7.3.7
sphinxcontrib-applehelp==2.0.0
sphinxcontrib-devhelp==2.0.0
sphinxcontrib-htmlhelp==2.1.0
sphinxcontrib-jsmath==1.0.1
sphinxcontrib-qthelp==2.0.0
sphinxcontrib-serializinghtml==2.0.0
sqlglot==4.6.0
sqlparse==0.4.1
sympy==1.13.0
urllib3==1.26.5
webencodings==0.5.1
# /home/qianhuiwang/cpython/build-purecap/python -m pip freeze
alabaster==0.7.16
asgiref==3.6.0
babel==2.17.0
build==1.2.2.post1
certifi==2021.5.30
Chameleon==3.9.1
charset-normalizer==3.4.1
coverage==7.3.2
Django==4.2
docutils==0.21.2
dulwich==0.20.23
Genshi==0.7.7
html5lib==1.1
idna==3.10
imagesize==1.4.1
Jinja2==3.1.6
legacy-cgi==2.6
Mako==1.1.4
MarkupSafe==2.0.1
mpmath==1.2.1
networkx==3.4.2
packaging==24.2
psutil==7.0.0
pyaes==1.6.1
Pygments==2.19.1
pyperf==2.9.0
pyperformance @ file:///home/qianhuiwang/cpython/site-packages/pyperformance/dist/pyperformance-1.11.0-py3-none-any.whl#sha256=5e7db3719781f5aaaa31704d7bc2566ec18ade1aa74b998aae4e93a9ebbaa849
pyproject_hooks==1.2.0
python-docs-theme==2024.6
pytz==2021.1
requests==2.32.3
setuptools==78.1.0
six==1.16.0
snowballstemmer==2.2.0
Sphinx==7.3.7
sphinxcontrib-applehelp==2.0.0
sphinxcontrib-devhelp==2.0.0
sphinxcontrib-htmlhelp==2.1.0
sphinxcontrib-jsmath==1.0.1
sphinxcontrib-qthelp==2.0.0
sphinxcontrib-serializinghtml==2.0.0
sqlglot==4.6.0
sqlparse==0.4.1
sympy==1.13.0
urllib3==1.26.5
webencodings==0.5.1

==================================================
(52/83) creating venv for benchmark (pathlib)

(trying common venv first)
Installing requirements into the virtual environment /home/qianhuiwang/cpython/build-purecap
# /home/qianhuiwang/cpython/build-purecap/python -m pip install pyperf==2.9.0
Requirement already satisfied: pyperf==2.9.0 in ./lib/python3.12/site-packages (2.9.0)
Requirement already satisfied: psutil>=5.9.0 in ./lib/python3.12/site-packages (from pyperf==2.9.0) (7.0.0)

[notice] A new release of pip is available: 25.0.1 -> 25.1
[notice] To update, run: /home/qianhuiwang/cpython/build-purecap/python -m pip install --upgrade pip
Installing requirements into the virtual environment /home/qianhuiwang/cpython/build-purecap
# /home/qianhuiwang/cpython/build-purecap/python -m pip install psutil
Requirement already satisfied: psutil in ./lib/python3.12/site-packages (7.0.0)

[notice] A new release of pip is available: 25.0.1 -> 25.1
[notice] To update, run: /home/qianhuiwang/cpython/build-purecap/python -m pip install --upgrade pip
# /home/qianhuiwang/cpython/build-purecap/python -m pip freeze
alabaster==0.7.16
asgiref==3.6.0
babel==2.17.0
build==1.2.2.post1
certifi==2021.5.30
Chameleon==3.9.1
charset-normalizer==3.4.1
coverage==7.3.2
Django==4.2
docutils==0.21.2
dulwich==0.20.23
Genshi==0.7.7
html5lib==1.1
idna==3.10
imagesize==1.4.1
Jinja2==3.1.6
legacy-cgi==2.6
Mako==1.1.4
MarkupSafe==2.0.1
mpmath==1.2.1
networkx==3.4.2
packaging==24.2
psutil==7.0.0
pyaes==1.6.1
Pygments==2.19.1
pyperf==2.9.0
pyperformance @ file:///home/qianhuiwang/cpython/site-packages/pyperformance/dist/pyperformance-1.11.0-py3-none-any.whl#sha256=5e7db3719781f5aaaa31704d7bc2566ec18ade1aa74b998aae4e93a9ebbaa849
pyproject_hooks==1.2.0
python-docs-theme==2024.6
pytz==2021.1
requests==2.32.3
setuptools==78.1.0
six==1.16.0
snowballstemmer==2.2.0
Sphinx==7.3.7
sphinxcontrib-applehelp==2.0.0
sphinxcontrib-devhelp==2.0.0
sphinxcontrib-htmlhelp==2.1.0
sphinxcontrib-jsmath==1.0.1
sphinxcontrib-qthelp==2.0.0
sphinxcontrib-serializinghtml==2.0.0
sqlglot==4.6.0
sqlparse==0.4.1
sympy==1.13.0
urllib3==1.26.5
webencodings==0.5.1
# /home/qianhuiwang/cpython/build-purecap/python -m pip freeze
alabaster==0.7.16
asgiref==3.6.0
babel==2.17.0
build==1.2.2.post1
certifi==2021.5.30
Chameleon==3.9.1
charset-normalizer==3.4.1
coverage==7.3.2
Django==4.2
docutils==0.21.2
dulwich==0.20.23
Genshi==0.7.7
html5lib==1.1
idna==3.10
imagesize==1.4.1
Jinja2==3.1.6
legacy-cgi==2.6
Mako==1.1.4
MarkupSafe==2.0.1
mpmath==1.2.1
networkx==3.4.2
packaging==24.2
psutil==7.0.0
pyaes==1.6.1
Pygments==2.19.1
pyperf==2.9.0
pyperformance @ file:///home/qianhuiwang/cpython/site-packages/pyperformance/dist/pyperformance-1.11.0-py3-none-any.whl#sha256=5e7db3719781f5aaaa31704d7bc2566ec18ade1aa74b998aae4e93a9ebbaa849
pyproject_hooks==1.2.0
python-docs-theme==2024.6
pytz==2021.1
requests==2.32.3
setuptools==78.1.0
six==1.16.0
snowballstemmer==2.2.0
Sphinx==7.3.7
sphinxcontrib-applehelp==2.0.0
sphinxcontrib-devhelp==2.0.0
sphinxcontrib-htmlhelp==2.1.0
sphinxcontrib-jsmath==1.0.1
sphinxcontrib-qthelp==2.0.0
sphinxcontrib-serializinghtml==2.0.0
sqlglot==4.6.0
sqlparse==0.4.1
sympy==1.13.0
urllib3==1.26.5
webencodings==0.5.1

==================================================
(53/83) creating venv for benchmark (pickle)

(trying common venv first)
Installing requirements into the virtual environment /home/qianhuiwang/cpython/build-purecap
# /home/qianhuiwang/cpython/build-purecap/python -m pip install pyperf==2.9.0
Requirement already satisfied: pyperf==2.9.0 in ./lib/python3.12/site-packages (2.9.0)
Requirement already satisfied: psutil>=5.9.0 in ./lib/python3.12/site-packages (from pyperf==2.9.0) (7.0.0)

[notice] A new release of pip is available: 25.0.1 -> 25.1
[notice] To update, run: /home/qianhuiwang/cpython/build-purecap/python -m pip install --upgrade pip
Installing requirements into the virtual environment /home/qianhuiwang/cpython/build-purecap
# /home/qianhuiwang/cpython/build-purecap/python -m pip install psutil
Requirement already satisfied: psutil in ./lib/python3.12/site-packages (7.0.0)

[notice] A new release of pip is available: 25.0.1 -> 25.1
[notice] To update, run: /home/qianhuiwang/cpython/build-purecap/python -m pip install --upgrade pip
# /home/qianhuiwang/cpython/build-purecap/python -m pip freeze
alabaster==0.7.16
asgiref==3.6.0
babel==2.17.0
build==1.2.2.post1
certifi==2021.5.30
Chameleon==3.9.1
charset-normalizer==3.4.1
coverage==7.3.2
Django==4.2
docutils==0.21.2
dulwich==0.20.23
Genshi==0.7.7
html5lib==1.1
idna==3.10
imagesize==1.4.1
Jinja2==3.1.6
legacy-cgi==2.6
Mako==1.1.4
MarkupSafe==2.0.1
mpmath==1.2.1
networkx==3.4.2
packaging==24.2
psutil==7.0.0
pyaes==1.6.1
Pygments==2.19.1
pyperf==2.9.0
pyperformance @ file:///home/qianhuiwang/cpython/site-packages/pyperformance/dist/pyperformance-1.11.0-py3-none-any.whl#sha256=5e7db3719781f5aaaa31704d7bc2566ec18ade1aa74b998aae4e93a9ebbaa849
pyproject_hooks==1.2.0
python-docs-theme==2024.6
pytz==2021.1
requests==2.32.3
setuptools==78.1.0
six==1.16.0
snowballstemmer==2.2.0
Sphinx==7.3.7
sphinxcontrib-applehelp==2.0.0
sphinxcontrib-devhelp==2.0.0
sphinxcontrib-htmlhelp==2.1.0
sphinxcontrib-jsmath==1.0.1
sphinxcontrib-qthelp==2.0.0
sphinxcontrib-serializinghtml==2.0.0
sqlglot==4.6.0
sqlparse==0.4.1
sympy==1.13.0
urllib3==1.26.5
webencodings==0.5.1
# /home/qianhuiwang/cpython/build-purecap/python -m pip freeze
alabaster==0.7.16
asgiref==3.6.0
babel==2.17.0
build==1.2.2.post1
certifi==2021.5.30
Chameleon==3.9.1
charset-normalizer==3.4.1
coverage==7.3.2
Django==4.2
docutils==0.21.2
dulwich==0.20.23
Genshi==0.7.7
html5lib==1.1
idna==3.10
imagesize==1.4.1
Jinja2==3.1.6
legacy-cgi==2.6
Mako==1.1.4
MarkupSafe==2.0.1
mpmath==1.2.1
networkx==3.4.2
packaging==24.2
psutil==7.0.0
pyaes==1.6.1
Pygments==2.19.1
pyperf==2.9.0
pyperformance @ file:///home/qianhuiwang/cpython/site-packages/pyperformance/dist/pyperformance-1.11.0-py3-none-any.whl#sha256=5e7db3719781f5aaaa31704d7bc2566ec18ade1aa74b998aae4e93a9ebbaa849
pyproject_hooks==1.2.0
python-docs-theme==2024.6
pytz==2021.1
requests==2.32.3
setuptools==78.1.0
six==1.16.0
snowballstemmer==2.2.0
Sphinx==7.3.7
sphinxcontrib-applehelp==2.0.0
sphinxcontrib-devhelp==2.0.0
sphinxcontrib-htmlhelp==2.1.0
sphinxcontrib-jsmath==1.0.1
sphinxcontrib-qthelp==2.0.0
sphinxcontrib-serializinghtml==2.0.0
sqlglot==4.6.0
sqlparse==0.4.1
sympy==1.13.0
urllib3==1.26.5
webencodings==0.5.1

==================================================
(54/83) creating venv for benchmark (pickle_dict)

(trying common venv first)
Installing requirements into the virtual environment /home/qianhuiwang/cpython/build-purecap
# /home/qianhuiwang/cpython/build-purecap/python -m pip install pyperf==2.9.0
Requirement already satisfied: pyperf==2.9.0 in ./lib/python3.12/site-packages (2.9.0)
Requirement already satisfied: psutil>=5.9.0 in ./lib/python3.12/site-packages (from pyperf==2.9.0) (7.0.0)

[notice] A new release of pip is available: 25.0.1 -> 25.1
[notice] To update, run: /home/qianhuiwang/cpython/build-purecap/python -m pip install --upgrade pip
Installing requirements into the virtual environment /home/qianhuiwang/cpython/build-purecap
# /home/qianhuiwang/cpython/build-purecap/python -m pip install psutil
Requirement already satisfied: psutil in ./lib/python3.12/site-packages (7.0.0)

[notice] A new release of pip is available: 25.0.1 -> 25.1
[notice] To update, run: /home/qianhuiwang/cpython/build-purecap/python -m pip install --upgrade pip
# /home/qianhuiwang/cpython/build-purecap/python -m pip freeze
alabaster==0.7.16
asgiref==3.6.0
babel==2.17.0
build==1.2.2.post1
certifi==2021.5.30
Chameleon==3.9.1
charset-normalizer==3.4.1
coverage==7.3.2
Django==4.2
docutils==0.21.2
dulwich==0.20.23
Genshi==0.7.7
html5lib==1.1
idna==3.10
imagesize==1.4.1
Jinja2==3.1.6
legacy-cgi==2.6
Mako==1.1.4
MarkupSafe==2.0.1
mpmath==1.2.1
networkx==3.4.2
packaging==24.2
psutil==7.0.0
pyaes==1.6.1
Pygments==2.19.1
pyperf==2.9.0
pyperformance @ file:///home/qianhuiwang/cpython/site-packages/pyperformance/dist/pyperformance-1.11.0-py3-none-any.whl#sha256=5e7db3719781f5aaaa31704d7bc2566ec18ade1aa74b998aae4e93a9ebbaa849
pyproject_hooks==1.2.0
python-docs-theme==2024.6
pytz==2021.1
requests==2.32.3
setuptools==78.1.0
six==1.16.0
snowballstemmer==2.2.0
Sphinx==7.3.7
sphinxcontrib-applehelp==2.0.0
sphinxcontrib-devhelp==2.0.0
sphinxcontrib-htmlhelp==2.1.0
sphinxcontrib-jsmath==1.0.1
sphinxcontrib-qthelp==2.0.0
sphinxcontrib-serializinghtml==2.0.0
sqlglot==4.6.0
sqlparse==0.4.1
sympy==1.13.0
urllib3==1.26.5
webencodings==0.5.1
# /home/qianhuiwang/cpython/build-purecap/python -m pip freeze
alabaster==0.7.16
asgiref==3.6.0
babel==2.17.0
build==1.2.2.post1
certifi==2021.5.30
Chameleon==3.9.1
charset-normalizer==3.4.1
coverage==7.3.2
Django==4.2
docutils==0.21.2
dulwich==0.20.23
Genshi==0.7.7
html5lib==1.1
idna==3.10
imagesize==1.4.1
Jinja2==3.1.6
legacy-cgi==2.6
Mako==1.1.4
MarkupSafe==2.0.1
mpmath==1.2.1
networkx==3.4.2
packaging==24.2
psutil==7.0.0
pyaes==1.6.1
Pygments==2.19.1
pyperf==2.9.0
pyperformance @ file:///home/qianhuiwang/cpython/site-packages/pyperformance/dist/pyperformance-1.11.0-py3-none-any.whl#sha256=5e7db3719781f5aaaa31704d7bc2566ec18ade1aa74b998aae4e93a9ebbaa849
pyproject_hooks==1.2.0
python-docs-theme==2024.6
pytz==2021.1
requests==2.32.3
setuptools==78.1.0
six==1.16.0
snowballstemmer==2.2.0
Sphinx==7.3.7
sphinxcontrib-applehelp==2.0.0
sphinxcontrib-devhelp==2.0.0
sphinxcontrib-htmlhelp==2.1.0
sphinxcontrib-jsmath==1.0.1
sphinxcontrib-qthelp==2.0.0
sphinxcontrib-serializinghtml==2.0.0
sqlglot==4.6.0
sqlparse==0.4.1
sympy==1.13.0
urllib3==1.26.5
webencodings==0.5.1

==================================================
(55/83) creating venv for benchmark (pickle_list)

(trying common venv first)
Installing requirements into the virtual environment /home/qianhuiwang/cpython/build-purecap
# /home/qianhuiwang/cpython/build-purecap/python -m pip install pyperf==2.9.0
Requirement already satisfied: pyperf==2.9.0 in ./lib/python3.12/site-packages (2.9.0)
Requirement already satisfied: psutil>=5.9.0 in ./lib/python3.12/site-packages (from pyperf==2.9.0) (7.0.0)

[notice] A new release of pip is available: 25.0.1 -> 25.1
[notice] To update, run: /home/qianhuiwang/cpython/build-purecap/python -m pip install --upgrade pip
Installing requirements into the virtual environment /home/qianhuiwang/cpython/build-purecap
# /home/qianhuiwang/cpython/build-purecap/python -m pip install psutil
Requirement already satisfied: psutil in ./lib/python3.12/site-packages (7.0.0)

[notice] A new release of pip is available: 25.0.1 -> 25.1
[notice] To update, run: /home/qianhuiwang/cpython/build-purecap/python -m pip install --upgrade pip
# /home/qianhuiwang/cpython/build-purecap/python -m pip freeze
alabaster==0.7.16
asgiref==3.6.0
babel==2.17.0
build==1.2.2.post1
certifi==2021.5.30
Chameleon==3.9.1
charset-normalizer==3.4.1
coverage==7.3.2
Django==4.2
docutils==0.21.2
dulwich==0.20.23
Genshi==0.7.7
html5lib==1.1
idna==3.10
imagesize==1.4.1
Jinja2==3.1.6
legacy-cgi==2.6
Mako==1.1.4
MarkupSafe==2.0.1
mpmath==1.2.1
networkx==3.4.2
packaging==24.2
psutil==7.0.0
pyaes==1.6.1
Pygments==2.19.1
pyperf==2.9.0
pyperformance @ file:///home/qianhuiwang/cpython/site-packages/pyperformance/dist/pyperformance-1.11.0-py3-none-any.whl#sha256=5e7db3719781f5aaaa31704d7bc2566ec18ade1aa74b998aae4e93a9ebbaa849
pyproject_hooks==1.2.0
python-docs-theme==2024.6
pytz==2021.1
requests==2.32.3
setuptools==78.1.0
six==1.16.0
snowballstemmer==2.2.0
Sphinx==7.3.7
sphinxcontrib-applehelp==2.0.0
sphinxcontrib-devhelp==2.0.0
sphinxcontrib-htmlhelp==2.1.0
sphinxcontrib-jsmath==1.0.1
sphinxcontrib-qthelp==2.0.0
sphinxcontrib-serializinghtml==2.0.0
sqlglot==4.6.0
sqlparse==0.4.1
sympy==1.13.0
urllib3==1.26.5
webencodings==0.5.1
# /home/qianhuiwang/cpython/build-purecap/python -m pip freeze
alabaster==0.7.16
asgiref==3.6.0
babel==2.17.0
build==1.2.2.post1
certifi==2021.5.30
Chameleon==3.9.1
charset-normalizer==3.4.1
coverage==7.3.2
Django==4.2
docutils==0.21.2
dulwich==0.20.23
Genshi==0.7.7
html5lib==1.1
idna==3.10
imagesize==1.4.1
Jinja2==3.1.6
legacy-cgi==2.6
Mako==1.1.4
MarkupSafe==2.0.1
mpmath==1.2.1
networkx==3.4.2
packaging==24.2
psutil==7.0.0
pyaes==1.6.1
Pygments==2.19.1
pyperf==2.9.0
pyperformance @ file:///home/qianhuiwang/cpython/site-packages/pyperformance/dist/pyperformance-1.11.0-py3-none-any.whl#sha256=5e7db3719781f5aaaa31704d7bc2566ec18ade1aa74b998aae4e93a9ebbaa849
pyproject_hooks==1.2.0
python-docs-theme==2024.6
pytz==2021.1
requests==2.32.3
setuptools==78.1.0
six==1.16.0
snowballstemmer==2.2.0
Sphinx==7.3.7
sphinxcontrib-applehelp==2.0.0
sphinxcontrib-devhelp==2.0.0
sphinxcontrib-htmlhelp==2.1.0
sphinxcontrib-jsmath==1.0.1
sphinxcontrib-qthelp==2.0.0
sphinxcontrib-serializinghtml==2.0.0
sqlglot==4.6.0
sqlparse==0.4.1
sympy==1.13.0
urllib3==1.26.5
webencodings==0.5.1

==================================================
(56/83) creating venv for benchmark (pickle_pure_python)

(trying common venv first)
Installing requirements into the virtual environment /home/qianhuiwang/cpython/build-purecap
# /home/qianhuiwang/cpython/build-purecap/python -m pip install pyperf==2.9.0
Requirement already satisfied: pyperf==2.9.0 in ./lib/python3.12/site-packages (2.9.0)
Requirement already satisfied: psutil>=5.9.0 in ./lib/python3.12/site-packages (from pyperf==2.9.0) (7.0.0)

[notice] A new release of pip is available: 25.0.1 -> 25.1
[notice] To update, run: /home/qianhuiwang/cpython/build-purecap/python -m pip install --upgrade pip
Installing requirements into the virtual environment /home/qianhuiwang/cpython/build-purecap
# /home/qianhuiwang/cpython/build-purecap/python -m pip install psutil
Requirement already satisfied: psutil in ./lib/python3.12/site-packages (7.0.0)

[notice] A new release of pip is available: 25.0.1 -> 25.1
[notice] To update, run: /home/qianhuiwang/cpython/build-purecap/python -m pip install --upgrade pip
# /home/qianhuiwang/cpython/build-purecap/python -m pip freeze
alabaster==0.7.16
asgiref==3.6.0
babel==2.17.0
build==1.2.2.post1
certifi==2021.5.30
Chameleon==3.9.1
charset-normalizer==3.4.1
coverage==7.3.2
Django==4.2
docutils==0.21.2
dulwich==0.20.23
Genshi==0.7.7
html5lib==1.1
idna==3.10
imagesize==1.4.1
Jinja2==3.1.6
legacy-cgi==2.6
Mako==1.1.4
MarkupSafe==2.0.1
mpmath==1.2.1
networkx==3.4.2
packaging==24.2
psutil==7.0.0
pyaes==1.6.1
Pygments==2.19.1
pyperf==2.9.0
pyperformance @ file:///home/qianhuiwang/cpython/site-packages/pyperformance/dist/pyperformance-1.11.0-py3-none-any.whl#sha256=5e7db3719781f5aaaa31704d7bc2566ec18ade1aa74b998aae4e93a9ebbaa849
pyproject_hooks==1.2.0
python-docs-theme==2024.6
pytz==2021.1
requests==2.32.3
setuptools==78.1.0
six==1.16.0
snowballstemmer==2.2.0
Sphinx==7.3.7
sphinxcontrib-applehelp==2.0.0
sphinxcontrib-devhelp==2.0.0
sphinxcontrib-htmlhelp==2.1.0
sphinxcontrib-jsmath==1.0.1
sphinxcontrib-qthelp==2.0.0
sphinxcontrib-serializinghtml==2.0.0
sqlglot==4.6.0
sqlparse==0.4.1
sympy==1.13.0
urllib3==1.26.5
webencodings==0.5.1
# /home/qianhuiwang/cpython/build-purecap/python -m pip freeze
alabaster==0.7.16
asgiref==3.6.0
babel==2.17.0
build==1.2.2.post1
certifi==2021.5.30
Chameleon==3.9.1
charset-normalizer==3.4.1
coverage==7.3.2
Django==4.2
docutils==0.21.2
dulwich==0.20.23
Genshi==0.7.7
html5lib==1.1
idna==3.10
imagesize==1.4.1
Jinja2==3.1.6
legacy-cgi==2.6
Mako==1.1.4
MarkupSafe==2.0.1
mpmath==1.2.1
networkx==3.4.2
packaging==24.2
psutil==7.0.0
pyaes==1.6.1
Pygments==2.19.1
pyperf==2.9.0
pyperformance @ file:///home/qianhuiwang/cpython/site-packages/pyperformance/dist/pyperformance-1.11.0-py3-none-any.whl#sha256=5e7db3719781f5aaaa31704d7bc2566ec18ade1aa74b998aae4e93a9ebbaa849
pyproject_hooks==1.2.0
python-docs-theme==2024.6
pytz==2021.1
requests==2.32.3
setuptools==78.1.0
six==1.16.0
snowballstemmer==2.2.0
Sphinx==7.3.7
sphinxcontrib-applehelp==2.0.0
sphinxcontrib-devhelp==2.0.0
sphinxcontrib-htmlhelp==2.1.0
sphinxcontrib-jsmath==1.0.1
sphinxcontrib-qthelp==2.0.0
sphinxcontrib-serializinghtml==2.0.0
sqlglot==4.6.0
sqlparse==0.4.1
sympy==1.13.0
urllib3==1.26.5
webencodings==0.5.1

==================================================
(57/83) creating venv for benchmark (pidigits)

(trying common venv first)
Installing requirements into the virtual environment /home/qianhuiwang/cpython/build-purecap
# /home/qianhuiwang/cpython/build-purecap/python -m pip install pyperf==2.9.0
Requirement already satisfied: pyperf==2.9.0 in ./lib/python3.12/site-packages (2.9.0)
Requirement already satisfied: psutil>=5.9.0 in ./lib/python3.12/site-packages (from pyperf==2.9.0) (7.0.0)

[notice] A new release of pip is available: 25.0.1 -> 25.1
[notice] To update, run: /home/qianhuiwang/cpython/build-purecap/python -m pip install --upgrade pip
Installing requirements into the virtual environment /home/qianhuiwang/cpython/build-purecap
# /home/qianhuiwang/cpython/build-purecap/python -m pip install psutil
Requirement already satisfied: psutil in ./lib/python3.12/site-packages (7.0.0)

[notice] A new release of pip is available: 25.0.1 -> 25.1
[notice] To update, run: /home/qianhuiwang/cpython/build-purecap/python -m pip install --upgrade pip
# /home/qianhuiwang/cpython/build-purecap/python -m pip freeze
alabaster==0.7.16
asgiref==3.6.0
babel==2.17.0
build==1.2.2.post1
certifi==2021.5.30
Chameleon==3.9.1
charset-normalizer==3.4.1
coverage==7.3.2
Django==4.2
docutils==0.21.2
dulwich==0.20.23
Genshi==0.7.7
html5lib==1.1
idna==3.10
imagesize==1.4.1
Jinja2==3.1.6
legacy-cgi==2.6
Mako==1.1.4
MarkupSafe==2.0.1
mpmath==1.2.1
networkx==3.4.2
packaging==24.2
psutil==7.0.0
pyaes==1.6.1
Pygments==2.19.1
pyperf==2.9.0
pyperformance @ file:///home/qianhuiwang/cpython/site-packages/pyperformance/dist/pyperformance-1.11.0-py3-none-any.whl#sha256=5e7db3719781f5aaaa31704d7bc2566ec18ade1aa74b998aae4e93a9ebbaa849
pyproject_hooks==1.2.0
python-docs-theme==2024.6
pytz==2021.1
requests==2.32.3
setuptools==78.1.0
six==1.16.0
snowballstemmer==2.2.0
Sphinx==7.3.7
sphinxcontrib-applehelp==2.0.0
sphinxcontrib-devhelp==2.0.0
sphinxcontrib-htmlhelp==2.1.0
sphinxcontrib-jsmath==1.0.1
sphinxcontrib-qthelp==2.0.0
sphinxcontrib-serializinghtml==2.0.0
sqlglot==4.6.0
sqlparse==0.4.1
sympy==1.13.0
urllib3==1.26.5
webencodings==0.5.1
# /home/qianhuiwang/cpython/build-purecap/python -m pip freeze
alabaster==0.7.16
asgiref==3.6.0
babel==2.17.0
build==1.2.2.post1
certifi==2021.5.30
Chameleon==3.9.1
charset-normalizer==3.4.1
coverage==7.3.2
Django==4.2
docutils==0.21.2
dulwich==0.20.23
Genshi==0.7.7
html5lib==1.1
idna==3.10
imagesize==1.4.1
Jinja2==3.1.6
legacy-cgi==2.6
Mako==1.1.4
MarkupSafe==2.0.1
mpmath==1.2.1
networkx==3.4.2
packaging==24.2
psutil==7.0.0
pyaes==1.6.1
Pygments==2.19.1
pyperf==2.9.0
pyperformance @ file:///home/qianhuiwang/cpython/site-packages/pyperformance/dist/pyperformance-1.11.0-py3-none-any.whl#sha256=5e7db3719781f5aaaa31704d7bc2566ec18ade1aa74b998aae4e93a9ebbaa849
pyproject_hooks==1.2.0
python-docs-theme==2024.6
pytz==2021.1
requests==2.32.3
setuptools==78.1.0
six==1.16.0
snowballstemmer==2.2.0
Sphinx==7.3.7
sphinxcontrib-applehelp==2.0.0
sphinxcontrib-devhelp==2.0.0
sphinxcontrib-htmlhelp==2.1.0
sphinxcontrib-jsmath==1.0.1
sphinxcontrib-qthelp==2.0.0
sphinxcontrib-serializinghtml==2.0.0
sqlglot==4.6.0
sqlparse==0.4.1
sympy==1.13.0
urllib3==1.26.5
webencodings==0.5.1

==================================================
(58/83) creating venv for benchmark (pprint)

(trying common venv first)
Installing requirements into the virtual environment /home/qianhuiwang/cpython/build-purecap
# /home/qianhuiwang/cpython/build-purecap/python -m pip install pyperf==2.9.0
Requirement already satisfied: pyperf==2.9.0 in ./lib/python3.12/site-packages (2.9.0)
Requirement already satisfied: psutil>=5.9.0 in ./lib/python3.12/site-packages (from pyperf==2.9.0) (7.0.0)

[notice] A new release of pip is available: 25.0.1 -> 25.1
[notice] To update, run: /home/qianhuiwang/cpython/build-purecap/python -m pip install --upgrade pip
Installing requirements into the virtual environment /home/qianhuiwang/cpython/build-purecap
# /home/qianhuiwang/cpython/build-purecap/python -m pip install psutil
Requirement already satisfied: psutil in ./lib/python3.12/site-packages (7.0.0)

[notice] A new release of pip is available: 25.0.1 -> 25.1
[notice] To update, run: /home/qianhuiwang/cpython/build-purecap/python -m pip install --upgrade pip
# /home/qianhuiwang/cpython/build-purecap/python -m pip freeze
alabaster==0.7.16
asgiref==3.6.0
babel==2.17.0
build==1.2.2.post1
certifi==2021.5.30
Chameleon==3.9.1
charset-normalizer==3.4.1
coverage==7.3.2
Django==4.2
docutils==0.21.2
dulwich==0.20.23
Genshi==0.7.7
html5lib==1.1
idna==3.10
imagesize==1.4.1
Jinja2==3.1.6
legacy-cgi==2.6
Mako==1.1.4
MarkupSafe==2.0.1
mpmath==1.2.1
networkx==3.4.2
packaging==24.2
psutil==7.0.0
pyaes==1.6.1
Pygments==2.19.1
pyperf==2.9.0
pyperformance @ file:///home/qianhuiwang/cpython/site-packages/pyperformance/dist/pyperformance-1.11.0-py3-none-any.whl#sha256=5e7db3719781f5aaaa31704d7bc2566ec18ade1aa74b998aae4e93a9ebbaa849
pyproject_hooks==1.2.0
python-docs-theme==2024.6
pytz==2021.1
requests==2.32.3
setuptools==78.1.0
six==1.16.0
snowballstemmer==2.2.0
Sphinx==7.3.7
sphinxcontrib-applehelp==2.0.0
sphinxcontrib-devhelp==2.0.0
sphinxcontrib-htmlhelp==2.1.0
sphinxcontrib-jsmath==1.0.1
sphinxcontrib-qthelp==2.0.0
sphinxcontrib-serializinghtml==2.0.0
sqlglot==4.6.0
sqlparse==0.4.1
sympy==1.13.0
urllib3==1.26.5
webencodings==0.5.1
# /home/qianhuiwang/cpython/build-purecap/python -m pip freeze
alabaster==0.7.16
asgiref==3.6.0
babel==2.17.0
build==1.2.2.post1
certifi==2021.5.30
Chameleon==3.9.1
charset-normalizer==3.4.1
coverage==7.3.2
Django==4.2
docutils==0.21.2
dulwich==0.20.23
Genshi==0.7.7
html5lib==1.1
idna==3.10
imagesize==1.4.1
Jinja2==3.1.6
legacy-cgi==2.6
Mako==1.1.4
MarkupSafe==2.0.1
mpmath==1.2.1
networkx==3.4.2
packaging==24.2
psutil==7.0.0
pyaes==1.6.1
Pygments==2.19.1
pyperf==2.9.0
pyperformance @ file:///home/qianhuiwang/cpython/site-packages/pyperformance/dist/pyperformance-1.11.0-py3-none-any.whl#sha256=5e7db3719781f5aaaa31704d7bc2566ec18ade1aa74b998aae4e93a9ebbaa849
pyproject_hooks==1.2.0
python-docs-theme==2024.6
pytz==2021.1
requests==2.32.3
setuptools==78.1.0
six==1.16.0
snowballstemmer==2.2.0
Sphinx==7.3.7
sphinxcontrib-applehelp==2.0.0
sphinxcontrib-devhelp==2.0.0
sphinxcontrib-htmlhelp==2.1.0
sphinxcontrib-jsmath==1.0.1
sphinxcontrib-qthelp==2.0.0
sphinxcontrib-serializinghtml==2.0.0
sqlglot==4.6.0
sqlparse==0.4.1
sympy==1.13.0
urllib3==1.26.5
webencodings==0.5.1

==================================================
(59/83) creating venv for benchmark (pyflate)

(trying common venv first)
Installing requirements into the virtual environment /home/qianhuiwang/cpython/build-purecap
# /home/qianhuiwang/cpython/build-purecap/python -m pip install pyperf==2.9.0
Requirement already satisfied: pyperf==2.9.0 in ./lib/python3.12/site-packages (2.9.0)
Requirement already satisfied: psutil>=5.9.0 in ./lib/python3.12/site-packages (from pyperf==2.9.0) (7.0.0)

[notice] A new release of pip is available: 25.0.1 -> 25.1
[notice] To update, run: /home/qianhuiwang/cpython/build-purecap/python -m pip install --upgrade pip
Installing requirements into the virtual environment /home/qianhuiwang/cpython/build-purecap
# /home/qianhuiwang/cpython/build-purecap/python -m pip install psutil
Requirement already satisfied: psutil in ./lib/python3.12/site-packages (7.0.0)

[notice] A new release of pip is available: 25.0.1 -> 25.1
[notice] To update, run: /home/qianhuiwang/cpython/build-purecap/python -m pip install --upgrade pip
# /home/qianhuiwang/cpython/build-purecap/python -m pip freeze
alabaster==0.7.16
asgiref==3.6.0
babel==2.17.0
build==1.2.2.post1
certifi==2021.5.30
Chameleon==3.9.1
charset-normalizer==3.4.1
coverage==7.3.2
Django==4.2
docutils==0.21.2
dulwich==0.20.23
Genshi==0.7.7
html5lib==1.1
idna==3.10
imagesize==1.4.1
Jinja2==3.1.6
legacy-cgi==2.6
Mako==1.1.4
MarkupSafe==2.0.1
mpmath==1.2.1
networkx==3.4.2
packaging==24.2
psutil==7.0.0
pyaes==1.6.1
Pygments==2.19.1
pyperf==2.9.0
pyperformance @ file:///home/qianhuiwang/cpython/site-packages/pyperformance/dist/pyperformance-1.11.0-py3-none-any.whl#sha256=5e7db3719781f5aaaa31704d7bc2566ec18ade1aa74b998aae4e93a9ebbaa849
pyproject_hooks==1.2.0
python-docs-theme==2024.6
pytz==2021.1
requests==2.32.3
setuptools==78.1.0
six==1.16.0
snowballstemmer==2.2.0
Sphinx==7.3.7
sphinxcontrib-applehelp==2.0.0
sphinxcontrib-devhelp==2.0.0
sphinxcontrib-htmlhelp==2.1.0
sphinxcontrib-jsmath==1.0.1
sphinxcontrib-qthelp==2.0.0
sphinxcontrib-serializinghtml==2.0.0
sqlglot==4.6.0
sqlparse==0.4.1
sympy==1.13.0
urllib3==1.26.5
webencodings==0.5.1
# /home/qianhuiwang/cpython/build-purecap/python -m pip freeze
alabaster==0.7.16
asgiref==3.6.0
babel==2.17.0
build==1.2.2.post1
certifi==2021.5.30
Chameleon==3.9.1
charset-normalizer==3.4.1
coverage==7.3.2
Django==4.2
docutils==0.21.2
dulwich==0.20.23
Genshi==0.7.7
html5lib==1.1
idna==3.10
imagesize==1.4.1
Jinja2==3.1.6
legacy-cgi==2.6
Mako==1.1.4
MarkupSafe==2.0.1
mpmath==1.2.1
networkx==3.4.2
packaging==24.2
psutil==7.0.0
pyaes==1.6.1
Pygments==2.19.1
pyperf==2.9.0
pyperformance @ file:///home/qianhuiwang/cpython/site-packages/pyperformance/dist/pyperformance-1.11.0-py3-none-any.whl#sha256=5e7db3719781f5aaaa31704d7bc2566ec18ade1aa74b998aae4e93a9ebbaa849
pyproject_hooks==1.2.0
python-docs-theme==2024.6
pytz==2021.1
requests==2.32.3
setuptools==78.1.0
six==1.16.0
snowballstemmer==2.2.0
Sphinx==7.3.7
sphinxcontrib-applehelp==2.0.0
sphinxcontrib-devhelp==2.0.0
sphinxcontrib-htmlhelp==2.1.0
sphinxcontrib-jsmath==1.0.1
sphinxcontrib-qthelp==2.0.0
sphinxcontrib-serializinghtml==2.0.0
sqlglot==4.6.0
sqlparse==0.4.1
sympy==1.13.0
urllib3==1.26.5
webencodings==0.5.1

==================================================
(60/83) creating venv for benchmark (python_startup)

(trying common venv first)
Installing requirements into the virtual environment /home/qianhuiwang/cpython/build-purecap
# /home/qianhuiwang/cpython/build-purecap/python -m pip install pyperf==2.9.0
Requirement already satisfied: pyperf==2.9.0 in ./lib/python3.12/site-packages (2.9.0)
Requirement already satisfied: psutil>=5.9.0 in ./lib/python3.12/site-packages (from pyperf==2.9.0) (7.0.0)

[notice] A new release of pip is available: 25.0.1 -> 25.1
[notice] To update, run: /home/qianhuiwang/cpython/build-purecap/python -m pip install --upgrade pip
Installing requirements into the virtual environment /home/qianhuiwang/cpython/build-purecap
# /home/qianhuiwang/cpython/build-purecap/python -m pip install psutil
Requirement already satisfied: psutil in ./lib/python3.12/site-packages (7.0.0)

[notice] A new release of pip is available: 25.0.1 -> 25.1
[notice] To update, run: /home/qianhuiwang/cpython/build-purecap/python -m pip install --upgrade pip
# /home/qianhuiwang/cpython/build-purecap/python -m pip freeze
alabaster==0.7.16
asgiref==3.6.0
babel==2.17.0
build==1.2.2.post1
certifi==2021.5.30
Chameleon==3.9.1
charset-normalizer==3.4.1
coverage==7.3.2
Django==4.2
docutils==0.21.2
dulwich==0.20.23
Genshi==0.7.7
html5lib==1.1
idna==3.10
imagesize==1.4.1
Jinja2==3.1.6
legacy-cgi==2.6
Mako==1.1.4
MarkupSafe==2.0.1
mpmath==1.2.1
networkx==3.4.2
packaging==24.2
psutil==7.0.0
pyaes==1.6.1
Pygments==2.19.1
pyperf==2.9.0
pyperformance @ file:///home/qianhuiwang/cpython/site-packages/pyperformance/dist/pyperformance-1.11.0-py3-none-any.whl#sha256=5e7db3719781f5aaaa31704d7bc2566ec18ade1aa74b998aae4e93a9ebbaa849
pyproject_hooks==1.2.0
python-docs-theme==2024.6
pytz==2021.1
requests==2.32.3
setuptools==78.1.0
six==1.16.0
snowballstemmer==2.2.0
Sphinx==7.3.7
sphinxcontrib-applehelp==2.0.0
sphinxcontrib-devhelp==2.0.0
sphinxcontrib-htmlhelp==2.1.0
sphinxcontrib-jsmath==1.0.1
sphinxcontrib-qthelp==2.0.0
sphinxcontrib-serializinghtml==2.0.0
sqlglot==4.6.0
sqlparse==0.4.1
sympy==1.13.0
urllib3==1.26.5
webencodings==0.5.1
# /home/qianhuiwang/cpython/build-purecap/python -m pip freeze
alabaster==0.7.16
asgiref==3.6.0
babel==2.17.0
build==1.2.2.post1
certifi==2021.5.30
Chameleon==3.9.1
charset-normalizer==3.4.1
coverage==7.3.2
Django==4.2
docutils==0.21.2
dulwich==0.20.23
Genshi==0.7.7
html5lib==1.1
idna==3.10
imagesize==1.4.1
Jinja2==3.1.6
legacy-cgi==2.6
Mako==1.1.4
MarkupSafe==2.0.1
mpmath==1.2.1
networkx==3.4.2
packaging==24.2
psutil==7.0.0
pyaes==1.6.1
Pygments==2.19.1
pyperf==2.9.0
pyperformance @ file:///home/qianhuiwang/cpython/site-packages/pyperformance/dist/pyperformance-1.11.0-py3-none-any.whl#sha256=5e7db3719781f5aaaa31704d7bc2566ec18ade1aa74b998aae4e93a9ebbaa849
pyproject_hooks==1.2.0
python-docs-theme==2024.6
pytz==2021.1
requests==2.32.3
setuptools==78.1.0
six==1.16.0
snowballstemmer==2.2.0
Sphinx==7.3.7
sphinxcontrib-applehelp==2.0.0
sphinxcontrib-devhelp==2.0.0
sphinxcontrib-htmlhelp==2.1.0
sphinxcontrib-jsmath==1.0.1
sphinxcontrib-qthelp==2.0.0
sphinxcontrib-serializinghtml==2.0.0
sqlglot==4.6.0
sqlparse==0.4.1
sympy==1.13.0
urllib3==1.26.5
webencodings==0.5.1

==================================================
(61/83) creating venv for benchmark (python_startup_no_site)

(trying common venv first)
Installing requirements into the virtual environment /home/qianhuiwang/cpython/build-purecap
# /home/qianhuiwang/cpython/build-purecap/python -m pip install pyperf==2.9.0
Requirement already satisfied: pyperf==2.9.0 in ./lib/python3.12/site-packages (2.9.0)
Requirement already satisfied: psutil>=5.9.0 in ./lib/python3.12/site-packages (from pyperf==2.9.0) (7.0.0)

[notice] A new release of pip is available: 25.0.1 -> 25.1
[notice] To update, run: /home/qianhuiwang/cpython/build-purecap/python -m pip install --upgrade pip
Installing requirements into the virtual environment /home/qianhuiwang/cpython/build-purecap
# /home/qianhuiwang/cpython/build-purecap/python -m pip install psutil
Requirement already satisfied: psutil in ./lib/python3.12/site-packages (7.0.0)

[notice] A new release of pip is available: 25.0.1 -> 25.1
[notice] To update, run: /home/qianhuiwang/cpython/build-purecap/python -m pip install --upgrade pip
# /home/qianhuiwang/cpython/build-purecap/python -m pip freeze
alabaster==0.7.16
asgiref==3.6.0
babel==2.17.0
build==1.2.2.post1
certifi==2021.5.30
Chameleon==3.9.1
charset-normalizer==3.4.1
coverage==7.3.2
Django==4.2
docutils==0.21.2
dulwich==0.20.23
Genshi==0.7.7
html5lib==1.1
idna==3.10
imagesize==1.4.1
Jinja2==3.1.6
legacy-cgi==2.6
Mako==1.1.4
MarkupSafe==2.0.1
mpmath==1.2.1
networkx==3.4.2
packaging==24.2
psutil==7.0.0
pyaes==1.6.1
Pygments==2.19.1
pyperf==2.9.0
pyperformance @ file:///home/qianhuiwang/cpython/site-packages/pyperformance/dist/pyperformance-1.11.0-py3-none-any.whl#sha256=5e7db3719781f5aaaa31704d7bc2566ec18ade1aa74b998aae4e93a9ebbaa849
pyproject_hooks==1.2.0
python-docs-theme==2024.6
pytz==2021.1
requests==2.32.3
setuptools==78.1.0
six==1.16.0
snowballstemmer==2.2.0
Sphinx==7.3.7
sphinxcontrib-applehelp==2.0.0
sphinxcontrib-devhelp==2.0.0
sphinxcontrib-htmlhelp==2.1.0
sphinxcontrib-jsmath==1.0.1
sphinxcontrib-qthelp==2.0.0
sphinxcontrib-serializinghtml==2.0.0
sqlglot==4.6.0
sqlparse==0.4.1
sympy==1.13.0
urllib3==1.26.5
webencodings==0.5.1
# /home/qianhuiwang/cpython/build-purecap/python -m pip freeze
alabaster==0.7.16
asgiref==3.6.0
babel==2.17.0
build==1.2.2.post1
certifi==2021.5.30
Chameleon==3.9.1
charset-normalizer==3.4.1
coverage==7.3.2
Django==4.2
docutils==0.21.2
dulwich==0.20.23
Genshi==0.7.7
html5lib==1.1
idna==3.10
imagesize==1.4.1
Jinja2==3.1.6
legacy-cgi==2.6
Mako==1.1.4
MarkupSafe==2.0.1
mpmath==1.2.1
networkx==3.4.2
packaging==24.2
psutil==7.0.0
pyaes==1.6.1
Pygments==2.19.1
pyperf==2.9.0
pyperformance @ file:///home/qianhuiwang/cpython/site-packages/pyperformance/dist/pyperformance-1.11.0-py3-none-any.whl#sha256=5e7db3719781f5aaaa31704d7bc2566ec18ade1aa74b998aae4e93a9ebbaa849
pyproject_hooks==1.2.0
python-docs-theme==2024.6
pytz==2021.1
requests==2.32.3
setuptools==78.1.0
six==1.16.0
snowballstemmer==2.2.0
Sphinx==7.3.7
sphinxcontrib-applehelp==2.0.0
sphinxcontrib-devhelp==2.0.0
sphinxcontrib-htmlhelp==2.1.0
sphinxcontrib-jsmath==1.0.1
sphinxcontrib-qthelp==2.0.0
sphinxcontrib-serializinghtml==2.0.0
sqlglot==4.6.0
sqlparse==0.4.1
sympy==1.13.0
urllib3==1.26.5
webencodings==0.5.1

==================================================
(62/83) creating venv for benchmark (raytrace)

(trying common venv first)
Installing requirements into the virtual environment /home/qianhuiwang/cpython/build-purecap
# /home/qianhuiwang/cpython/build-purecap/python -m pip install pyperf==2.9.0
Requirement already satisfied: pyperf==2.9.0 in ./lib/python3.12/site-packages (2.9.0)
Requirement already satisfied: psutil>=5.9.0 in ./lib/python3.12/site-packages (from pyperf==2.9.0) (7.0.0)

[notice] A new release of pip is available: 25.0.1 -> 25.1
[notice] To update, run: /home/qianhuiwang/cpython/build-purecap/python -m pip install --upgrade pip
Installing requirements into the virtual environment /home/qianhuiwang/cpython/build-purecap
# /home/qianhuiwang/cpython/build-purecap/python -m pip install psutil
Requirement already satisfied: psutil in ./lib/python3.12/site-packages (7.0.0)

[notice] A new release of pip is available: 25.0.1 -> 25.1
[notice] To update, run: /home/qianhuiwang/cpython/build-purecap/python -m pip install --upgrade pip
# /home/qianhuiwang/cpython/build-purecap/python -m pip freeze
alabaster==0.7.16
asgiref==3.6.0
babel==2.17.0
build==1.2.2.post1
certifi==2021.5.30
Chameleon==3.9.1
charset-normalizer==3.4.1
coverage==7.3.2
Django==4.2
docutils==0.21.2
dulwich==0.20.23
Genshi==0.7.7
html5lib==1.1
idna==3.10
imagesize==1.4.1
Jinja2==3.1.6
legacy-cgi==2.6
Mako==1.1.4
MarkupSafe==2.0.1
mpmath==1.2.1
networkx==3.4.2
packaging==24.2
psutil==7.0.0
pyaes==1.6.1
Pygments==2.19.1
pyperf==2.9.0
pyperformance @ file:///home/qianhuiwang/cpython/site-packages/pyperformance/dist/pyperformance-1.11.0-py3-none-any.whl#sha256=5e7db3719781f5aaaa31704d7bc2566ec18ade1aa74b998aae4e93a9ebbaa849
pyproject_hooks==1.2.0
python-docs-theme==2024.6
pytz==2021.1
requests==2.32.3
setuptools==78.1.0
six==1.16.0
snowballstemmer==2.2.0
Sphinx==7.3.7
sphinxcontrib-applehelp==2.0.0
sphinxcontrib-devhelp==2.0.0
sphinxcontrib-htmlhelp==2.1.0
sphinxcontrib-jsmath==1.0.1
sphinxcontrib-qthelp==2.0.0
sphinxcontrib-serializinghtml==2.0.0
sqlglot==4.6.0
sqlparse==0.4.1
sympy==1.13.0
urllib3==1.26.5
webencodings==0.5.1
# /home/qianhuiwang/cpython/build-purecap/python -m pip freeze
alabaster==0.7.16
asgiref==3.6.0
babel==2.17.0
build==1.2.2.post1
certifi==2021.5.30
Chameleon==3.9.1
charset-normalizer==3.4.1
coverage==7.3.2
Django==4.2
docutils==0.21.2
dulwich==0.20.23
Genshi==0.7.7
html5lib==1.1
idna==3.10
imagesize==1.4.1
Jinja2==3.1.6
legacy-cgi==2.6
Mako==1.1.4
MarkupSafe==2.0.1
mpmath==1.2.1
networkx==3.4.2
packaging==24.2
psutil==7.0.0
pyaes==1.6.1
Pygments==2.19.1
pyperf==2.9.0
pyperformance @ file:///home/qianhuiwang/cpython/site-packages/pyperformance/dist/pyperformance-1.11.0-py3-none-any.whl#sha256=5e7db3719781f5aaaa31704d7bc2566ec18ade1aa74b998aae4e93a9ebbaa849
pyproject_hooks==1.2.0
python-docs-theme==2024.6
pytz==2021.1
requests==2.32.3
setuptools==78.1.0
six==1.16.0
snowballstemmer==2.2.0
Sphinx==7.3.7
sphinxcontrib-applehelp==2.0.0
sphinxcontrib-devhelp==2.0.0
sphinxcontrib-htmlhelp==2.1.0
sphinxcontrib-jsmath==1.0.1
sphinxcontrib-qthelp==2.0.0
sphinxcontrib-serializinghtml==2.0.0
sqlglot==4.6.0
sqlparse==0.4.1
sympy==1.13.0
urllib3==1.26.5
webencodings==0.5.1

==================================================
(63/83) creating venv for benchmark (regex_compile)

(trying common venv first)
Installing requirements into the virtual environment /home/qianhuiwang/cpython/build-purecap
# /home/qianhuiwang/cpython/build-purecap/python -m pip install pyperf==2.9.0
Requirement already satisfied: pyperf==2.9.0 in ./lib/python3.12/site-packages (2.9.0)
Requirement already satisfied: psutil>=5.9.0 in ./lib/python3.12/site-packages (from pyperf==2.9.0) (7.0.0)

[notice] A new release of pip is available: 25.0.1 -> 25.1
[notice] To update, run: /home/qianhuiwang/cpython/build-purecap/python -m pip install --upgrade pip
Installing requirements into the virtual environment /home/qianhuiwang/cpython/build-purecap
# /home/qianhuiwang/cpython/build-purecap/python -m pip install psutil
Requirement already satisfied: psutil in ./lib/python3.12/site-packages (7.0.0)

[notice] A new release of pip is available: 25.0.1 -> 25.1
[notice] To update, run: /home/qianhuiwang/cpython/build-purecap/python -m pip install --upgrade pip
# /home/qianhuiwang/cpython/build-purecap/python -m pip freeze
alabaster==0.7.16
asgiref==3.6.0
babel==2.17.0
build==1.2.2.post1
certifi==2021.5.30
Chameleon==3.9.1
charset-normalizer==3.4.1
coverage==7.3.2
Django==4.2
docutils==0.21.2
dulwich==0.20.23
Genshi==0.7.7
html5lib==1.1
idna==3.10
imagesize==1.4.1
Jinja2==3.1.6
legacy-cgi==2.6
Mako==1.1.4
MarkupSafe==2.0.1
mpmath==1.2.1
networkx==3.4.2
packaging==24.2
psutil==7.0.0
pyaes==1.6.1
Pygments==2.19.1
pyperf==2.9.0
pyperformance @ file:///home/qianhuiwang/cpython/site-packages/pyperformance/dist/pyperformance-1.11.0-py3-none-any.whl#sha256=5e7db3719781f5aaaa31704d7bc2566ec18ade1aa74b998aae4e93a9ebbaa849
pyproject_hooks==1.2.0
python-docs-theme==2024.6
pytz==2021.1
requests==2.32.3
setuptools==78.1.0
six==1.16.0
snowballstemmer==2.2.0
Sphinx==7.3.7
sphinxcontrib-applehelp==2.0.0
sphinxcontrib-devhelp==2.0.0
sphinxcontrib-htmlhelp==2.1.0
sphinxcontrib-jsmath==1.0.1
sphinxcontrib-qthelp==2.0.0
sphinxcontrib-serializinghtml==2.0.0
sqlglot==4.6.0
sqlparse==0.4.1
sympy==1.13.0
urllib3==1.26.5
webencodings==0.5.1
# /home/qianhuiwang/cpython/build-purecap/python -m pip freeze
alabaster==0.7.16
asgiref==3.6.0
babel==2.17.0
build==1.2.2.post1
certifi==2021.5.30
Chameleon==3.9.1
charset-normalizer==3.4.1
coverage==7.3.2
Django==4.2
docutils==0.21.2
dulwich==0.20.23
Genshi==0.7.7
html5lib==1.1
idna==3.10
imagesize==1.4.1
Jinja2==3.1.6
legacy-cgi==2.6
Mako==1.1.4
MarkupSafe==2.0.1
mpmath==1.2.1
networkx==3.4.2
packaging==24.2
psutil==7.0.0
pyaes==1.6.1
Pygments==2.19.1
pyperf==2.9.0
pyperformance @ file:///home/qianhuiwang/cpython/site-packages/pyperformance/dist/pyperformance-1.11.0-py3-none-any.whl#sha256=5e7db3719781f5aaaa31704d7bc2566ec18ade1aa74b998aae4e93a9ebbaa849
pyproject_hooks==1.2.0
python-docs-theme==2024.6
pytz==2021.1
requests==2.32.3
setuptools==78.1.0
six==1.16.0
snowballstemmer==2.2.0
Sphinx==7.3.7
sphinxcontrib-applehelp==2.0.0
sphinxcontrib-devhelp==2.0.0
sphinxcontrib-htmlhelp==2.1.0
sphinxcontrib-jsmath==1.0.1
sphinxcontrib-qthelp==2.0.0
sphinxcontrib-serializinghtml==2.0.0
sqlglot==4.6.0
sqlparse==0.4.1
sympy==1.13.0
urllib3==1.26.5
webencodings==0.5.1

==================================================
(64/83) creating venv for benchmark (regex_dna)

(trying common venv first)
Installing requirements into the virtual environment /home/qianhuiwang/cpython/build-purecap
# /home/qianhuiwang/cpython/build-purecap/python -m pip install pyperf==2.9.0
Requirement already satisfied: pyperf==2.9.0 in ./lib/python3.12/site-packages (2.9.0)
Requirement already satisfied: psutil>=5.9.0 in ./lib/python3.12/site-packages (from pyperf==2.9.0) (7.0.0)

[notice] A new release of pip is available: 25.0.1 -> 25.1
[notice] To update, run: /home/qianhuiwang/cpython/build-purecap/python -m pip install --upgrade pip
Installing requirements into the virtual environment /home/qianhuiwang/cpython/build-purecap
# /home/qianhuiwang/cpython/build-purecap/python -m pip install psutil
Requirement already satisfied: psutil in ./lib/python3.12/site-packages (7.0.0)

[notice] A new release of pip is available: 25.0.1 -> 25.1
[notice] To update, run: /home/qianhuiwang/cpython/build-purecap/python -m pip install --upgrade pip
# /home/qianhuiwang/cpython/build-purecap/python -m pip freeze
alabaster==0.7.16
asgiref==3.6.0
babel==2.17.0
build==1.2.2.post1
certifi==2021.5.30
Chameleon==3.9.1
charset-normalizer==3.4.1
coverage==7.3.2
Django==4.2
docutils==0.21.2
dulwich==0.20.23
Genshi==0.7.7
html5lib==1.1
idna==3.10
imagesize==1.4.1
Jinja2==3.1.6
legacy-cgi==2.6
Mako==1.1.4
MarkupSafe==2.0.1
mpmath==1.2.1
networkx==3.4.2
packaging==24.2
psutil==7.0.0
pyaes==1.6.1
Pygments==2.19.1
pyperf==2.9.0
pyperformance @ file:///home/qianhuiwang/cpython/site-packages/pyperformance/dist/pyperformance-1.11.0-py3-none-any.whl#sha256=5e7db3719781f5aaaa31704d7bc2566ec18ade1aa74b998aae4e93a9ebbaa849
pyproject_hooks==1.2.0
python-docs-theme==2024.6
pytz==2021.1
requests==2.32.3
setuptools==78.1.0
six==1.16.0
snowballstemmer==2.2.0
Sphinx==7.3.7
sphinxcontrib-applehelp==2.0.0
sphinxcontrib-devhelp==2.0.0
sphinxcontrib-htmlhelp==2.1.0
sphinxcontrib-jsmath==1.0.1
sphinxcontrib-qthelp==2.0.0
sphinxcontrib-serializinghtml==2.0.0
sqlglot==4.6.0
sqlparse==0.4.1
sympy==1.13.0
urllib3==1.26.5
webencodings==0.5.1
# /home/qianhuiwang/cpython/build-purecap/python -m pip freeze
alabaster==0.7.16
asgiref==3.6.0
babel==2.17.0
build==1.2.2.post1
certifi==2021.5.30
Chameleon==3.9.1
charset-normalizer==3.4.1
coverage==7.3.2
Django==4.2
docutils==0.21.2
dulwich==0.20.23
Genshi==0.7.7
html5lib==1.1
idna==3.10
imagesize==1.4.1
Jinja2==3.1.6
legacy-cgi==2.6
Mako==1.1.4
MarkupSafe==2.0.1
mpmath==1.2.1
networkx==3.4.2
packaging==24.2
psutil==7.0.0
pyaes==1.6.1
Pygments==2.19.1
pyperf==2.9.0
pyperformance @ file:///home/qianhuiwang/cpython/site-packages/pyperformance/dist/pyperformance-1.11.0-py3-none-any.whl#sha256=5e7db3719781f5aaaa31704d7bc2566ec18ade1aa74b998aae4e93a9ebbaa849
pyproject_hooks==1.2.0
python-docs-theme==2024.6
pytz==2021.1
requests==2.32.3
setuptools==78.1.0
six==1.16.0
snowballstemmer==2.2.0
Sphinx==7.3.7
sphinxcontrib-applehelp==2.0.0
sphinxcontrib-devhelp==2.0.0
sphinxcontrib-htmlhelp==2.1.0
sphinxcontrib-jsmath==1.0.1
sphinxcontrib-qthelp==2.0.0
sphinxcontrib-serializinghtml==2.0.0
sqlglot==4.6.0
sqlparse==0.4.1
sympy==1.13.0
urllib3==1.26.5
webencodings==0.5.1

==================================================
(65/83) creating venv for benchmark (regex_effbot)

(trying common venv first)
Installing requirements into the virtual environment /home/qianhuiwang/cpython/build-purecap
# /home/qianhuiwang/cpython/build-purecap/python -m pip install pyperf==2.9.0
Requirement already satisfied: pyperf==2.9.0 in ./lib/python3.12/site-packages (2.9.0)
Requirement already satisfied: psutil>=5.9.0 in ./lib/python3.12/site-packages (from pyperf==2.9.0) (7.0.0)

[notice] A new release of pip is available: 25.0.1 -> 25.1
[notice] To update, run: /home/qianhuiwang/cpython/build-purecap/python -m pip install --upgrade pip
Installing requirements into the virtual environment /home/qianhuiwang/cpython/build-purecap
# /home/qianhuiwang/cpython/build-purecap/python -m pip install psutil
Requirement already satisfied: psutil in ./lib/python3.12/site-packages (7.0.0)

[notice] A new release of pip is available: 25.0.1 -> 25.1
[notice] To update, run: /home/qianhuiwang/cpython/build-purecap/python -m pip install --upgrade pip
# /home/qianhuiwang/cpython/build-purecap/python -m pip freeze
alabaster==0.7.16
asgiref==3.6.0
babel==2.17.0
build==1.2.2.post1
certifi==2021.5.30
Chameleon==3.9.1
charset-normalizer==3.4.1
coverage==7.3.2
Django==4.2
docutils==0.21.2
dulwich==0.20.23
Genshi==0.7.7
html5lib==1.1
idna==3.10
imagesize==1.4.1
Jinja2==3.1.6
legacy-cgi==2.6
Mako==1.1.4
MarkupSafe==2.0.1
mpmath==1.2.1
networkx==3.4.2
packaging==24.2
psutil==7.0.0
pyaes==1.6.1
Pygments==2.19.1
pyperf==2.9.0
pyperformance @ file:///home/qianhuiwang/cpython/site-packages/pyperformance/dist/pyperformance-1.11.0-py3-none-any.whl#sha256=5e7db3719781f5aaaa31704d7bc2566ec18ade1aa74b998aae4e93a9ebbaa849
pyproject_hooks==1.2.0
python-docs-theme==2024.6
pytz==2021.1
requests==2.32.3
setuptools==78.1.0
six==1.16.0
snowballstemmer==2.2.0
Sphinx==7.3.7
sphinxcontrib-applehelp==2.0.0
sphinxcontrib-devhelp==2.0.0
sphinxcontrib-htmlhelp==2.1.0
sphinxcontrib-jsmath==1.0.1
sphinxcontrib-qthelp==2.0.0
sphinxcontrib-serializinghtml==2.0.0
sqlglot==4.6.0
sqlparse==0.4.1
sympy==1.13.0
urllib3==1.26.5
webencodings==0.5.1
# /home/qianhuiwang/cpython/build-purecap/python -m pip freeze
alabaster==0.7.16
asgiref==3.6.0
babel==2.17.0
build==1.2.2.post1
certifi==2021.5.30
Chameleon==3.9.1
charset-normalizer==3.4.1
coverage==7.3.2
Django==4.2
docutils==0.21.2
dulwich==0.20.23
Genshi==0.7.7
html5lib==1.1
idna==3.10
imagesize==1.4.1
Jinja2==3.1.6
legacy-cgi==2.6
Mako==1.1.4
MarkupSafe==2.0.1
mpmath==1.2.1
networkx==3.4.2
packaging==24.2
psutil==7.0.0
pyaes==1.6.1
Pygments==2.19.1
pyperf==2.9.0
pyperformance @ file:///home/qianhuiwang/cpython/site-packages/pyperformance/dist/pyperformance-1.11.0-py3-none-any.whl#sha256=5e7db3719781f5aaaa31704d7bc2566ec18ade1aa74b998aae4e93a9ebbaa849
pyproject_hooks==1.2.0
python-docs-theme==2024.6
pytz==2021.1
requests==2.32.3
setuptools==78.1.0
six==1.16.0
snowballstemmer==2.2.0
Sphinx==7.3.7
sphinxcontrib-applehelp==2.0.0
sphinxcontrib-devhelp==2.0.0
sphinxcontrib-htmlhelp==2.1.0
sphinxcontrib-jsmath==1.0.1
sphinxcontrib-qthelp==2.0.0
sphinxcontrib-serializinghtml==2.0.0
sqlglot==4.6.0
sqlparse==0.4.1
sympy==1.13.0
urllib3==1.26.5
webencodings==0.5.1

==================================================
(66/83) creating venv for benchmark (regex_v8)

(trying common venv first)
Installing requirements into the virtual environment /home/qianhuiwang/cpython/build-purecap
# /home/qianhuiwang/cpython/build-purecap/python -m pip install pyperf==2.9.0
Requirement already satisfied: pyperf==2.9.0 in ./lib/python3.12/site-packages (2.9.0)
Requirement already satisfied: psutil>=5.9.0 in ./lib/python3.12/site-packages (from pyperf==2.9.0) (7.0.0)

[notice] A new release of pip is available: 25.0.1 -> 25.1
[notice] To update, run: /home/qianhuiwang/cpython/build-purecap/python -m pip install --upgrade pip
Installing requirements into the virtual environment /home/qianhuiwang/cpython/build-purecap
# /home/qianhuiwang/cpython/build-purecap/python -m pip install psutil
Requirement already satisfied: psutil in ./lib/python3.12/site-packages (7.0.0)

[notice] A new release of pip is available: 25.0.1 -> 25.1
[notice] To update, run: /home/qianhuiwang/cpython/build-purecap/python -m pip install --upgrade pip
# /home/qianhuiwang/cpython/build-purecap/python -m pip freeze
alabaster==0.7.16
asgiref==3.6.0
babel==2.17.0
build==1.2.2.post1
certifi==2021.5.30
Chameleon==3.9.1
charset-normalizer==3.4.1
coverage==7.3.2
Django==4.2
docutils==0.21.2
dulwich==0.20.23
Genshi==0.7.7
html5lib==1.1
idna==3.10
imagesize==1.4.1
Jinja2==3.1.6
legacy-cgi==2.6
Mako==1.1.4
MarkupSafe==2.0.1
mpmath==1.2.1
networkx==3.4.2
packaging==24.2
psutil==7.0.0
pyaes==1.6.1
Pygments==2.19.1
pyperf==2.9.0
pyperformance @ file:///home/qianhuiwang/cpython/site-packages/pyperformance/dist/pyperformance-1.11.0-py3-none-any.whl#sha256=5e7db3719781f5aaaa31704d7bc2566ec18ade1aa74b998aae4e93a9ebbaa849
pyproject_hooks==1.2.0
python-docs-theme==2024.6
pytz==2021.1
requests==2.32.3
setuptools==78.1.0
six==1.16.0
snowballstemmer==2.2.0
Sphinx==7.3.7
sphinxcontrib-applehelp==2.0.0
sphinxcontrib-devhelp==2.0.0
sphinxcontrib-htmlhelp==2.1.0
sphinxcontrib-jsmath==1.0.1
sphinxcontrib-qthelp==2.0.0
sphinxcontrib-serializinghtml==2.0.0
sqlglot==4.6.0
sqlparse==0.4.1
sympy==1.13.0
urllib3==1.26.5
webencodings==0.5.1
# /home/qianhuiwang/cpython/build-purecap/python -m pip freeze
alabaster==0.7.16
asgiref==3.6.0
babel==2.17.0
build==1.2.2.post1
certifi==2021.5.30
Chameleon==3.9.1
charset-normalizer==3.4.1
coverage==7.3.2
Django==4.2
docutils==0.21.2
dulwich==0.20.23
Genshi==0.7.7
html5lib==1.1
idna==3.10
imagesize==1.4.1
Jinja2==3.1.6
legacy-cgi==2.6
Mako==1.1.4
MarkupSafe==2.0.1
mpmath==1.2.1
networkx==3.4.2
packaging==24.2
psutil==7.0.0
pyaes==1.6.1
Pygments==2.19.1
pyperf==2.9.0
pyperformance @ file:///home/qianhuiwang/cpython/site-packages/pyperformance/dist/pyperformance-1.11.0-py3-none-any.whl#sha256=5e7db3719781f5aaaa31704d7bc2566ec18ade1aa74b998aae4e93a9ebbaa849
pyproject_hooks==1.2.0
python-docs-theme==2024.6
pytz==2021.1
requests==2.32.3
setuptools==78.1.0
six==1.16.0
snowballstemmer==2.2.0
Sphinx==7.3.7
sphinxcontrib-applehelp==2.0.0
sphinxcontrib-devhelp==2.0.0
sphinxcontrib-htmlhelp==2.1.0
sphinxcontrib-jsmath==1.0.1
sphinxcontrib-qthelp==2.0.0
sphinxcontrib-serializinghtml==2.0.0
sqlglot==4.6.0
sqlparse==0.4.1
sympy==1.13.0
urllib3==1.26.5
webencodings==0.5.1

==================================================
(67/83) creating venv for benchmark (richards)

(trying common venv first)
Installing requirements into the virtual environment /home/qianhuiwang/cpython/build-purecap
# /home/qianhuiwang/cpython/build-purecap/python -m pip install pyperf==2.9.0
Requirement already satisfied: pyperf==2.9.0 in ./lib/python3.12/site-packages (2.9.0)
Requirement already satisfied: psutil>=5.9.0 in ./lib/python3.12/site-packages (from pyperf==2.9.0) (7.0.0)

[notice] A new release of pip is available: 25.0.1 -> 25.1
[notice] To update, run: /home/qianhuiwang/cpython/build-purecap/python -m pip install --upgrade pip
Installing requirements into the virtual environment /home/qianhuiwang/cpython/build-purecap
# /home/qianhuiwang/cpython/build-purecap/python -m pip install psutil
Requirement already satisfied: psutil in ./lib/python3.12/site-packages (7.0.0)

[notice] A new release of pip is available: 25.0.1 -> 25.1
[notice] To update, run: /home/qianhuiwang/cpython/build-purecap/python -m pip install --upgrade pip
# /home/qianhuiwang/cpython/build-purecap/python -m pip freeze
alabaster==0.7.16
asgiref==3.6.0
babel==2.17.0
build==1.2.2.post1
certifi==2021.5.30
Chameleon==3.9.1
charset-normalizer==3.4.1
coverage==7.3.2
Django==4.2
docutils==0.21.2
dulwich==0.20.23
Genshi==0.7.7
html5lib==1.1
idna==3.10
imagesize==1.4.1
Jinja2==3.1.6
legacy-cgi==2.6
Mako==1.1.4
MarkupSafe==2.0.1
mpmath==1.2.1
networkx==3.4.2
packaging==24.2
psutil==7.0.0
pyaes==1.6.1
Pygments==2.19.1
pyperf==2.9.0
pyperformance @ file:///home/qianhuiwang/cpython/site-packages/pyperformance/dist/pyperformance-1.11.0-py3-none-any.whl#sha256=5e7db3719781f5aaaa31704d7bc2566ec18ade1aa74b998aae4e93a9ebbaa849
pyproject_hooks==1.2.0
python-docs-theme==2024.6
pytz==2021.1
requests==2.32.3
setuptools==78.1.0
six==1.16.0
snowballstemmer==2.2.0
Sphinx==7.3.7
sphinxcontrib-applehelp==2.0.0
sphinxcontrib-devhelp==2.0.0
sphinxcontrib-htmlhelp==2.1.0
sphinxcontrib-jsmath==1.0.1
sphinxcontrib-qthelp==2.0.0
sphinxcontrib-serializinghtml==2.0.0
sqlglot==4.6.0
sqlparse==0.4.1
sympy==1.13.0
urllib3==1.26.5
webencodings==0.5.1
# /home/qianhuiwang/cpython/build-purecap/python -m pip freeze
alabaster==0.7.16
asgiref==3.6.0
babel==2.17.0
build==1.2.2.post1
certifi==2021.5.30
Chameleon==3.9.1
charset-normalizer==3.4.1
coverage==7.3.2
Django==4.2
docutils==0.21.2
dulwich==0.20.23
Genshi==0.7.7
html5lib==1.1
idna==3.10
imagesize==1.4.1
Jinja2==3.1.6
legacy-cgi==2.6
Mako==1.1.4
MarkupSafe==2.0.1
mpmath==1.2.1
networkx==3.4.2
packaging==24.2
psutil==7.0.0
pyaes==1.6.1
Pygments==2.19.1
pyperf==2.9.0
pyperformance @ file:///home/qianhuiwang/cpython/site-packages/pyperformance/dist/pyperformance-1.11.0-py3-none-any.whl#sha256=5e7db3719781f5aaaa31704d7bc2566ec18ade1aa74b998aae4e93a9ebbaa849
pyproject_hooks==1.2.0
python-docs-theme==2024.6
pytz==2021.1
requests==2.32.3
setuptools==78.1.0
six==1.16.0
snowballstemmer==2.2.0
Sphinx==7.3.7
sphinxcontrib-applehelp==2.0.0
sphinxcontrib-devhelp==2.0.0
sphinxcontrib-htmlhelp==2.1.0
sphinxcontrib-jsmath==1.0.1
sphinxcontrib-qthelp==2.0.0
sphinxcontrib-serializinghtml==2.0.0
sqlglot==4.6.0
sqlparse==0.4.1
sympy==1.13.0
urllib3==1.26.5
webencodings==0.5.1

==================================================
(68/83) creating venv for benchmark (richards_super)

(trying common venv first)
Installing requirements into the virtual environment /home/qianhuiwang/cpython/build-purecap
# /home/qianhuiwang/cpython/build-purecap/python -m pip install pyperf==2.9.0
Requirement already satisfied: pyperf==2.9.0 in ./lib/python3.12/site-packages (2.9.0)
Requirement already satisfied: psutil>=5.9.0 in ./lib/python3.12/site-packages (from pyperf==2.9.0) (7.0.0)

[notice] A new release of pip is available: 25.0.1 -> 25.1
[notice] To update, run: /home/qianhuiwang/cpython/build-purecap/python -m pip install --upgrade pip
Installing requirements into the virtual environment /home/qianhuiwang/cpython/build-purecap
# /home/qianhuiwang/cpython/build-purecap/python -m pip install psutil
Requirement already satisfied: psutil in ./lib/python3.12/site-packages (7.0.0)

[notice] A new release of pip is available: 25.0.1 -> 25.1
[notice] To update, run: /home/qianhuiwang/cpython/build-purecap/python -m pip install --upgrade pip
# /home/qianhuiwang/cpython/build-purecap/python -m pip freeze
alabaster==0.7.16
asgiref==3.6.0
babel==2.17.0
build==1.2.2.post1
certifi==2021.5.30
Chameleon==3.9.1
charset-normalizer==3.4.1
coverage==7.3.2
Django==4.2
docutils==0.21.2
dulwich==0.20.23
Genshi==0.7.7
html5lib==1.1
idna==3.10
imagesize==1.4.1
Jinja2==3.1.6
legacy-cgi==2.6
Mako==1.1.4
MarkupSafe==2.0.1
mpmath==1.2.1
networkx==3.4.2
packaging==24.2
psutil==7.0.0
pyaes==1.6.1
Pygments==2.19.1
pyperf==2.9.0
pyperformance @ file:///home/qianhuiwang/cpython/site-packages/pyperformance/dist/pyperformance-1.11.0-py3-none-any.whl#sha256=5e7db3719781f5aaaa31704d7bc2566ec18ade1aa74b998aae4e93a9ebbaa849
pyproject_hooks==1.2.0
python-docs-theme==2024.6
pytz==2021.1
requests==2.32.3
setuptools==78.1.0
six==1.16.0
snowballstemmer==2.2.0
Sphinx==7.3.7
sphinxcontrib-applehelp==2.0.0
sphinxcontrib-devhelp==2.0.0
sphinxcontrib-htmlhelp==2.1.0
sphinxcontrib-jsmath==1.0.1
sphinxcontrib-qthelp==2.0.0
sphinxcontrib-serializinghtml==2.0.0
sqlglot==4.6.0
sqlparse==0.4.1
sympy==1.13.0
urllib3==1.26.5
webencodings==0.5.1
# /home/qianhuiwang/cpython/build-purecap/python -m pip freeze
alabaster==0.7.16
asgiref==3.6.0
babel==2.17.0
build==1.2.2.post1
certifi==2021.5.30
Chameleon==3.9.1
charset-normalizer==3.4.1
coverage==7.3.2
Django==4.2
docutils==0.21.2
dulwich==0.20.23
Genshi==0.7.7
html5lib==1.1
idna==3.10
imagesize==1.4.1
Jinja2==3.1.6
legacy-cgi==2.6
Mako==1.1.4
MarkupSafe==2.0.1
mpmath==1.2.1
networkx==3.4.2
packaging==24.2
psutil==7.0.0
pyaes==1.6.1
Pygments==2.19.1
pyperf==2.9.0
pyperformance @ file:///home/qianhuiwang/cpython/site-packages/pyperformance/dist/pyperformance-1.11.0-py3-none-any.whl#sha256=5e7db3719781f5aaaa31704d7bc2566ec18ade1aa74b998aae4e93a9ebbaa849
pyproject_hooks==1.2.0
python-docs-theme==2024.6
pytz==2021.1
requests==2.32.3
setuptools==78.1.0
six==1.16.0
snowballstemmer==2.2.0
Sphinx==7.3.7
sphinxcontrib-applehelp==2.0.0
sphinxcontrib-devhelp==2.0.0
sphinxcontrib-htmlhelp==2.1.0
sphinxcontrib-jsmath==1.0.1
sphinxcontrib-qthelp==2.0.0
sphinxcontrib-serializinghtml==2.0.0
sqlglot==4.6.0
sqlparse==0.4.1
sympy==1.13.0
urllib3==1.26.5
webencodings==0.5.1

==================================================
(69/83) creating venv for benchmark (scimark)

(trying common venv first)
Installing requirements into the virtual environment /home/qianhuiwang/cpython/build-purecap
# /home/qianhuiwang/cpython/build-purecap/python -m pip install pyperf==2.9.0
Requirement already satisfied: pyperf==2.9.0 in ./lib/python3.12/site-packages (2.9.0)
Requirement already satisfied: psutil>=5.9.0 in ./lib/python3.12/site-packages (from pyperf==2.9.0) (7.0.0)

[notice] A new release of pip is available: 25.0.1 -> 25.1
[notice] To update, run: /home/qianhuiwang/cpython/build-purecap/python -m pip install --upgrade pip
Installing requirements into the virtual environment /home/qianhuiwang/cpython/build-purecap
# /home/qianhuiwang/cpython/build-purecap/python -m pip install psutil
Requirement already satisfied: psutil in ./lib/python3.12/site-packages (7.0.0)

[notice] A new release of pip is available: 25.0.1 -> 25.1
[notice] To update, run: /home/qianhuiwang/cpython/build-purecap/python -m pip install --upgrade pip
# /home/qianhuiwang/cpython/build-purecap/python -m pip freeze
alabaster==0.7.16
asgiref==3.6.0
babel==2.17.0
build==1.2.2.post1
certifi==2021.5.30
Chameleon==3.9.1
charset-normalizer==3.4.1
coverage==7.3.2
Django==4.2
docutils==0.21.2
dulwich==0.20.23
Genshi==0.7.7
html5lib==1.1
idna==3.10
imagesize==1.4.1
Jinja2==3.1.6
legacy-cgi==2.6
Mako==1.1.4
MarkupSafe==2.0.1
mpmath==1.2.1
networkx==3.4.2
packaging==24.2
psutil==7.0.0
pyaes==1.6.1
Pygments==2.19.1
pyperf==2.9.0
pyperformance @ file:///home/qianhuiwang/cpython/site-packages/pyperformance/dist/pyperformance-1.11.0-py3-none-any.whl#sha256=5e7db3719781f5aaaa31704d7bc2566ec18ade1aa74b998aae4e93a9ebbaa849
pyproject_hooks==1.2.0
python-docs-theme==2024.6
pytz==2021.1
requests==2.32.3
setuptools==78.1.0
six==1.16.0
snowballstemmer==2.2.0
Sphinx==7.3.7
sphinxcontrib-applehelp==2.0.0
sphinxcontrib-devhelp==2.0.0
sphinxcontrib-htmlhelp==2.1.0
sphinxcontrib-jsmath==1.0.1
sphinxcontrib-qthelp==2.0.0
sphinxcontrib-serializinghtml==2.0.0
sqlglot==4.6.0
sqlparse==0.4.1
sympy==1.13.0
urllib3==1.26.5
webencodings==0.5.1
# /home/qianhuiwang/cpython/build-purecap/python -m pip freeze
alabaster==0.7.16
asgiref==3.6.0
babel==2.17.0
build==1.2.2.post1
certifi==2021.5.30
Chameleon==3.9.1
charset-normalizer==3.4.1
coverage==7.3.2
Django==4.2
docutils==0.21.2
dulwich==0.20.23
Genshi==0.7.7
html5lib==1.1
idna==3.10
imagesize==1.4.1
Jinja2==3.1.6
legacy-cgi==2.6
Mako==1.1.4
MarkupSafe==2.0.1
mpmath==1.2.1
networkx==3.4.2
packaging==24.2
psutil==7.0.0
pyaes==1.6.1
Pygments==2.19.1
pyperf==2.9.0
pyperformance @ file:///home/qianhuiwang/cpython/site-packages/pyperformance/dist/pyperformance-1.11.0-py3-none-any.whl#sha256=5e7db3719781f5aaaa31704d7bc2566ec18ade1aa74b998aae4e93a9ebbaa849
pyproject_hooks==1.2.0
python-docs-theme==2024.6
pytz==2021.1
requests==2.32.3
setuptools==78.1.0
six==1.16.0
snowballstemmer==2.2.0
Sphinx==7.3.7
sphinxcontrib-applehelp==2.0.0
sphinxcontrib-devhelp==2.0.0
sphinxcontrib-htmlhelp==2.1.0
sphinxcontrib-jsmath==1.0.1
sphinxcontrib-qthelp==2.0.0
sphinxcontrib-serializinghtml==2.0.0
sqlglot==4.6.0
sqlparse==0.4.1
sympy==1.13.0
urllib3==1.26.5
webencodings==0.5.1

==================================================
(70/83) creating venv for benchmark (spectral_norm)

(trying common venv first)
Installing requirements into the virtual environment /home/qianhuiwang/cpython/build-purecap
# /home/qianhuiwang/cpython/build-purecap/python -m pip install pyperf==2.9.0
Requirement already satisfied: pyperf==2.9.0 in ./lib/python3.12/site-packages (2.9.0)
Requirement already satisfied: psutil>=5.9.0 in ./lib/python3.12/site-packages (from pyperf==2.9.0) (7.0.0)

[notice] A new release of pip is available: 25.0.1 -> 25.1
[notice] To update, run: /home/qianhuiwang/cpython/build-purecap/python -m pip install --upgrade pip
Installing requirements into the virtual environment /home/qianhuiwang/cpython/build-purecap
# /home/qianhuiwang/cpython/build-purecap/python -m pip install psutil
Requirement already satisfied: psutil in ./lib/python3.12/site-packages (7.0.0)

[notice] A new release of pip is available: 25.0.1 -> 25.1
[notice] To update, run: /home/qianhuiwang/cpython/build-purecap/python -m pip install --upgrade pip
# /home/qianhuiwang/cpython/build-purecap/python -m pip freeze
alabaster==0.7.16
asgiref==3.6.0
babel==2.17.0
build==1.2.2.post1
certifi==2021.5.30
Chameleon==3.9.1
charset-normalizer==3.4.1
coverage==7.3.2
Django==4.2
docutils==0.21.2
dulwich==0.20.23
Genshi==0.7.7
html5lib==1.1
idna==3.10
imagesize==1.4.1
Jinja2==3.1.6
legacy-cgi==2.6
Mako==1.1.4
MarkupSafe==2.0.1
mpmath==1.2.1
networkx==3.4.2
packaging==24.2
psutil==7.0.0
pyaes==1.6.1
Pygments==2.19.1
pyperf==2.9.0
pyperformance @ file:///home/qianhuiwang/cpython/site-packages/pyperformance/dist/pyperformance-1.11.0-py3-none-any.whl#sha256=5e7db3719781f5aaaa31704d7bc2566ec18ade1aa74b998aae4e93a9ebbaa849
pyproject_hooks==1.2.0
python-docs-theme==2024.6
pytz==2021.1
requests==2.32.3
setuptools==78.1.0
six==1.16.0
snowballstemmer==2.2.0
Sphinx==7.3.7
sphinxcontrib-applehelp==2.0.0
sphinxcontrib-devhelp==2.0.0
sphinxcontrib-htmlhelp==2.1.0
sphinxcontrib-jsmath==1.0.1
sphinxcontrib-qthelp==2.0.0
sphinxcontrib-serializinghtml==2.0.0
sqlglot==4.6.0
sqlparse==0.4.1
sympy==1.13.0
urllib3==1.26.5
webencodings==0.5.1
# /home/qianhuiwang/cpython/build-purecap/python -m pip freeze
alabaster==0.7.16
asgiref==3.6.0
babel==2.17.0
build==1.2.2.post1
certifi==2021.5.30
Chameleon==3.9.1
charset-normalizer==3.4.1
coverage==7.3.2
Django==4.2
docutils==0.21.2
dulwich==0.20.23
Genshi==0.7.7
html5lib==1.1
idna==3.10
imagesize==1.4.1
Jinja2==3.1.6
legacy-cgi==2.6
Mako==1.1.4
MarkupSafe==2.0.1
mpmath==1.2.1
networkx==3.4.2
packaging==24.2
psutil==7.0.0
pyaes==1.6.1
Pygments==2.19.1
pyperf==2.9.0
pyperformance @ file:///home/qianhuiwang/cpython/site-packages/pyperformance/dist/pyperformance-1.11.0-py3-none-any.whl#sha256=5e7db3719781f5aaaa31704d7bc2566ec18ade1aa74b998aae4e93a9ebbaa849
pyproject_hooks==1.2.0
python-docs-theme==2024.6
pytz==2021.1
requests==2.32.3
setuptools==78.1.0
six==1.16.0
snowballstemmer==2.2.0
Sphinx==7.3.7
sphinxcontrib-applehelp==2.0.0
sphinxcontrib-devhelp==2.0.0
sphinxcontrib-htmlhelp==2.1.0
sphinxcontrib-jsmath==1.0.1
sphinxcontrib-qthelp==2.0.0
sphinxcontrib-serializinghtml==2.0.0
sqlglot==4.6.0
sqlparse==0.4.1
sympy==1.13.0
urllib3==1.26.5
webencodings==0.5.1

==================================================
(71/83) creating venv for benchmark (sqlglot_v2)

(trying common venv first)
Installing requirements into the virtual environment /home/qianhuiwang/cpython/build-purecap
# /home/qianhuiwang/cpython/build-purecap/python -m pip install sqlglot==4.6.0 pyperf==2.9.0
Requirement already satisfied: sqlglot==4.6.0 in ./lib/python3.12/site-packages (4.6.0)
Requirement already satisfied: pyperf==2.9.0 in ./lib/python3.12/site-packages (2.9.0)
Requirement already satisfied: psutil>=5.9.0 in ./lib/python3.12/site-packages (from pyperf==2.9.0) (7.0.0)

[notice] A new release of pip is available: 25.0.1 -> 25.1
[notice] To update, run: /home/qianhuiwang/cpython/build-purecap/python -m pip install --upgrade pip
Installing requirements into the virtual environment /home/qianhuiwang/cpython/build-purecap
# /home/qianhuiwang/cpython/build-purecap/python -m pip install psutil
Requirement already satisfied: psutil in ./lib/python3.12/site-packages (7.0.0)

[notice] A new release of pip is available: 25.0.1 -> 25.1
[notice] To update, run: /home/qianhuiwang/cpython/build-purecap/python -m pip install --upgrade pip
# /home/qianhuiwang/cpython/build-purecap/python -m pip freeze
alabaster==0.7.16
asgiref==3.6.0
babel==2.17.0
build==1.2.2.post1
certifi==2021.5.30
Chameleon==3.9.1
charset-normalizer==3.4.1
coverage==7.3.2
Django==4.2
docutils==0.21.2
dulwich==0.20.23
Genshi==0.7.7
html5lib==1.1
idna==3.10
imagesize==1.4.1
Jinja2==3.1.6
legacy-cgi==2.6
Mako==1.1.4
MarkupSafe==2.0.1
mpmath==1.2.1
networkx==3.4.2
packaging==24.2
psutil==7.0.0
pyaes==1.6.1
Pygments==2.19.1
pyperf==2.9.0
pyperformance @ file:///home/qianhuiwang/cpython/site-packages/pyperformance/dist/pyperformance-1.11.0-py3-none-any.whl#sha256=5e7db3719781f5aaaa31704d7bc2566ec18ade1aa74b998aae4e93a9ebbaa849
pyproject_hooks==1.2.0
python-docs-theme==2024.6
pytz==2021.1
requests==2.32.3
setuptools==78.1.0
six==1.16.0
snowballstemmer==2.2.0
Sphinx==7.3.7
sphinxcontrib-applehelp==2.0.0
sphinxcontrib-devhelp==2.0.0
sphinxcontrib-htmlhelp==2.1.0
sphinxcontrib-jsmath==1.0.1
sphinxcontrib-qthelp==2.0.0
sphinxcontrib-serializinghtml==2.0.0
sqlglot==4.6.0
sqlparse==0.4.1
sympy==1.13.0
urllib3==1.26.5
webencodings==0.5.1
# /home/qianhuiwang/cpython/build-purecap/python -m pip freeze
alabaster==0.7.16
asgiref==3.6.0
babel==2.17.0
build==1.2.2.post1
certifi==2021.5.30
Chameleon==3.9.1
charset-normalizer==3.4.1
coverage==7.3.2
Django==4.2
docutils==0.21.2
dulwich==0.20.23
Genshi==0.7.7
html5lib==1.1
idna==3.10
imagesize==1.4.1
Jinja2==3.1.6
legacy-cgi==2.6
Mako==1.1.4
MarkupSafe==2.0.1
mpmath==1.2.1
networkx==3.4.2
packaging==24.2
psutil==7.0.0
pyaes==1.6.1
Pygments==2.19.1
pyperf==2.9.0
pyperformance @ file:///home/qianhuiwang/cpython/site-packages/pyperformance/dist/pyperformance-1.11.0-py3-none-any.whl#sha256=5e7db3719781f5aaaa31704d7bc2566ec18ade1aa74b998aae4e93a9ebbaa849
pyproject_hooks==1.2.0
python-docs-theme==2024.6
pytz==2021.1
requests==2.32.3
setuptools==78.1.0
six==1.16.0
snowballstemmer==2.2.0
Sphinx==7.3.7
sphinxcontrib-applehelp==2.0.0
sphinxcontrib-devhelp==2.0.0
sphinxcontrib-htmlhelp==2.1.0
sphinxcontrib-jsmath==1.0.1
sphinxcontrib-qthelp==2.0.0
sphinxcontrib-serializinghtml==2.0.0
sqlglot==4.6.0
sqlparse==0.4.1
sympy==1.13.0
urllib3==1.26.5
webencodings==0.5.1

==================================================
(72/83) creating venv for benchmark (sqlglot_v2_optimize)

(trying common venv first)
Installing requirements into the virtual environment /home/qianhuiwang/cpython/build-purecap
# /home/qianhuiwang/cpython/build-purecap/python -m pip install sqlglot==4.6.0 pyperf==2.9.0
Requirement already satisfied: sqlglot==4.6.0 in ./lib/python3.12/site-packages (4.6.0)
Requirement already satisfied: pyperf==2.9.0 in ./lib/python3.12/site-packages (2.9.0)
Requirement already satisfied: psutil>=5.9.0 in ./lib/python3.12/site-packages (from pyperf==2.9.0) (7.0.0)

[notice] A new release of pip is available: 25.0.1 -> 25.1
[notice] To update, run: /home/qianhuiwang/cpython/build-purecap/python -m pip install --upgrade pip
Installing requirements into the virtual environment /home/qianhuiwang/cpython/build-purecap
# /home/qianhuiwang/cpython/build-purecap/python -m pip install psutil
Requirement already satisfied: psutil in ./lib/python3.12/site-packages (7.0.0)

[notice] A new release of pip is available: 25.0.1 -> 25.1
[notice] To update, run: /home/qianhuiwang/cpython/build-purecap/python -m pip install --upgrade pip
# /home/qianhuiwang/cpython/build-purecap/python -m pip freeze
alabaster==0.7.16
asgiref==3.6.0
babel==2.17.0
build==1.2.2.post1
certifi==2021.5.30
Chameleon==3.9.1
charset-normalizer==3.4.1
coverage==7.3.2
Django==4.2
docutils==0.21.2
dulwich==0.20.23
Genshi==0.7.7
html5lib==1.1
idna==3.10
imagesize==1.4.1
Jinja2==3.1.6
legacy-cgi==2.6
Mako==1.1.4
MarkupSafe==2.0.1
mpmath==1.2.1
networkx==3.4.2
packaging==24.2
psutil==7.0.0
pyaes==1.6.1
Pygments==2.19.1
pyperf==2.9.0
pyperformance @ file:///home/qianhuiwang/cpython/site-packages/pyperformance/dist/pyperformance-1.11.0-py3-none-any.whl#sha256=5e7db3719781f5aaaa31704d7bc2566ec18ade1aa74b998aae4e93a9ebbaa849
pyproject_hooks==1.2.0
python-docs-theme==2024.6
pytz==2021.1
requests==2.32.3
setuptools==78.1.0
six==1.16.0
snowballstemmer==2.2.0
Sphinx==7.3.7
sphinxcontrib-applehelp==2.0.0
sphinxcontrib-devhelp==2.0.0
sphinxcontrib-htmlhelp==2.1.0
sphinxcontrib-jsmath==1.0.1
sphinxcontrib-qthelp==2.0.0
sphinxcontrib-serializinghtml==2.0.0
sqlglot==4.6.0
sqlparse==0.4.1
sympy==1.13.0
urllib3==1.26.5
webencodings==0.5.1
# /home/qianhuiwang/cpython/build-purecap/python -m pip freeze
alabaster==0.7.16
asgiref==3.6.0
babel==2.17.0
build==1.2.2.post1
certifi==2021.5.30
Chameleon==3.9.1
charset-normalizer==3.4.1
coverage==7.3.2
Django==4.2
docutils==0.21.2
dulwich==0.20.23
Genshi==0.7.7
html5lib==1.1
idna==3.10
imagesize==1.4.1
Jinja2==3.1.6
legacy-cgi==2.6
Mako==1.1.4
MarkupSafe==2.0.1
mpmath==1.2.1
networkx==3.4.2
packaging==24.2
psutil==7.0.0
pyaes==1.6.1
Pygments==2.19.1
pyperf==2.9.0
pyperformance @ file:///home/qianhuiwang/cpython/site-packages/pyperformance/dist/pyperformance-1.11.0-py3-none-any.whl#sha256=5e7db3719781f5aaaa31704d7bc2566ec18ade1aa74b998aae4e93a9ebbaa849
pyproject_hooks==1.2.0
python-docs-theme==2024.6
pytz==2021.1
requests==2.32.3
setuptools==78.1.0
six==1.16.0
snowballstemmer==2.2.0
Sphinx==7.3.7
sphinxcontrib-applehelp==2.0.0
sphinxcontrib-devhelp==2.0.0
sphinxcontrib-htmlhelp==2.1.0
sphinxcontrib-jsmath==1.0.1
sphinxcontrib-qthelp==2.0.0
sphinxcontrib-serializinghtml==2.0.0
sqlglot==4.6.0
sqlparse==0.4.1
sympy==1.13.0
urllib3==1.26.5
webencodings==0.5.1

==================================================
(73/83) creating venv for benchmark (sqlglot_v2_parse)

(trying common venv first)
Installing requirements into the virtual environment /home/qianhuiwang/cpython/build-purecap
# /home/qianhuiwang/cpython/build-purecap/python -m pip install sqlglot==4.6.0 pyperf==2.9.0
Requirement already satisfied: sqlglot==4.6.0 in ./lib/python3.12/site-packages (4.6.0)
Requirement already satisfied: pyperf==2.9.0 in ./lib/python3.12/site-packages (2.9.0)
Requirement already satisfied: psutil>=5.9.0 in ./lib/python3.12/site-packages (from pyperf==2.9.0) (7.0.0)

[notice] A new release of pip is available: 25.0.1 -> 25.1
[notice] To update, run: /home/qianhuiwang/cpython/build-purecap/python -m pip install --upgrade pip
Installing requirements into the virtual environment /home/qianhuiwang/cpython/build-purecap
# /home/qianhuiwang/cpython/build-purecap/python -m pip install psutil
Requirement already satisfied: psutil in ./lib/python3.12/site-packages (7.0.0)

[notice] A new release of pip is available: 25.0.1 -> 25.1
[notice] To update, run: /home/qianhuiwang/cpython/build-purecap/python -m pip install --upgrade pip
# /home/qianhuiwang/cpython/build-purecap/python -m pip freeze
alabaster==0.7.16
asgiref==3.6.0
babel==2.17.0
build==1.2.2.post1
certifi==2021.5.30
Chameleon==3.9.1
charset-normalizer==3.4.1
coverage==7.3.2
Django==4.2
docutils==0.21.2
dulwich==0.20.23
Genshi==0.7.7
html5lib==1.1
idna==3.10
imagesize==1.4.1
Jinja2==3.1.6
legacy-cgi==2.6
Mako==1.1.4
MarkupSafe==2.0.1
mpmath==1.2.1
networkx==3.4.2
packaging==24.2
psutil==7.0.0
pyaes==1.6.1
Pygments==2.19.1
pyperf==2.9.0
pyperformance @ file:///home/qianhuiwang/cpython/site-packages/pyperformance/dist/pyperformance-1.11.0-py3-none-any.whl#sha256=5e7db3719781f5aaaa31704d7bc2566ec18ade1aa74b998aae4e93a9ebbaa849
pyproject_hooks==1.2.0
python-docs-theme==2024.6
pytz==2021.1
requests==2.32.3
setuptools==78.1.0
six==1.16.0
snowballstemmer==2.2.0
Sphinx==7.3.7
sphinxcontrib-applehelp==2.0.0
sphinxcontrib-devhelp==2.0.0
sphinxcontrib-htmlhelp==2.1.0
sphinxcontrib-jsmath==1.0.1
sphinxcontrib-qthelp==2.0.0
sphinxcontrib-serializinghtml==2.0.0
sqlglot==4.6.0
sqlparse==0.4.1
sympy==1.13.0
urllib3==1.26.5
webencodings==0.5.1
# /home/qianhuiwang/cpython/build-purecap/python -m pip freeze
alabaster==0.7.16
asgiref==3.6.0
babel==2.17.0
build==1.2.2.post1
certifi==2021.5.30
Chameleon==3.9.1
charset-normalizer==3.4.1
coverage==7.3.2
Django==4.2
docutils==0.21.2
dulwich==0.20.23
Genshi==0.7.7
html5lib==1.1
idna==3.10
imagesize==1.4.1
Jinja2==3.1.6
legacy-cgi==2.6
Mako==1.1.4
MarkupSafe==2.0.1
mpmath==1.2.1
networkx==3.4.2
packaging==24.2
psutil==7.0.0
pyaes==1.6.1
Pygments==2.19.1
pyperf==2.9.0
pyperformance @ file:///home/qianhuiwang/cpython/site-packages/pyperformance/dist/pyperformance-1.11.0-py3-none-any.whl#sha256=5e7db3719781f5aaaa31704d7bc2566ec18ade1aa74b998aae4e93a9ebbaa849
pyproject_hooks==1.2.0
python-docs-theme==2024.6
pytz==2021.1
requests==2.32.3
setuptools==78.1.0
six==1.16.0
snowballstemmer==2.2.0
Sphinx==7.3.7
sphinxcontrib-applehelp==2.0.0
sphinxcontrib-devhelp==2.0.0
sphinxcontrib-htmlhelp==2.1.0
sphinxcontrib-jsmath==1.0.1
sphinxcontrib-qthelp==2.0.0
sphinxcontrib-serializinghtml==2.0.0
sqlglot==4.6.0
sqlparse==0.4.1
sympy==1.13.0
urllib3==1.26.5
webencodings==0.5.1

==================================================
(74/83) creating venv for benchmark (sqlglot_v2_transpile)

(trying common venv first)
Installing requirements into the virtual environment /home/qianhuiwang/cpython/build-purecap
# /home/qianhuiwang/cpython/build-purecap/python -m pip install sqlglot==4.6.0 pyperf==2.9.0
Requirement already satisfied: sqlglot==4.6.0 in ./lib/python3.12/site-packages (4.6.0)
Requirement already satisfied: pyperf==2.9.0 in ./lib/python3.12/site-packages (2.9.0)
Requirement already satisfied: psutil>=5.9.0 in ./lib/python3.12/site-packages (from pyperf==2.9.0) (7.0.0)

[notice] A new release of pip is available: 25.0.1 -> 25.1
[notice] To update, run: /home/qianhuiwang/cpython/build-purecap/python -m pip install --upgrade pip
Installing requirements into the virtual environment /home/qianhuiwang/cpython/build-purecap
# /home/qianhuiwang/cpython/build-purecap/python -m pip install psutil
Requirement already satisfied: psutil in ./lib/python3.12/site-packages (7.0.0)

[notice] A new release of pip is available: 25.0.1 -> 25.1
[notice] To update, run: /home/qianhuiwang/cpython/build-purecap/python -m pip install --upgrade pip
# /home/qianhuiwang/cpython/build-purecap/python -m pip freeze
alabaster==0.7.16
asgiref==3.6.0
babel==2.17.0
build==1.2.2.post1
certifi==2021.5.30
Chameleon==3.9.1
charset-normalizer==3.4.1
coverage==7.3.2
Django==4.2
docutils==0.21.2
dulwich==0.20.23
Genshi==0.7.7
html5lib==1.1
idna==3.10
imagesize==1.4.1
Jinja2==3.1.6
legacy-cgi==2.6
Mako==1.1.4
MarkupSafe==2.0.1
mpmath==1.2.1
networkx==3.4.2
packaging==24.2
psutil==7.0.0
pyaes==1.6.1
Pygments==2.19.1
pyperf==2.9.0
pyperformance @ file:///home/qianhuiwang/cpython/site-packages/pyperformance/dist/pyperformance-1.11.0-py3-none-any.whl#sha256=5e7db3719781f5aaaa31704d7bc2566ec18ade1aa74b998aae4e93a9ebbaa849
pyproject_hooks==1.2.0
python-docs-theme==2024.6
pytz==2021.1
requests==2.32.3
setuptools==78.1.0
six==1.16.0
snowballstemmer==2.2.0
Sphinx==7.3.7
sphinxcontrib-applehelp==2.0.0
sphinxcontrib-devhelp==2.0.0
sphinxcontrib-htmlhelp==2.1.0
sphinxcontrib-jsmath==1.0.1
sphinxcontrib-qthelp==2.0.0
sphinxcontrib-serializinghtml==2.0.0
sqlglot==4.6.0
sqlparse==0.4.1
sympy==1.13.0
urllib3==1.26.5
webencodings==0.5.1
# /home/qianhuiwang/cpython/build-purecap/python -m pip freeze
alabaster==0.7.16
asgiref==3.6.0
babel==2.17.0
build==1.2.2.post1
certifi==2021.5.30
Chameleon==3.9.1
charset-normalizer==3.4.1
coverage==7.3.2
Django==4.2
docutils==0.21.2
dulwich==0.20.23
Genshi==0.7.7
html5lib==1.1
idna==3.10
imagesize==1.4.1
Jinja2==3.1.6
legacy-cgi==2.6
Mako==1.1.4
MarkupSafe==2.0.1
mpmath==1.2.1
networkx==3.4.2
packaging==24.2
psutil==7.0.0
pyaes==1.6.1
Pygments==2.19.1
pyperf==2.9.0
pyperformance @ file:///home/qianhuiwang/cpython/site-packages/pyperformance/dist/pyperformance-1.11.0-py3-none-any.whl#sha256=5e7db3719781f5aaaa31704d7bc2566ec18ade1aa74b998aae4e93a9ebbaa849
pyproject_hooks==1.2.0
python-docs-theme==2024.6
pytz==2021.1
requests==2.32.3
setuptools==78.1.0
six==1.16.0
snowballstemmer==2.2.0
Sphinx==7.3.7
sphinxcontrib-applehelp==2.0.0
sphinxcontrib-devhelp==2.0.0
sphinxcontrib-htmlhelp==2.1.0
sphinxcontrib-jsmath==1.0.1
sphinxcontrib-qthelp==2.0.0
sphinxcontrib-serializinghtml==2.0.0
sqlglot==4.6.0
sqlparse==0.4.1
sympy==1.13.0
urllib3==1.26.5
webencodings==0.5.1

==================================================
(75/83) creating venv for benchmark (sqlite_synth)

(trying common venv first)
Installing requirements into the virtual environment /home/qianhuiwang/cpython/build-purecap
# /home/qianhuiwang/cpython/build-purecap/python -m pip install pyperf==2.9.0
Requirement already satisfied: pyperf==2.9.0 in ./lib/python3.12/site-packages (2.9.0)
Requirement already satisfied: psutil>=5.9.0 in ./lib/python3.12/site-packages (from pyperf==2.9.0) (7.0.0)

[notice] A new release of pip is available: 25.0.1 -> 25.1
[notice] To update, run: /home/qianhuiwang/cpython/build-purecap/python -m pip install --upgrade pip
Installing requirements into the virtual environment /home/qianhuiwang/cpython/build-purecap
# /home/qianhuiwang/cpython/build-purecap/python -m pip install psutil
Requirement already satisfied: psutil in ./lib/python3.12/site-packages (7.0.0)

[notice] A new release of pip is available: 25.0.1 -> 25.1
[notice] To update, run: /home/qianhuiwang/cpython/build-purecap/python -m pip install --upgrade pip
# /home/qianhuiwang/cpython/build-purecap/python -m pip freeze
alabaster==0.7.16
asgiref==3.6.0
babel==2.17.0
build==1.2.2.post1
certifi==2021.5.30
Chameleon==3.9.1
charset-normalizer==3.4.1
coverage==7.3.2
Django==4.2
docutils==0.21.2
dulwich==0.20.23
Genshi==0.7.7
html5lib==1.1
idna==3.10
imagesize==1.4.1
Jinja2==3.1.6
legacy-cgi==2.6
Mako==1.1.4
MarkupSafe==2.0.1
mpmath==1.2.1
networkx==3.4.2
packaging==24.2
psutil==7.0.0
pyaes==1.6.1
Pygments==2.19.1
pyperf==2.9.0
pyperformance @ file:///home/qianhuiwang/cpython/site-packages/pyperformance/dist/pyperformance-1.11.0-py3-none-any.whl#sha256=5e7db3719781f5aaaa31704d7bc2566ec18ade1aa74b998aae4e93a9ebbaa849
pyproject_hooks==1.2.0
python-docs-theme==2024.6
pytz==2021.1
requests==2.32.3
setuptools==78.1.0
six==1.16.0
snowballstemmer==2.2.0
Sphinx==7.3.7
sphinxcontrib-applehelp==2.0.0
sphinxcontrib-devhelp==2.0.0
sphinxcontrib-htmlhelp==2.1.0
sphinxcontrib-jsmath==1.0.1
sphinxcontrib-qthelp==2.0.0
sphinxcontrib-serializinghtml==2.0.0
sqlglot==4.6.0
sqlparse==0.4.1
sympy==1.13.0
urllib3==1.26.5
webencodings==0.5.1
# /home/qianhuiwang/cpython/build-purecap/python -m pip freeze
alabaster==0.7.16
asgiref==3.6.0
babel==2.17.0
build==1.2.2.post1
certifi==2021.5.30
Chameleon==3.9.1
charset-normalizer==3.4.1
coverage==7.3.2
Django==4.2
docutils==0.21.2
dulwich==0.20.23
Genshi==0.7.7
html5lib==1.1
idna==3.10
imagesize==1.4.1
Jinja2==3.1.6
legacy-cgi==2.6
Mako==1.1.4
MarkupSafe==2.0.1
mpmath==1.2.1
networkx==3.4.2
packaging==24.2
psutil==7.0.0
pyaes==1.6.1
Pygments==2.19.1
pyperf==2.9.0
pyperformance @ file:///home/qianhuiwang/cpython/site-packages/pyperformance/dist/pyperformance-1.11.0-py3-none-any.whl#sha256=5e7db3719781f5aaaa31704d7bc2566ec18ade1aa74b998aae4e93a9ebbaa849
pyproject_hooks==1.2.0
python-docs-theme==2024.6
pytz==2021.1
requests==2.32.3
setuptools==78.1.0
six==1.16.0
snowballstemmer==2.2.0
Sphinx==7.3.7
sphinxcontrib-applehelp==2.0.0
sphinxcontrib-devhelp==2.0.0
sphinxcontrib-htmlhelp==2.1.0
sphinxcontrib-jsmath==1.0.1
sphinxcontrib-qthelp==2.0.0
sphinxcontrib-serializinghtml==2.0.0
sqlglot==4.6.0
sqlparse==0.4.1
sympy==1.13.0
urllib3==1.26.5
webencodings==0.5.1

==================================================
(76/83) creating venv for benchmark (sympy)

(trying common venv first)
Installing requirements into the virtual environment /home/qianhuiwang/cpython/build-purecap
# /home/qianhuiwang/cpython/build-purecap/python -m pip install mpmath==1.2.1 sympy==1.13 pyperf==2.9.0
Requirement already satisfied: mpmath==1.2.1 in ./lib/python3.12/site-packages (1.2.1)
Requirement already satisfied: sympy==1.13 in ./lib/python3.12/site-packages (1.13.0)
Requirement already satisfied: pyperf==2.9.0 in ./lib/python3.12/site-packages (2.9.0)
Requirement already satisfied: psutil>=5.9.0 in ./lib/python3.12/site-packages (from pyperf==2.9.0) (7.0.0)

[notice] A new release of pip is available: 25.0.1 -> 25.1
[notice] To update, run: /home/qianhuiwang/cpython/build-purecap/python -m pip install --upgrade pip
Installing requirements into the virtual environment /home/qianhuiwang/cpython/build-purecap
# /home/qianhuiwang/cpython/build-purecap/python -m pip install psutil
Requirement already satisfied: psutil in ./lib/python3.12/site-packages (7.0.0)

[notice] A new release of pip is available: 25.0.1 -> 25.1
[notice] To update, run: /home/qianhuiwang/cpython/build-purecap/python -m pip install --upgrade pip
# /home/qianhuiwang/cpython/build-purecap/python -m pip freeze
alabaster==0.7.16
asgiref==3.6.0
babel==2.17.0
build==1.2.2.post1
certifi==2021.5.30
Chameleon==3.9.1
charset-normalizer==3.4.1
coverage==7.3.2
Django==4.2
docutils==0.21.2
dulwich==0.20.23
Genshi==0.7.7
html5lib==1.1
idna==3.10
imagesize==1.4.1
Jinja2==3.1.6
legacy-cgi==2.6
Mako==1.1.4
MarkupSafe==2.0.1
mpmath==1.2.1
networkx==3.4.2
packaging==24.2
psutil==7.0.0
pyaes==1.6.1
Pygments==2.19.1
pyperf==2.9.0
pyperformance @ file:///home/qianhuiwang/cpython/site-packages/pyperformance/dist/pyperformance-1.11.0-py3-none-any.whl#sha256=5e7db3719781f5aaaa31704d7bc2566ec18ade1aa74b998aae4e93a9ebbaa849
pyproject_hooks==1.2.0
python-docs-theme==2024.6
pytz==2021.1
requests==2.32.3
setuptools==78.1.0
six==1.16.0
snowballstemmer==2.2.0
Sphinx==7.3.7
sphinxcontrib-applehelp==2.0.0
sphinxcontrib-devhelp==2.0.0
sphinxcontrib-htmlhelp==2.1.0
sphinxcontrib-jsmath==1.0.1
sphinxcontrib-qthelp==2.0.0
sphinxcontrib-serializinghtml==2.0.0
sqlglot==4.6.0
sqlparse==0.4.1
sympy==1.13.0
urllib3==1.26.5
webencodings==0.5.1
# /home/qianhuiwang/cpython/build-purecap/python -m pip freeze
alabaster==0.7.16
asgiref==3.6.0
babel==2.17.0
build==1.2.2.post1
certifi==2021.5.30
Chameleon==3.9.1
charset-normalizer==3.4.1
coverage==7.3.2
Django==4.2
docutils==0.21.2
dulwich==0.20.23
Genshi==0.7.7
html5lib==1.1
idna==3.10
imagesize==1.4.1
Jinja2==3.1.6
legacy-cgi==2.6
Mako==1.1.4
MarkupSafe==2.0.1
mpmath==1.2.1
networkx==3.4.2
packaging==24.2
psutil==7.0.0
pyaes==1.6.1
Pygments==2.19.1
pyperf==2.9.0
pyperformance @ file:///home/qianhuiwang/cpython/site-packages/pyperformance/dist/pyperformance-1.11.0-py3-none-any.whl#sha256=5e7db3719781f5aaaa31704d7bc2566ec18ade1aa74b998aae4e93a9ebbaa849
pyproject_hooks==1.2.0
python-docs-theme==2024.6
pytz==2021.1
requests==2.32.3
setuptools==78.1.0
six==1.16.0
snowballstemmer==2.2.0
Sphinx==7.3.7
sphinxcontrib-applehelp==2.0.0
sphinxcontrib-devhelp==2.0.0
sphinxcontrib-htmlhelp==2.1.0
sphinxcontrib-jsmath==1.0.1
sphinxcontrib-qthelp==2.0.0
sphinxcontrib-serializinghtml==2.0.0
sqlglot==4.6.0
sqlparse==0.4.1
sympy==1.13.0
urllib3==1.26.5
webencodings==0.5.1

==================================================
(77/83) creating venv for benchmark (telco)

(trying common venv first)
Installing requirements into the virtual environment /home/qianhuiwang/cpython/build-purecap
# /home/qianhuiwang/cpython/build-purecap/python -m pip install pyperf==2.9.0
Requirement already satisfied: pyperf==2.9.0 in ./lib/python3.12/site-packages (2.9.0)
Requirement already satisfied: psutil>=5.9.0 in ./lib/python3.12/site-packages (from pyperf==2.9.0) (7.0.0)

[notice] A new release of pip is available: 25.0.1 -> 25.1
[notice] To update, run: /home/qianhuiwang/cpython/build-purecap/python -m pip install --upgrade pip
Installing requirements into the virtual environment /home/qianhuiwang/cpython/build-purecap
# /home/qianhuiwang/cpython/build-purecap/python -m pip install psutil
Requirement already satisfied: psutil in ./lib/python3.12/site-packages (7.0.0)

[notice] A new release of pip is available: 25.0.1 -> 25.1
[notice] To update, run: /home/qianhuiwang/cpython/build-purecap/python -m pip install --upgrade pip
# /home/qianhuiwang/cpython/build-purecap/python -m pip freeze
alabaster==0.7.16
asgiref==3.6.0
babel==2.17.0
build==1.2.2.post1
certifi==2021.5.30
Chameleon==3.9.1
charset-normalizer==3.4.1
coverage==7.3.2
Django==4.2
docutils==0.21.2
dulwich==0.20.23
Genshi==0.7.7
html5lib==1.1
idna==3.10
imagesize==1.4.1
Jinja2==3.1.6
legacy-cgi==2.6
Mako==1.1.4
MarkupSafe==2.0.1
mpmath==1.2.1
networkx==3.4.2
packaging==24.2
psutil==7.0.0
pyaes==1.6.1
Pygments==2.19.1
pyperf==2.9.0
pyperformance @ file:///home/qianhuiwang/cpython/site-packages/pyperformance/dist/pyperformance-1.11.0-py3-none-any.whl#sha256=5e7db3719781f5aaaa31704d7bc2566ec18ade1aa74b998aae4e93a9ebbaa849
pyproject_hooks==1.2.0
python-docs-theme==2024.6
pytz==2021.1
requests==2.32.3
setuptools==78.1.0
six==1.16.0
snowballstemmer==2.2.0
Sphinx==7.3.7
sphinxcontrib-applehelp==2.0.0
sphinxcontrib-devhelp==2.0.0
sphinxcontrib-htmlhelp==2.1.0
sphinxcontrib-jsmath==1.0.1
sphinxcontrib-qthelp==2.0.0
sphinxcontrib-serializinghtml==2.0.0
sqlglot==4.6.0
sqlparse==0.4.1
sympy==1.13.0
urllib3==1.26.5
webencodings==0.5.1
# /home/qianhuiwang/cpython/build-purecap/python -m pip freeze
alabaster==0.7.16
asgiref==3.6.0
babel==2.17.0
build==1.2.2.post1
certifi==2021.5.30
Chameleon==3.9.1
charset-normalizer==3.4.1
coverage==7.3.2
Django==4.2
docutils==0.21.2
dulwich==0.20.23
Genshi==0.7.7
html5lib==1.1
idna==3.10
imagesize==1.4.1
Jinja2==3.1.6
legacy-cgi==2.6
Mako==1.1.4
MarkupSafe==2.0.1
mpmath==1.2.1
networkx==3.4.2
packaging==24.2
psutil==7.0.0
pyaes==1.6.1
Pygments==2.19.1
pyperf==2.9.0
pyperformance @ file:///home/qianhuiwang/cpython/site-packages/pyperformance/dist/pyperformance-1.11.0-py3-none-any.whl#sha256=5e7db3719781f5aaaa31704d7bc2566ec18ade1aa74b998aae4e93a9ebbaa849
pyproject_hooks==1.2.0
python-docs-theme==2024.6
pytz==2021.1
requests==2.32.3
setuptools==78.1.0
six==1.16.0
snowballstemmer==2.2.0
Sphinx==7.3.7
sphinxcontrib-applehelp==2.0.0
sphinxcontrib-devhelp==2.0.0
sphinxcontrib-htmlhelp==2.1.0
sphinxcontrib-jsmath==1.0.1
sphinxcontrib-qthelp==2.0.0
sphinxcontrib-serializinghtml==2.0.0
sqlglot==4.6.0
sqlparse==0.4.1
sympy==1.13.0
urllib3==1.26.5
webencodings==0.5.1

==================================================
(78/83) creating venv for benchmark (typing_runtime_protocols)

(trying common venv first)
Installing requirements into the virtual environment /home/qianhuiwang/cpython/build-purecap
# /home/qianhuiwang/cpython/build-purecap/python -m pip install pyperf==2.9.0
Requirement already satisfied: pyperf==2.9.0 in ./lib/python3.12/site-packages (2.9.0)
Requirement already satisfied: psutil>=5.9.0 in ./lib/python3.12/site-packages (from pyperf==2.9.0) (7.0.0)

[notice] A new release of pip is available: 25.0.1 -> 25.1
[notice] To update, run: /home/qianhuiwang/cpython/build-purecap/python -m pip install --upgrade pip
Installing requirements into the virtual environment /home/qianhuiwang/cpython/build-purecap
# /home/qianhuiwang/cpython/build-purecap/python -m pip install psutil
Requirement already satisfied: psutil in ./lib/python3.12/site-packages (7.0.0)

[notice] A new release of pip is available: 25.0.1 -> 25.1
[notice] To update, run: /home/qianhuiwang/cpython/build-purecap/python -m pip install --upgrade pip
# /home/qianhuiwang/cpython/build-purecap/python -m pip freeze
alabaster==0.7.16
asgiref==3.6.0
babel==2.17.0
build==1.2.2.post1
certifi==2021.5.30
Chameleon==3.9.1
charset-normalizer==3.4.1
coverage==7.3.2
Django==4.2
docutils==0.21.2
dulwich==0.20.23
Genshi==0.7.7
html5lib==1.1
idna==3.10
imagesize==1.4.1
Jinja2==3.1.6
legacy-cgi==2.6
Mako==1.1.4
MarkupSafe==2.0.1
mpmath==1.2.1
networkx==3.4.2
packaging==24.2
psutil==7.0.0
pyaes==1.6.1
Pygments==2.19.1
pyperf==2.9.0
pyperformance @ file:///home/qianhuiwang/cpython/site-packages/pyperformance/dist/pyperformance-1.11.0-py3-none-any.whl#sha256=5e7db3719781f5aaaa31704d7bc2566ec18ade1aa74b998aae4e93a9ebbaa849
pyproject_hooks==1.2.0
python-docs-theme==2024.6
pytz==2021.1
requests==2.32.3
setuptools==78.1.0
six==1.16.0
snowballstemmer==2.2.0
Sphinx==7.3.7
sphinxcontrib-applehelp==2.0.0
sphinxcontrib-devhelp==2.0.0
sphinxcontrib-htmlhelp==2.1.0
sphinxcontrib-jsmath==1.0.1
sphinxcontrib-qthelp==2.0.0
sphinxcontrib-serializinghtml==2.0.0
sqlglot==4.6.0
sqlparse==0.4.1
sympy==1.13.0
urllib3==1.26.5
webencodings==0.5.1
# /home/qianhuiwang/cpython/build-purecap/python -m pip freeze
alabaster==0.7.16
asgiref==3.6.0
babel==2.17.0
build==1.2.2.post1
certifi==2021.5.30
Chameleon==3.9.1
charset-normalizer==3.4.1
coverage==7.3.2
Django==4.2
docutils==0.21.2
dulwich==0.20.23
Genshi==0.7.7
html5lib==1.1
idna==3.10
imagesize==1.4.1
Jinja2==3.1.6
legacy-cgi==2.6
Mako==1.1.4
MarkupSafe==2.0.1
mpmath==1.2.1
networkx==3.4.2
packaging==24.2
psutil==7.0.0
pyaes==1.6.1
Pygments==2.19.1
pyperf==2.9.0
pyperformance @ file:///home/qianhuiwang/cpython/site-packages/pyperformance/dist/pyperformance-1.11.0-py3-none-any.whl#sha256=5e7db3719781f5aaaa31704d7bc2566ec18ade1aa74b998aae4e93a9ebbaa849
pyproject_hooks==1.2.0
python-docs-theme==2024.6
pytz==2021.1
requests==2.32.3
setuptools==78.1.0
six==1.16.0
snowballstemmer==2.2.0
Sphinx==7.3.7
sphinxcontrib-applehelp==2.0.0
sphinxcontrib-devhelp==2.0.0
sphinxcontrib-htmlhelp==2.1.0
sphinxcontrib-jsmath==1.0.1
sphinxcontrib-qthelp==2.0.0
sphinxcontrib-serializinghtml==2.0.0
sqlglot==4.6.0
sqlparse==0.4.1
sympy==1.13.0
urllib3==1.26.5
webencodings==0.5.1

==================================================
(79/83) creating venv for benchmark (unpack_sequence)

(trying common venv first)
Installing requirements into the virtual environment /home/qianhuiwang/cpython/build-purecap
# /home/qianhuiwang/cpython/build-purecap/python -m pip install pyperf==2.9.0
Requirement already satisfied: pyperf==2.9.0 in ./lib/python3.12/site-packages (2.9.0)
Requirement already satisfied: psutil>=5.9.0 in ./lib/python3.12/site-packages (from pyperf==2.9.0) (7.0.0)

[notice] A new release of pip is available: 25.0.1 -> 25.1
[notice] To update, run: /home/qianhuiwang/cpython/build-purecap/python -m pip install --upgrade pip
Installing requirements into the virtual environment /home/qianhuiwang/cpython/build-purecap
# /home/qianhuiwang/cpython/build-purecap/python -m pip install psutil
Requirement already satisfied: psutil in ./lib/python3.12/site-packages (7.0.0)

[notice] A new release of pip is available: 25.0.1 -> 25.1
[notice] To update, run: /home/qianhuiwang/cpython/build-purecap/python -m pip install --upgrade pip
# /home/qianhuiwang/cpython/build-purecap/python -m pip freeze
alabaster==0.7.16
asgiref==3.6.0
babel==2.17.0
build==1.2.2.post1
certifi==2021.5.30
Chameleon==3.9.1
charset-normalizer==3.4.1
coverage==7.3.2
Django==4.2
docutils==0.21.2
dulwich==0.20.23
Genshi==0.7.7
html5lib==1.1
idna==3.10
imagesize==1.4.1
Jinja2==3.1.6
legacy-cgi==2.6
Mako==1.1.4
MarkupSafe==2.0.1
mpmath==1.2.1
networkx==3.4.2
packaging==24.2
psutil==7.0.0
pyaes==1.6.1
Pygments==2.19.1
pyperf==2.9.0
pyperformance @ file:///home/qianhuiwang/cpython/site-packages/pyperformance/dist/pyperformance-1.11.0-py3-none-any.whl#sha256=5e7db3719781f5aaaa31704d7bc2566ec18ade1aa74b998aae4e93a9ebbaa849
pyproject_hooks==1.2.0
python-docs-theme==2024.6
pytz==2021.1
requests==2.32.3
setuptools==78.1.0
six==1.16.0
snowballstemmer==2.2.0
Sphinx==7.3.7
sphinxcontrib-applehelp==2.0.0
sphinxcontrib-devhelp==2.0.0
sphinxcontrib-htmlhelp==2.1.0
sphinxcontrib-jsmath==1.0.1
sphinxcontrib-qthelp==2.0.0
sphinxcontrib-serializinghtml==2.0.0
sqlglot==4.6.0
sqlparse==0.4.1
sympy==1.13.0
urllib3==1.26.5
webencodings==0.5.1
# /home/qianhuiwang/cpython/build-purecap/python -m pip freeze
alabaster==0.7.16
asgiref==3.6.0
babel==2.17.0
build==1.2.2.post1
certifi==2021.5.30
Chameleon==3.9.1
charset-normalizer==3.4.1
coverage==7.3.2
Django==4.2
docutils==0.21.2
dulwich==0.20.23
Genshi==0.7.7
html5lib==1.1
idna==3.10
imagesize==1.4.1
Jinja2==3.1.6
legacy-cgi==2.6
Mako==1.1.4
MarkupSafe==2.0.1
mpmath==1.2.1
networkx==3.4.2
packaging==24.2
psutil==7.0.0
pyaes==1.6.1
Pygments==2.19.1
pyperf==2.9.0
pyperformance @ file:///home/qianhuiwang/cpython/site-packages/pyperformance/dist/pyperformance-1.11.0-py3-none-any.whl#sha256=5e7db3719781f5aaaa31704d7bc2566ec18ade1aa74b998aae4e93a9ebbaa849
pyproject_hooks==1.2.0
python-docs-theme==2024.6
pytz==2021.1
requests==2.32.3
setuptools==78.1.0
six==1.16.0
snowballstemmer==2.2.0
Sphinx==7.3.7
sphinxcontrib-applehelp==2.0.0
sphinxcontrib-devhelp==2.0.0
sphinxcontrib-htmlhelp==2.1.0
sphinxcontrib-jsmath==1.0.1
sphinxcontrib-qthelp==2.0.0
sphinxcontrib-serializinghtml==2.0.0
sqlglot==4.6.0
sqlparse==0.4.1
sympy==1.13.0
urllib3==1.26.5
webencodings==0.5.1

==================================================
(80/83) creating venv for benchmark (unpickle)

(trying common venv first)
Installing requirements into the virtual environment /home/qianhuiwang/cpython/build-purecap
# /home/qianhuiwang/cpython/build-purecap/python -m pip install pyperf==2.9.0
Requirement already satisfied: pyperf==2.9.0 in ./lib/python3.12/site-packages (2.9.0)
Requirement already satisfied: psutil>=5.9.0 in ./lib/python3.12/site-packages (from pyperf==2.9.0) (7.0.0)

[notice] A new release of pip is available: 25.0.1 -> 25.1
[notice] To update, run: /home/qianhuiwang/cpython/build-purecap/python -m pip install --upgrade pip
Installing requirements into the virtual environment /home/qianhuiwang/cpython/build-purecap
# /home/qianhuiwang/cpython/build-purecap/python -m pip install psutil
Requirement already satisfied: psutil in ./lib/python3.12/site-packages (7.0.0)

[notice] A new release of pip is available: 25.0.1 -> 25.1
[notice] To update, run: /home/qianhuiwang/cpython/build-purecap/python -m pip install --upgrade pip
# /home/qianhuiwang/cpython/build-purecap/python -m pip freeze
alabaster==0.7.16
asgiref==3.6.0
babel==2.17.0
build==1.2.2.post1
certifi==2021.5.30
Chameleon==3.9.1
charset-normalizer==3.4.1
coverage==7.3.2
Django==4.2
docutils==0.21.2
dulwich==0.20.23
Genshi==0.7.7
html5lib==1.1
idna==3.10
imagesize==1.4.1
Jinja2==3.1.6
legacy-cgi==2.6
Mako==1.1.4
MarkupSafe==2.0.1
mpmath==1.2.1
networkx==3.4.2
packaging==24.2
psutil==7.0.0
pyaes==1.6.1
Pygments==2.19.1
pyperf==2.9.0
pyperformance @ file:///home/qianhuiwang/cpython/site-packages/pyperformance/dist/pyperformance-1.11.0-py3-none-any.whl#sha256=5e7db3719781f5aaaa31704d7bc2566ec18ade1aa74b998aae4e93a9ebbaa849
pyproject_hooks==1.2.0
python-docs-theme==2024.6
pytz==2021.1
requests==2.32.3
setuptools==78.1.0
six==1.16.0
snowballstemmer==2.2.0
Sphinx==7.3.7
sphinxcontrib-applehelp==2.0.0
sphinxcontrib-devhelp==2.0.0
sphinxcontrib-htmlhelp==2.1.0
sphinxcontrib-jsmath==1.0.1
sphinxcontrib-qthelp==2.0.0
sphinxcontrib-serializinghtml==2.0.0
sqlglot==4.6.0
sqlparse==0.4.1
sympy==1.13.0
urllib3==1.26.5
webencodings==0.5.1
# /home/qianhuiwang/cpython/build-purecap/python -m pip freeze
alabaster==0.7.16
asgiref==3.6.0
babel==2.17.0
build==1.2.2.post1
certifi==2021.5.30
Chameleon==3.9.1
charset-normalizer==3.4.1
coverage==7.3.2
Django==4.2
docutils==0.21.2
dulwich==0.20.23
Genshi==0.7.7
html5lib==1.1
idna==3.10
imagesize==1.4.1
Jinja2==3.1.6
legacy-cgi==2.6
Mako==1.1.4
MarkupSafe==2.0.1
mpmath==1.2.1
networkx==3.4.2
packaging==24.2
psutil==7.0.0
pyaes==1.6.1
Pygments==2.19.1
pyperf==2.9.0
pyperformance @ file:///home/qianhuiwang/cpython/site-packages/pyperformance/dist/pyperformance-1.11.0-py3-none-any.whl#sha256=5e7db3719781f5aaaa31704d7bc2566ec18ade1aa74b998aae4e93a9ebbaa849
pyproject_hooks==1.2.0
python-docs-theme==2024.6
pytz==2021.1
requests==2.32.3
setuptools==78.1.0
six==1.16.0
snowballstemmer==2.2.0
Sphinx==7.3.7
sphinxcontrib-applehelp==2.0.0
sphinxcontrib-devhelp==2.0.0
sphinxcontrib-htmlhelp==2.1.0
sphinxcontrib-jsmath==1.0.1
sphinxcontrib-qthelp==2.0.0
sphinxcontrib-serializinghtml==2.0.0
sqlglot==4.6.0
sqlparse==0.4.1
sympy==1.13.0
urllib3==1.26.5
webencodings==0.5.1

==================================================
(81/83) creating venv for benchmark (unpickle_list)

(trying common venv first)
Installing requirements into the virtual environment /home/qianhuiwang/cpython/build-purecap
# /home/qianhuiwang/cpython/build-purecap/python -m pip install pyperf==2.9.0
Requirement already satisfied: pyperf==2.9.0 in ./lib/python3.12/site-packages (2.9.0)
Requirement already satisfied: psutil>=5.9.0 in ./lib/python3.12/site-packages (from pyperf==2.9.0) (7.0.0)

[notice] A new release of pip is available: 25.0.1 -> 25.1
[notice] To update, run: /home/qianhuiwang/cpython/build-purecap/python -m pip install --upgrade pip
Installing requirements into the virtual environment /home/qianhuiwang/cpython/build-purecap
# /home/qianhuiwang/cpython/build-purecap/python -m pip install psutil
Requirement already satisfied: psutil in ./lib/python3.12/site-packages (7.0.0)

[notice] A new release of pip is available: 25.0.1 -> 25.1
[notice] To update, run: /home/qianhuiwang/cpython/build-purecap/python -m pip install --upgrade pip
# /home/qianhuiwang/cpython/build-purecap/python -m pip freeze
alabaster==0.7.16
asgiref==3.6.0
babel==2.17.0
build==1.2.2.post1
certifi==2021.5.30
Chameleon==3.9.1
charset-normalizer==3.4.1
coverage==7.3.2
Django==4.2
docutils==0.21.2
dulwich==0.20.23
Genshi==0.7.7
html5lib==1.1
idna==3.10
imagesize==1.4.1
Jinja2==3.1.6
legacy-cgi==2.6
Mako==1.1.4
MarkupSafe==2.0.1
mpmath==1.2.1
networkx==3.4.2
packaging==24.2
psutil==7.0.0
pyaes==1.6.1
Pygments==2.19.1
pyperf==2.9.0
pyperformance @ file:///home/qianhuiwang/cpython/site-packages/pyperformance/dist/pyperformance-1.11.0-py3-none-any.whl#sha256=5e7db3719781f5aaaa31704d7bc2566ec18ade1aa74b998aae4e93a9ebbaa849
pyproject_hooks==1.2.0
python-docs-theme==2024.6
pytz==2021.1
requests==2.32.3
setuptools==78.1.0
six==1.16.0
snowballstemmer==2.2.0
Sphinx==7.3.7
sphinxcontrib-applehelp==2.0.0
sphinxcontrib-devhelp==2.0.0
sphinxcontrib-htmlhelp==2.1.0
sphinxcontrib-jsmath==1.0.1
sphinxcontrib-qthelp==2.0.0
sphinxcontrib-serializinghtml==2.0.0
sqlglot==4.6.0
sqlparse==0.4.1
sympy==1.13.0
urllib3==1.26.5
webencodings==0.5.1
# /home/qianhuiwang/cpython/build-purecap/python -m pip freeze
alabaster==0.7.16
asgiref==3.6.0
babel==2.17.0
build==1.2.2.post1
certifi==2021.5.30
Chameleon==3.9.1
charset-normalizer==3.4.1
coverage==7.3.2
Django==4.2
docutils==0.21.2
dulwich==0.20.23
Genshi==0.7.7
html5lib==1.1
idna==3.10
imagesize==1.4.1
Jinja2==3.1.6
legacy-cgi==2.6
Mako==1.1.4
MarkupSafe==2.0.1
mpmath==1.2.1
networkx==3.4.2
packaging==24.2
psutil==7.0.0
pyaes==1.6.1
Pygments==2.19.1
pyperf==2.9.0
pyperformance @ file:///home/qianhuiwang/cpython/site-packages/pyperformance/dist/pyperformance-1.11.0-py3-none-any.whl#sha256=5e7db3719781f5aaaa31704d7bc2566ec18ade1aa74b998aae4e93a9ebbaa849
pyproject_hooks==1.2.0
python-docs-theme==2024.6
pytz==2021.1
requests==2.32.3
setuptools==78.1.0
six==1.16.0
snowballstemmer==2.2.0
Sphinx==7.3.7
sphinxcontrib-applehelp==2.0.0
sphinxcontrib-devhelp==2.0.0
sphinxcontrib-htmlhelp==2.1.0
sphinxcontrib-jsmath==1.0.1
sphinxcontrib-qthelp==2.0.0
sphinxcontrib-serializinghtml==2.0.0
sqlglot==4.6.0
sqlparse==0.4.1
sympy==1.13.0
urllib3==1.26.5
webencodings==0.5.1

==================================================
(82/83) creating venv for benchmark (unpickle_pure_python)

(trying common venv first)
Installing requirements into the virtual environment /home/qianhuiwang/cpython/build-purecap
# /home/qianhuiwang/cpython/build-purecap/python -m pip install pyperf==2.9.0
Requirement already satisfied: pyperf==2.9.0 in ./lib/python3.12/site-packages (2.9.0)
Requirement already satisfied: psutil>=5.9.0 in ./lib/python3.12/site-packages (from pyperf==2.9.0) (7.0.0)

[notice] A new release of pip is available: 25.0.1 -> 25.1
[notice] To update, run: /home/qianhuiwang/cpython/build-purecap/python -m pip install --upgrade pip
Installing requirements into the virtual environment /home/qianhuiwang/cpython/build-purecap
# /home/qianhuiwang/cpython/build-purecap/python -m pip install psutil
Requirement already satisfied: psutil in ./lib/python3.12/site-packages (7.0.0)

[notice] A new release of pip is available: 25.0.1 -> 25.1
[notice] To update, run: /home/qianhuiwang/cpython/build-purecap/python -m pip install --upgrade pip
# /home/qianhuiwang/cpython/build-purecap/python -m pip freeze
alabaster==0.7.16
asgiref==3.6.0
babel==2.17.0
build==1.2.2.post1
certifi==2021.5.30
Chameleon==3.9.1
charset-normalizer==3.4.1
coverage==7.3.2
Django==4.2
docutils==0.21.2
dulwich==0.20.23
Genshi==0.7.7
html5lib==1.1
idna==3.10
imagesize==1.4.1
Jinja2==3.1.6
legacy-cgi==2.6
Mako==1.1.4
MarkupSafe==2.0.1
mpmath==1.2.1
networkx==3.4.2
packaging==24.2
psutil==7.0.0
pyaes==1.6.1
Pygments==2.19.1
pyperf==2.9.0
pyperformance @ file:///home/qianhuiwang/cpython/site-packages/pyperformance/dist/pyperformance-1.11.0-py3-none-any.whl#sha256=5e7db3719781f5aaaa31704d7bc2566ec18ade1aa74b998aae4e93a9ebbaa849
pyproject_hooks==1.2.0
python-docs-theme==2024.6
pytz==2021.1
requests==2.32.3
setuptools==78.1.0
six==1.16.0
snowballstemmer==2.2.0
Sphinx==7.3.7
sphinxcontrib-applehelp==2.0.0
sphinxcontrib-devhelp==2.0.0
sphinxcontrib-htmlhelp==2.1.0
sphinxcontrib-jsmath==1.0.1
sphinxcontrib-qthelp==2.0.0
sphinxcontrib-serializinghtml==2.0.0
sqlglot==4.6.0
sqlparse==0.4.1
sympy==1.13.0
urllib3==1.26.5
webencodings==0.5.1
# /home/qianhuiwang/cpython/build-purecap/python -m pip freeze
alabaster==0.7.16
asgiref==3.6.0
babel==2.17.0
build==1.2.2.post1
certifi==2021.5.30
Chameleon==3.9.1
charset-normalizer==3.4.1
coverage==7.3.2
Django==4.2
docutils==0.21.2
dulwich==0.20.23
Genshi==0.7.7
html5lib==1.1
idna==3.10
imagesize==1.4.1
Jinja2==3.1.6
legacy-cgi==2.6
Mako==1.1.4
MarkupSafe==2.0.1
mpmath==1.2.1
networkx==3.4.2
packaging==24.2
psutil==7.0.0
pyaes==1.6.1
Pygments==2.19.1
pyperf==2.9.0
pyperformance @ file:///home/qianhuiwang/cpython/site-packages/pyperformance/dist/pyperformance-1.11.0-py3-none-any.whl#sha256=5e7db3719781f5aaaa31704d7bc2566ec18ade1aa74b998aae4e93a9ebbaa849
pyproject_hooks==1.2.0
python-docs-theme==2024.6
pytz==2021.1
requests==2.32.3
setuptools==78.1.0
six==1.16.0
snowballstemmer==2.2.0
Sphinx==7.3.7
sphinxcontrib-applehelp==2.0.0
sphinxcontrib-devhelp==2.0.0
sphinxcontrib-htmlhelp==2.1.0
sphinxcontrib-jsmath==1.0.1
sphinxcontrib-qthelp==2.0.0
sphinxcontrib-serializinghtml==2.0.0
sqlglot==4.6.0
sqlparse==0.4.1
sympy==1.13.0
urllib3==1.26.5
webencodings==0.5.1

==================================================
(83/83) creating venv for benchmark (xml_etree)

(trying common venv first)
Installing requirements into the virtual environment /home/qianhuiwang/cpython/build-purecap
# /home/qianhuiwang/cpython/build-purecap/python -m pip install pyperf==2.9.0
Requirement already satisfied: pyperf==2.9.0 in ./lib/python3.12/site-packages (2.9.0)
Requirement already satisfied: psutil>=5.9.0 in ./lib/python3.12/site-packages (from pyperf==2.9.0) (7.0.0)

[notice] A new release of pip is available: 25.0.1 -> 25.1
[notice] To update, run: /home/qianhuiwang/cpython/build-purecap/python -m pip install --upgrade pip
Installing requirements into the virtual environment /home/qianhuiwang/cpython/build-purecap
# /home/qianhuiwang/cpython/build-purecap/python -m pip install psutil
Requirement already satisfied: psutil in ./lib/python3.12/site-packages (7.0.0)

[notice] A new release of pip is available: 25.0.1 -> 25.1
[notice] To update, run: /home/qianhuiwang/cpython/build-purecap/python -m pip install --upgrade pip
# /home/qianhuiwang/cpython/build-purecap/python -m pip freeze
alabaster==0.7.16
asgiref==3.6.0
babel==2.17.0
build==1.2.2.post1
certifi==2021.5.30
Chameleon==3.9.1
charset-normalizer==3.4.1
coverage==7.3.2
Django==4.2
docutils==0.21.2
dulwich==0.20.23
Genshi==0.7.7
html5lib==1.1
idna==3.10
imagesize==1.4.1
Jinja2==3.1.6
legacy-cgi==2.6
Mako==1.1.4
MarkupSafe==2.0.1
mpmath==1.2.1
networkx==3.4.2
packaging==24.2
psutil==7.0.0
pyaes==1.6.1
Pygments==2.19.1
pyperf==2.9.0
pyperformance @ file:///home/qianhuiwang/cpython/site-packages/pyperformance/dist/pyperformance-1.11.0-py3-none-any.whl#sha256=5e7db3719781f5aaaa31704d7bc2566ec18ade1aa74b998aae4e93a9ebbaa849
pyproject_hooks==1.2.0
python-docs-theme==2024.6
pytz==2021.1
requests==2.32.3
setuptools==78.1.0
six==1.16.0
snowballstemmer==2.2.0
Sphinx==7.3.7
sphinxcontrib-applehelp==2.0.0
sphinxcontrib-devhelp==2.0.0
sphinxcontrib-htmlhelp==2.1.0
sphinxcontrib-jsmath==1.0.1
sphinxcontrib-qthelp==2.0.0
sphinxcontrib-serializinghtml==2.0.0
sqlglot==4.6.0
sqlparse==0.4.1
sympy==1.13.0
urllib3==1.26.5
webencodings==0.5.1
# /home/qianhuiwang/cpython/build-purecap/python -m pip freeze
alabaster==0.7.16
asgiref==3.6.0
babel==2.17.0
build==1.2.2.post1
certifi==2021.5.30
Chameleon==3.9.1
charset-normalizer==3.4.1
coverage==7.3.2
Django==4.2
docutils==0.21.2
dulwich==0.20.23
Genshi==0.7.7
html5lib==1.1
idna==3.10
imagesize==1.4.1
Jinja2==3.1.6
legacy-cgi==2.6
Mako==1.1.4
MarkupSafe==2.0.1
mpmath==1.2.1
networkx==3.4.2
packaging==24.2
psutil==7.0.0
pyaes==1.6.1
Pygments==2.19.1
pyperf==2.9.0
pyperformance @ file:///home/qianhuiwang/cpython/site-packages/pyperformance/dist/pyperformance-1.11.0-py3-none-any.whl#sha256=5e7db3719781f5aaaa31704d7bc2566ec18ade1aa74b998aae4e93a9ebbaa849
pyproject_hooks==1.2.0
python-docs-theme==2024.6
pytz==2021.1
requests==2.32.3
setuptools==78.1.0
six==1.16.0
snowballstemmer==2.2.0
Sphinx==7.3.7
sphinxcontrib-applehelp==2.0.0
sphinxcontrib-devhelp==2.0.0
sphinxcontrib-htmlhelp==2.1.0
sphinxcontrib-jsmath==1.0.1
sphinxcontrib-qthelp==2.0.0
sphinxcontrib-serializinghtml==2.0.0
sqlglot==4.6.0
sqlparse==0.4.1
sympy==1.13.0
urllib3==1.26.5
webencodings==0.5.1

[ 1/83] argparse...
# /home/qianhuiwang/cpython/build-purecap/python -u /home/qianhuiwang/cpython/build-purecap/lib/python3.12/site-packages/pyperformance/data-files/benchmarks/bm_argparse/run_benchmark.py many_optionals --output /tmp/tmpiu88wuy3 --inherit-environ PYPERFORMANCE_RUNID
.....................
many_optionals: Mean +- std dev: 5.50 ms +- 0.41 ms
[ 2/83] argparse_subparsers...
# /home/qianhuiwang/cpython/build-purecap/python -u /home/qianhuiwang/cpython/build-purecap/lib/python3.12/site-packages/pyperformance/data-files/benchmarks/bm_argparse/run_benchmark.py subparsers --output /tmp/tmp83pzg8qo --inherit-environ PYPERFORMANCE_RUNID
.....................
subparsers: Mean +- std dev: 707 ms +- 34 ms
[ 3/83] async_generators...
# /home/qianhuiwang/cpython/build-purecap/python -u /home/qianhuiwang/cpython/build-purecap/lib/python3.12/site-packages/pyperformance/data-files/benchmarks/bm_async_generators/run_benchmark.py --output /tmp/tmppol6nrz3 --inherit-environ PYPERFORMANCE_RUNID
.....................
async_generators: Mean +- std dev: 5.55 sec +- 0.02 sec
[ 4/83] async_tree...
# /home/qianhuiwang/cpython/build-purecap/python -u /home/qianhuiwang/cpython/build-purecap/lib/python3.12/site-packages/pyperformance/data-files/benchmarks/bm_async_tree/run_benchmark.py none --output /tmp/tmpc98arg0u --inherit-environ PYPERFORMANCE_RUNID
.....................
async_tree_none: Mean +- std dev: 9.25 sec +- 0.06 sec
[ 5/83] async_tree_cpu_io_mixed...
# /home/qianhuiwang/cpython/build-purecap/python -u /home/qianhuiwang/cpython/build-purecap/lib/python3.12/site-packages/pyperformance/data-files/benchmarks/bm_async_tree/run_benchmark.py cpu_io_mixed --output /tmp/tmpq703ock9 --inherit-environ PYPERFORMANCE_RUNID
.....................
async_tree_cpu_io_mixed: Mean +- std dev: 13.5 sec +- 0.2 sec
[ 6/83] async_tree_cpu_io_mixed_tg...
# /home/qianhuiwang/cpython/build-purecap/python -u /home/qianhuiwang/cpython/build-purecap/lib/python3.12/site-packages/pyperformance/data-files/benchmarks/bm_async_tree/run_benchmark.py cpu_io_mixed --task-groups --output /tmp/tmpn5d51hhe --inherit-environ PYPERFORMANCE_RUNID
.....................
async_tree_cpu_io_mixed_tg: Mean +- std dev: 12.8 sec +- 0.3 sec
[ 7/83] async_tree_eager...
# /home/qianhuiwang/cpython/build-purecap/python -u /home/qianhuiwang/cpython/build-purecap/lib/python3.12/site-packages/pyperformance/data-files/benchmarks/bm_async_tree/run_benchmark.py eager --output /tmp/tmpi408yjfp --inherit-environ PYPERFORMANCE_RUNID
.....................
async_tree_eager: Mean +- std dev: 1.18 sec +- 0.02 sec
[ 8/83] async_tree_eager_cpu_io_mixed...
# /home/qianhuiwang/cpython/build-purecap/python -u /home/qianhuiwang/cpython/build-purecap/lib/python3.12/site-packages/pyperformance/data-files/benchmarks/bm_async_tree/run_benchmark.py eager_cpu_io_mixed --output /tmp/tmpmwfk0dyf --inherit-environ PYPERFORMANCE_RUNID
.....................
async_tree_eager_cpu_io_mixed: Mean +- std dev: 4.89 sec +- 0.04 sec
[ 9/83] async_tree_eager_cpu_io_mixed_tg...
# /home/qianhuiwang/cpython/build-purecap/python -u /home/qianhuiwang/cpython/build-purecap/lib/python3.12/site-packages/pyperformance/data-files/benchmarks/bm_async_tree/run_benchmark.py eager_cpu_io_mixed --task-groups --output /tmp/tmp3i1inqxw --inherit-environ PYPERFORMANCE_RUNID
.....................
async_tree_eager_cpu_io_mixed_tg: Mean +- std dev: 4.16 sec +- 0.03 sec
[10/83] async_tree_eager_io...
# /home/qianhuiwang/cpython/build-purecap/python -u /home/qianhuiwang/cpython/build-purecap/lib/python3.12/site-packages/pyperformance/data-files/benchmarks/bm_async_tree/run_benchmark.py eager_io --output /tmp/tmp1k9s3z5v --inherit-environ PYPERFORMANCE_RUNID
.....................
async_tree_eager_io: Mean +- std dev: 26.9 sec +- 0.1 sec
[11/83] async_tree_eager_io_tg...
# /home/qianhuiwang/cpython/build-purecap/python -u /home/qianhuiwang/cpython/build-purecap/lib/python3.12/site-packages/pyperformance/data-files/benchmarks/bm_async_tree/run_benchmark.py eager_io --task-groups --output /tmp/tmp792xey3j --inherit-environ PYPERFORMANCE_RUNID
.....................
async_tree_eager_io_tg: Mean +- std dev: 28.4 sec +- 0.4 sec
[12/83] async_tree_eager_memoization...
# /home/qianhuiwang/cpython/build-purecap/python -u /home/qianhuiwang/cpython/build-purecap/lib/python3.12/site-packages/pyperformance/data-files/benchmarks/bm_async_tree/run_benchmark.py eager_memoization --output /tmp/tmpqiboe72h --inherit-environ PYPERFORMANCE_RUNID
.....................
async_tree_eager_memoization: Mean +- std dev: 3.78 sec +- 0.10 sec
[13/83] async_tree_eager_memoization_tg...
# /home/qianhuiwang/cpython/build-purecap/python -u /home/qianhuiwang/cpython/build-purecap/lib/python3.12/site-packages/pyperformance/data-files/benchmarks/bm_async_tree/run_benchmark.py eager_memoization --task-groups --output /tmp/tmptj9gql7a --inherit-environ PYPERFORMANCE_RUNID
.....................
async_tree_eager_memoization_tg: Mean +- std dev: 2.71 sec +- 0.07 sec
[14/83] async_tree_eager_tg...
# /home/qianhuiwang/cpython/build-purecap/python -u /home/qianhuiwang/cpython/build-purecap/lib/python3.12/site-packages/pyperformance/data-files/benchmarks/bm_async_tree/run_benchmark.py eager --task-groups --output /tmp/tmpuam0f_hv --inherit-environ PYPERFORMANCE_RUNID
.....................
async_tree_eager_tg: Mean +- std dev: 891 ms +- 36 ms
[15/83] async_tree_io...
# /home/qianhuiwang/cpython/build-purecap/python -u /home/qianhuiwang/cpython/build-purecap/lib/python3.12/site-packages/pyperformance/data-files/benchmarks/bm_async_tree/run_benchmark.py io --output /tmp/tmpba0vrcad --inherit-environ PYPERFORMANCE_RUNID
.....................
async_tree_io: Mean +- std dev: 24.8 sec +- 0.1 sec
[16/83] async_tree_io_tg...
# /home/qianhuiwang/cpython/build-purecap/python -u /home/qianhuiwang/cpython/build-purecap/lib/python3.12/site-packages/pyperformance/data-files/benchmarks/bm_async_tree/run_benchmark.py io --task-groups --output /tmp/tmpmu7zztan --inherit-environ PYPERFORMANCE_RUNID
.....................
async_tree_io_tg: Mean +- std dev: 24.3 sec +- 0.1 sec
[17/83] async_tree_memoization...
# /home/qianhuiwang/cpython/build-purecap/python -u /home/qianhuiwang/cpython/build-purecap/lib/python3.12/site-packages/pyperformance/data-files/benchmarks/bm_async_tree/run_benchmark.py memoization --output /tmp/tmp7qk9elsv --inherit-environ PYPERFORMANCE_RUNID
.....................
async_tree_memoization: Mean +- std dev: 11.2 sec +- 0.2 sec
[18/83] async_tree_memoization_tg...
# /home/qianhuiwang/cpython/build-purecap/python -u /home/qianhuiwang/cpython/build-purecap/lib/python3.12/site-packages/pyperformance/data-files/benchmarks/bm_async_tree/run_benchmark.py memoization --task-groups --output /tmp/tmpujjitdxv --inherit-environ PYPERFORMANCE_RUNID
.....................
async_tree_memoization_tg: Mean +- std dev: 10.8 sec +- 0.3 sec
[19/83] async_tree_tg...
# /home/qianhuiwang/cpython/build-purecap/python -u /home/qianhuiwang/cpython/build-purecap/lib/python3.12/site-packages/pyperformance/data-files/benchmarks/bm_async_tree/run_benchmark.py none --task-groups --output /tmp/tmpradul9p3 --inherit-environ PYPERFORMANCE_RUNID
.....................
async_tree_none_tg: Mean +- std dev: 8.22 sec +- 0.03 sec
[20/83] bpe_tokeniser...
# /home/qianhuiwang/cpython/build-purecap/python -u /home/qianhuiwang/cpython/build-purecap/lib/python3.12/site-packages/pyperformance/data-files/benchmarks/bm_bpe_tokeniser/run_benchmark.py --output /tmp/tmprelmipwk --inherit-environ PYPERFORMANCE_RUNID
.....................
WARNING: the benchmark result may be unstable
* the standard deviation (11.2 sec) is 14% of the mean (77.9 sec)

Try to rerun the benchmark with more runs, values and/or loops.
Run 'python -m pyperf system tune' command to reduce the system jitter.
Use pyperf stats, pyperf dump and pyperf hist to analyze results.
Use --quiet option to hide these warnings.

bpe_tokeniser: Mean +- std dev: 77.9 sec +- 11.2 sec
[21/83] chameleon...
# /home/qianhuiwang/cpython/build-purecap/python -u /home/qianhuiwang/cpython/build-purecap/lib/python3.12/site-packages/pyperformance/data-files/benchmarks/bm_chameleon/run_benchmark.py --output /tmp/tmpocbcolwx --inherit-environ PYPERFORMANCE_RUNID
.....................
WARNING: the benchmark result may be unstable
* the standard deviation (14.6 ms) is 15% of the mean (99.5 ms)

Try to rerun the benchmark with more runs, values and/or loops.
Run 'python -m pyperf system tune' command to reduce the system jitter.
Use pyperf stats, pyperf dump and pyperf hist to analyze results.
Use --quiet option to hide these warnings.

chameleon: Mean +- std dev: 99.5 ms +- 14.6 ms
[22/83] chaos...
# /home/qianhuiwang/cpython/build-purecap/python -u /home/qianhuiwang/cpython/build-purecap/lib/python3.12/site-packages/pyperformance/data-files/benchmarks/bm_chaos/run_benchmark.py --output /tmp/tmpjf7wk_c3 --inherit-environ PYPERFORMANCE_RUNID
.....................
chaos: Mean +- std dev: 690 ms +- 2 ms
[23/83] comprehensions...
# /home/qianhuiwang/cpython/build-purecap/python -u /home/qianhuiwang/cpython/build-purecap/lib/python3.12/site-packages/pyperformance/data-files/benchmarks/bm_comprehensions/run_benchmark.py --output /tmp/tmpnll_es2q --inherit-environ PYPERFORMANCE_RUNID
.....................
comprehensions: Mean +- std dev: 302 us +- 12 us
[24/83] concurrent_imap...
# /home/qianhuiwang/cpython/build-purecap/python -u /home/qianhuiwang/cpython/build-purecap/lib/python3.12/site-packages/pyperformance/data-files/benchmarks/bm_concurrent_imap/run_benchmark.py --output /tmp/tmpjfndzlag --inherit-environ PYPERFORMANCE_RUNID
.....................
WARNING: the benchmark result may be unstable
* the standard deviation (8.34 ms) is 12% of the mean (71.4 ms)

Try to rerun the benchmark with more runs, values and/or loops.
Run 'python -m pyperf system tune' command to reduce the system jitter.
Use pyperf stats, pyperf dump and pyperf hist to analyze results.
Use --quiet option to hide these warnings.

bench_mp_pool: Mean +- std dev: 71.4 ms +- 8.3 ms
.....................
WARNING: the benchmark result may be unstable
* the standard deviation (846 us) is 10% of the mean (8.12 ms)

Try to rerun the benchmark with more runs, values and/or loops.
Run 'python -m pyperf system tune' command to reduce the system jitter.
Use pyperf stats, pyperf dump and pyperf hist to analyze results.
Use --quiet option to hide these warnings.

bench_thread_pool: Mean +- std dev: 8.12 ms +- 0.85 ms
[25/83] coroutines...
# /home/qianhuiwang/cpython/build-purecap/python -u /home/qianhuiwang/cpython/build-purecap/lib/python3.12/site-packages/pyperformance/data-files/benchmarks/bm_coroutines/run_benchmark.py --output /tmp/tmptp0z08gx --inherit-environ PYPERFORMANCE_RUNID
.....................
WARNING: the benchmark result may be unstable
* Not enough samples to get a stable result (95% certainly of less than 1% variation)

Try to rerun the benchmark with more runs, values and/or loops.
Run 'python -m pyperf system tune' command to reduce the system jitter.
Use pyperf stats, pyperf dump and pyperf hist to analyze results.
Use --quiet option to hide these warnings.

coroutines: Mean +- std dev: 350 ms +- 10 ms
[26/83] coverage...
# /home/qianhuiwang/cpython/build-purecap/python -u /home/qianhuiwang/cpython/build-purecap/lib/python3.12/site-packages/pyperformance/data-files/benchmarks/bm_coverage/run_benchmark.py --output /tmp/tmpdn23ecp9 --inherit-environ PYPERFORMANCE_RUNID
.....................
coverage: Mean +- std dev: 4.49 sec +- 0.02 sec
[27/83] crypto_pyaes...
# /home/qianhuiwang/cpython/build-purecap/python -u /home/qianhuiwang/cpython/build-purecap/lib/python3.12/site-packages/pyperformance/data-files/benchmarks/bm_crypto_pyaes/run_benchmark.py --output /tmp/tmpcwjo1ezi --inherit-environ PYPERFORMANCE_RUNID
.....................
crypto_pyaes: Mean +- std dev: 1.14 sec +- 0.04 sec
[28/83] deepcopy...
# /home/qianhuiwang/cpython/build-purecap/python -u /home/qianhuiwang/cpython/build-purecap/lib/python3.12/site-packages/pyperformance/data-files/benchmarks/bm_deepcopy/run_benchmark.py --output /tmp/tmp5j2fn0dw --inherit-environ PYPERFORMANCE_RUNID
.....................
deepcopy: Mean +- std dev: 4.20 ms +- 0.11 ms
.....................
deepcopy_reduce: Mean +- std dev: 39.9 us +- 0.3 us
.....................
deepcopy_memo: Mean +- std dev: 523 us +- 33 us
[29/83] deltablue...
# /home/qianhuiwang/cpython/build-purecap/python -u /home/qianhuiwang/cpython/build-purecap/lib/python3.12/site-packages/pyperformance/data-files/benchmarks/bm_deltablue/run_benchmark.py --output /tmp/tmpw9qi1_0l --inherit-environ PYPERFORMANCE_RUNID
.....................
deltablue: Mean +- std dev: 41.6 ms +- 1.5 ms
[30/83] django_template...
# /home/qianhuiwang/cpython/build-purecap/python -u /home/qianhuiwang/cpython/build-purecap/lib/python3.12/site-packages/pyperformance/data-files/benchmarks/bm_django_template/run_benchmark.py --output /tmp/tmp3g5wntaj --inherit-environ PYPERFORMANCE_RUNID
.....................
django_template: Mean +- std dev: 393 ms +- 4 ms
[31/83] dulwich_log...
# /home/qianhuiwang/cpython/build-purecap/python -u /home/qianhuiwang/cpython/build-purecap/lib/python3.12/site-packages/pyperformance/data-files/benchmarks/bm_dulwich_log/run_benchmark.py --output /tmp/tmpw_jkop91 --inherit-environ PYPERFORMANCE_RUNID
.....................
dulwich_log: Mean +- std dev: 553 ms +- 36 ms
[32/83] fannkuch...
# /home/qianhuiwang/cpython/build-purecap/python -u /home/qianhuiwang/cpython/build-purecap/lib/python3.12/site-packages/pyperformance/data-files/benchmarks/bm_fannkuch/run_benchmark.py --output /tmp/tmp6mno6g5r --inherit-environ PYPERFORMANCE_RUNID
.....................
fannkuch: Mean +- std dev: 3.48 sec +- 0.00 sec
[33/83] float...
# /home/qianhuiwang/cpython/build-purecap/python -u /home/qianhuiwang/cpython/build-purecap/lib/python3.12/site-packages/pyperformance/data-files/benchmarks/bm_float/run_benchmark.py --output /tmp/tmpa8ah8m4s --inherit-environ PYPERFORMANCE_RUNID
.....................
float: Mean +- std dev: 1.19 sec +- 0.01 sec
[34/83] gc_collect...
# /home/qianhuiwang/cpython/build-purecap/python -u /home/qianhuiwang/cpython/build-purecap/lib/python3.12/site-packages/pyperformance/data-files/benchmarks/bm_gc_collect/run_benchmark.py --output /tmp/tmpk0zz_qpa --inherit-environ PYPERFORMANCE_RUNID
.....................
create_gc_cycles: Mean +- std dev: 20.9 ms +- 1.9 ms
[35/83] gc_traversal...
# /home/qianhuiwang/cpython/build-purecap/python -u /home/qianhuiwang/cpython/build-purecap/lib/python3.12/site-packages/pyperformance/data-files/benchmarks/bm_gc_traversal/run_benchmark.py --output /tmp/tmpw0j8pva0 --inherit-environ PYPERFORMANCE_RUNID
.....................
gc_traversal: Mean +- std dev: 29.9 ms +- 0.1 ms
[36/83] generators...
# /home/qianhuiwang/cpython/build-purecap/python -u /home/qianhuiwang/cpython/build-purecap/lib/python3.12/site-packages/pyperformance/data-files/benchmarks/bm_generators/run_benchmark.py --output /tmp/tmp5w2ajzn9 --inherit-environ PYPERFORMANCE_RUNID
.....................
WARNING: the benchmark result may be unstable
* Not enough samples to get a stable result (95% certainly of less than 1% variation)

Try to rerun the benchmark with more runs, values and/or loops.
Run 'python -m pyperf system tune' command to reduce the system jitter.
Use pyperf stats, pyperf dump and pyperf hist to analyze results.
Use --quiet option to hide these warnings.

generators: Mean +- std dev: 488 ms +- 14 ms
[37/83] genshi...
# /home/qianhuiwang/cpython/build-purecap/python -u /home/qianhuiwang/cpython/build-purecap/lib/python3.12/site-packages/pyperformance/data-files/benchmarks/bm_genshi/run_benchmark.py --output /tmp/tmpr29crtp8 --inherit-environ PYPERFORMANCE_RUNID
.....................
genshi_text: Mean +- std dev: 286 ms +- 24 ms
.....................
genshi_xml: Mean +- std dev: 633 ms +- 15 ms
[38/83] go...
# /home/qianhuiwang/cpython/build-purecap/python -u /home/qianhuiwang/cpython/build-purecap/lib/python3.12/site-packages/pyperformance/data-files/benchmarks/bm_go/run_benchmark.py --output /tmp/tmp8y3g1hru --inherit-environ PYPERFORMANCE_RUNID
.....................
go: Mean +- std dev: 1.29 sec +- 0.01 sec
[39/83] hexiom...
# /home/qianhuiwang/cpython/build-purecap/python -u /home/qianhuiwang/cpython/build-purecap/lib/python3.12/site-packages/pyperformance/data-files/benchmarks/bm_hexiom/run_benchmark.py --output /tmp/tmp66y3fygs --inherit-environ PYPERFORMANCE_RUNID
.....................
WARNING: the benchmark result may be unstable
* Not enough samples to get a stable result (95% certainly of less than 1% variation)

Try to rerun the benchmark with more runs, values and/or loops.
Run 'python -m pyperf system tune' command to reduce the system jitter.
Use pyperf stats, pyperf dump and pyperf hist to analyze results.
Use --quiet option to hide these warnings.

hexiom: Mean +- std dev: 61.5 ms +- 1.6 ms
[40/83] html5lib...
# /home/qianhuiwang/cpython/build-purecap/python -u /home/qianhuiwang/cpython/build-purecap/lib/python3.12/site-packages/pyperformance/data-files/benchmarks/bm_html5lib/run_benchmark.py --output /tmp/tmph_l13egu --inherit-environ PYPERFORMANCE_RUNID
.....................
WARNING: the benchmark result may be unstable
* the standard deviation (89.1 ms) is 14% of the mean (644 ms)

Try to rerun the benchmark with more runs, values and/or loops.
Run 'python -m pyperf system tune' command to reduce the system jitter.
Use pyperf stats, pyperf dump and pyperf hist to analyze results.
Use --quiet option to hide these warnings.

html5lib: Mean +- std dev: 644 ms +- 89 ms
[41/83] json_dumps...
# /home/qianhuiwang/cpython/build-purecap/python -u /home/qianhuiwang/cpython/build-purecap/lib/python3.12/site-packages/pyperformance/data-files/benchmarks/bm_json_dumps/run_benchmark.py --output /tmp/tmp0284zo76 --inherit-environ PYPERFORMANCE_RUNID
.....................
json_dumps: Mean +- std dev: 139 ms +- 11 ms
[42/83] json_loads...
# /home/qianhuiwang/cpython/build-purecap/python -u /home/qianhuiwang/cpython/build-purecap/lib/python3.12/site-packages/pyperformance/data-files/benchmarks/bm_json_loads/run_benchmark.py --output /tmp/tmpspixpfvg --inherit-environ PYPERFORMANCE_RUNID
.....................
json_loads: Mean +- std dev: 473 us +- 23 us
[43/83] logging...
# /home/qianhuiwang/cpython/build-purecap/python -u /home/qianhuiwang/cpython/build-purecap/lib/python3.12/site-packages/pyperformance/data-files/benchmarks/bm_logging/run_benchmark.py --output /tmp/tmplruusaj7 --inherit-environ PYPERFORMANCE_RUNID
.....................
WARNING: the benchmark result may be unstable
* Not enough samples to get a stable result (95% certainly of less than 1% variation)

Try to rerun the benchmark with more runs, values and/or loops.
Run 'python -m pyperf system tune' command to reduce the system jitter.
Use pyperf stats, pyperf dump and pyperf hist to analyze results.
Use --quiet option to hide these warnings.

logging_format: Mean +- std dev: 68.2 us +- 2.5 us
.....................
WARNING: the benchmark result may be unstable
* Not enough samples to get a stable result (95% certainly of less than 1% variation)

Try to rerun the benchmark with more runs, values and/or loops.
Run 'python -m pyperf system tune' command to reduce the system jitter.
Use pyperf stats, pyperf dump and pyperf hist to analyze results.
Use --quiet option to hide these warnings.

logging_silent: Mean +- std dev: 1.15 us +- 0.02 us
.....................
WARNING: the benchmark result may be unstable
* the standard deviation (7.68 us) is 11% of the mean (70.7 us)

Try to rerun the benchmark with more runs, values and/or loops.
Run 'python -m pyperf system tune' command to reduce the system jitter.
Use pyperf stats, pyperf dump and pyperf hist to analyze results.
Use --quiet option to hide these warnings.

logging_simple: Mean +- std dev: 70.7 us +- 7.7 us
[44/83] mako...
# /home/qianhuiwang/cpython/build-purecap/python -u /home/qianhuiwang/cpython/build-purecap/lib/python3.12/site-packages/pyperformance/data-files/benchmarks/bm_mako/run_benchmark.py --output /tmp/tmptcfssjqz --inherit-environ PYPERFORMANCE_RUNID
.....................
mako: Mean +- std dev: 140 ms +- 10 ms
[45/83] mdp...
# /home/qianhuiwang/cpython/build-purecap/python -u /home/qianhuiwang/cpython/build-purecap/lib/python3.12/site-packages/pyperformance/data-files/benchmarks/bm_mdp/run_benchmark.py --output /tmp/tmp889bmdk1 --inherit-environ PYPERFORMANCE_RUNID
.....................
mdp: Mean +- std dev: 22.1 sec +- 0.1 sec
[46/83] meteor_contest...
# /home/qianhuiwang/cpython/build-purecap/python -u /home/qianhuiwang/cpython/build-purecap/lib/python3.12/site-packages/pyperformance/data-files/benchmarks/bm_meteor_contest/run_benchmark.py --output /tmp/tmpadsapvfm --inherit-environ PYPERFORMANCE_RUNID
.....................
meteor_contest: Mean +- std dev: 1.07 sec +- 0.06 sec
[47/83] nbody...
# /home/qianhuiwang/cpython/build-purecap/python -u /home/qianhuiwang/cpython/build-purecap/lib/python3.12/site-packages/pyperformance/data-files/benchmarks/bm_nbody/run_benchmark.py --output /tmp/tmpbitm9l8p --inherit-environ PYPERFORMANCE_RUNID
.....................
nbody: Mean +- std dev: 1.18 sec +- 0.00 sec
[48/83] networkx...
# /home/qianhuiwang/cpython/build-purecap/python -u /home/qianhuiwang/cpython/build-purecap/lib/python3.12/site-packages/pyperformance/data-files/benchmarks/bm_networkx/run_benchmark.py shortest_path --output /tmp/tmpq4uifuen --inherit-environ PYPERFORMANCE_RUNID
.....................
shortest_path: Mean +- std dev: 4.54 sec +- 0.14 sec
[49/83] networkx_connected_components...
# /home/qianhuiwang/cpython/build-purecap/python -u /home/qianhuiwang/cpython/build-purecap/lib/python3.12/site-packages/pyperformance/data-files/benchmarks/bm_networkx/run_benchmark.py connected_components --output /tmp/tmp4pfbge_9 --inherit-environ PYPERFORMANCE_RUNID
.....................
connected_components: Mean +- std dev: 3.79 sec +- 0.32 sec
[50/83] networkx_k_core...
# /home/qianhuiwang/cpython/build-purecap/python -u /home/qianhuiwang/cpython/build-purecap/lib/python3.12/site-packages/pyperformance/data-files/benchmarks/bm_networkx/run_benchmark.py k_core --output /tmp/tmpf_uq9fvq --inherit-environ PYPERFORMANCE_RUNID
.....................
k_core: Mean +- std dev: 23.7 sec +- 0.2 sec
[51/83] nqueens...
# /home/qianhuiwang/cpython/build-purecap/python -u /home/qianhuiwang/cpython/build-purecap/lib/python3.12/site-packages/pyperformance/data-files/benchmarks/bm_nqueens/run_benchmark.py --output /tmp/tmp88629czv --inherit-environ PYPERFORMANCE_RUNID
.....................
nqueens: Mean +- std dev: 1.07 sec +- 0.03 sec
[52/83] pathlib...
# /home/qianhuiwang/cpython/build-purecap/python -u /home/qianhuiwang/cpython/build-purecap/lib/python3.12/site-packages/pyperformance/data-files/benchmarks/bm_pathlib/run_benchmark.py --output /tmp/tmp8w83shf3 --inherit-environ PYPERFORMANCE_RUNID
.....................
WARNING: the benchmark result may be unstable
* Not enough samples to get a stable result (95% certainly of less than 1% variation)

Try to rerun the benchmark with more runs, values and/or loops.
Run 'python -m pyperf system tune' command to reduce the system jitter.
Use pyperf stats, pyperf dump and pyperf hist to analyze results.
Use --quiet option to hide these warnings.

pathlib: Mean +- std dev: 224 ms +- 6 ms
[53/83] pickle...
# /home/qianhuiwang/cpython/build-purecap/python -u /home/qianhuiwang/cpython/build-purecap/lib/python3.12/site-packages/pyperformance/data-files/benchmarks/bm_pickle/run_benchmark.py pickle --output /tmp/tmprd8zq8r4 --inherit-environ PYPERFORMANCE_RUNID
.....................
pickle: Mean +- std dev: 141 us +- 13 us
[54/83] pickle_dict...
# /home/qianhuiwang/cpython/build-purecap/python -u /home/qianhuiwang/cpython/build-purecap/lib/python3.12/site-packages/pyperformance/data-files/benchmarks/bm_pickle/run_benchmark.py pickle_dict --output /tmp/tmpw4kff_qh --inherit-environ PYPERFORMANCE_RUNID
.....................
pickle_dict: Mean +- std dev: 181 us +- 15 us
[55/83] pickle_list...
# /home/qianhuiwang/cpython/build-purecap/python -u /home/qianhuiwang/cpython/build-purecap/lib/python3.12/site-packages/pyperformance/data-files/benchmarks/bm_pickle/run_benchmark.py pickle_list --output /tmp/tmp9_a_nfaq --inherit-environ PYPERFORMANCE_RUNID
.....................
WARNING: the benchmark result may be unstable
* the standard deviation (5.78 us) is 15% of the mean (38.5 us)

Try to rerun the benchmark with more runs, values and/or loops.
Run 'python -m pyperf system tune' command to reduce the system jitter.
Use pyperf stats, pyperf dump and pyperf hist to analyze results.
Use --quiet option to hide these warnings.

pickle_list: Mean +- std dev: 38.5 us +- 5.8 us
[56/83] pickle_pure_python...
# /home/qianhuiwang/cpython/build-purecap/python -u /home/qianhuiwang/cpython/build-purecap/lib/python3.12/site-packages/pyperformance/data-files/benchmarks/bm_pickle/run_benchmark.py --pure-python pickle --output /tmp/tmpk1ielxjy --inherit-environ PYPERFORMANCE_RUNID
.....................
pickle_pure_python: Mean +- std dev: 3.43 ms +- 0.09 ms
[57/83] pidigits...
# /home/qianhuiwang/cpython/build-purecap/python -u /home/qianhuiwang/cpython/build-purecap/lib/python3.12/site-packages/pyperformance/data-files/benchmarks/bm_pidigits/run_benchmark.py --output /tmp/tmpdtl9645e --inherit-environ PYPERFORMANCE_RUNID
.....................
pidigits: Mean +- std dev: 1.42 sec +- 0.08 sec
[58/83] pprint...
# /home/qianhuiwang/cpython/build-purecap/python -u /home/qianhuiwang/cpython/build-purecap/lib/python3.12/site-packages/pyperformance/data-files/benchmarks/bm_pprint/run_benchmark.py --output /tmp/tmpojfe7rg8 --inherit-environ PYPERFORMANCE_RUNID
.....................
pprint_safe_repr: Mean +- std dev: 8.35 sec +- 0.04 sec
.....................
pprint_pformat: Mean +- std dev: 17.1 sec +- 0.1 sec
[59/83] pyflate...
# /home/qianhuiwang/cpython/build-purecap/python -u /home/qianhuiwang/cpython/build-purecap/lib/python3.12/site-packages/pyperformance/data-files/benchmarks/bm_pyflate/run_benchmark.py --output /tmp/tmp_ygay74o --inherit-environ PYPERFORMANCE_RUNID
.....................
pyflate: Mean +- std dev: 7.60 sec +- 0.27 sec
[60/83] python_startup...
# /home/qianhuiwang/cpython/build-purecap/python -u /home/qianhuiwang/cpython/build-purecap/lib/python3.12/site-packages/pyperformance/data-files/benchmarks/bm_python_startup/run_benchmark.py --output /tmp/tmptezjr5q4 --inherit-environ PYPERFORMANCE_RUNID
.....................
python_startup: Mean +- std dev: 80.3 ms +- 0.3 ms
[61/83] python_startup_no_site...
# /home/qianhuiwang/cpython/build-purecap/python -u /home/qianhuiwang/cpython/build-purecap/lib/python3.12/site-packages/pyperformance/data-files/benchmarks/bm_python_startup/run_benchmark.py --no-site --output /tmp/tmpum0r9d8s --inherit-environ PYPERFORMANCE_RUNID
.....................
python_startup_no_site: Mean +- std dev: 52.2 ms +- 0.1 ms
[62/83] raytrace...
# /home/qianhuiwang/cpython/build-purecap/python -u /home/qianhuiwang/cpython/build-purecap/lib/python3.12/site-packages/pyperformance/data-files/benchmarks/bm_raytrace/run_benchmark.py --output /tmp/tmpr4xoiy38 --inherit-environ PYPERFORMANCE_RUNID
.....................
raytrace: Mean +- std dev: 3.71 sec +- 0.03 sec
[63/83] regex_compile...
# /home/qianhuiwang/cpython/build-purecap/python -u /home/qianhuiwang/cpython/build-purecap/lib/python3.12/site-packages/pyperformance/data-files/benchmarks/bm_regex_compile/run_benchmark.py --output /tmp/tmpvz_61aai --inherit-environ PYPERFORMANCE_RUNID
.....................
regex_compile: Mean +- std dev: 1.38 sec +- 0.04 sec
[64/83] regex_dna...
# /home/qianhuiwang/cpython/build-purecap/python -u /home/qianhuiwang/cpython/build-purecap/lib/python3.12/site-packages/pyperformance/data-files/benchmarks/bm_regex_dna/run_benchmark.py --output /tmp/tmpms0zdh32 --inherit-environ PYPERFORMANCE_RUNID
.....................
regex_dna: Mean +- std dev: 711 ms +- 43 ms
[65/83] regex_effbot...
# /home/qianhuiwang/cpython/build-purecap/python -u /home/qianhuiwang/cpython/build-purecap/lib/python3.12/site-packages/pyperformance/data-files/benchmarks/bm_regex_effbot/run_benchmark.py --output /tmp/tmpviz9ev31 --inherit-environ PYPERFORMANCE_RUNID
.....................
regex_effbot: Mean +- std dev: 37.4 ms +- 1.1 ms
[66/83] regex_v8...
# /home/qianhuiwang/cpython/build-purecap/python -u /home/qianhuiwang/cpython/build-purecap/lib/python3.12/site-packages/pyperformance/data-files/benchmarks/bm_regex_v8/run_benchmark.py --output /tmp/tmp9h2igiuu --inherit-environ PYPERFORMANCE_RUNID
.....................
WARNING: the benchmark result may be unstable
* the standard deviation (87.3 ms) is 23% of the mean (379 ms)

Try to rerun the benchmark with more runs, values and/or loops.
Run 'python -m pyperf system tune' command to reduce the system jitter.
Use pyperf stats, pyperf dump and pyperf hist to analyze results.
Use --quiet option to hide these warnings.

regex_v8: Mean +- std dev: 379 ms +- 87 ms
[67/83] richards...
# /home/qianhuiwang/cpython/build-purecap/python -u /home/qianhuiwang/cpython/build-purecap/lib/python3.12/site-packages/pyperformance/data-files/benchmarks/bm_richards/run_benchmark.py --output /tmp/tmpykcagwwj --inherit-environ PYPERFORMANCE_RUNID
.....................
richards: Mean +- std dev: 404 ms +- 4 ms
[68/83] richards_super...
# /home/qianhuiwang/cpython/build-purecap/python -u /home/qianhuiwang/cpython/build-purecap/lib/python3.12/site-packages/pyperformance/data-files/benchmarks/bm_richards_super/run_benchmark.py --output /tmp/tmpvrn6zsn4 --inherit-environ PYPERFORMANCE_RUNID
.....................
richards_super: Mean +- std dev: 458 ms +- 6 ms
[69/83] scimark...
# /home/qianhuiwang/cpython/build-purecap/python -u /home/qianhuiwang/cpython/build-purecap/lib/python3.12/site-packages/pyperformance/data-files/benchmarks/bm_scimark/run_benchmark.py --output /tmp/tmp5j0o7y81 --inherit-environ PYPERFORMANCE_RUNID
.....................
scimark_fft: Mean +- std dev: 5.02 sec +- 0.03 sec
.....................
WARNING: the benchmark result may be unstable
* Not enough samples to get a stable result (95% certainly of less than 1% variation)

Try to rerun the benchmark with more runs, values and/or loops.
Run 'python -m pyperf system tune' command to reduce the system jitter.
Use pyperf stats, pyperf dump and pyperf hist to analyze results.
Use --quiet option to hide these warnings.

scimark_lu: Mean +- std dev: 988 ms +- 22 ms
.....................
scimark_monte_carlo: Mean +- std dev: 625 ms +- 5 ms
.....................
scimark_sor: Mean +- std dev: 1.51 sec +- 0.01 sec
.....................
scimark_sparse_mat_mult: Mean +- std dev: 81.4 ms +- 1.4 ms
[70/83] spectral_norm...
# /home/qianhuiwang/cpython/build-purecap/python -u /home/qianhuiwang/cpython/build-purecap/lib/python3.12/site-packages/pyperformance/data-files/benchmarks/bm_spectral_norm/run_benchmark.py --output /tmp/tmp70cc1mhq --inherit-environ PYPERFORMANCE_RUNID
.....................
spectral_norm: Mean +- std dev: 1.85 sec +- 0.01 sec
[71/83] sqlglot_v2...
# /home/qianhuiwang/cpython/build-purecap/python -u /home/qianhuiwang/cpython/build-purecap/lib/python3.12/site-packages/pyperformance/data-files/benchmarks/bm_sqlglot_v2/run_benchmark.py normalize --output /tmp/tmp5dwnivyx --inherit-environ PYPERFORMANCE_RUNID
.....................
sqlglot_v2_normalize: Mean +- std dev: 1.59 sec +- 0.05 sec
[72/83] sqlglot_v2_optimize...
# /home/qianhuiwang/cpython/build-purecap/python -u /home/qianhuiwang/cpython/build-purecap/lib/python3.12/site-packages/pyperformance/data-files/benchmarks/bm_sqlglot_v2/run_benchmark.py optimize --output /tmp/tmpsa2jwsyv --inherit-environ PYPERFORMANCE_RUNID
.....................
sqlglot_v2_optimize: Mean +- std dev: 730 ms +- 29 ms
[73/83] sqlglot_v2_parse...
# /home/qianhuiwang/cpython/build-purecap/python -u /home/qianhuiwang/cpython/build-purecap/lib/python3.12/site-packages/pyperformance/data-files/benchmarks/bm_sqlglot_v2/run_benchmark.py parse --output /tmp/tmpp31namo3 --inherit-environ PYPERFORMANCE_RUNID
.....................
sqlglot_v2_parse: Mean +- std dev: 16.1 ms +- 1.2 ms
[74/83] sqlglot_v2_transpile...
# /home/qianhuiwang/cpython/build-purecap/python -u /home/qianhuiwang/cpython/build-purecap/lib/python3.12/site-packages/pyperformance/data-files/benchmarks/bm_sqlglot_v2/run_benchmark.py transpile --output /tmp/tmpljokijsn --inherit-environ PYPERFORMANCE_RUNID
.....................
WARNING: the benchmark result may be unstable
* the standard deviation (2.16 ms) is 12% of the mean (18.6 ms)

Try to rerun the benchmark with more runs, values and/or loops.
Run 'python -m pyperf system tune' command to reduce the system jitter.
Use pyperf stats, pyperf dump and pyperf hist to analyze results.
Use --quiet option to hide these warnings.

sqlglot_v2_transpile: Mean +- std dev: 18.6 ms +- 2.2 ms
[75/83] sqlite_synth...
# /home/qianhuiwang/cpython/build-purecap/python -u /home/qianhuiwang/cpython/build-purecap/lib/python3.12/site-packages/pyperformance/data-files/benchmarks/bm_sqlite_synth/run_benchmark.py --output /tmp/tmp60rom_xb --inherit-environ PYPERFORMANCE_RUNID
.....................
sqlite_synth: Mean +- std dev: 24.4 us +- 0.3 us
[76/83] sympy...
# /home/qianhuiwang/cpython/build-purecap/python -u /home/qianhuiwang/cpython/build-purecap/lib/python3.12/site-packages/pyperformance/data-files/benchmarks/bm_sympy/run_benchmark.py --output /tmp/tmp4gw0kdj9 --inherit-environ PYPERFORMANCE_RUNID
.....................
sympy_expand: Mean +- std dev: 3.50 sec +- 0.02 sec
.....................
WARNING: the benchmark result may be unstable
* the standard deviation (24.4 ms) is 13% of the mean (190 ms)

Try to rerun the benchmark with more runs, values and/or loops.
Run 'python -m pyperf system tune' command to reduce the system jitter.
Use pyperf stats, pyperf dump and pyperf hist to analyze results.
Use --quiet option to hide these warnings.

sympy_integrate: Mean +- std dev: 190 ms +- 24 ms
.....................
sympy_sum: Mean +- std dev: 1.33 sec +- 0.02 sec
.....................
sympy_str: Mean +- std dev: 2.21 sec +- 0.04 sec
[77/83] telco...
# /home/qianhuiwang/cpython/build-purecap/python -u /home/qianhuiwang/cpython/build-purecap/lib/python3.12/site-packages/pyperformance/data-files/benchmarks/bm_telco/run_benchmark.py --output /tmp/tmp40zdfcz8 --inherit-environ PYPERFORMANCE_RUNID
.....................
telco: Mean +- std dev: 88.5 ms +- 0.9 ms
[78/83] typing_runtime_protocols...
# /home/qianhuiwang/cpython/build-purecap/python -u /home/qianhuiwang/cpython/build-purecap/lib/python3.12/site-packages/pyperformance/data-files/benchmarks/bm_typing_runtime_protocols/run_benchmark.py --output /tmp/tmp96vnhx_n --inherit-environ PYPERFORMANCE_RUNID
.....................
typing_runtime_protocols: Mean +- std dev: 1.46 ms +- 0.03 ms
[79/83] unpack_sequence...
# /home/qianhuiwang/cpython/build-purecap/python -u /home/qianhuiwang/cpython/build-purecap/lib/python3.12/site-packages/pyperformance/data-files/benchmarks/bm_unpack_sequence/run_benchmark.py --output /tmp/tmp7i4z3wxz --inherit-environ PYPERFORMANCE_RUNID
.....................
unpack_sequence: Mean +- std dev: 373 ns +- 30 ns
[80/83] unpickle...
# /home/qianhuiwang/cpython/build-purecap/python -u /home/qianhuiwang/cpython/build-purecap/lib/python3.12/site-packages/pyperformance/data-files/benchmarks/bm_pickle/run_benchmark.py unpickle --output /tmp/tmpr3ebu2m_ --inherit-environ PYPERFORMANCE_RUNID
.....................
unpickle: Mean +- std dev: 344 us +- 18 us
[81/83] unpickle_list...
# /home/qianhuiwang/cpython/build-purecap/python -u /home/qianhuiwang/cpython/build-purecap/lib/python3.12/site-packages/pyperformance/data-files/benchmarks/bm_pickle/run_benchmark.py unpickle_list --output /tmp/tmpozxgl8hi --inherit-environ PYPERFORMANCE_RUNID
.....................
unpickle_list: Mean +- std dev: 67.2 us +- 1.7 us
[82/83] unpickle_pure_python...
# /home/qianhuiwang/cpython/build-purecap/python -u /home/qianhuiwang/cpython/build-purecap/lib/python3.12/site-packages/pyperformance/data-files/benchmarks/bm_pickle/run_benchmark.py --pure-python unpickle --output /tmp/tmppw_hokeh --inherit-environ PYPERFORMANCE_RUNID
.....................
WARNING: the benchmark result may be unstable
* Not enough samples to get a stable result (95% certainly of less than 1% variation)

Try to rerun the benchmark with more runs, values and/or loops.
Run 'python -m pyperf system tune' command to reduce the system jitter.
Use pyperf stats, pyperf dump and pyperf hist to analyze results.
Use --quiet option to hide these warnings.

unpickle_pure_python: Mean +- std dev: 2.33 ms +- 0.13 ms
[83/83] xml_etree...
# /home/qianhuiwang/cpython/build-purecap/python -u /home/qianhuiwang/cpython/build-purecap/lib/python3.12/site-packages/pyperformance/data-files/benchmarks/bm_xml_etree/run_benchmark.py --output /tmp/tmph4gtohzx --inherit-environ PYPERFORMANCE_RUNID
.....................
xml_etree_parse: Mean +- std dev: 1.64 sec +- 0.02 sec
.....................
xml_etree_iterparse: Mean +- std dev: 1.18 sec +- 0.07 sec
.....................
xml_etree_generate: Mean +- std dev: 1.18 sec +- 0.05 sec
.....................
xml_etree_process: Mean +- std dev: 793 ms +- 27 ms

Performance version: 1.11.0
Report on FreeBSD-15.0-CURRENT-arm64-aarch64c-64bit-ELF
Number of logical CPUs: 4
Start date: 2025-05-03 23:29:30.968075
End date: 2025-05-04 11:07:49.183506

### many_optionals ###
Mean +- std dev: 5.50 ms +- 0.41 ms

### subparsers ###
Mean +- std dev: 707 ms +- 34 ms

### async_generators ###
Mean +- std dev: 5.55 sec +- 0.02 sec

### async_tree_none ###
Mean +- std dev: 9.25 sec +- 0.06 sec

### async_tree_cpu_io_mixed ###
Mean +- std dev: 13.5 sec +- 0.2 sec

### async_tree_cpu_io_mixed_tg ###
Mean +- std dev: 12.8 sec +- 0.3 sec

### async_tree_eager ###
Mean +- std dev: 1.18 sec +- 0.02 sec

### async_tree_eager_cpu_io_mixed ###
Mean +- std dev: 4.89 sec +- 0.04 sec

### async_tree_eager_cpu_io_mixed_tg ###
Mean +- std dev: 4.16 sec +- 0.03 sec

### async_tree_eager_io ###
Mean +- std dev: 26.9 sec +- 0.1 sec

### async_tree_eager_io_tg ###
Mean +- std dev: 28.4 sec +- 0.4 sec

### async_tree_eager_memoization ###
Mean +- std dev: 3.78 sec +- 0.10 sec

### async_tree_eager_memoization_tg ###
Mean +- std dev: 2.71 sec +- 0.07 sec

### async_tree_eager_tg ###
Mean +- std dev: 891 ms +- 36 ms

### async_tree_io ###
Mean +- std dev: 24.8 sec +- 0.1 sec

### async_tree_io_tg ###
Mean +- std dev: 24.3 sec +- 0.1 sec

### async_tree_memoization ###
Mean +- std dev: 11.2 sec +- 0.2 sec

### async_tree_memoization_tg ###
Mean +- std dev: 10.8 sec +- 0.3 sec

### async_tree_none_tg ###
Mean +- std dev: 8.22 sec +- 0.03 sec

### bpe_tokeniser ###
Mean +- std dev: 77.9 sec +- 11.2 sec

### chameleon ###
Mean +- std dev: 99.5 ms +- 14.6 ms

### chaos ###
Mean +- std dev: 690 ms +- 2 ms

### comprehensions ###
Mean +- std dev: 302 us +- 12 us

### bench_mp_pool ###
Mean +- std dev: 71.4 ms +- 8.3 ms

### bench_thread_pool ###
Mean +- std dev: 8.12 ms +- 0.85 ms

### coroutines ###
Mean +- std dev: 350 ms +- 10 ms

### coverage ###
Mean +- std dev: 4.49 sec +- 0.02 sec

### crypto_pyaes ###
Mean +- std dev: 1.14 sec +- 0.04 sec

### deepcopy ###
Mean +- std dev: 4.20 ms +- 0.11 ms

### deepcopy_reduce ###
Mean +- std dev: 39.9 us +- 0.3 us

### deepcopy_memo ###
Mean +- std dev: 523 us +- 33 us

### deltablue ###
Mean +- std dev: 41.6 ms +- 1.5 ms

### django_template ###
Mean +- std dev: 393 ms +- 4 ms

### dulwich_log ###
Mean +- std dev: 553 ms +- 36 ms

### fannkuch ###
Mean +- std dev: 3.48 sec +- 0.00 sec

### float ###
Mean +- std dev: 1.19 sec +- 0.01 sec

### create_gc_cycles ###
Mean +- std dev: 20.9 ms +- 1.9 ms

### gc_traversal ###
Mean +- std dev: 29.9 ms +- 0.1 ms

### generators ###
Mean +- std dev: 488 ms +- 14 ms

### genshi_text ###
Mean +- std dev: 286 ms +- 24 ms

### genshi_xml ###
Mean +- std dev: 633 ms +- 15 ms

### go ###
Mean +- std dev: 1.29 sec +- 0.01 sec

### hexiom ###
Mean +- std dev: 61.5 ms +- 1.6 ms

### html5lib ###
Mean +- std dev: 644 ms +- 89 ms

### json_dumps ###
Mean +- std dev: 139 ms +- 11 ms

### json_loads ###
Mean +- std dev: 473 us +- 23 us

### logging_format ###
Mean +- std dev: 68.2 us +- 2.5 us

### logging_silent ###
Mean +- std dev: 1.15 us +- 0.02 us

### logging_simple ###
Mean +- std dev: 70.7 us +- 7.7 us

### mako ###
Mean +- std dev: 140 ms +- 10 ms

### mdp ###
Mean +- std dev: 22.1 sec +- 0.1 sec

### meteor_contest ###
Mean +- std dev: 1.07 sec +- 0.06 sec

### nbody ###
Mean +- std dev: 1.18 sec +- 0.00 sec

### shortest_path ###
Mean +- std dev: 4.54 sec +- 0.14 sec

### connected_components ###
Mean +- std dev: 3.79 sec +- 0.32 sec

### k_core ###
Mean +- std dev: 23.7 sec +- 0.2 sec

### nqueens ###
Mean +- std dev: 1.07 sec +- 0.03 sec

### pathlib ###
Mean +- std dev: 224 ms +- 6 ms

### pickle ###
Mean +- std dev: 141 us +- 13 us

### pickle_dict ###
Mean +- std dev: 181 us +- 15 us

### pickle_list ###
Mean +- std dev: 38.5 us +- 5.8 us

### pickle_pure_python ###
Mean +- std dev: 3.43 ms +- 0.09 ms

### pidigits ###
Mean +- std dev: 1.42 sec +- 0.08 sec

### pprint_safe_repr ###
Mean +- std dev: 8.35 sec +- 0.04 sec

### pprint_pformat ###
Mean +- std dev: 17.1 sec +- 0.1 sec

### pyflate ###
Mean +- std dev: 7.60 sec +- 0.27 sec

### python_startup ###
Mean +- std dev: 80.3 ms +- 0.3 ms

### python_startup_no_site ###
Mean +- std dev: 52.2 ms +- 0.1 ms

### raytrace ###
Mean +- std dev: 3.71 sec +- 0.03 sec

### regex_compile ###
Mean +- std dev: 1.38 sec +- 0.04 sec

### regex_dna ###
Mean +- std dev: 711 ms +- 43 ms

### regex_effbot ###
Mean +- std dev: 37.4 ms +- 1.1 ms

### regex_v8 ###
Mean +- std dev: 379 ms +- 87 ms

### richards ###
Mean +- std dev: 404 ms +- 4 ms

### richards_super ###
Mean +- std dev: 458 ms +- 6 ms

### scimark_fft ###
Mean +- std dev: 5.02 sec +- 0.03 sec

### scimark_lu ###
Mean +- std dev: 988 ms +- 22 ms

### scimark_monte_carlo ###
Mean +- std dev: 625 ms +- 5 ms

### scimark_sor ###
Mean +- std dev: 1.51 sec +- 0.01 sec

### scimark_sparse_mat_mult ###
Mean +- std dev: 81.4 ms +- 1.4 ms

### spectral_norm ###
Mean +- std dev: 1.85 sec +- 0.01 sec

### sqlglot_v2_normalize ###
Mean +- std dev: 1.59 sec +- 0.05 sec

### sqlglot_v2_optimize ###
Mean +- std dev: 730 ms +- 29 ms

### sqlglot_v2_parse ###
Mean +- std dev: 16.1 ms +- 1.2 ms

### sqlglot_v2_transpile ###
Mean +- std dev: 18.6 ms +- 2.2 ms

### sqlite_synth ###
Mean +- std dev: 24.4 us +- 0.3 us

### sympy_expand ###
Mean +- std dev: 3.50 sec +- 0.02 sec

### sympy_integrate ###
Mean +- std dev: 190 ms +- 24 ms

### sympy_sum ###
Mean +- std dev: 1.33 sec +- 0.02 sec

### sympy_str ###
Mean +- std dev: 2.21 sec +- 0.04 sec

### telco ###
Mean +- std dev: 88.5 ms +- 0.9 ms

### typing_runtime_protocols ###
Mean +- std dev: 1.46 ms +- 0.03 ms

### unpack_sequence ###
Mean +- std dev: 373 ns +- 30 ns

### unpickle ###
Mean +- std dev: 344 us +- 18 us

### unpickle_list ###
Mean +- std dev: 67.2 us +- 1.7 us

### unpickle_pure_python ###
Mean +- std dev: 2.33 ms +- 0.13 ms

### xml_etree_parse ###
Mean +- std dev: 1.64 sec +- 0.02 sec

### xml_etree_iterparse ###
Mean +- std dev: 1.18 sec +- 0.07 sec

### xml_etree_generate ###
Mean +- std dev: 1.18 sec +- 0.05 sec

### xml_etree_process ###
Mean +- std dev: 793 ms +- 27 ms

