qianhuiwang@cheribsd:~/cpython/build-benchmark % make -j4
--- check-clean-src ---
--- Programs/python.o ---
--- Parser/token.o ---
--- Parser/pegen.o ---
--- Programs/python.o ---
cc -pthread -c -fno-strict-overflow -g -Og -Wall -mabi=purecap-benchmark -O2 -pipe  -std=c11 -Werror=implicit-function-declaration -fvisibility=hidden  -I../Include/internal -IObjects -IInclude -IPython -I. -I../Include -I/usr/local64cb/include   -DPy_BUILD_CORE -o Programs/python.o ../Programs/python.c
--- Parser/token.o ---
cc -pthread -c -fno-strict-overflow -g -Og -Wall -mabi=purecap-benchmark -O2 -pipe  -std=c11 -Werror=implicit-function-declaration -fvisibility=hidden  -I../Include/internal -IObjects -IInclude -IPython -I. -I../Include -I/usr/local64cb/include   -DPy_BUILD_CORE -o Parser/token.o ../Parser/token.c
--- Parser/pegen_errors.o ---
--- Parser/pegen.o ---
cc -pthread -c -fno-strict-overflow -g -Og -Wall -mabi=purecap-benchmark -O2 -pipe  -std=c11 -Werror=implicit-function-declaration -fvisibility=hidden  -I../Include/internal -IObjects -IInclude -IPython -I. -I../Include -I/usr/local64cb/include   -DPy_BUILD_CORE -o Parser/pegen.o ../Parser/pegen.c
--- Parser/pegen_errors.o ---
cc -pthread -c -fno-strict-overflow -g -Og -Wall -mabi=purecap-benchmark -O2 -pipe  -std=c11 -Werror=implicit-function-declaration -fvisibility=hidden  -I../Include/internal -IObjects -IInclude -IPython -I. -I../Include -I/usr/local64cb/include   -DPy_BUILD_CORE -o Parser/pegen_errors.o ../Parser/pegen_errors.c
--- Parser/action_helpers.o ---
cc -pthread -c -fno-strict-overflow -g -Og -Wall -mabi=purecap-benchmark -O2 -pipe  -std=c11 -Werror=implicit-function-declaration -fvisibility=hidden  -I../Include/internal -IObjects -IInclude -IPython -I. -I../Include -I/usr/local64cb/include   -DPy_BUILD_CORE -o Parser/action_helpers.o ../Parser/action_helpers.c
--- Parser/parser.o ---
cc -pthread -c -fno-strict-overflow -g -Og -Wall -mabi=purecap-benchmark -O2 -pipe  -std=c11 -Werror=implicit-function-declaration -fvisibility=hidden  -I../Include/internal -IObjects -IInclude -IPython -I. -I../Include -I/usr/local64cb/include   -DPy_BUILD_CORE -o Parser/parser.o ../Parser/parser.c
--- Parser/string_parser.o ---
cc -pthread -c -fno-strict-overflow -g -Og -Wall -mabi=purecap-benchmark -O2 -pipe  -std=c11 -Werror=implicit-function-declaration -fvisibility=hidden  -I../Include/internal -IObjects -IInclude -IPython -I. -I../Include -I/usr/local64cb/include   -DPy_BUILD_CORE -o Parser/string_parser.o ../Parser/string_parser.c
--- Parser/peg_api.o ---
cc -pthread -c -fno-strict-overflow -g -Og -Wall -mabi=purecap-benchmark -O2 -pipe  -std=c11 -Werror=implicit-function-declaration -fvisibility=hidden  -I../Include/internal -IObjects -IInclude -IPython -I. -I../Include -I/usr/local64cb/include   -DPy_BUILD_CORE -o Parser/peg_api.o ../Parser/peg_api.c
--- Parser/myreadline.o ---
cc -pthread -c -fno-strict-overflow -g -Og -Wall -mabi=purecap-benchmark -O2 -pipe  -std=c11 -Werror=implicit-function-declaration -fvisibility=hidden  -I../Include/internal -IObjects -IInclude -IPython -I. -I../Include -I/usr/local64cb/include   -DPy_BUILD_CORE -o Parser/myreadline.o ../Parser/myreadline.c
--- Parser/tokenizer.o ---
cc -pthread -c -fno-strict-overflow -g -Og -Wall -mabi=purecap-benchmark -O2 -pipe  -std=c11 -Werror=implicit-function-declaration -fvisibility=hidden  -I../Include/internal -IObjects -IInclude -IPython -I. -I../Include -I/usr/local64cb/include   -DPy_BUILD_CORE -o Parser/tokenizer.o ../Parser/tokenizer.c
--- Objects/abstract.o ---
cc -pthread -c -fno-strict-overflow -g -Og -Wall -mabi=purecap-benchmark -O2 -pipe  -std=c11 -Werror=implicit-function-declaration -fvisibility=hidden  -I../Include/internal -IObjects -IInclude -IPython -I. -I../Include -I/usr/local64cb/include   -DPy_BUILD_CORE -o Objects/abstract.o ../Objects/abstract.c
--- Objects/boolobject.o ---
cc -pthread -c -fno-strict-overflow -g -Og -Wall -mabi=purecap-benchmark -O2 -pipe  -std=c11 -Werror=implicit-function-declaration -fvisibility=hidden  -I../Include/internal -IObjects -IInclude -IPython -I. -I../Include -I/usr/local64cb/include   -DPy_BUILD_CORE -o Objects/boolobject.o ../Objects/boolobject.c
--- Objects/abstract.o ---
In file included from ../Objects/abstract.c:8:
../Include/internal/pycore_long.h:154:34: warning: binary expression on capability types 'uintptr_t' (aka 'unsigned __intcap') and 'uintptr_t'; it is not clear which should be used as the source of provenance; currently provenance is inherited from the left-hand side [-Wcheri-provenance]
return (a->long_value.lv_tag | b->long_value.lv_tag) < (2 << NON_SIZE_BITS);
~~~~~~~~~~~~~~~~~~~~ ^ ~~~~~~~~~~~~~~~~~~~~
--- Objects/boolobject.o ---
In file included from ../Objects/boolobject.c:5:
../Include/internal/pycore_long.h:154:34: warning: binary expression on capability types 'uintptr_t' (aka 'unsigned __intcap') and 'uintptr_t'; it is not clear which should be used as the source of provenance; currently provenance is inherited from the left-hand side [-Wcheri-provenance]
return (a->long_value.lv_tag | b->long_value.lv_tag) < (2 << NON_SIZE_BITS);
~~~~~~~~~~~~~~~~~~~~ ^ ~~~~~~~~~~~~~~~~~~~~
1 warning generated.
--- Objects/bytes_methods.o ---
cc -pthread -c -fno-strict-overflow -g -Og -Wall -mabi=purecap-benchmark -O2 -pipe  -std=c11 -Werror=implicit-function-declaration -fvisibility=hidden  -I../Include/internal -IObjects -IInclude -IPython -I. -I../Include -I/usr/local64cb/include   -DPy_BUILD_CORE -o Objects/bytes_methods.o ../Objects/bytes_methods.c
--- Objects/abstract.o ---
In file included from ../Objects/abstract.c:5:
--- Objects/bytearrayobject.o ---
--- Objects/abstract.o ---
../Include/internal/pycore_call.h:53:5: warning: found underaligned load of capability type (aligned to 1 bytes instead of 16). Will use memcpy() instead of capability load to preserve tags if it is aligned correctly at runtime [-Wcheri-inefficient]
memcpy(&ptr, (char *) callable + offset, sizeof(ptr));
^
../Include/internal/pycore_call.h:53:5: note: use __builtin_assume_aligned() or cast to (u)intptr_t* if you know that the pointer is actually aligned to capability size; this will allow the memcpy() or memmove() call to be inlined if the size is constant (otherwise a library call must be used to maintain tag bits). For more information see https://github.com/CTSRD-CHERI/llvm-project/wiki/Unaligned-capability-copies
--- Objects/bytearrayobject.o ---
cc -pthread -c -fno-strict-overflow -g -Og -Wall -mabi=purecap-benchmark -O2 -pipe  -std=c11 -Werror=implicit-function-declaration -fvisibility=hidden  -I../Include/internal -IObjects -IInclude -IPython -I. -I../Include -I/usr/local64cb/include   -DPy_BUILD_CORE -o Objects/bytearrayobject.o ../Objects/bytearrayobject.c
--- Parser/tokenizer.o ---
In file included from ../Parser/tokenizer.c:6:
../Include/internal/pycore_call.h:53:5: warning: found underaligned load of capability type (aligned to 1 bytes instead of 16). Will use memcpy() instead of capability load to preserve tags if it is aligned correctly at runtime [-Wcheri-inefficient]
memcpy(&ptr, (char *) callable + offset, sizeof(ptr));
^
../Include/internal/pycore_call.h:53:5: note: use __builtin_assume_aligned() or cast to (u)intptr_t* if you know that the pointer is actually aligned to capability size; this will allow the memcpy() or memmove() call to be inlined if the size is constant (otherwise a library call must be used to maintain tag bits). For more information see https://github.com/CTSRD-CHERI/llvm-project/wiki/Unaligned-capability-copies
1 warning generated.
--- Objects/bytesobject.o ---
--- Objects/abstract.o ---
../Include/internal/pycore_call.h:53:5: warning: found underaligned load of capability type (aligned to 1 bytes instead of 16). Will use memcpy() instead of capability load to preserve tags if it is aligned correctly at runtime [-Wcheri-inefficient]
memcpy(&ptr, (char *) callable + offset, sizeof(ptr));
^
../Include/internal/pycore_call.h:53:5: note: use __builtin_assume_aligned() or cast to (u)intptr_t* if you know that the pointer is actually aligned to capability size; this will allow the memcpy() or memmove() call to be inlined if the size is constant (otherwise a library call must be used to maintain tag bits). For more information see https://github.com/CTSRD-CHERI/llvm-project/wiki/Unaligned-capability-copies
--- Objects/bytesobject.o ---
cc -pthread -c -fno-strict-overflow -g -Og -Wall -mabi=purecap-benchmark -O2 -pipe  -std=c11 -Werror=implicit-function-declaration -fvisibility=hidden  -I../Include/internal -IObjects -IInclude -IPython -I. -I../Include -I/usr/local64cb/include   -DPy_BUILD_CORE -o Objects/bytesobject.o ../Objects/bytesobject.c
--- Objects/bytearrayobject.o ---
In file included from ../Objects/bytearrayobject.c:10:
../Include/internal/pycore_long.h:154:34: warning: binary expression on capability types 'uintptr_t' (aka 'unsigned __intcap') and 'uintptr_t'; it is not clear which should be used as the source of provenance; currently provenance is inherited from the left-hand side [-Wcheri-provenance]
return (a->long_value.lv_tag | b->long_value.lv_tag) < (2 << NON_SIZE_BITS);
~~~~~~~~~~~~~~~~~~~~ ^ ~~~~~~~~~~~~~~~~~~~~
--- Objects/bytesobject.o ---
In file included from ../Objects/bytesobject.c:13:
../Include/internal/pycore_long.h:154:34: warning: binary expression on capability types 'uintptr_t' (aka 'unsigned __intcap') and 'uintptr_t'; it is not clear which should be used as the source of provenance; currently provenance is inherited from the left-hand side [-Wcheri-provenance]
return (a->long_value.lv_tag | b->long_value.lv_tag) < (2 << NON_SIZE_BITS);
~~~~~~~~~~~~~~~~~~~~ ^ ~~~~~~~~~~~~~~~~~~~~
--- Objects/abstract.o ---
3 warnings generated.
--- Objects/call.o ---
cc -pthread -c -fno-strict-overflow -g -Og -Wall -mabi=purecap-benchmark -O2 -pipe  -std=c11 -Werror=implicit-function-declaration -fvisibility=hidden  -I../Include/internal -IObjects -IInclude -IPython -I. -I../Include -I/usr/local64cb/include   -DPy_BUILD_CORE -o Objects/call.o ../Objects/call.c
In file included from ../Objects/call.c:2:
../Include/internal/pycore_call.h:53:5: warning: found underaligned load of capability type (aligned to 1 bytes instead of 16). Will use memcpy() instead of capability load to preserve tags if it is aligned correctly at runtime [-Wcheri-inefficient]
memcpy(&ptr, (char *) callable + offset, sizeof(ptr));
^
../Include/internal/pycore_call.h:53:5: note: use __builtin_assume_aligned() or cast to (u)intptr_t* if you know that the pointer is actually aligned to capability size; this will allow the memcpy() or memmove() call to be inlined if the size is constant (otherwise a library call must be used to maintain tag bits). For more information see https://github.com/CTSRD-CHERI/llvm-project/wiki/Unaligned-capability-copies
../Include/internal/pycore_call.h:53:5: warning: found underaligned load of capability type (aligned to 1 bytes instead of 16). Will use memcpy() instead of capability load to preserve tags if it is aligned correctly at runtime [-Wcheri-inefficient]
memcpy(&ptr, (char *) callable + offset, sizeof(ptr));
^
../Include/internal/pycore_call.h:53:5: note: use __builtin_assume_aligned() or cast to (u)intptr_t* if you know that the pointer is actually aligned to capability size; this will allow the memcpy() or memmove() call to be inlined if the size is constant (otherwise a library call must be used to maintain tag bits). For more information see https://github.com/CTSRD-CHERI/llvm-project/wiki/Unaligned-capability-copies
../Include/internal/pycore_call.h:53:5: warning: found underaligned load of capability type (aligned to 1 bytes instead of 16). Will use memcpy() instead of capability load to preserve tags if it is aligned correctly at runtime [-Wcheri-inefficient]
memcpy(&ptr, (char *) callable + offset, sizeof(ptr));
^
../Include/internal/pycore_call.h:53:5: note: use __builtin_assume_aligned() or cast to (u)intptr_t* if you know that the pointer is actually aligned to capability size; this will allow the memcpy() or memmove() call to be inlined if the size is constant (otherwise a library call must be used to maintain tag bits). For more information see https://github.com/CTSRD-CHERI/llvm-project/wiki/Unaligned-capability-copies
../Objects/call.c:308:5: warning: found underaligned load of capability type (aligned to 1 bytes instead of 16). Will use memcpy() instead of capability load to preserve tags if it is aligned correctly at runtime [-Wcheri-inefficient]
memcpy(&func, (char *) callable + offset, sizeof(func));
^
../Objects/call.c:308:5: note: use __builtin_assume_aligned() or cast to (u)intptr_t* if you know that the pointer is actually aligned to capability size; this will allow the memcpy() or memmove() call to be inlined if the size is constant (otherwise a library call must be used to maintain tag bits). For more information see https://github.com/CTSRD-CHERI/llvm-project/wiki/Unaligned-capability-copies
In file included from ../Objects/call.c:2:
../Include/internal/pycore_call.h:53:5: warning: found underaligned load of capability type (aligned to 1 bytes instead of 16). Will use memcpy() instead of capability load to preserve tags if it is aligned correctly at runtime [-Wcheri-inefficient]
memcpy(&ptr, (char *) callable + offset, sizeof(ptr));
^
../Include/internal/pycore_call.h:53:5: note: use __builtin_assume_aligned() or cast to (u)intptr_t* if you know that the pointer is actually aligned to capability size; this will allow the memcpy() or memmove() call to be inlined if the size is constant (otherwise a library call must be used to maintain tag bits). For more information see https://github.com/CTSRD-CHERI/llvm-project/wiki/Unaligned-capability-copies
../Include/internal/pycore_call.h:53:5: warning: found underaligned load of capability type (aligned to 1 bytes instead of 16). Will use memcpy() instead of capability load to preserve tags if it is aligned correctly at runtime [-Wcheri-inefficient]
memcpy(&ptr, (char *) callable + offset, sizeof(ptr));
^
../Include/internal/pycore_call.h:53:5: note: use __builtin_assume_aligned() or cast to (u)intptr_t* if you know that the pointer is actually aligned to capability size; this will allow the memcpy() or memmove() call to be inlined if the size is constant (otherwise a library call must be used to maintain tag bits). For more information see https://github.com/CTSRD-CHERI/llvm-project/wiki/Unaligned-capability-copies
../Include/internal/pycore_call.h:53:5: warning: found underaligned load of capability type (aligned to 1 bytes instead of 16). Will use memcpy() instead of capability load to preserve tags if it is aligned correctly at runtime [-Wcheri-inefficient]
memcpy(&ptr, (char *) callable + offset, sizeof(ptr));
^
../Include/internal/pycore_call.h:53:5: note: use __builtin_assume_aligned() or cast to (u)intptr_t* if you know that the pointer is actually aligned to capability size; this will allow the memcpy() or memmove() call to be inlined if the size is constant (otherwise a library call must be used to maintain tag bits). For more information see https://github.com/CTSRD-CHERI/llvm-project/wiki/Unaligned-capability-copies
7 warnings generated.
--- Objects/capsule.o ---
cc -pthread -c -fno-strict-overflow -g -Og -Wall -mabi=purecap-benchmark -O2 -pipe  -std=c11 -Werror=implicit-function-declaration -fvisibility=hidden  -I../Include/internal -IObjects -IInclude -IPython -I. -I../Include -I/usr/local64cb/include   -DPy_BUILD_CORE -o Objects/capsule.o ../Objects/capsule.c
--- Objects/cellobject.o ---
cc -pthread -c -fno-strict-overflow -g -Og -Wall -mabi=purecap-benchmark -O2 -pipe  -std=c11 -Werror=implicit-function-declaration -fvisibility=hidden  -I../Include/internal -IObjects -IInclude -IPython -I. -I../Include -I/usr/local64cb/include   -DPy_BUILD_CORE -o Objects/cellobject.o ../Objects/cellobject.c
--- Objects/classobject.o ---
cc -pthread -c -fno-strict-overflow -g -Og -Wall -mabi=purecap-benchmark -O2 -pipe  -std=c11 -Werror=implicit-function-declaration -fvisibility=hidden  -I../Include/internal -IObjects -IInclude -IPython -I. -I../Include -I/usr/local64cb/include   -DPy_BUILD_CORE -o Objects/classobject.o ../Objects/classobject.c
--- Objects/bytesobject.o ---
In file included from ../Objects/bytesobject.c:9:
../Include/internal/pycore_call.h:53:5: warning: found underaligned load of capability type (aligned to 1 bytes instead of 16). Will use memcpy() instead of capability load to preserve tags if it is aligned correctly at runtime [-Wcheri-inefficient]
memcpy(&ptr, (char *) callable + offset, sizeof(ptr));
^
../Include/internal/pycore_call.h:53:5: note: use __builtin_assume_aligned() or cast to (u)intptr_t* if you know that the pointer is actually aligned to capability size; this will allow the memcpy() or memmove() call to be inlined if the size is constant (otherwise a library call must be used to maintain tag bits). For more information see https://github.com/CTSRD-CHERI/llvm-project/wiki/Unaligned-capability-copies
--- Objects/bytearrayobject.o ---
1 warning generated.
--- Objects/codeobject.o ---
cc -pthread -c -fno-strict-overflow -g -Og -Wall -mabi=purecap-benchmark -O2 -pipe  -std=c11 -Werror=implicit-function-declaration -fvisibility=hidden  -I../Include/internal -IObjects -IInclude -IPython -I. -I../Include -I/usr/local64cb/include   -DPy_BUILD_CORE -o Objects/codeobject.o ../Objects/codeobject.c
--- Objects/classobject.o ---
In file included from ../Objects/classobject.c:4:
../Include/internal/pycore_call.h:53:5: warning: found underaligned load of capability type (aligned to 1 bytes instead of 16). Will use memcpy() instead of capability load to preserve tags if it is aligned correctly at runtime [-Wcheri-inefficient]
memcpy(&ptr, (char *) callable + offset, sizeof(ptr));
^
../Include/internal/pycore_call.h:53:5: note: use __builtin_assume_aligned() or cast to (u)intptr_t* if you know that the pointer is actually aligned to capability size; this will allow the memcpy() or memmove() call to be inlined if the size is constant (otherwise a library call must be used to maintain tag bits). For more information see https://github.com/CTSRD-CHERI/llvm-project/wiki/Unaligned-capability-copies
1 warning generated.
--- Objects/complexobject.o ---
cc -pthread -c -fno-strict-overflow -g -Og -Wall -mabi=purecap-benchmark -O2 -pipe  -std=c11 -Werror=implicit-function-declaration -fvisibility=hidden  -I../Include/internal -IObjects -IInclude -IPython -I. -I../Include -I/usr/local64cb/include   -DPy_BUILD_CORE -o Objects/complexobject.o ../Objects/complexobject.c
--- Objects/bytesobject.o ---
../Include/internal/pycore_call.h:53:5: warning: found underaligned load of capability type (aligned to 1 bytes instead of 16). Will use memcpy() instead of capability load to preserve tags if it is aligned correctly at runtime [-Wcheri-inefficient]
memcpy(&ptr, (char *) callable + offset, sizeof(ptr));
^
../Include/internal/pycore_call.h:53:5: note: use __builtin_assume_aligned() or cast to (u)intptr_t* if you know that the pointer is actually aligned to capability size; this will allow the memcpy() or memmove() call to be inlined if the size is constant (otherwise a library call must be used to maintain tag bits). For more information see https://github.com/CTSRD-CHERI/llvm-project/wiki/Unaligned-capability-copies
--- Objects/complexobject.o ---
In file included from ../Objects/complexobject.c:10:
../Include/internal/pycore_long.h:154:34: warning: binary expression on capability types 'uintptr_t' (aka 'unsigned __intcap') and 'uintptr_t'; it is not clear which should be used as the source of provenance; currently provenance is inherited from the left-hand side [-Wcheri-provenance]
return (a->long_value.lv_tag | b->long_value.lv_tag) < (2 << NON_SIZE_BITS);
~~~~~~~~~~~~~~~~~~~~ ^ ~~~~~~~~~~~~~~~~~~~~
In file included from ../Objects/complexobject.c:9:
../Include/internal/pycore_call.h:53:5: warning: found underaligned load of capability type (aligned to 1 bytes instead of 16). Will use memcpy() instead of capability load to preserve tags if it is aligned correctly at runtime [-Wcheri-inefficient]
memcpy(&ptr, (char *) callable + offset, sizeof(ptr));
^
../Include/internal/pycore_call.h:53:5: note: use __builtin_assume_aligned() or cast to (u)intptr_t* if you know that the pointer is actually aligned to capability size; this will allow the memcpy() or memmove() call to be inlined if the size is constant (otherwise a library call must be used to maintain tag bits). For more information see https://github.com/CTSRD-CHERI/llvm-project/wiki/Unaligned-capability-copies
2 warnings generated.
--- Objects/descrobject.o ---
cc -pthread -c -fno-strict-overflow -g -Og -Wall -mabi=purecap-benchmark -O2 -pipe  -std=c11 -Werror=implicit-function-declaration -fvisibility=hidden  -I../Include/internal -IObjects -IInclude -IPython -I. -I../Include -I/usr/local64cb/include   -DPy_BUILD_CORE -o Objects/descrobject.o ../Objects/descrobject.c
--- Objects/bytesobject.o ---
3 warnings generated.
--- Objects/enumobject.o ---
cc -pthread -c -fno-strict-overflow -g -Og -Wall -mabi=purecap-benchmark -O2 -pipe  -std=c11 -Werror=implicit-function-declaration -fvisibility=hidden  -I../Include/internal -IObjects -IInclude -IPython -I. -I../Include -I/usr/local64cb/include   -DPy_BUILD_CORE -o Objects/enumobject.o ../Objects/enumobject.c
--- Objects/exceptions.o ---
cc -pthread -c -fno-strict-overflow -g -Og -Wall -mabi=purecap-benchmark -O2 -pipe  -std=c11 -Werror=implicit-function-declaration -fvisibility=hidden  -I../Include/internal -IObjects -IInclude -IPython -I. -I../Include -I/usr/local64cb/include   -DPy_BUILD_CORE -o Objects/exceptions.o ../Objects/exceptions.c
--- Objects/enumobject.o ---
In file included from ../Objects/enumobject.c:5:
../Include/internal/pycore_long.h:154:34: warning: binary expression on capability types 'uintptr_t' (aka 'unsigned __intcap') and 'uintptr_t'; it is not clear which should be used as the source of provenance; currently provenance is inherited from the left-hand side [-Wcheri-provenance]
return (a->long_value.lv_tag | b->long_value.lv_tag) < (2 << NON_SIZE_BITS);
~~~~~~~~~~~~~~~~~~~~ ^ ~~~~~~~~~~~~~~~~~~~~
--- Objects/exceptions.o ---
../Objects/exceptions.c:1047:32: warning: 'PyLong_FromVoidPtr' is deprecated [-Wdeprecated-declarations]
PyObject *exc_id = PyLong_FromVoidPtr(exc);
^
../Include/longobject.h:54:1: note: 'PyLong_FromVoidPtr' has been explicitly marked deprecated here
Py_DEPRECATED(3.8) PyAPI_FUNC(PyObject *) PyLong_FromVoidPtr(void *);
^
../Include/pyport.h:332:54: note: expanded from macro 'Py_DEPRECATED'
#define Py_DEPRECATED(VERSION_UNUSED) __attribute__((__deprecated__))
^
../Objects/exceptions.c:1250:28: warning: 'PyLong_FromVoidPtr' is deprecated [-Wdeprecated-declarations]
PyObject *exc_id = PyLong_FromVoidPtr(exc);
^
../Include/longobject.h:54:1: note: 'PyLong_FromVoidPtr' has been explicitly marked deprecated here
Py_DEPRECATED(3.8) PyAPI_FUNC(PyObject *) PyLong_FromVoidPtr(void *);
^
../Include/pyport.h:332:54: note: expanded from macro 'Py_DEPRECATED'
#define Py_DEPRECATED(VERSION_UNUSED) __attribute__((__deprecated__))
^
--- Objects/enumobject.o ---
In file included from ../Objects/enumobject.c:4:
../Include/internal/pycore_call.h:53:5: warning: found underaligned load of capability type (aligned to 1 bytes instead of 16). Will use memcpy() instead of capability load to preserve tags if it is aligned correctly at runtime [-Wcheri-inefficient]
memcpy(&ptr, (char *) callable + offset, sizeof(ptr));
^
../Include/internal/pycore_call.h:53:5: note: use __builtin_assume_aligned() or cast to (u)intptr_t* if you know that the pointer is actually aligned to capability size; this will allow the memcpy() or memmove() call to be inlined if the size is constant (otherwise a library call must be used to maintain tag bits). For more information see https://github.com/CTSRD-CHERI/llvm-project/wiki/Unaligned-capability-copies
2 warnings generated.
--- Objects/genericaliasobject.o ---
cc -pthread -c -fno-strict-overflow -g -Og -Wall -mabi=purecap-benchmark -O2 -pipe  -std=c11 -Werror=implicit-function-declaration -fvisibility=hidden  -I../Include/internal -IObjects -IInclude -IPython -I. -I../Include -I/usr/local64cb/include   -DPy_BUILD_CORE -o Objects/genericaliasobject.o ../Objects/genericaliasobject.c
--- Objects/genobject.o ---
cc -pthread -c -fno-strict-overflow -g -Og -Wall -mabi=purecap-benchmark -O2 -pipe  -std=c11 -Werror=implicit-function-declaration -fvisibility=hidden  -I../Include/internal -IObjects -IInclude -IPython -I. -I../Include -I/usr/local64cb/include   -DPy_BUILD_CORE -o Objects/genobject.o ../Objects/genobject.c
In file included from ../Objects/genobject.c:6:
../Include/internal/pycore_call.h:53:5: warning: found underaligned load of capability type (aligned to 1 bytes instead of 16). Will use memcpy() instead of capability load to preserve tags if it is aligned correctly at runtime [-Wcheri-inefficient]
memcpy(&ptr, (char *) callable + offset, sizeof(ptr));
^
../Include/internal/pycore_call.h:53:5: note: use __builtin_assume_aligned() or cast to (u)intptr_t* if you know that the pointer is actually aligned to capability size; this will allow the memcpy() or memmove() call to be inlined if the size is constant (otherwise a library call must be used to maintain tag bits). For more information see https://github.com/CTSRD-CHERI/llvm-project/wiki/Unaligned-capability-copies
--- Objects/fileobject.o ---
cc -pthread -c -fno-strict-overflow -g -Og -Wall -mabi=purecap-benchmark -O2 -pipe  -std=c11 -Werror=implicit-function-declaration -fvisibility=hidden  -I../Include/internal -IObjects -IInclude -IPython -I. -I../Include -I/usr/local64cb/include   -DPy_BUILD_CORE -o Objects/fileobject.o ../Objects/fileobject.c
--- Objects/genobject.o ---
1 warning generated.
--- Objects/floatobject.o ---
cc -pthread -c -fno-strict-overflow -g -Og -Wall -mabi=purecap-benchmark -O2 -pipe  -std=c11 -Werror=implicit-function-declaration -fvisibility=hidden  -I../Include/internal -IObjects -IInclude -IPython -I. -I../Include -I/usr/local64cb/include   -DPy_BUILD_CORE -o Objects/floatobject.o ../Objects/floatobject.c
In file included from ../Objects/floatobject.c:11:
../Include/internal/pycore_long.h:154:34: warning: binary expression on capability types 'uintptr_t' (aka 'unsigned __intcap') and 'uintptr_t'; it is not clear which should be used as the source of provenance; currently provenance is inherited from the left-hand side [-Wcheri-provenance]
return (a->long_value.lv_tag | b->long_value.lv_tag) < (2 << NON_SIZE_BITS);
~~~~~~~~~~~~~~~~~~~~ ^ ~~~~~~~~~~~~~~~~~~~~
--- Objects/fileobject.o ---
In file included from ../Objects/fileobject.c:5:
../Include/internal/pycore_call.h:53:5: warning: found underaligned load of capability type (aligned to 1 bytes instead of 16). Will use memcpy() instead of capability load to preserve tags if it is aligned correctly at runtime [-Wcheri-inefficient]
memcpy(&ptr, (char *) callable + offset, sizeof(ptr));
^
../Include/internal/pycore_call.h:53:5: note: use __builtin_assume_aligned() or cast to (u)intptr_t* if you know that the pointer is actually aligned to capability size; this will allow the memcpy() or memmove() call to be inlined if the size is constant (otherwise a library call must be used to maintain tag bits). For more information see https://github.com/CTSRD-CHERI/llvm-project/wiki/Unaligned-capability-copies
1 warning generated.
--- Objects/frameobject.o ---
cc -pthread -c -fno-strict-overflow -g -Og -Wall -mabi=purecap-benchmark -O2 -pipe  -std=c11 -Werror=implicit-function-declaration -fvisibility=hidden  -I../Include/internal -IObjects -IInclude -IPython -I. -I../Include -I/usr/local64cb/include   -DPy_BUILD_CORE -o Objects/frameobject.o ../Objects/frameobject.c
--- Objects/exceptions.o ---
2 warnings generated.
--- Objects/funcobject.o ---
cc -pthread -c -fno-strict-overflow -g -Og -Wall -mabi=purecap-benchmark -O2 -pipe  -std=c11 -Werror=implicit-function-declaration -fvisibility=hidden  -I../Include/internal -IObjects -IInclude -IPython -I. -I../Include -I/usr/local64cb/include   -DPy_BUILD_CORE -o Objects/funcobject.o ../Objects/funcobject.c
--- Objects/floatobject.o ---
1 warning generated.
--- Objects/interpreteridobject.o ---
cc -pthread -c -fno-strict-overflow -g -Og -Wall -mabi=purecap-benchmark -O2 -pipe  -std=c11 -Werror=implicit-function-declaration -fvisibility=hidden  -I../Include/internal -IObjects -IInclude -IPython -I. -I../Include -I/usr/local64cb/include   -DPy_BUILD_CORE -o Objects/interpreteridobject.o ../Objects/interpreteridobject.c
--- Objects/iterobject.o ---
cc -pthread -c -fno-strict-overflow -g -Og -Wall -mabi=purecap-benchmark -O2 -pipe  -std=c11 -Werror=implicit-function-declaration -fvisibility=hidden  -I../Include/internal -IObjects -IInclude -IPython -I. -I../Include -I/usr/local64cb/include   -DPy_BUILD_CORE -o Objects/iterobject.o ../Objects/iterobject.c
--- Objects/listobject.o ---
cc -pthread -c -fno-strict-overflow -g -Og -Wall -mabi=purecap-benchmark -O2 -pipe  -std=c11 -Werror=implicit-function-declaration -fvisibility=hidden  -I../Include/internal -IObjects -IInclude -IPython -I. -I../Include -I/usr/local64cb/include   -DPy_BUILD_CORE -o Objects/listobject.o ../Objects/listobject.c
--- Objects/longobject.o ---
cc -pthread -c -fno-strict-overflow -g -Og -Wall -mabi=purecap-benchmark -O2 -pipe  -std=c11 -Werror=implicit-function-declaration -fvisibility=hidden  -I../Include/internal -IObjects -IInclude -IPython -I. -I../Include -I/usr/local64cb/include   -DPy_BUILD_CORE -o Objects/longobject.o ../Objects/longobject.c
--- Objects/listobject.o ---
In file included from ../Objects/listobject.c:7:
../Include/internal/pycore_long.h:154:34: warning: binary expression on capability types 'uintptr_t' (aka 'unsigned __intcap') and 'uintptr_t'; it is not clear which should be used as the source of provenance; currently provenance is inherited from the left-hand side [-Wcheri-provenance]
return (a->long_value.lv_tag | b->long_value.lv_tag) < (2 << NON_SIZE_BITS);
~~~~~~~~~~~~~~~~~~~~ ^ ~~~~~~~~~~~~~~~~~~~~
--- Objects/iterobject.o ---
In file included from ../Objects/iterobject.c:4:
../Include/internal/pycore_call.h:53:5: warning: found underaligned load of capability type (aligned to 1 bytes instead of 16). Will use memcpy() instead of capability load to preserve tags if it is aligned correctly at runtime [-Wcheri-inefficient]
memcpy(&ptr, (char *) callable + offset, sizeof(ptr));
^
../Include/internal/pycore_call.h:53:5: note: use __builtin_assume_aligned() or cast to (u)intptr_t* if you know that the pointer is actually aligned to capability size; this will allow the memcpy() or memmove() call to be inlined if the size is constant (otherwise a library call must be used to maintain tag bits). For more information see https://github.com/CTSRD-CHERI/llvm-project/wiki/Unaligned-capability-copies
1 warning generated.
--- Objects/dictobject.o ---
cc -pthread -c -fno-strict-overflow -g -Og -Wall -mabi=purecap-benchmark -O2 -pipe  -std=c11 -Werror=implicit-function-declaration -fvisibility=hidden  -I../Include/internal -IObjects -IInclude -IPython -I. -I../Include -I/usr/local64cb/include   -DPy_BUILD_CORE -o Objects/dictobject.o ../Objects/dictobject.c
--- Objects/longobject.o ---
In file included from ../Objects/longobject.c:8:
../Include/internal/pycore_long.h:154:34: warning: binary expression on capability types 'uintptr_t' (aka 'unsigned __intcap') and 'uintptr_t'; it is not clear which should be used as the source of provenance; currently provenance is inherited from the left-hand side [-Wcheri-provenance]
return (a->long_value.lv_tag | b->long_value.lv_tag) < (2 << NON_SIZE_BITS);
~~~~~~~~~~~~~~~~~~~~ ^ ~~~~~~~~~~~~~~~~~~~~
--- Objects/dictobject.o ---
In file included from ../Objects/dictobject.c:117:
../Include/internal/pycore_call.h:53:5: warning: found underaligned load of capability type (aligned to 1 bytes instead of 16). Will use memcpy() instead of capability load to preserve tags if it is aligned correctly at runtime [-Wcheri-inefficient]
memcpy(&ptr, (char *) callable + offset, sizeof(ptr));
^
../Include/internal/pycore_call.h:53:5: note: use __builtin_assume_aligned() or cast to (u)intptr_t* if you know that the pointer is actually aligned to capability size; this will allow the memcpy() or memmove() call to be inlined if the size is constant (otherwise a library call must be used to maintain tag bits). For more information see https://github.com/CTSRD-CHERI/llvm-project/wiki/Unaligned-capability-copies
--- Objects/listobject.o ---
1 warning generated.
--- Objects/odictobject.o ---
cc -pthread -c -fno-strict-overflow -g -Og -Wall -mabi=purecap-benchmark -O2 -pipe  -std=c11 -Werror=implicit-function-declaration -fvisibility=hidden  -I../Include/internal -IObjects -IInclude -IPython -I. -I../Include -I/usr/local64cb/include   -DPy_BUILD_CORE -o Objects/odictobject.o ../Objects/odictobject.c
--- Objects/dictobject.o ---
1 warning generated.
--- Objects/memoryobject.o ---
cc -pthread -c -fno-strict-overflow -g -Og -Wall -mabi=purecap-benchmark -O2 -pipe  -std=c11 -Werror=implicit-function-declaration -fvisibility=hidden  -I../Include/internal -IObjects -IInclude -IPython -I. -I../Include -I/usr/local64cb/include   -DPy_BUILD_CORE -o Objects/memoryobject.o ../Objects/memoryobject.c
--- Objects/odictobject.o ---
In file included from ../Objects/odictobject.c:468:
../Include/internal/pycore_call.h:53:5: warning: found underaligned load of capability type (aligned to 1 bytes instead of 16). Will use memcpy() instead of capability load to preserve tags if it is aligned correctly at runtime [-Wcheri-inefficient]
memcpy(&ptr, (char *) callable + offset, sizeof(ptr));
^
../Include/internal/pycore_call.h:53:5: note: use __builtin_assume_aligned() or cast to (u)intptr_t* if you know that the pointer is actually aligned to capability size; this will allow the memcpy() or memmove() call to be inlined if the size is constant (otherwise a library call must be used to maintain tag bits). For more information see https://github.com/CTSRD-CHERI/llvm-project/wiki/Unaligned-capability-copies
../Include/internal/pycore_call.h:53:5: warning: found underaligned load of capability type (aligned to 1 bytes instead of 16). Will use memcpy() instead of capability load to preserve tags if it is aligned correctly at runtime [-Wcheri-inefficient]
memcpy(&ptr, (char *) callable + offset, sizeof(ptr));
^
../Include/internal/pycore_call.h:53:5: note: use __builtin_assume_aligned() or cast to (u)intptr_t* if you know that the pointer is actually aligned to capability size; this will allow the memcpy() or memmove() call to be inlined if the size is constant (otherwise a library call must be used to maintain tag bits). For more information see https://github.com/CTSRD-CHERI/llvm-project/wiki/Unaligned-capability-copies
../Include/internal/pycore_call.h:53:5: warning: found underaligned load of capability type (aligned to 1 bytes instead of 16). Will use memcpy() instead of capability load to preserve tags if it is aligned correctly at runtime [-Wcheri-inefficient]
memcpy(&ptr, (char *) callable + offset, sizeof(ptr));
^
../Include/internal/pycore_call.h:53:5: note: use __builtin_assume_aligned() or cast to (u)intptr_t* if you know that the pointer is actually aligned to capability size; this will allow the memcpy() or memmove() call to be inlined if the size is constant (otherwise a library call must be used to maintain tag bits). For more information see https://github.com/CTSRD-CHERI/llvm-project/wiki/Unaligned-capability-copies
3 warnings generated.
--- Objects/methodobject.o ---
cc -pthread -c -fno-strict-overflow -g -Og -Wall -mabi=purecap-benchmark -O2 -pipe  -std=c11 -Werror=implicit-function-declaration -fvisibility=hidden  -I../Include/internal -IObjects -IInclude -IPython -I. -I../Include -I/usr/local64cb/include   -DPy_BUILD_CORE -o Objects/methodobject.o ../Objects/methodobject.c
--- Objects/memoryobject.o ---
../Objects/memoryobject.c:1807:15: warning: found underaligned load of capability type (aligned to 1 bytes instead of 16). Will use memcpy() instead of capability load to preserve tags if it is aligned correctly at runtime [-Wcheri-inefficient]
case 'P': UNPACK_SINGLE(p, ptr, void *); goto convert_pointer;
^
../Objects/memoryobject.c:1807:15: note: use __builtin_assume_aligned() or cast to (u)intptr_t* if you know that the pointer is actually aligned to capability size; this will allow the memcpy() or memmove() call to be inlined if the size is constant (otherwise a library call must be used to maintain tag bits). For more information see https://github.com/CTSRD-CHERI/llvm-project/wiki/Unaligned-capability-copies
--- Objects/moduleobject.o ---
--- Objects/memoryobject.o ---
../Objects/memoryobject.c:1994:9: warning: found underaligned store of capability type (aligned to 1 bytes instead of 16). Will use memcpy() instead of capability load to preserve tags if it is aligned correctly at runtime [-Wcheri-inefficient]
PACK_SINGLE(ptr, p, void *);
^
../Objects/memoryobject.c:1994:9: note: use __builtin_assume_aligned() or cast to (u)intptr_t* if you know that the pointer is actually aligned to capability size; this will allow the memcpy() or memmove() call to be inlined if the size is constant (otherwise a library call must be used to maintain tag bits). For more information see https://github.com/CTSRD-CHERI/llvm-project/wiki/Unaligned-capability-copies
--- Objects/moduleobject.o ---
cc -pthread -c -fno-strict-overflow -g -Og -Wall -mabi=purecap-benchmark -O2 -pipe  -std=c11 -Werror=implicit-function-declaration -fvisibility=hidden  -I../Include/internal -IObjects -IInclude -IPython -I. -I../Include -I/usr/local64cb/include   -DPy_BUILD_CORE -o Objects/moduleobject.o ../Objects/moduleobject.c
--- Objects/memoryobject.o ---
../Objects/memoryobject.c:2862:15: warning: found underaligned load of capability type (aligned to 1 bytes instead of 16). Will use memcpy() instead of capability load to preserve tags if it is aligned correctly at runtime [-Wcheri-inefficient]
case 'P': CMP_SINGLE(p, q, void *); return equal;
^
../Objects/memoryobject.c:2862:15: note: use __builtin_assume_aligned() or cast to (u)intptr_t* if you know that the pointer is actually aligned to capability size; this will allow the memcpy() or memmove() call to be inlined if the size is constant (otherwise a library call must be used to maintain tag bits). For more information see https://github.com/CTSRD-CHERI/llvm-project/wiki/Unaligned-capability-copies
../Objects/memoryobject.c:2862:15: warning: found underaligned load of capability type (aligned to 1 bytes instead of 16). Will use memcpy() instead of capability load to preserve tags if it is aligned correctly at runtime [-Wcheri-inefficient]
case 'P': CMP_SINGLE(p, q, void *); return equal;
^
../Objects/memoryobject.c:2862:15: note: use __builtin_assume_aligned() or cast to (u)intptr_t* if you know that the pointer is actually aligned to capability size; this will allow the memcpy() or memmove() call to be inlined if the size is constant (otherwise a library call must be used to maintain tag bits). For more information see https://github.com/CTSRD-CHERI/llvm-project/wiki/Unaligned-capability-copies
4 warnings generated.
--- Objects/namespaceobject.o ---
cc -pthread -c -fno-strict-overflow -g -Og -Wall -mabi=purecap-benchmark -O2 -pipe  -std=c11 -Werror=implicit-function-declaration -fvisibility=hidden  -I../Include/internal -IObjects -IInclude -IPython -I. -I../Include -I/usr/local64cb/include   -DPy_BUILD_CORE -o Objects/namespaceobject.o ../Objects/namespaceobject.c
--- Objects/moduleobject.o ---
In file included from ../Objects/moduleobject.c:5:
../Include/internal/pycore_call.h:53:5: warning: found underaligned load of capability type (aligned to 1 bytes instead of 16). Will use memcpy() instead of capability load to preserve tags if it is aligned correctly at runtime [-Wcheri-inefficient]
memcpy(&ptr, (char *) callable + offset, sizeof(ptr));
^
../Include/internal/pycore_call.h:53:5: note: use __builtin_assume_aligned() or cast to (u)intptr_t* if you know that the pointer is actually aligned to capability size; this will allow the memcpy() or memmove() call to be inlined if the size is constant (otherwise a library call must be used to maintain tag bits). For more information see https://github.com/CTSRD-CHERI/llvm-project/wiki/Unaligned-capability-copies
1 warning generated.
--- Objects/object.o ---
cc -pthread -c -fno-strict-overflow -g -Og -Wall -mabi=purecap-benchmark -O2 -pipe  -std=c11 -Werror=implicit-function-declaration -fvisibility=hidden  -I../Include/internal -IObjects -IInclude -IPython -I. -I../Include -I/usr/local64cb/include   -DPy_BUILD_CORE -o Objects/object.o ../Objects/object.c
--- Objects/obmalloc.o ---
cc -pthread -c -fno-strict-overflow -g -Og -Wall -mabi=purecap-benchmark -O2 -pipe  -std=c11 -Werror=implicit-function-declaration -fvisibility=hidden  -I../Include/internal -IObjects -IInclude -IPython -I. -I../Include -I/usr/local64cb/include   -DPy_BUILD_CORE -o Objects/obmalloc.o ../Objects/obmalloc.c
--- Objects/longobject.o ---
1 warning generated.
--- Objects/picklebufobject.o ---
cc -pthread -c -fno-strict-overflow -g -Og -Wall -mabi=purecap-benchmark -O2 -pipe  -std=c11 -Werror=implicit-function-declaration -fvisibility=hidden  -I../Include/internal -IObjects -IInclude -IPython -I. -I../Include -I/usr/local64cb/include   -DPy_BUILD_CORE -o Objects/picklebufobject.o ../Objects/picklebufobject.c
--- Objects/pointerobject.o ---
--- Objects/object.o ---
In file included from ../Objects/object.c:5:
../Include/internal/pycore_call.h:53:5: warning: found underaligned load of capability type (aligned to 1 bytes instead of 16). Will use memcpy() instead of capability load to preserve tags if it is aligned correctly at runtime [-Wcheri-inefficient]
memcpy(&ptr, (char *) callable + offset, sizeof(ptr));
^
../Include/internal/pycore_call.h:53:5: note: use __builtin_assume_aligned() or cast to (u)intptr_t* if you know that the pointer is actually aligned to capability size; this will allow the memcpy() or memmove() call to be inlined if the size is constant (otherwise a library call must be used to maintain tag bits). For more information see https://github.com/CTSRD-CHERI/llvm-project/wiki/Unaligned-capability-copies
--- Objects/pointerobject.o ---
cc -pthread -c -fno-strict-overflow -g -Og -Wall -mabi=purecap-benchmark -O2 -pipe  -std=c11 -Werror=implicit-function-declaration -fvisibility=hidden  -I../Include/internal -IObjects -IInclude -IPython -I. -I../Include -I/usr/local64cb/include   -DPy_BUILD_CORE -o Objects/pointerobject.o ../Objects/pointerobject.c
--- Objects/rangeobject.o ---
cc -pthread -c -fno-strict-overflow -g -Og -Wall -mabi=purecap-benchmark -O2 -pipe  -std=c11 -Werror=implicit-function-declaration -fvisibility=hidden  -I../Include/internal -IObjects -IInclude -IPython -I. -I../Include -I/usr/local64cb/include   -DPy_BUILD_CORE -o Objects/rangeobject.o ../Objects/rangeobject.c
--- Objects/object.o ---
../Include/internal/pycore_call.h:53:5: warning: found underaligned load of capability type (aligned to 1 bytes instead of 16). Will use memcpy() instead of capability load to preserve tags if it is aligned correctly at runtime [-Wcheri-inefficient]
memcpy(&ptr, (char *) callable + offset, sizeof(ptr));
^
../Include/internal/pycore_call.h:53:5: note: use __builtin_assume_aligned() or cast to (u)intptr_t* if you know that the pointer is actually aligned to capability size; this will allow the memcpy() or memmove() call to be inlined if the size is constant (otherwise a library call must be used to maintain tag bits). For more information see https://github.com/CTSRD-CHERI/llvm-project/wiki/Unaligned-capability-copies
2 warnings generated.
--- Objects/setobject.o ---
cc -pthread -c -fno-strict-overflow -g -Og -Wall -mabi=purecap-benchmark -O2 -pipe  -std=c11 -Werror=implicit-function-declaration -fvisibility=hidden  -I../Include/internal -IObjects -IInclude -IPython -I. -I../Include -I/usr/local64cb/include   -DPy_BUILD_CORE -o Objects/setobject.o ../Objects/setobject.c
--- Objects/pointerobject.o ---
../Objects/pointerobject.c:227:15: warning: comparison between pointer and integer ('uintptr_t' (aka 'unsigned __intcap') and 'void * __attribute__((cheri_no_provenance))') [-Wpointer-integer-compare]
if (value == NULL) {
	~~~~~ ^  ~~~~
		1 warning generated.
		--- Objects/sliceobject.o ---
		--- Objects/rangeobject.o ---
		In file included from ../Objects/rangeobject.c:6:
		../Include/internal/pycore_long.h:154:34: warning: binary expression on capability types 'uintptr_t' (aka 'unsigned __intcap') and 'uintptr_t'; it is not clear which should be used as the source of provenance; currently provenance is inherited from the left-hand side [-Wcheri-provenance]
		return (a->long_value.lv_tag | b->long_value.lv_tag) < (2 << NON_SIZE_BITS);
	~~~~~~~~~~~~~~~~~~~~ ^ ~~~~~~~~~~~~~~~~~~~~
		--- Objects/sliceobject.o ---
		cc -pthread -c -fno-strict-overflow -g -Og -Wall -mabi=purecap-benchmark -O2 -pipe  -std=c11 -Werror=implicit-function-declaration -fvisibility=hidden  -I../Include/internal -IObjects -IInclude -IPython -I. -I../Include -I/usr/local64cb/include   -DPy_BUILD_CORE -o Objects/sliceobject.o ../Objects/sliceobject.c
		In file included from ../Objects/sliceobject.c:18:
		../Include/internal/pycore_long.h:154:34: warning: binary expression on capability types 'uintptr_t' (aka 'unsigned __intcap') and 'uintptr_t'; it is not clear which should be used as the source of provenance; currently provenance is inherited from the left-hand side [-Wcheri-provenance]
		return (a->long_value.lv_tag | b->long_value.lv_tag) < (2 << NON_SIZE_BITS);
	~~~~~~~~~~~~~~~~~~~~ ^ ~~~~~~~~~~~~~~~~~~~~
		--- Objects/rangeobject.o ---
		1 warning generated.
		--- Objects/structseq.o ---
		cc -pthread -c -fno-strict-overflow -g -Og -Wall -mabi=purecap-benchmark -O2 -pipe  -std=c11 -Werror=implicit-function-declaration -fvisibility=hidden  -I../Include/internal -IObjects -IInclude -IPython -I. -I../Include -I/usr/local64cb/include   -DPy_BUILD_CORE -o Objects/structseq.o ../Objects/structseq.c
		--- Objects/sliceobject.o ---
		1 warning generated.
		--- Objects/tupleobject.o ---
		cc -pthread -c -fno-strict-overflow -g -Og -Wall -mabi=purecap-benchmark -O2 -pipe  -std=c11 -Werror=implicit-function-declaration -fvisibility=hidden  -I../Include/internal -IObjects -IInclude -IPython -I. -I../Include -I/usr/local64cb/include   -DPy_BUILD_CORE -o Objects/tupleobject.o ../Objects/tupleobject.c
		--- Objects/typeobject.o ---
		cc -pthread -c -fno-strict-overflow -g -Og -Wall -mabi=purecap-benchmark -O2 -pipe  -std=c11 -Werror=implicit-function-declaration -fvisibility=hidden  -I../Include/internal -IObjects -IInclude -IPython -I. -I../Include -I/usr/local64cb/include   -DPy_BUILD_CORE -o Objects/typeobject.o ../Objects/typeobject.c
		--- Objects/typevarobject.o ---
		cc -pthread -c -fno-strict-overflow -g -Og -Wall -mabi=purecap-benchmark -O2 -pipe  -std=c11 -Werror=implicit-function-declaration -fvisibility=hidden  -I../Include/internal -IObjects -IInclude -IPython -I. -I../Include -I/usr/local64cb/include   -DPy_BUILD_CORE -o Objects/typevarobject.o ../Objects/typevarobject.c
		--- Objects/typeobject.o ---
		In file included from ../Objects/typeobject.c:12:
		../Include/internal/pycore_long.h:154:34: warning: binary expression on capability types 'uintptr_t' (aka 'unsigned __intcap') and 'uintptr_t'; it is not clear which should be used as the source of provenance; currently provenance is inherited from the left-hand side [-Wcheri-provenance]
		return (a->long_value.lv_tag | b->long_value.lv_tag) < (2 << NON_SIZE_BITS);
	~~~~~~~~~~~~~~~~~~~~ ^ ~~~~~~~~~~~~~~~~~~~~
		--- Objects/unicodeobject.o ---
		cc -pthread -c -fno-strict-overflow -g -Og -Wall -mabi=purecap-benchmark -O2 -pipe  -std=c11 -Werror=implicit-function-declaration -fvisibility=hidden  -I../Include/internal -IObjects -IInclude -IPython -I. -I../Include -I/usr/local64cb/include   -DPy_BUILD_CORE -o Objects/unicodeobject.o ../Objects/unicodeobject.c
		In file included from ../Objects/unicodeobject.c:50:
		../Include/internal/pycore_long.h:154:34: warning: binary expression on capability types 'uintptr_t' (aka 'unsigned __intcap') and 'uintptr_t'; it is not clear which should be used as the source of provenance; currently provenance is inherited from the left-hand side [-Wcheri-provenance]
		return (a->long_value.lv_tag | b->long_value.lv_tag) < (2 << NON_SIZE_BITS);
	~~~~~~~~~~~~~~~~~~~~ ^ ~~~~~~~~~~~~~~~~~~~~
		--- Objects/unicodectype.o ---
		cc -pthread -c -fno-strict-overflow -g -Og -Wall -mabi=purecap-benchmark -O2 -pipe  -std=c11 -Werror=implicit-function-declaration -fvisibility=hidden  -I../Include/internal -IObjects -IInclude -IPython -I. -I../Include -I/usr/local64cb/include   -DPy_BUILD_CORE -o Objects/unicodectype.o ../Objects/unicodectype.c
		--- Objects/unionobject.o ---
		cc -pthread -c -fno-strict-overflow -g -Og -Wall -mabi=purecap-benchmark -O2 -pipe  -std=c11 -Werror=implicit-function-declaration -fvisibility=hidden  -I../Include/internal -IObjects -IInclude -IPython -I. -I../Include -I/usr/local64cb/include   -DPy_BUILD_CORE -o Objects/unionobject.o ../Objects/unionobject.c
		--- Objects/weakrefobject.o ---
		cc -pthread -c -fno-strict-overflow -g -Og -Wall -mabi=purecap-benchmark -O2 -pipe  -std=c11 -Werror=implicit-function-declaration -fvisibility=hidden  -I../Include/internal -IObjects -IInclude -IPython -I. -I../Include -I/usr/local64cb/include   -DPy_BUILD_CORE -o Objects/weakrefobject.o ../Objects/weakrefobject.c
		--- Python/_warnings.o ---
		cc -pthread -c -fno-strict-overflow -g -Og -Wall -mabi=purecap-benchmark -O2 -pipe  -std=c11 -Werror=implicit-function-declaration -fvisibility=hidden  -I../Include/internal -IObjects -IInclude -IPython -I. -I../Include -I/usr/local64cb/include   -DPy_BUILD_CORE -o Python/_warnings.o ../Python/_warnings.c
		In file included from ../Python/_warnings.c:4:
		../Include/internal/pycore_long.h:154:34: warning: binary expression on capability types 'uintptr_t' (aka 'unsigned __intcap') and 'uintptr_t'; it is not clear which should be used as the source of provenance; currently provenance is inherited from the left-hand side [-Wcheri-provenance]
		return (a->long_value.lv_tag | b->long_value.lv_tag) < (2 << NON_SIZE_BITS);
	~~~~~~~~~~~~~~~~~~~~ ^ ~~~~~~~~~~~~~~~~~~~~
		1 warning generated.
		--- Python/Python-ast.o ---
		cc -pthread -c -fno-strict-overflow -g -Og -Wall -mabi=purecap-benchmark -O2 -pipe  -std=c11 -Werror=implicit-function-declaration -fvisibility=hidden  -I../Include/internal -IObjects -IInclude -IPython -I. -I../Include -I/usr/local64cb/include   -DPy_BUILD_CORE -o Python/Python-ast.o ../Python/Python-ast.c
		--- Objects/typeobject.o ---
		In file included from ../Objects/typeobject.c:4:
		../Include/internal/pycore_call.h:53:5: warning: found underaligned load of capability type (aligned to 1 bytes instead of 16). Will use memcpy() instead of capability load to preserve tags if it is aligned correctly at runtime [-Wcheri-inefficient]
		memcpy(&ptr, (char *) callable + offset, sizeof(ptr));
	^
		../Include/internal/pycore_call.h:53:5: note: use __builtin_assume_aligned() or cast to (u)intptr_t* if you know that the pointer is actually aligned to capability size; this will allow the memcpy() or memmove() call to be inlined if the size is constant (otherwise a library call must be used to maintain tag bits). For more information see https://github.com/CTSRD-CHERI/llvm-project/wiki/Unaligned-capability-copies
		../Include/internal/pycore_call.h:53:5: warning: found underaligned load of capability type (aligned to 1 bytes instead of 16). Will use memcpy() instead of capability load to preserve tags if it is aligned correctly at runtime [-Wcheri-inefficient]
		memcpy(&ptr, (char *) callable + offset, sizeof(ptr));
	^
		../Include/internal/pycore_call.h:53:5: note: use __builtin_assume_aligned() or cast to (u)intptr_t* if you know that the pointer is actually aligned to capability size; this will allow the memcpy() or memmove() call to be inlined if the size is constant (otherwise a library call must be used to maintain tag bits). For more information see https://github.com/CTSRD-CHERI/llvm-project/wiki/Unaligned-capability-copies
		../Include/internal/pycore_call.h:53:5: warning: found underaligned load of capability type (aligned to 1 bytes instead of 16). Will use memcpy() instead of capability load to preserve tags if it is aligned correctly at runtime [-Wcheri-inefficient]
		memcpy(&ptr, (char *) callable + offset, sizeof(ptr));
	^
		../Include/internal/pycore_call.h:53:5: note: use __builtin_assume_aligned() or cast to (u)intptr_t* if you know that the pointer is actually aligned to capability size; this will allow the memcpy() or memmove() call to be inlined if the size is constant (otherwise a library call must be used to maintain tag bits). For more information see https://github.com/CTSRD-CHERI/llvm-project/wiki/Unaligned-capability-copies
		../Include/internal/pycore_call.h:53:5: warning: found underaligned load of capability type (aligned to 1 bytes instead of 16). Will use memcpy() instead of capability load to preserve tags if it is aligned correctly at runtime [-Wcheri-inefficient]
		memcpy(&ptr, (char *) callable + offset, sizeof(ptr));
	^
		../Include/internal/pycore_call.h:53:5: note: use __builtin_assume_aligned() or cast to (u)intptr_t* if you know that the pointer is actually aligned to capability size; this will allow the memcpy() or memmove() call to be inlined if the size is constant (otherwise a library call must be used to maintain tag bits). For more information see https://github.com/CTSRD-CHERI/llvm-project/wiki/Unaligned-capability-copies
		5 warnings generated.
		--- Python/Python-tokenize.o ---
		cc -pthread -c -fno-strict-overflow -g -Og -Wall -mabi=purecap-benchmark -O2 -pipe  -std=c11 -Werror=implicit-function-declaration -fvisibility=hidden  -I../Include/internal -IObjects -IInclude -IPython -I. -I../Include -I/usr/local64cb/include   -DPy_BUILD_CORE -o Python/Python-tokenize.o ../Python/Python-tokenize.c
		--- Python/asdl.o ---
		cc -pthread -c -fno-strict-overflow -g -Og -Wall -mabi=purecap-benchmark -O2 -pipe  -std=c11 -Werror=implicit-function-declaration -fvisibility=hidden  -I../Include/internal -IObjects -IInclude -IPython -I. -I../Include -I/usr/local64cb/include   -DPy_BUILD_CORE -o Python/asdl.o ../Python/asdl.c
		--- Python/assemble.o ---
		cc -pthread -c -fno-strict-overflow -g -Og -Wall -mabi=purecap-benchmark -O2 -pipe  -std=c11 -Werror=implicit-function-declaration -fvisibility=hidden  -I../Include/internal -IObjects -IInclude -IPython -I. -I../Include -I/usr/local64cb/include   -DPy_BUILD_CORE -o Python/assemble.o ../Python/assemble.c
		--- Python/ast.o ---
		cc -pthread -c -fno-strict-overflow -g -Og -Wall -mabi=purecap-benchmark -O2 -pipe  -std=c11 -Werror=implicit-function-declaration -fvisibility=hidden  -I../Include/internal -IObjects -IInclude -IPython -I. -I../Include -I/usr/local64cb/include   -DPy_BUILD_CORE -o Python/ast.o ../Python/ast.c
		--- Python/ast_opt.o ---
		cc -pthread -c -fno-strict-overflow -g -Og -Wall -mabi=purecap-benchmark -O2 -pipe  -std=c11 -Werror=implicit-function-declaration -fvisibility=hidden  -I../Include/internal -IObjects -IInclude -IPython -I. -I../Include -I/usr/local64cb/include   -DPy_BUILD_CORE -o Python/ast_opt.o ../Python/ast_opt.c
		In file included from ../Python/ast_opt.c:5:
		../Include/internal/pycore_long.h:154:34: warning: binary expression on capability types 'uintptr_t' (aka 'unsigned __intcap') and 'uintptr_t'; it is not clear which should be used as the source of provenance; currently provenance is inherited from the left-hand side [-Wcheri-provenance]
		return (a->long_value.lv_tag | b->long_value.lv_tag) < (2 << NON_SIZE_BITS);
	~~~~~~~~~~~~~~~~~~~~ ^ ~~~~~~~~~~~~~~~~~~~~
		1 warning generated.
		--- Python/ast_unparse.o ---
		cc -pthread -c -fno-strict-overflow -g -Og -Wall -mabi=purecap-benchmark -O2 -pipe  -std=c11 -Werror=implicit-function-declaration -fvisibility=hidden  -I../Include/internal -IObjects -IInclude -IPython -I. -I../Include -I/usr/local64cb/include   -DPy_BUILD_CORE -o Python/ast_unparse.o ../Python/ast_unparse.c
		--- Python/bltinmodule.o ---
		cc -pthread -c -fno-strict-overflow -g -Og -Wall -mabi=purecap-benchmark -O2 -pipe  -std=c11 -Werror=implicit-function-declaration -fvisibility=hidden  -I../Include/internal -IObjects -IInclude -IPython -I. -I../Include -I/usr/local64cb/include   -DPy_BUILD_CORE -o Python/bltinmodule.o ../Python/bltinmodule.c
		In file included from ../Python/bltinmodule.c:8:
		../Include/internal/pycore_long.h:154:34: warning: binary expression on capability types 'uintptr_t' (aka 'unsigned __intcap') and 'uintptr_t'; it is not clear which should be used as the source of provenance; currently provenance is inherited from the left-hand side [-Wcheri-provenance]
		return (a->long_value.lv_tag | b->long_value.lv_tag) < (2 << NON_SIZE_BITS);
	~~~~~~~~~~~~~~~~~~~~ ^ ~~~~~~~~~~~~~~~~~~~~
		--- Python/ceval.o ---
		cc -pthread -c -fno-strict-overflow -g -Og -Wall -mabi=purecap-benchmark -O2 -pipe  -std=c11 -Werror=implicit-function-declaration -fvisibility=hidden  -I../Include/internal -IObjects -IInclude -IPython -I. -I../Include -I/usr/local64cb/include   -DPy_BUILD_CORE -o Python/ceval.o ../Python/ceval.c
		In file included from ../Python/ceval.c:12:
		../Include/internal/pycore_long.h:154:34: warning: binary expression on capability types 'uintptr_t' (aka 'unsigned __intcap') and 'uintptr_t'; it is not clear which should be used as the source of provenance; currently provenance is inherited from the left-hand side [-Wcheri-provenance]
		return (a->long_value.lv_tag | b->long_value.lv_tag) < (2 << NON_SIZE_BITS);
	~~~~~~~~~~~~~~~~~~~~ ^ ~~~~~~~~~~~~~~~~~~~~
		--- Python/bltinmodule.o ---
		In file included from ../Python/bltinmodule.c:6:
		../Include/internal/pycore_call.h:53:5: warning: found underaligned load of capability type (aligned to 1 bytes instead of 16). Will use memcpy() instead of capability load to preserve tags if it is aligned correctly at runtime [-Wcheri-inefficient]
		memcpy(&ptr, (char *) callable + offset, sizeof(ptr));
	^
		../Include/internal/pycore_call.h:53:5: note: use __builtin_assume_aligned() or cast to (u)intptr_t* if you know that the pointer is actually aligned to capability size; this will allow the memcpy() or memmove() call to be inlined if the size is constant (otherwise a library call must be used to maintain tag bits). For more information see https://github.com/CTSRD-CHERI/llvm-project/wiki/Unaligned-capability-copies
		../Include/internal/pycore_call.h:53:5: warning: found underaligned load of capability type (aligned to 1 bytes instead of 16). Will use memcpy() instead of capability load to preserve tags if it is aligned correctly at runtime [-Wcheri-inefficient]
		memcpy(&ptr, (char *) callable + offset, sizeof(ptr));
	^
		../Include/internal/pycore_call.h:53:5: note: use __builtin_assume_aligned() or cast to (u)intptr_t* if you know that the pointer is actually aligned to capability size; this will allow the memcpy() or memmove() call to be inlined if the size is constant (otherwise a library call must be used to maintain tag bits). For more information see https://github.com/CTSRD-CHERI/llvm-project/wiki/Unaligned-capability-copies
		3 warnings generated.
		--- Python/codecs.o ---
		cc -pthread -c -fno-strict-overflow -g -Og -Wall -mabi=purecap-benchmark -O2 -pipe  -std=c11 -Werror=implicit-function-declaration -fvisibility=hidden  -I../Include/internal -IObjects -IInclude -IPython -I. -I../Include -I/usr/local64cb/include   -DPy_BUILD_CORE -o Python/codecs.o ../Python/codecs.c
		--- Python/compile.o ---
		cc -pthread -c -fno-strict-overflow -g -Og -Wall -mabi=purecap-benchmark -O2 -pipe  -std=c11 -Werror=implicit-function-declaration -fvisibility=hidden  -I../Include/internal -IObjects -IInclude -IPython -I. -I../Include -I/usr/local64cb/include   -DPy_BUILD_CORE -o Python/compile.o ../Python/compile.c
		In file included from ../Python/compile.c:35:
		../Include/internal/pycore_long.h:154:34: warning: binary expression on capability types 'uintptr_t' (aka 'unsigned __intcap') and 'uintptr_t'; it is not clear which should be used as the source of provenance; currently provenance is inherited from the left-hand side [-Wcheri-provenance]
		return (a->long_value.lv_tag | b->long_value.lv_tag) < (2 << NON_SIZE_BITS);
	~~~~~~~~~~~~~~~~~~~~ ^ ~~~~~~~~~~~~~~~~~~~~
		--- Python/codecs.o ---
		In file included from ../Python/codecs.c:12:
		../Include/internal/pycore_call.h:53:5: warning: found underaligned load of capability type (aligned to 1 bytes instead of 16). Will use memcpy() instead of capability load to preserve tags if it is aligned correctly at runtime [-Wcheri-inefficient]
		memcpy(&ptr, (char *) callable + offset, sizeof(ptr));
	^
		../Include/internal/pycore_call.h:53:5: note: use __builtin_assume_aligned() or cast to (u)intptr_t* if you know that the pointer is actually aligned to capability size; this will allow the memcpy() or memmove() call to be inlined if the size is constant (otherwise a library call must be used to maintain tag bits). For more information see https://github.com/CTSRD-CHERI/llvm-project/wiki/Unaligned-capability-copies
		1 warning generated.
		--- Python/context.o ---
		cc -pthread -c -fno-strict-overflow -g -Og -Wall -mabi=purecap-benchmark -O2 -pipe  -std=c11 -Werror=implicit-function-declaration -fvisibility=hidden  -I../Include/internal -IObjects -IInclude -IPython -I. -I../Include -I/usr/local64cb/include   -DPy_BUILD_CORE -o Python/context.o ../Python/context.c
		In file included from ../Python/context.c:2:
		../Include/internal/pycore_call.h:53:5: warning: found underaligned load of capability type (aligned to 1 bytes instead of 16). Will use memcpy() instead of capability load to preserve tags if it is aligned correctly at runtime [-Wcheri-inefficient]
		memcpy(&ptr, (char *) callable + offset, sizeof(ptr));
	^
		../Include/internal/pycore_call.h:53:5: note: use __builtin_assume_aligned() or cast to (u)intptr_t* if you know that the pointer is actually aligned to capability size; this will allow the memcpy() or memmove() call to be inlined if the size is constant (otherwise a library call must be used to maintain tag bits). For more information see https://github.com/CTSRD-CHERI/llvm-project/wiki/Unaligned-capability-copies
		1 warning generated.
		--- Python/dynamic_annotations.o ---
		cc -pthread -c -fno-strict-overflow -g -Og -Wall -mabi=purecap-benchmark -O2 -pipe  -std=c11 -Werror=implicit-function-declaration -fvisibility=hidden  -I../Include/internal -IObjects -IInclude -IPython -I. -I../Include -I/usr/local64cb/include   -DPy_BUILD_CORE -o Python/dynamic_annotations.o ../Python/dynamic_annotations.c
		--- Python/errors.o ---
		cc -pthread -c -fno-strict-overflow -g -Og -Wall -mabi=purecap-benchmark -O2 -pipe  -std=c11 -Werror=implicit-function-declaration -fvisibility=hidden  -I../Include/internal -IObjects -IInclude -IPython -I. -I../Include -I/usr/local64cb/include   -DPy_BUILD_CORE -o Python/errors.o ../Python/errors.c
		In file included from ../Python/errors.c:5:
		../Include/internal/pycore_call.h:53:5: warning: found underaligned load of capability type (aligned to 1 bytes instead of 16). Will use memcpy() instead of capability load to preserve tags if it is aligned correctly at runtime [-Wcheri-inefficient]
		memcpy(&ptr, (char *) callable + offset, sizeof(ptr));
	^
		../Include/internal/pycore_call.h:53:5: note: use __builtin_assume_aligned() or cast to (u)intptr_t* if you know that the pointer is actually aligned to capability size; this will allow the memcpy() or memmove() call to be inlined if the size is constant (otherwise a library call must be used to maintain tag bits). For more information see https://github.com/CTSRD-CHERI/llvm-project/wiki/Unaligned-capability-copies
		1 warning generated.
		--- Python/flowgraph.o ---
		cc -pthread -c -fno-strict-overflow -g -Og -Wall -mabi=purecap-benchmark -O2 -pipe  -std=c11 -Werror=implicit-function-declaration -fvisibility=hidden  -I../Include/internal -IObjects -IInclude -IPython -I. -I../Include -I/usr/local64cb/include   -DPy_BUILD_CORE -o Python/flowgraph.o ../Python/flowgraph.c
		--- Objects/unicodeobject.o ---
		1 warning generated.
		--- Python/frame.o ---
		cc -pthread -c -fno-strict-overflow -g -Og -Wall -mabi=purecap-benchmark -O2 -pipe  -std=c11 -Werror=implicit-function-declaration -fvisibility=hidden  -I../Include/internal -IObjects -IInclude -IPython -I. -I../Include -I/usr/local64cb/include   -DPy_BUILD_CORE -o Python/frame.o ../Python/frame.c
		--- Python/frozenmain.o ---
		cc -pthread -c -fno-strict-overflow -g -Og -Wall -mabi=purecap-benchmark -O2 -pipe  -std=c11 -Werror=implicit-function-declaration -fvisibility=hidden  -I../Include/internal -IObjects -IInclude -IPython -I. -I../Include -I/usr/local64cb/include   -DPy_BUILD_CORE -o Python/frozenmain.o ../Python/frozenmain.c
		--- Python/future.o ---
		cc -pthread -c -fno-strict-overflow -g -Og -Wall -mabi=purecap-benchmark -O2 -pipe  -std=c11 -Werror=implicit-function-declaration -fvisibility=hidden  -I../Include/internal -IObjects -IInclude -IPython -I. -I../Include -I/usr/local64cb/include   -DPy_BUILD_CORE -o Python/future.o ../Python/future.c
		--- Python/getargs.o ---
		--- Python/getcompiler.o ---
		cc -pthread -c -fno-strict-overflow -g -Og -Wall -mabi=purecap-benchmark -O2 -pipe  -std=c11 -Werror=implicit-function-declaration -fvisibility=hidden  -I../Include/internal -IObjects -IInclude -IPython -I. -I../Include -I/usr/local64cb/include   -DPy_BUILD_CORE -o Python/getcompiler.o ../Python/getcompiler.c
		--- Python/getargs.o ---
		cc -pthread -c -fno-strict-overflow -g -Og -Wall -mabi=purecap-benchmark -O2 -pipe  -std=c11 -Werror=implicit-function-declaration -fvisibility=hidden  -I../Include/internal -IObjects -IInclude -IPython -I. -I../Include -I/usr/local64cb/include   -DPy_BUILD_CORE -o Python/getargs.o ../Python/getargs.c
		--- Python/getcopyright.o ---
		cc -pthread -c -fno-strict-overflow -g -Og -Wall -mabi=purecap-benchmark -O2 -pipe  -std=c11 -Werror=implicit-function-declaration -fvisibility=hidden  -I../Include/internal -IObjects -IInclude -IPython -I. -I../Include -I/usr/local64cb/include   -DPy_BUILD_CORE -o Python/getcopyright.o ../Python/getcopyright.c
		--- Python/getplatform.o ---
		cc -pthread -c -fno-strict-overflow -g -Og -Wall -mabi=purecap-benchmark -O2 -pipe  -std=c11 -Werror=implicit-function-declaration -fvisibility=hidden  -I../Include/internal -IObjects -IInclude -IPython -I. -I../Include -I/usr/local64cb/include   -DPy_BUILD_CORE -DPLATFORM='"freebsd15"' -o Python/getplatform.o ../Python/getplatform.c
		--- Python/getversion.o ---
		cc -pthread -c -fno-strict-overflow -g -Og -Wall -mabi=purecap-benchmark -O2 -pipe  -std=c11 -Werror=implicit-function-declaration -fvisibility=hidden  -I../Include/internal -IObjects -IInclude -IPython -I. -I../Include -I/usr/local64cb/include   -DPy_BUILD_CORE -o Python/getversion.o ../Python/getversion.c
		--- Python/ceval_gil.o ---
		cc -pthread -c -fno-strict-overflow -g -Og -Wall -mabi=purecap-benchmark -O2 -pipe  -std=c11 -Werror=implicit-function-declaration -fvisibility=hidden  -I../Include/internal -IObjects -IInclude -IPython -I. -I../Include -I/usr/local64cb/include   -DPy_BUILD_CORE -o Python/ceval_gil.o ../Python/ceval_gil.c
		--- Python/hamt.o ---
		cc -pthread -c -fno-strict-overflow -g -Og -Wall -mabi=purecap-benchmark -O2 -pipe  -std=c11 -Werror=implicit-function-declaration -fvisibility=hidden  -I../Include/internal -IObjects -IInclude -IPython -I. -I../Include -I/usr/local64cb/include   -DPy_BUILD_CORE -o Python/hamt.o ../Python/hamt.c
		--- Python/hashtable.o ---
		cc -pthread -c -fno-strict-overflow -g -Og -Wall -mabi=purecap-benchmark -O2 -pipe  -std=c11 -Werror=implicit-function-declaration -fvisibility=hidden  -I../Include/internal -IObjects -IInclude -IPython -I. -I../Include -I/usr/local64cb/include   -DPy_BUILD_CORE -o Python/hashtable.o ../Python/hashtable.c
		--- Python/import.o ---
		cc -pthread -c -fno-strict-overflow -g -Og -Wall -mabi=purecap-benchmark -O2 -pipe  -std=c11 -Werror=implicit-function-declaration -fvisibility=hidden  -I../Include/internal -IObjects -IInclude -IPython -I. -I../Include -I/usr/local64cb/include   -DPy_BUILD_CORE -o Python/import.o ../Python/import.c
		--- Python/compile.o ---
		1 warning generated.
		--- Python/importdl.o ---
		cc -pthread -c -fno-strict-overflow -g -Og -Wall -mabi=purecap-benchmark -O2 -pipe  -std=c11 -Werror=implicit-function-declaration -fvisibility=hidden  -I../Include/internal -IObjects -IInclude -IPython -I. -I../Include -I/usr/local64cb/include   -DPy_BUILD_CORE -I. -o Python/importdl.o ../Python/importdl.c
		--- Python/initconfig.o ---
		cc -pthread -c -fno-strict-overflow -g -Og -Wall -mabi=purecap-benchmark -O2 -pipe  -std=c11 -Werror=implicit-function-declaration -fvisibility=hidden  -I../Include/internal -IObjects -IInclude -IPython -I. -I../Include -I/usr/local64cb/include   -DPy_BUILD_CORE -o Python/initconfig.o ../Python/initconfig.c
		In file included from ../Python/initconfig.c:6:
		../Include/internal/pycore_long.h:154:34: warning: binary expression on capability types 'uintptr_t' (aka 'unsigned __intcap') and 'uintptr_t'; it is not clear which should be used as the source of provenance; currently provenance is inherited from the left-hand side [-Wcheri-provenance]
		return (a->long_value.lv_tag | b->long_value.lv_tag) < (2 << NON_SIZE_BITS);
	~~~~~~~~~~~~~~~~~~~~ ^ ~~~~~~~~~~~~~~~~~~~~
		--- Python/instrumentation.o ---
		cc -pthread -c -fno-strict-overflow -g -Og -Wall -mabi=purecap-benchmark -O2 -pipe  -std=c11 -Werror=implicit-function-declaration -fvisibility=hidden  -I../Include/internal -IObjects -IInclude -IPython -I. -I../Include -I/usr/local64cb/include   -DPy_BUILD_CORE -o Python/instrumentation.o ../Python/instrumentation.c
		In file included from ../Python/instrumentation.c:9:
		../Include/internal/pycore_long.h:154:34: warning: binary expression on capability types 'uintptr_t' (aka 'unsigned __intcap') and 'uintptr_t'; it is not clear which should be used as the source of provenance; currently provenance is inherited from the left-hand side [-Wcheri-provenance]
		return (a->long_value.lv_tag | b->long_value.lv_tag) < (2 << NON_SIZE_BITS);
	~~~~~~~~~~~~~~~~~~~~ ^ ~~~~~~~~~~~~~~~~~~~~
		--- Python/intrinsics.o ---
		cc -pthread -c -fno-strict-overflow -g -Og -Wall -mabi=purecap-benchmark -O2 -pipe  -std=c11 -Werror=implicit-function-declaration -fvisibility=hidden  -I../Include/internal -IObjects -IInclude -IPython -I. -I../Include -I/usr/local64cb/include   -DPy_BUILD_CORE -o Python/intrinsics.o ../Python/intrinsics.c
		--- Python/initconfig.o ---
		1 warning generated.
		--- Python/legacy_tracing.o ---
		cc -pthread -c -fno-strict-overflow -g -Og -Wall -mabi=purecap-benchmark -O2 -pipe  -std=c11 -Werror=implicit-function-declaration -fvisibility=hidden  -I../Include/internal -IObjects -IInclude -IPython -I. -I../Include -I/usr/local64cb/include   -DPy_BUILD_CORE -o Python/legacy_tracing.o ../Python/legacy_tracing.c
		--- Python/instrumentation.o ---
		In file included from ../Python/instrumentation.c:6:
		--- Python/marshal.o ---
		cc -pthread -c -fno-strict-overflow -g -Og -Wall -mabi=purecap-benchmark -O2 -pipe  -std=c11 -Werror=implicit-function-declaration -fvisibility=hidden  -I../Include/internal -IObjects -IInclude -IPython -I. -I../Include -I/usr/local64cb/include   -DPy_BUILD_CORE -o Python/marshal.o ../Python/marshal.c
		--- Python/instrumentation.o ---
		../Include/internal/pycore_call.h:53:5: warning: found underaligned load of capability type (aligned to 1 bytes instead of 16). Will use memcpy() instead of capability load to preserve tags if it is aligned correctly at runtime [-Wcheri-inefficient]
		memcpy(&ptr, (char *) callable + offset, sizeof(ptr));
	^
		../Include/internal/pycore_call.h:53:5: note: use __builtin_assume_aligned() or cast to (u)intptr_t* if you know that the pointer is actually aligned to capability size; this will allow the memcpy() or memmove() call to be inlined if the size is constant (otherwise a library call must be used to maintain tag bits). For more information see https://github.com/CTSRD-CHERI/llvm-project/wiki/Unaligned-capability-copies
		--- Python/marshal.o ---
		In file included from ../Python/marshal.c:14:
		../Include/internal/pycore_long.h:154:34: warning: binary expression on capability types 'uintptr_t' (aka 'unsigned __intcap') and 'uintptr_t'; it is not clear which should be used as the source of provenance; currently provenance is inherited from the left-hand side [-Wcheri-provenance]
		return (a->long_value.lv_tag | b->long_value.lv_tag) < (2 << NON_SIZE_BITS);
	~~~~~~~~~~~~~~~~~~~~ ^ ~~~~~~~~~~~~~~~~~~~~
		--- Python/instrumentation.o ---
		2 warnings generated.
		--- Python/modsupport.o ---
		cc -pthread -c -fno-strict-overflow -g -Og -Wall -mabi=purecap-benchmark -O2 -pipe  -std=c11 -Werror=implicit-function-declaration -fvisibility=hidden  -I../Include/internal -IObjects -IInclude -IPython -I. -I../Include -I/usr/local64cb/include   -DPy_BUILD_CORE -o Python/modsupport.o ../Python/modsupport.c
		--- Python/mysnprintf.o ---
		cc -pthread -c -fno-strict-overflow -g -Og -Wall -mabi=purecap-benchmark -O2 -pipe  -std=c11 -Werror=implicit-function-declaration -fvisibility=hidden  -I../Include/internal -IObjects -IInclude -IPython -I. -I../Include -I/usr/local64cb/include   -DPy_BUILD_CORE -o Python/mysnprintf.o ../Python/mysnprintf.c
		--- Python/mystrtoul.o ---
		cc -pthread -c -fno-strict-overflow -g -Og -Wall -mabi=purecap-benchmark -O2 -pipe  -std=c11 -Werror=implicit-function-declaration -fvisibility=hidden  -I../Include/internal -IObjects -IInclude -IPython -I. -I../Include -I/usr/local64cb/include   -DPy_BUILD_CORE -o Python/mystrtoul.o ../Python/mystrtoul.c
		--- Python/pathconfig.o ---
		--- Python/mystrtoul.o ---
		In file included from ../Python/mystrtoul.c:2:
		../Include/internal/pycore_long.h:154:34: warning: binary expression on capability types 'uintptr_t' (aka 'unsigned __intcap') and 'uintptr_t'; it is not clear which should be used as the source of provenance; currently provenance is inherited from the left-hand side [-Wcheri-provenance]
		return (a->long_value.lv_tag | b->long_value.lv_tag) < (2 << NON_SIZE_BITS);
	~~~~~~~~~~~~~~~~~~~~ ^ ~~~~~~~~~~~~~~~~~~~~
		--- Python/pathconfig.o ---
		cc -pthread -c -fno-strict-overflow -g -Og -Wall -mabi=purecap-benchmark -O2 -pipe  -std=c11 -Werror=implicit-function-declaration -fvisibility=hidden  -I../Include/internal -IObjects -IInclude -IPython -I. -I../Include -I/usr/local64cb/include   -DPy_BUILD_CORE -o Python/pathconfig.o ../Python/pathconfig.c
		--- Python/marshal.o ---
		In file included from ../Python/marshal.c:12:
		../Include/internal/pycore_call.h:53:5: warning: found underaligned load of capability type (aligned to 1 bytes instead of 16). Will use memcpy() instead of capability load to preserve tags if it is aligned correctly at runtime [-Wcheri-inefficient]
		memcpy(&ptr, (char *) callable + offset, sizeof(ptr));
	^
		../Include/internal/pycore_call.h:53:5: note: use __builtin_assume_aligned() or cast to (u)intptr_t* if you know that the pointer is actually aligned to capability size; this will allow the memcpy() or memmove() call to be inlined if the size is constant (otherwise a library call must be used to maintain tag bits). For more information see https://github.com/CTSRD-CHERI/llvm-project/wiki/Unaligned-capability-copies
		2 warnings generated.
		--- Python/preconfig.o ---
		--- Python/mystrtoul.o ---
		1 warning generated.
		--- Python/preconfig.o ---
		cc -pthread -c -fno-strict-overflow -g -Og -Wall -mabi=purecap-benchmark -O2 -pipe  -std=c11 -Werror=implicit-function-declaration -fvisibility=hidden  -I../Include/internal -IObjects -IInclude -IPython -I. -I../Include -I/usr/local64cb/include   -DPy_BUILD_CORE -o Python/preconfig.o ../Python/preconfig.c
		--- Python/pyarena.o ---
		cc -pthread -c -fno-strict-overflow -g -Og -Wall -mabi=purecap-benchmark -O2 -pipe  -std=c11 -Werror=implicit-function-declaration -fvisibility=hidden  -I../Include/internal -IObjects -IInclude -IPython -I. -I../Include -I/usr/local64cb/include   -DPy_BUILD_CORE -o Python/pyarena.o ../Python/pyarena.c
		--- Python/pyctype.o ---
		cc -pthread -c -fno-strict-overflow -g -Og -Wall -mabi=purecap-benchmark -O2 -pipe  -std=c11 -Werror=implicit-function-declaration -fvisibility=hidden  -I../Include/internal -IObjects -IInclude -IPython -I. -I../Include -I/usr/local64cb/include   -DPy_BUILD_CORE -o Python/pyctype.o ../Python/pyctype.c
		--- Python/pyfpe.o ---
		cc -pthread -c -fno-strict-overflow -g -Og -Wall -mabi=purecap-benchmark -O2 -pipe  -std=c11 -Werror=implicit-function-declaration -fvisibility=hidden  -I../Include/internal -IObjects -IInclude -IPython -I. -I../Include -I/usr/local64cb/include   -DPy_BUILD_CORE -o Python/pyfpe.o ../Python/pyfpe.c
		--- Python/pyhash.o ---
		cc -pthread -c -fno-strict-overflow -g -Og -Wall -mabi=purecap-benchmark -O2 -pipe  -std=c11 -Werror=implicit-function-declaration -fvisibility=hidden  -I../Include/internal -IObjects -IInclude -IPython -I. -I../Include -I/usr/local64cb/include   -DPy_BUILD_CORE -o Python/pyhash.o ../Python/pyhash.c
		--- Python/pylifecycle.o ---
		cc -pthread -c -fno-strict-overflow -g -Og -Wall -mabi=purecap-benchmark -O2 -pipe  -std=c11 -Werror=implicit-function-declaration -fvisibility=hidden  -I../Include/internal -IObjects -IInclude -IPython -I. -I../Include -I/usr/local64cb/include   -DPy_BUILD_CORE -o Python/pylifecycle.o ../Python/pylifecycle.c
		--- Python/pymath.o ---
		cc -pthread -c -fno-strict-overflow -g -Og -Wall -mabi=purecap-benchmark -O2 -pipe  -std=c11 -Werror=implicit-function-declaration -fvisibility=hidden  -I../Include/internal -IObjects -IInclude -IPython -I. -I../Include -I/usr/local64cb/include   -DPy_BUILD_CORE -o Python/pymath.o ../Python/pymath.c
		--- Python/pystate.o ---
		cc -pthread -c -fno-strict-overflow -g -Og -Wall -mabi=purecap-benchmark -O2 -pipe  -std=c11 -Werror=implicit-function-declaration -fvisibility=hidden  -I../Include/internal -IObjects -IInclude -IPython -I. -I../Include -I/usr/local64cb/include   -DPy_BUILD_CORE -o Python/pystate.o ../Python/pystate.c
		--- Python/pythonrun.o ---
		cc -pthread -c -fno-strict-overflow -g -Og -Wall -mabi=purecap-benchmark -O2 -pipe  -std=c11 -Werror=implicit-function-declaration -fvisibility=hidden  -I../Include/internal -IObjects -IInclude -IPython -I. -I../Include -I/usr/local64cb/include   -DPy_BUILD_CORE -o Python/pythonrun.o ../Python/pythonrun.c
		--- Python/pylifecycle.o ---
		In file included from ../Python/pylifecycle.c:16:
		../Include/internal/pycore_long.h:154:34: warning: binary expression on capability types 'uintptr_t' (aka 'unsigned __intcap') and 'uintptr_t'; it is not clear which should be used as the source of provenance; currently provenance is inherited from the left-hand side [-Wcheri-provenance]
		return (a->long_value.lv_tag | b->long_value.lv_tag) < (2 << NON_SIZE_BITS);
	~~~~~~~~~~~~~~~~~~~~ ^ ~~~~~~~~~~~~~~~~~~~~
		--- Python/pystate.o ---
		In file included from ../Python/pystate.c:15:
		In file included from ../Include/internal/pycore_runtime_init.h:11:
		../Include/internal/pycore_long.h:154:34: warning: binary expression on capability types 'uintptr_t' (aka 'unsigned __intcap') and 'uintptr_t'; it is not clear which should be used as the source of provenance; currently provenance is inherited from the left-hand side [-Wcheri-provenance]
		return (a->long_value.lv_tag | b->long_value.lv_tag) < (2 << NON_SIZE_BITS);
	~~~~~~~~~~~~~~~~~~~~ ^ ~~~~~~~~~~~~~~~~~~~~
		--- Python/pythonrun.o ---
		../Python/pythonrun.c:1305:26: warning: 'PyLong_FromVoidPtr' is deprecated [-Wdeprecated-declarations]
		PyObject *check_id = PyLong_FromVoidPtr(value);
	^
		../Include/longobject.h:54:1: note: 'PyLong_FromVoidPtr' has been explicitly marked deprecated here
		Py_DEPRECATED(3.8) PyAPI_FUNC(PyObject *) PyLong_FromVoidPtr(void *);
	^
		../Include/pyport.h:332:54: note: expanded from macro 'Py_DEPRECATED'
#define Py_DEPRECATED(VERSION_UNUSED) __attribute__((__deprecated__))
		^
		../Python/pythonrun.c:1329:26: warning: 'PyLong_FromVoidPtr' is deprecated [-Wdeprecated-declarations]
		PyObject *value_id = PyLong_FromVoidPtr(value);
	^
		../Include/longobject.h:54:1: note: 'PyLong_FromVoidPtr' has been explicitly marked deprecated here
		Py_DEPRECATED(3.8) PyAPI_FUNC(PyObject *) PyLong_FromVoidPtr(void *);
	^
		../Include/pyport.h:332:54: note: expanded from macro 'Py_DEPRECATED'
#define Py_DEPRECATED(VERSION_UNUSED) __attribute__((__deprecated__))
		^
		2 warnings generated.
		--- Python/pytime.o ---
		cc -pthread -c -fno-strict-overflow -g -Og -Wall -mabi=purecap-benchmark -O2 -pipe  -std=c11 -Werror=implicit-function-declaration -fvisibility=hidden  -I../Include/internal -IObjects -IInclude -IPython -I. -I../Include -I/usr/local64cb/include   -DPy_BUILD_CORE -o Python/pytime.o ../Python/pytime.c
		--- Python/bootstrap_hash.o ---
		cc -pthread -c -fno-strict-overflow -g -Og -Wall -mabi=purecap-benchmark -O2 -pipe  -std=c11 -Werror=implicit-function-declaration -fvisibility=hidden  -I../Include/internal -IObjects -IInclude -IPython -I. -I../Include -I/usr/local64cb/include   -DPy_BUILD_CORE -o Python/bootstrap_hash.o ../Python/bootstrap_hash.c
		--- Python/pystate.o ---
		1 warning generated.
		--- Python/specialize.o ---
		cc -pthread -c -fno-strict-overflow -g -Og -Wall -mabi=purecap-benchmark -O2 -pipe  -std=c11 -Werror=implicit-function-declaration -fvisibility=hidden  -I../Include/internal -IObjects -IInclude -IPython -I. -I../Include -I/usr/local64cb/include   -DPy_BUILD_CORE -o Python/specialize.o ../Python/specialize.c
		--- Python/structmember.o ---
		cc -pthread -c -fno-strict-overflow -g -Og -Wall -mabi=purecap-benchmark -O2 -pipe  -std=c11 -Werror=implicit-function-declaration -fvisibility=hidden  -I../Include/internal -IObjects -IInclude -IPython -I. -I../Include -I/usr/local64cb/include   -DPy_BUILD_CORE -o Python/structmember.o ../Python/structmember.c
		--- Python/specialize.o ---
		In file included from ../Python/specialize.c:6:
		../Include/internal/pycore_long.h:154:34: warning: binary expression on capability types 'uintptr_t' (aka 'unsigned __intcap') and 'uintptr_t'; it is not clear which should be used as the source of provenance; currently provenance is inherited from the left-hand side [-Wcheri-provenance]
		return (a->long_value.lv_tag | b->long_value.lv_tag) < (2 << NON_SIZE_BITS);
	~~~~~~~~~~~~~~~~~~~~ ^ ~~~~~~~~~~~~~~~~~~~~
		--- Python/structmember.o ---
		In file included from ../Python/structmember.c:7:
		../Include/internal/pycore_long.h:154:34: warning: binary expression on capability types 'uintptr_t' (aka 'unsigned __intcap') and 'uintptr_t'; it is not clear which should be used as the source of provenance; currently provenance is inherited from the left-hand side [-Wcheri-provenance]
		return (a->long_value.lv_tag | b->long_value.lv_tag) < (2 << NON_SIZE_BITS);
	~~~~~~~~~~~~~~~~~~~~ ^ ~~~~~~~~~~~~~~~~~~~~
		../Python/structmember.c:96:13: warning: 'PyLong_FromVoidPtr' is deprecated [-Wdeprecated-declarations]
		v = PyLong_FromVoidPtr(*(void **)addr);
	^
		../Include/longobject.h:54:1: note: 'PyLong_FromVoidPtr' has been explicitly marked deprecated here
		Py_DEPRECATED(3.8) PyAPI_FUNC(PyObject *) PyLong_FromVoidPtr(void *);
	^
		../Include/pyport.h:332:54: note: expanded from macro 'Py_DEPRECATED'
#define Py_DEPRECATED(VERSION_UNUSED) __attribute__((__deprecated__))
		^
		2 warnings generated.
		--- Python/symtable.o ---
		cc -pthread -c -fno-strict-overflow -g -Og -Wall -mabi=purecap-benchmark -O2 -pipe  -std=c11 -Werror=implicit-function-declaration -fvisibility=hidden  -I../Include/internal -IObjects -IInclude -IPython -I. -I../Include -I/usr/local64cb/include   -DPy_BUILD_CORE -o Python/symtable.o ../Python/symtable.c
		--- Python/specialize.o ---
		In file included from ../Python/specialize.c:2:
		../Include/internal/pycore_code.h:336:5: warning: found underaligned store of capability type (aligned to 2 bytes instead of 16). Will use memcpy() instead of capability load to preserve tags if it is aligned correctly at runtime [-Wcheri-inefficient]
		memcpy(p, &val, sizeof(val));
	^
		../Include/internal/pycore_code.h:336:5: note: use __builtin_assume_aligned() or cast to (u)intptr_t* if you know that the pointer is actually aligned to capability size; this will allow the memcpy() or memmove() call to be inlined if the size is constant (otherwise a library call must be used to maintain tag bits). For more information see https://github.com/CTSRD-CHERI/llvm-project/wiki/Unaligned-capability-copies
		../Include/internal/pycore_code.h:336:5: warning: found underaligned store of capability type (aligned to 2 bytes instead of 16). Will use memcpy() instead of capability load to preserve tags if it is aligned correctly at runtime [-Wcheri-inefficient]
		memcpy(p, &val, sizeof(val));
	^
		../Include/internal/pycore_code.h:336:5: note: use __builtin_assume_aligned() or cast to (u)intptr_t* if you know that the pointer is actually aligned to capability size; this will allow the memcpy() or memmove() call to be inlined if the size is constant (otherwise a library call must be used to maintain tag bits). For more information see https://github.com/CTSRD-CHERI/llvm-project/wiki/Unaligned-capability-copies
		../Include/internal/pycore_code.h:336:5: warning: found underaligned store of capability type (aligned to 2 bytes instead of 16). Will use memcpy() instead of capability load to preserve tags if it is aligned correctly at runtime [-Wcheri-inefficient]
		memcpy(p, &val, sizeof(val));
	^
		../Include/internal/pycore_code.h:336:5: note: use __builtin_assume_aligned() or cast to (u)intptr_t* if you know that the pointer is actually aligned to capability size; this will allow the memcpy() or memmove() call to be inlined if the size is constant (otherwise a library call must be used to maintain tag bits). For more information see https://github.com/CTSRD-CHERI/llvm-project/wiki/Unaligned-capability-copies
		../Include/internal/pycore_code.h:336:5: warning: found underaligned store of capability type (aligned to 2 bytes instead of 16). Will use memcpy() instead of capability load to preserve tags if it is aligned correctly at runtime [-Wcheri-inefficient]
		memcpy(p, &val, sizeof(val));
	^
		../Include/internal/pycore_code.h:336:5: note: use __builtin_assume_aligned() or cast to (u)intptr_t* if you know that the pointer is actually aligned to capability size; this will allow the memcpy() or memmove() call to be inlined if the size is constant (otherwise a library call must be used to maintain tag bits). For more information see https://github.com/CTSRD-CHERI/llvm-project/wiki/Unaligned-capability-copies
		5 warnings generated.
		--- Python/thread.o ---
		cc -pthread -c -fno-strict-overflow -g -Og -Wall -mabi=purecap-benchmark -O2 -pipe  -std=c11 -Werror=implicit-function-declaration -fvisibility=hidden  -I../Include/internal -IObjects -IInclude -IPython -I. -I../Include -I/usr/local64cb/include   -DPy_BUILD_CORE -o Python/thread.o ../Python/thread.c
		--- Python/symtable.o ---
		../Python/symtable.c:86:9: warning: 'PyLong_FromVoidPtr' is deprecated [-Wdeprecated-declarations]
		k = PyLong_FromVoidPtr(key);
	^
		../Include/longobject.h:54:1: note: 'PyLong_FromVoidPtr' has been explicitly marked deprecated here
		Py_DEPRECATED(3.8) PyAPI_FUNC(PyObject *) PyLong_FromVoidPtr(void *);
	^
		../Include/pyport.h:332:54: note: expanded from macro 'Py_DEPRECATED'
#define Py_DEPRECATED(VERSION_UNUSED) __attribute__((__deprecated__))
		^
		../Python/symtable.c:383:9: warning: 'PyLong_FromVoidPtr' is deprecated [-Wdeprecated-declarations]
		k = PyLong_FromVoidPtr(key);
	^
		../Include/longobject.h:54:1: note: 'PyLong_FromVoidPtr' has been explicitly marked deprecated here
		Py_DEPRECATED(3.8) PyAPI_FUNC(PyObject *) PyLong_FromVoidPtr(void *);
	^
		../Include/pyport.h:332:54: note: expanded from macro 'Py_DEPRECATED'
#define Py_DEPRECATED(VERSION_UNUSED) __attribute__((__deprecated__))
		^
		--- Python/traceback.o ---
		cc -pthread -c -fno-strict-overflow -g -Og -Wall -mabi=purecap-benchmark -O2 -pipe  -std=c11 -Werror=implicit-function-declaration -fvisibility=hidden  -I../Include/internal -IObjects -IInclude -IPython -I. -I../Include -I/usr/local64cb/include   -DPy_BUILD_CORE -o Python/traceback.o ../Python/traceback.c
		--- Python/symtable.o ---
		2 warnings generated.
		--- Python/tracemalloc.o ---
		cc -pthread -c -fno-strict-overflow -g -Og -Wall -mabi=purecap-benchmark -O2 -pipe  -std=c11 -Werror=implicit-function-declaration -fvisibility=hidden  -I../Include/internal -IObjects -IInclude -IPython -I. -I../Include -I/usr/local64cb/include   -DPy_BUILD_CORE -o Python/tracemalloc.o ../Python/tracemalloc.c
		--- Python/getopt.o ---
		cc -pthread -c -fno-strict-overflow -g -Og -Wall -mabi=purecap-benchmark -O2 -pipe  -std=c11 -Werror=implicit-function-declaration -fvisibility=hidden  -I../Include/internal -IObjects -IInclude -IPython -I. -I../Include -I/usr/local64cb/include   -DPy_BUILD_CORE -o Python/getopt.o ../Python/getopt.c
		--- Python/pystrcmp.o ---
		cc -pthread -c -fno-strict-overflow -g -Og -Wall -mabi=purecap-benchmark -O2 -pipe  -std=c11 -Werror=implicit-function-declaration -fvisibility=hidden  -I../Include/internal -IObjects -IInclude -IPython -I. -I../Include -I/usr/local64cb/include   -DPy_BUILD_CORE -o Python/pystrcmp.o ../Python/pystrcmp.c
		--- Python/pystrtod.o ---
		cc -pthread -c -fno-strict-overflow -g -Og -Wall -mabi=purecap-benchmark -O2 -pipe  -std=c11 -Werror=implicit-function-declaration -fvisibility=hidden  -I../Include/internal -IObjects -IInclude -IPython -I. -I../Include -I/usr/local64cb/include   -DPy_BUILD_CORE -o Python/pystrtod.o ../Python/pystrtod.c
		--- Python/pystrhex.o ---
		--- Python/dtoa.o ---
		--- Python/pystrhex.o ---
		cc -pthread -c -fno-strict-overflow -g -Og -Wall -mabi=purecap-benchmark -O2 -pipe  -std=c11 -Werror=implicit-function-declaration -fvisibility=hidden  -I../Include/internal -IObjects -IInclude -IPython -I. -I../Include -I/usr/local64cb/include   -DPy_BUILD_CORE -o Python/pystrhex.o ../Python/pystrhex.c
		--- Python/dtoa.o ---
		cc -pthread -c -fno-strict-overflow -g -Og -Wall -mabi=purecap-benchmark -O2 -pipe  -std=c11 -Werror=implicit-function-declaration -fvisibility=hidden  -I../Include/internal -IObjects -IInclude -IPython -I. -I../Include -I/usr/local64cb/include   -DPy_BUILD_CORE -fno-strict-aliasing -o Python/dtoa.o ../Python/dtoa.c
		--- Python/formatter_unicode.o ---
		cc -pthread -c -fno-strict-overflow -g -Og -Wall -mabi=purecap-benchmark -O2 -pipe  -std=c11 -Werror=implicit-function-declaration -fvisibility=hidden  -I../Include/internal -IObjects -IInclude -IPython -I. -I../Include -I/usr/local64cb/include   -DPy_BUILD_CORE -o Python/formatter_unicode.o ../Python/formatter_unicode.c
		In file included from ../Python/formatter_unicode.c:7:
		../Include/internal/pycore_long.h:154:34: warning: binary expression on capability types 'uintptr_t' (aka 'unsigned __intcap') and 'uintptr_t'; it is not clear which should be used as the source of provenance; currently provenance is inherited from the left-hand side [-Wcheri-provenance]
		return (a->long_value.lv_tag | b->long_value.lv_tag) < (2 << NON_SIZE_BITS);
	~~~~~~~~~~~~~~~~~~~~ ^ ~~~~~~~~~~~~~~~~~~~~
		--- Python/pylifecycle.o ---
		1 warning generated.
		--- Python/fileutils.o ---
		cc -pthread -c -fno-strict-overflow -g -Og -Wall -mabi=purecap-benchmark -O2 -pipe  -std=c11 -Werror=implicit-function-declaration -fvisibility=hidden  -I../Include/internal -IObjects -IInclude -IPython -I. -I../Include -I/usr/local64cb/include   -DPy_BUILD_CORE -o Python/fileutils.o ../Python/fileutils.c
		--- Python/ceval.o ---
		In file included from ../Python/ceval.c:7:
		In file included from ../Include/internal/pycore_call.h:11:
		In file included from ../Include/internal/pycore_pystate.h:11:
		In file included from ../Include/internal/pycore_runtime.h:18:
		In file included from ../Include/internal/pycore_interp.h:17:
		../Include/internal/pycore_code.h:373:5: warning: found underaligned load of capability type (aligned to 2 bytes instead of 16). Will use memcpy() instead of capability load to preserve tags if it is aligned correctly at runtime [-Wcheri-inefficient]
		memcpy(&val, p, sizeof(val));
	^
		../Include/internal/pycore_code.h:373:5: note: use __builtin_assume_aligned() or cast to (u)intptr_t* if you know that the pointer is actually aligned to capability size; this will allow the memcpy() or memmove() call to be inlined if the size is constant (otherwise a library call must be used to maintain tag bits). For more information see https://github.com/CTSRD-CHERI/llvm-project/wiki/Unaligned-capability-copies
		../Include/internal/pycore_code.h:373:5: warning: found underaligned load of capability type (aligned to 2 bytes instead of 16). Will use memcpy() instead of capability load to preserve tags if it is aligned correctly at runtime [-Wcheri-inefficient]
		memcpy(&val, p, sizeof(val));
	^
		../Include/internal/pycore_code.h:373:5: note: use __builtin_assume_aligned() or cast to (u)intptr_t* if you know that the pointer is actually aligned to capability size; this will allow the memcpy() or memmove() call to be inlined if the size is constant (otherwise a library call must be used to maintain tag bits). For more information see https://github.com/CTSRD-CHERI/llvm-project/wiki/Unaligned-capability-copies
		../Include/internal/pycore_code.h:373:5: warning: found underaligned load of capability type (aligned to 2 bytes instead of 16). Will use memcpy() instead of capability load to preserve tags if it is aligned correctly at runtime [-Wcheri-inefficient]
		memcpy(&val, p, sizeof(val));
	^
		../Include/internal/pycore_code.h:373:5: note: use __builtin_assume_aligned() or cast to (u)intptr_t* if you know that the pointer is actually aligned to capability size; this will allow the memcpy() or memmove() call to be inlined if the size is constant (otherwise a library call must be used to maintain tag bits). For more information see https://github.com/CTSRD-CHERI/llvm-project/wiki/Unaligned-capability-copies
		In file included from ../Python/ceval.c:7:
		../Include/internal/pycore_call.h:53:5: warning: found underaligned load of capability type (aligned to 1 bytes instead of 16). Will use memcpy() instead of capability load to preserve tags if it is aligned correctly at runtime [-Wcheri-inefficient]
		memcpy(&ptr, (char *) callable + offset, sizeof(ptr));
	^
		../Include/internal/pycore_call.h:53:5: note: use __builtin_assume_aligned() or cast to (u)intptr_t* if you know that the pointer is actually aligned to capability size; this will allow the memcpy() or memmove() call to be inlined if the size is constant (otherwise a library call must be used to maintain tag bits). For more information see https://github.com/CTSRD-CHERI/llvm-project/wiki/Unaligned-capability-copies
		../Include/internal/pycore_call.h:53:5: warning: found underaligned load of capability type (aligned to 1 bytes instead of 16). Will use memcpy() instead of capability load to preserve tags if it is aligned correctly at runtime [-Wcheri-inefficient]
		memcpy(&ptr, (char *) callable + offset, sizeof(ptr));
	^
		../Include/internal/pycore_call.h:53:5: note: use __builtin_assume_aligned() or cast to (u)intptr_t* if you know that the pointer is actually aligned to capability size; this will allow the memcpy() or memmove() call to be inlined if the size is constant (otherwise a library call must be used to maintain tag bits). For more information see https://github.com/CTSRD-CHERI/llvm-project/wiki/Unaligned-capability-copies
		--- Python/formatter_unicode.o ---
		1 warning generated.
		--- Python/suggestions.o ---
		cc -pthread -c -fno-strict-overflow -g -Og -Wall -mabi=purecap-benchmark -O2 -pipe  -std=c11 -Werror=implicit-function-declaration -fvisibility=hidden  -I../Include/internal -IObjects -IInclude -IPython -I. -I../Include -I/usr/local64cb/include   -DPy_BUILD_CORE -o Python/suggestions.o ../Python/suggestions.c
		--- Python/perf_trampoline.o ---
		--- Python/ceval.o ---
		../Include/internal/pycore_call.h:53:5: warning: found underaligned load of capability type (aligned to 1 bytes instead of 16). Will use memcpy() instead of capability load to preserve tags if it is aligned correctly at runtime [-Wcheri-inefficient]
		memcpy(&ptr, (char *) callable + offset, sizeof(ptr));
	^
		../Include/internal/pycore_call.h:53:5: note: use __builtin_assume_aligned() or cast to (u)intptr_t* if you know that the pointer is actually aligned to capability size; this will allow the memcpy() or memmove() call to be inlined if the size is constant (otherwise a library call must be used to maintain tag bits). For more information see https://github.com/CTSRD-CHERI/llvm-project/wiki/Unaligned-capability-copies
		--- Python/perf_trampoline.o ---
		cc -pthread -c -fno-strict-overflow -g -Og -Wall -mabi=purecap-benchmark -O2 -pipe  -std=c11 -Werror=implicit-function-declaration -fvisibility=hidden  -I../Include/internal -IObjects -IInclude -IPython -I. -I../Include -I/usr/local64cb/include   -DPy_BUILD_CORE -o Python/perf_trampoline.o ../Python/perf_trampoline.c
		--- Modules/main.o ---
		--- Python/ceval.o ---
		In file included from ../Python/ceval.c:7:
		In file included from ../Include/internal/pycore_call.h:11:
		In file included from ../Include/internal/pycore_pystate.h:11:
		In file included from ../Include/internal/pycore_runtime.h:18:
		In file included from ../Include/internal/pycore_interp.h:17:
		../Include/internal/pycore_code.h:373:5: warning: found underaligned load of capability type (aligned to 2 bytes instead of 16). Will use memcpy() instead of capability load to preserve tags if it is aligned correctly at runtime [-Wcheri-inefficient]
		memcpy(&val, p, sizeof(val));
	^
		../Include/internal/pycore_code.h:373:5: note: use __builtin_assume_aligned() or cast to (u)intptr_t* if you know that the pointer is actually aligned to capability size; this will allow the memcpy() or memmove() call to be inlined if the size is constant (otherwise a library call must be used to maintain tag bits). For more information see https://github.com/CTSRD-CHERI/llvm-project/wiki/Unaligned-capability-copies
		--- Modules/main.o ---
		cc -pthread -c -fno-strict-overflow -g -Og -Wall -mabi=purecap-benchmark -O2 -pipe  -std=c11 -Werror=implicit-function-declaration -fvisibility=hidden  -I../Include/internal -IObjects -IInclude -IPython -I. -I../Include -I/usr/local64cb/include   -DPy_BUILD_CORE -o Modules/main.o ../Modules/main.c
		--- Python/ceval.o ---
		../Include/internal/pycore_code.h:373:5: warning: found underaligned load of capability type (aligned to 2 bytes instead of 16). Will use memcpy() instead of capability load to preserve tags if it is aligned correctly at runtime [-Wcheri-inefficient]
		memcpy(&val, p, sizeof(val));
	^
		../Include/internal/pycore_code.h:373:5: note: use __builtin_assume_aligned() or cast to (u)intptr_t* if you know that the pointer is actually aligned to capability size; this will allow the memcpy() or memmove() call to be inlined if the size is constant (otherwise a library call must be used to maintain tag bits). For more information see https://github.com/CTSRD-CHERI/llvm-project/wiki/Unaligned-capability-copies
		../Include/internal/pycore_code.h:373:5: warning: found underaligned load of capability type (aligned to 2 bytes instead of 16). Will use memcpy() instead of capability load to preserve tags if it is aligned correctly at runtime [-Wcheri-inefficient]
		memcpy(&val, p, sizeof(val));
	^
		../Include/internal/pycore_code.h:373:5: note: use __builtin_assume_aligned() or cast to (u)intptr_t* if you know that the pointer is actually aligned to capability size; this will allow the memcpy() or memmove() call to be inlined if the size is constant (otherwise a library call must be used to maintain tag bits). For more information see https://github.com/CTSRD-CHERI/llvm-project/wiki/Unaligned-capability-copies
		--- Modules/gcmodule.o ---
		cc -pthread -c -fno-strict-overflow -g -Og -Wall -mabi=purecap-benchmark -O2 -pipe  -std=c11 -Werror=implicit-function-declaration -fvisibility=hidden  -I../Include/internal -IObjects -IInclude -IPython -I. -I../Include -I/usr/local64cb/include   -DPy_BUILD_CORE -o Modules/gcmodule.o ../Modules/gcmodule.c
		--- python-config ---
		sed -e "s,@EXENAME@,/home/qianhuiwang/cpython/build-benchmark/bin/python3.12d," < ../Misc/python-config.in >python-config.py
		LC_ALL=C sed -e 's,\$(\([A-Za-z0-9_]*\)),\$\{\1\},g' < Misc/python-config.sh >python-config
		--- Programs/_freeze_module.o ---
		cc -pthread -c -fno-strict-overflow -g -Og -Wall -mabi=purecap-benchmark -O2 -pipe  -std=c11 -Werror=implicit-function-declaration -fvisibility=hidden  -I../Include/internal -IObjects -IInclude -IPython -I. -I../Include -I/usr/local64cb/include   -DPy_BUILD_CORE -o Programs/_freeze_module.o ../Programs/_freeze_module.c
		--- Modules/getpath_noop.o ---
		--- Modules/main.o ---
		In file included from ../Modules/main.c:4:
		../Include/internal/pycore_call.h:53:5: warning: found underaligned load of capability type (aligned to 1 bytes instead of 16). Will use memcpy() instead of capability load to preserve tags if it is aligned correctly at runtime [-Wcheri-inefficient]
		memcpy(&ptr, (char *) callable + offset, sizeof(ptr));
	^
		../Include/internal/pycore_call.h:53:5: note: use __builtin_assume_aligned() or cast to (u)intptr_t* if you know that the pointer is actually aligned to capability size; this will allow the memcpy() or memmove() call to be inlined if the size is constant (otherwise a library call must be used to maintain tag bits). For more information see https://github.com/CTSRD-CHERI/llvm-project/wiki/Unaligned-capability-copies
		--- Modules/getpath_noop.o ---
		cc -pthread -c -fno-strict-overflow -g -Og -Wall -mabi=purecap-benchmark -O2 -pipe  -std=c11 -Werror=implicit-function-declaration -fvisibility=hidden  -I../Include/internal -IObjects -IInclude -IPython -I. -I../Include -I/usr/local64cb/include   -DPy_BUILD_CORE -o Modules/getpath_noop.o ../Modules/getpath_noop.c
		--- Modules/main.o ---
		1 warning generated.
		--- Python/dynload_shlib.o ---
		cc -pthread -c -fno-strict-overflow -g -Og -Wall -mabi=purecap-benchmark -O2 -pipe  -std=c11 -Werror=implicit-function-declaration -fvisibility=hidden  -I../Include/internal -IObjects -IInclude -IPython -I. -I../Include -I/usr/local64cb/include   -DPy_BUILD_CORE  -DSOABI='"cpython-312d"'  -o Python/dynload_shlib.o ../Python/dynload_shlib.c
		--- Python/sysmodule.o ---
		cc -pthread -c -fno-strict-overflow -g -Og -Wall -mabi=purecap-benchmark -O2 -pipe  -std=c11 -Werror=implicit-function-declaration -fvisibility=hidden  -I../Include/internal -IObjects -IInclude -IPython -I. -I../Include -I/usr/local64cb/include   -DPy_BUILD_CORE  -DABIFLAGS='"d"'    -o Python/sysmodule.o ../Python/sysmodule.c
		In file included from ../Python/sysmodule.c:22:
		../Include/internal/pycore_long.h:154:34: warning: binary expression on capability types 'uintptr_t' (aka 'unsigned __intcap') and 'uintptr_t'; it is not clear which should be used as the source of provenance; currently provenance is inherited from the left-hand side [-Wcheri-provenance]
		return (a->long_value.lv_tag | b->long_value.lv_tag) < (2 << NON_SIZE_BITS);
	~~~~~~~~~~~~~~~~~~~~ ^ ~~~~~~~~~~~~~~~~~~~~
		--- Modules/arraymodule.o ---
		cc -pthread  -fno-strict-overflow -g -Og -Wall -mabi=purecap-benchmark -O2 -pipe  -std=c11 -Werror=implicit-function-declaration -fvisibility=hidden  -I../Include/internal -IObjects -IInclude -IPython -I. -I../Include -I/usr/local64cb/include   -fPIC -c ../Modules/arraymodule.c -o Modules/arraymodule.o
		--- Modules/_asynciomodule.o ---
		cc -pthread  -fno-strict-overflow -g -Og -Wall -mabi=purecap-benchmark -O2 -pipe  -std=c11 -Werror=implicit-function-declaration -fvisibility=hidden  -I../Include/internal -IObjects -IInclude -IPython -I. -I../Include -I/usr/local64cb/include   -fPIC -c ../Modules/_asynciomodule.c -o Modules/_asynciomodule.o
		In file included from ../Modules/_asynciomodule.c:8:
		In file included from ../Include/internal/pycore_runtime_init.h:11:
		../Include/internal/pycore_long.h:154:34: warning: binary expression on capability types 'uintptr_t' (aka 'unsigned __intcap') and 'uintptr_t'; it is not clear which should be used as the source of provenance; currently provenance is inherited from the left-hand side [-Wcheri-provenance]
		return (a->long_value.lv_tag | b->long_value.lv_tag) < (2 << NON_SIZE_BITS);
	~~~~~~~~~~~~~~~~~~~~ ^ ~~~~~~~~~~~~~~~~~~~~
		--- Python/sysmodule.o ---
		In file included from ../Python/sysmodule.c:18:
		../Include/internal/pycore_call.h:53:5: warning: found underaligned load of capability type (aligned to 1 bytes instead of 16). Will use memcpy() instead of capability load to preserve tags if it is aligned correctly at runtime [-Wcheri-inefficient]
		memcpy(&ptr, (char *) callable + offset, sizeof(ptr));
	^
		../Include/internal/pycore_call.h:53:5: note: use __builtin_assume_aligned() or cast to (u)intptr_t* if you know that the pointer is actually aligned to capability size; this will allow the memcpy() or memmove() call to be inlined if the size is constant (otherwise a library call must be used to maintain tag bits). For more information see https://github.com/CTSRD-CHERI/llvm-project/wiki/Unaligned-capability-copies
		2 warnings generated.
		--- Modules/_bisectmodule.o ---
		cc -pthread  -fno-strict-overflow -g -Og -Wall -mabi=purecap-benchmark -O2 -pipe  -std=c11 -Werror=implicit-function-declaration -fvisibility=hidden  -I../Include/internal -IObjects -IInclude -IPython -I. -I../Include -I/usr/local64cb/include   -fPIC -c ../Modules/_bisectmodule.c -o Modules/_bisectmodule.o
		--- Modules/_contextvarsmodule.o ---
		cc -pthread  -fno-strict-overflow -g -Og -Wall -mabi=purecap-benchmark -O2 -pipe  -std=c11 -Werror=implicit-function-declaration -fvisibility=hidden  -I../Include/internal -IObjects -IInclude -IPython -I. -I../Include -I/usr/local64cb/include   -fPIC -c ../Modules/_contextvarsmodule.c -o Modules/_contextvarsmodule.o
		--- Modules/_csv.o ---
		cc -pthread  -fno-strict-overflow -g -Og -Wall -mabi=purecap-benchmark -O2 -pipe  -std=c11 -Werror=implicit-function-declaration -fvisibility=hidden  -I../Include/internal -IObjects -IInclude -IPython -I. -I../Include -I/usr/local64cb/include   -fPIC -c ../Modules/_csv.c -o Modules/_csv.o
		--- Modules/_heapqmodule.o ---
		cc -pthread  -fno-strict-overflow -g -Og -Wall -mabi=purecap-benchmark -O2 -pipe  -std=c11 -Werror=implicit-function-declaration -fvisibility=hidden  -I../Include/internal -IObjects -IInclude -IPython -I. -I../Include -I/usr/local64cb/include   -fPIC -c ../Modules/_heapqmodule.c -o Modules/_heapqmodule.o
		--- Modules/_asynciomodule.o ---
		1 warning generated.
		--- Modules/_json.o ---
		cc -pthread  -fno-strict-overflow -g -Og -Wall -mabi=purecap-benchmark -O2 -pipe  -std=c11 -Werror=implicit-function-declaration -fvisibility=hidden  -I../Include/internal -IObjects -IInclude -IPython -I. -I../Include -I/usr/local64cb/include   -fPIC -c ../Modules/_json.c -o Modules/_json.o
		--- Modules/_lsprof.o ---
		cc -pthread  -fno-strict-overflow -g -Og -Wall -mabi=purecap-benchmark -O2 -pipe  -std=c11 -Werror=implicit-function-declaration -fvisibility=hidden  -I../Include/internal -IObjects -IInclude -IPython -I. -I../Include -I/usr/local64cb/include   -fPIC -c ../Modules/_lsprof.c -o Modules/_lsprof.o
		--- Modules/rotatingtree.o ---
		cc -pthread  -fno-strict-overflow -g -Og -Wall -mabi=purecap-benchmark -O2 -pipe  -std=c11 -Werror=implicit-function-declaration -fvisibility=hidden  -I../Include/internal -IObjects -IInclude -IPython -I. -I../Include -I/usr/local64cb/include   -fPIC -c ../Modules/rotatingtree.c -o Modules/rotatingtree.o
		--- Modules/_lsprof.o ---
		In file included from ../Modules/_lsprof.c:6:
		../Include/internal/pycore_call.h:53:5: warning: found underaligned load of capability type (aligned to 1 bytes instead of 16). Will use memcpy() instead of capability load to preserve tags if it is aligned correctly at runtime [-Wcheri-inefficient]
		memcpy(&ptr, (char *) callable + offset, sizeof(ptr));
	^
		../Include/internal/pycore_call.h:53:5: note: use __builtin_assume_aligned() or cast to (u)intptr_t* if you know that the pointer is actually aligned to capability size; this will allow the memcpy() or memmove() call to be inlined if the size is constant (otherwise a library call must be used to maintain tag bits). For more information see https://github.com/CTSRD-CHERI/llvm-project/wiki/Unaligned-capability-copies
		--- Modules/_opcode.o ---
		--- Modules/_lsprof.o ---
		1 warning generated.
		--- Modules/_opcode.o ---
		cc -pthread  -fno-strict-overflow -g -Og -Wall -mabi=purecap-benchmark -O2 -pipe  -std=c11 -Werror=implicit-function-declaration -fvisibility=hidden  -I../Include/internal -IObjects -IInclude -IPython -I. -I../Include -I/usr/local64cb/include   -fPIC -c ../Modules/_opcode.c -o Modules/_opcode.o
		--- Modules/_pickle.o ---
		cc -pthread  -fno-strict-overflow -g -Og -Wall -mabi=purecap-benchmark -O2 -pipe  -std=c11 -Werror=implicit-function-declaration -fvisibility=hidden  -I../Include/internal -IObjects -IInclude -IPython -I. -I../Include -I/usr/local64cb/include   -fPIC -c ../Modules/_pickle.c -o Modules/_pickle.o
		--- Modules/_queuemodule.o ---
		cc -pthread  -fno-strict-overflow -g -Og -Wall -mabi=purecap-benchmark -O2 -pipe  -std=c11 -Werror=implicit-function-declaration -fvisibility=hidden  -I../Include/internal -IObjects -IInclude -IPython -I. -I../Include -I/usr/local64cb/include   -fPIC -c ../Modules/_queuemodule.c -o Modules/_queuemodule.o
		--- Modules/_randommodule.o ---
		cc -pthread  -fno-strict-overflow -g -Og -Wall -mabi=purecap-benchmark -O2 -pipe  -std=c11 -Werror=implicit-function-declaration -fvisibility=hidden  -I../Include/internal -IObjects -IInclude -IPython -I. -I../Include -I/usr/local64cb/include   -fPIC -c ../Modules/_randommodule.c -o Modules/_randommodule.o
		--- Modules/_struct.o ---
		cc -pthread  -fno-strict-overflow -g -Og -Wall -mabi=purecap-benchmark -O2 -pipe  -std=c11 -Werror=implicit-function-declaration -fvisibility=hidden  -I../Include/internal -IObjects -IInclude -IPython -I. -I../Include -I/usr/local64cb/include   -fPIC -c ../Modules/_struct.c -o Modules/_struct.o
		--- Modules/_xxsubinterpretersmodule.o ---
		cc -pthread  -fno-strict-overflow -g -Og -Wall -mabi=purecap-benchmark -O2 -pipe  -std=c11 -Werror=implicit-function-declaration -fvisibility=hidden  -I../Include/internal -IObjects -IInclude -IPython -I. -I../Include -I/usr/local64cb/include   -fPIC -c ../Modules/_xxsubinterpretersmodule.c -o Modules/_xxsubinterpretersmodule.o
		--- Modules/_xxinterpchannelsmodule.o ---
		cc -pthread  -fno-strict-overflow -g -Og -Wall -mabi=purecap-benchmark -O2 -pipe  -std=c11 -Werror=implicit-function-declaration -fvisibility=hidden  -I../Include/internal -IObjects -IInclude -IPython -I. -I../Include -I/usr/local64cb/include   -fPIC -c ../Modules/_xxinterpchannelsmodule.c -o Modules/_xxinterpchannelsmodule.o
		--- Modules/_struct.o ---
		../Modules/_struct.c:524:5: warning: found underaligned load of capability type (aligned to 1 bytes instead of 16). Will use memcpy() instead of capability load to preserve tags if it is aligned correctly at runtime [-Wcheri-inefficient]
		memcpy((char *)&x, p, sizeof x);
	^
		../Modules/_struct.c:524:5: note: use __builtin_assume_aligned() or cast to (u)intptr_t* if you know that the pointer is actually aligned to capability size; this will allow the memcpy() or memmove() call to be inlined if the size is constant (otherwise a library call must be used to maintain tag bits). For more information see https://github.com/CTSRD-CHERI/llvm-project/wiki/Unaligned-capability-copies
		../Modules/_struct.c:822:5: warning: found underaligned store of capability type (aligned to 1 bytes instead of 16). Will use memcpy() instead of capability load to preserve tags if it is aligned correctly at runtime [-Wcheri-inefficient]
		memcpy(p, (char *)&x, sizeof x);
	^
		../Modules/_struct.c:822:5: note: use __builtin_assume_aligned() or cast to (u)intptr_t* if you know that the pointer is actually aligned to capability size; this will allow the memcpy() or memmove() call to be inlined if the size is constant (otherwise a library call must be used to maintain tag bits). For more information see https://github.com/CTSRD-CHERI/llvm-project/wiki/Unaligned-capability-copies
		2 warnings generated.
		--- Modules/_zoneinfo.o ---
		cc -pthread  -fno-strict-overflow -g -Og -Wall -mabi=purecap-benchmark -O2 -pipe  -std=c11 -Werror=implicit-function-declaration -fvisibility=hidden  -I../Include/internal -IObjects -IInclude -IPython -I. -I../Include -I/usr/local64cb/include   -fPIC -c ../Modules/_zoneinfo.c -o Modules/_zoneinfo.o
		In file included from ../Modules/_zoneinfo.c:6:
		../Include/internal/pycore_long.h:154:34: warning: binary expression on capability types 'uintptr_t' (aka 'unsigned __intcap') and 'uintptr_t'; it is not clear which should be used as the source of provenance; currently provenance is inherited from the left-hand side [-Wcheri-provenance]
		return (a->long_value.lv_tag | b->long_value.lv_tag) < (2 << NON_SIZE_BITS);
	~~~~~~~~~~~~~~~~~~~~ ^ ~~~~~~~~~~~~~~~~~~~~
		--- Modules/audioop.o ---
		cc -pthread  -fno-strict-overflow -g -Og -Wall -mabi=purecap-benchmark -O2 -pipe  -std=c11 -Werror=implicit-function-declaration -fvisibility=hidden  -I../Include/internal -IObjects -IInclude -IPython -I. -I../Include -I/usr/local64cb/include   -fPIC -c ../Modules/audioop.c -o Modules/audioop.o
		--- Modules/_zoneinfo.o ---
		1 warning generated.
		--- Modules/mathmodule.o ---
		cc -pthread  -fno-strict-overflow -g -Og -Wall -mabi=purecap-benchmark -O2 -pipe  -std=c11 -Werror=implicit-function-declaration -fvisibility=hidden  -I../Include/internal -IObjects -IInclude -IPython -I. -I../Include -I/usr/local64cb/include   -fPIC -c ../Modules/mathmodule.c -o Modules/mathmodule.o
		In file included from ../Modules/mathmodule.c:62:
		../Include/internal/pycore_long.h:154:34: warning: binary expression on capability types 'uintptr_t' (aka 'unsigned __intcap') and 'uintptr_t'; it is not clear which should be used as the source of provenance; currently provenance is inherited from the left-hand side [-Wcheri-provenance]
		return (a->long_value.lv_tag | b->long_value.lv_tag) < (2 << NON_SIZE_BITS);
	~~~~~~~~~~~~~~~~~~~~ ^ ~~~~~~~~~~~~~~~~~~~~
		--- Modules/cmathmodule.o ---
		cc -pthread  -fno-strict-overflow -g -Og -Wall -mabi=purecap-benchmark -O2 -pipe  -std=c11 -Werror=implicit-function-declaration -fvisibility=hidden  -I../Include/internal -IObjects -IInclude -IPython -I. -I../Include -I/usr/local64cb/include   -fPIC -c ../Modules/cmathmodule.c -o Modules/cmathmodule.o
		--- Modules/_statisticsmodule.o ---
		cc -pthread  -fno-strict-overflow -g -Og -Wall -mabi=purecap-benchmark -O2 -pipe  -std=c11 -Werror=implicit-function-declaration -fvisibility=hidden  -I../Include/internal -IObjects -IInclude -IPython -I. -I../Include -I/usr/local64cb/include   -fPIC -c ../Modules/_statisticsmodule.c -o Modules/_statisticsmodule.o
		--- Modules/_datetimemodule.o ---
		cc -pthread  -fno-strict-overflow -g -Og -Wall -mabi=purecap-benchmark -O2 -pipe  -std=c11 -Werror=implicit-function-declaration -fvisibility=hidden  -I../Include/internal -IObjects -IInclude -IPython -I. -I../Include -I/usr/local64cb/include   -fPIC -c ../Modules/_datetimemodule.c -o Modules/_datetimemodule.o
		--- Modules/mathmodule.o ---
		In file included from ../Modules/mathmodule.c:61:
		../Include/internal/pycore_call.h:53:5: warning: found underaligned load of capability type (aligned to 1 bytes instead of 16). Will use memcpy() instead of capability load to preserve tags if it is aligned correctly at runtime [-Wcheri-inefficient]
		memcpy(&ptr, (char *) callable + offset, sizeof(ptr));
	^
		../Include/internal/pycore_call.h:53:5: note: use __builtin_assume_aligned() or cast to (u)intptr_t* if you know that the pointer is actually aligned to capability size; this will allow the memcpy() or memmove() call to be inlined if the size is constant (otherwise a library call must be used to maintain tag bits). For more information see https://github.com/CTSRD-CHERI/llvm-project/wiki/Unaligned-capability-copies
		--- Modules/_datetimemodule.o ---
		In file included from ../Modules/_datetimemodule.c:15:
		../Include/internal/pycore_long.h:154:34: warning: binary expression on capability types 'uintptr_t' (aka 'unsigned __intcap') and 'uintptr_t'; it is not clear which should be used as the source of provenance; currently provenance is inherited from the left-hand side [-Wcheri-provenance]
		return (a->long_value.lv_tag | b->long_value.lv_tag) < (2 << NON_SIZE_BITS);
	~~~~~~~~~~~~~~~~~~~~ ^ ~~~~~~~~~~~~~~~~~~~~
		--- Modules/mathmodule.o ---
		2 warnings generated.
		--- Modules/_decimal/_decimal.o ---
		cc -pthread -I../Modules/_decimal/libmpdec -DTEST_COVERAGE -DCONFIG_64=1 -DANSI=1 -DHAVE_UINT128_T=1 -fno-strict-overflow -g -Og -Wall -mabi=purecap-benchmark -O2 -pipe  -std=c11 -Werror=implicit-function-declaration -fvisibility=hidden  -I../Include/internal -IObjects -IInclude -IPython -I. -I../Include -I/usr/local64cb/include   -fPIC -c ../Modules/_decimal/_decimal.c -o Modules/_decimal/_decimal.o
		--- Modules/binascii.o ---
		cc -pthread -DUSE_ZLIB_CRC32 -fno-strict-overflow -g -Og -Wall -mabi=purecap-benchmark -O2 -pipe  -std=c11 -Werror=implicit-function-declaration -fvisibility=hidden  -I../Include/internal -IObjects -IInclude -IPython -I. -I../Include -I/usr/local64cb/include   -fPIC -c ../Modules/binascii.c -o Modules/binascii.o
		--- Modules/_decimal/_decimal.o ---
		In file included from ../Modules/_decimal/_decimal.c:33:
		../Include/internal/pycore_long.h:154:34: warning: binary expression on capability types 'uintptr_t' (aka 'unsigned __intcap') and 'uintptr_t'; it is not clear which should be used as the source of provenance; currently provenance is inherited from the left-hand side [-Wcheri-provenance]
		return (a->long_value.lv_tag | b->long_value.lv_tag) < (2 << NON_SIZE_BITS);
	~~~~~~~~~~~~~~~~~~~~ ^ ~~~~~~~~~~~~~~~~~~~~
		--- Modules/binascii.o ---
		In file included from ../Modules/binascii.c:63:
		../Include/internal/pycore_long.h:154:34: warning: binary expression on capability types 'uintptr_t' (aka 'unsigned __intcap') and 'uintptr_t'; it is not clear which should be used as the source of provenance; currently provenance is inherited from the left-hand side [-Wcheri-provenance]
		return (a->long_value.lv_tag | b->long_value.lv_tag) < (2 << NON_SIZE_BITS);
	~~~~~~~~~~~~~~~~~~~~ ^ ~~~~~~~~~~~~~~~~~~~~
		1 warning generated.
		--- Modules/_bz2module.o ---
		cc -pthread  -fno-strict-overflow -g -Og -Wall -mabi=purecap-benchmark -O2 -pipe  -std=c11 -Werror=implicit-function-declaration -fvisibility=hidden  -I../Include/internal -IObjects -IInclude -IPython -I. -I../Include -I/usr/local64cb/include   -fPIC -c ../Modules/_bz2module.c -o Modules/_bz2module.o
		--- Python/ceval.o ---
		In file included from ../Python/ceval.c:7:
		--- Modules/_lzmamodule.o ---
		cc -pthread  -fno-strict-overflow -g -Og -Wall -mabi=purecap-benchmark -O2 -pipe  -std=c11 -Werror=implicit-function-declaration -fvisibility=hidden  -I../Include/internal -IObjects -IInclude -IPython -I. -I../Include -I/usr/local64cb/include   -fPIC -c ../Modules/_lzmamodule.c -o Modules/_lzmamodule.o
		--- Python/ceval.o ---
		../Include/internal/pycore_call.h:53:5: warning: found underaligned load of capability type (aligned to 1 bytes instead of 16). Will use memcpy() instead of capability load to preserve tags if it is aligned correctly at runtime [-Wcheri-inefficient]
		memcpy(&ptr, (char *) callable + offset, sizeof(ptr));
	^
		--- Modules/_datetimemodule.o ---
		1 warning generated.
		--- Modules/zlibmodule.o ---
		--- Python/ceval.o ---
		../Include/internal/pycore_call.h:53:5: note: use __builtin_assume_aligned() or cast to (u)intptr_t* if you know that the pointer is actually aligned to capability size; this will allow the memcpy() or memmove() call to be inlined if the size is constant (otherwise a library call must be used to maintain tag bits). For more information see https://github.com/CTSRD-CHERI/llvm-project/wiki/Unaligned-capability-copies
		../Include/internal/pycore_call.h:53:5: warning: found underaligned load of capability type (aligned to 1 bytes instead of 16). Will use memcpy() instead of capability load to preserve tags if it is aligned correctly at runtime [-Wcheri-inefficient]
		memcpy(&ptr, (char *) callable + offset, sizeof(ptr));
	^
		--- Modules/zlibmodule.o ---
		cc -pthread  -fno-strict-overflow -g -Og -Wall -mabi=purecap-benchmark -O2 -pipe  -std=c11 -Werror=implicit-function-declaration -fvisibility=hidden  -I../Include/internal -IObjects -IInclude -IPython -I. -I../Include -I/usr/local64cb/include   -fPIC -c ../Modules/zlibmodule.c -o Modules/zlibmodule.o
		--- Python/ceval.o ---
		../Include/internal/pycore_call.h:53:5: note: use __builtin_assume_aligned() or cast to (u)intptr_t* if you know that the pointer is actually aligned to capability size; this will allow the memcpy() or memmove() call to be inlined if the size is constant (otherwise a library call must be used to maintain tag bits). For more information see https://github.com/CTSRD-CHERI/llvm-project/wiki/Unaligned-capability-copies
		12 warnings generated.
		--- Modules/_dbmmodule.o ---
		cc -pthread -DUSE_NDBM -fno-strict-overflow -g -Og -Wall -mabi=purecap-benchmark -O2 -pipe  -std=c11 -Werror=implicit-function-declaration -fvisibility=hidden  -I../Include/internal -IObjects -IInclude -IPython -I. -I../Include -I/usr/local64cb/include   -fPIC -c ../Modules/_dbmmodule.c -o Modules/_dbmmodule.o
		--- Modules/_gdbmmodule.o ---
		cc -pthread  -fno-strict-overflow -g -Og -Wall -mabi=purecap-benchmark -O2 -pipe  -std=c11 -Werror=implicit-function-declaration -fvisibility=hidden  -I../Include/internal -IObjects -IInclude -IPython -I. -I../Include -I/usr/local64cb/include   -fPIC -c ../Modules/_gdbmmodule.c -o Modules/_gdbmmodule.o
		--- Modules/readline.o ---
		cc -pthread -I/usr/local64cb/include -fno-strict-overflow -g -Og -Wall -mabi=purecap-benchmark -O2 -pipe  -std=c11 -Werror=implicit-function-declaration -fvisibility=hidden  -I../Include/internal -IObjects -IInclude -IPython -I. -I../Include -I/usr/local64cb/include   -fPIC -c ../Modules/readline.c -o Modules/readline.o
		--- Modules/md5module.o ---
		cc -pthread  -I../Modules/_hacl/include -D_BSD_SOURCE -D_DEFAULT_SOURCE -fno-strict-overflow -g -Og -Wall -mabi=purecap-benchmark -O2 -pipe  -std=c11 -Werror=implicit-function-declaration -fvisibility=hidden  -I../Include/internal -IObjects -IInclude -IPython -I. -I../Include -I/usr/local64cb/include   -fPIC -c ../Modules/md5module.c -o Modules/md5module.o
		--- Modules/_hacl/Hacl_Hash_MD5.o ---
		cc -pthread  -I../Modules/_hacl/include -D_BSD_SOURCE -D_DEFAULT_SOURCE -fno-strict-overflow -g -Og -Wall -mabi=purecap-benchmark -O2 -pipe  -std=c11 -Werror=implicit-function-declaration -fvisibility=hidden  -I../Include/internal -IObjects -IInclude -IPython -I. -I../Include -I/usr/local64cb/include   -fPIC -c ../Modules/_hacl/Hacl_Hash_MD5.c -o Modules/_hacl/Hacl_Hash_MD5.o
		--- Modules/sha1module.o ---
		cc -pthread  -I../Modules/_hacl/include -D_BSD_SOURCE -D_DEFAULT_SOURCE -fno-strict-overflow -g -Og -Wall -mabi=purecap-benchmark -O2 -pipe  -std=c11 -Werror=implicit-function-declaration -fvisibility=hidden  -I../Include/internal -IObjects -IInclude -IPython -I. -I../Include -I/usr/local64cb/include   -fPIC -c ../Modules/sha1module.c -o Modules/sha1module.o
		--- Modules/_hacl/Hacl_Hash_SHA1.o ---
		cc -pthread  -I../Modules/_hacl/include -D_BSD_SOURCE -D_DEFAULT_SOURCE -fno-strict-overflow -g -Og -Wall -mabi=purecap-benchmark -O2 -pipe  -std=c11 -Werror=implicit-function-declaration -fvisibility=hidden  -I../Include/internal -IObjects -IInclude -IPython -I. -I../Include -I/usr/local64cb/include   -fPIC -c ../Modules/_hacl/Hacl_Hash_SHA1.c -o Modules/_hacl/Hacl_Hash_SHA1.o
		--- Modules/sha2module.o ---
		cc -pthread  -I../Modules/_hacl/include -fno-strict-overflow -g -Og -Wall -mabi=purecap-benchmark -O2 -pipe  -std=c11 -Werror=implicit-function-declaration -fvisibility=hidden  -I../Include/internal -IObjects -IInclude -IPython -I. -I../Include -I/usr/local64cb/include   -fPIC -c ../Modules/sha2module.c -o Modules/sha2module.o
		--- Modules/sha3module.o ---
		cc -pthread  -I../Modules/_hacl/include -D_BSD_SOURCE -D_DEFAULT_SOURCE -fno-strict-overflow -g -Og -Wall -mabi=purecap-benchmark -O2 -pipe  -std=c11 -Werror=implicit-function-declaration -fvisibility=hidden  -I../Include/internal -IObjects -IInclude -IPython -I. -I../Include -I/usr/local64cb/include   -fPIC -c ../Modules/sha3module.c -o Modules/sha3module.o
		--- Modules/_hacl/Hacl_Hash_SHA3.o ---
		cc -pthread  -I../Modules/_hacl/include -D_BSD_SOURCE -D_DEFAULT_SOURCE -fno-strict-overflow -g -Og -Wall -mabi=purecap-benchmark -O2 -pipe  -std=c11 -Werror=implicit-function-declaration -fvisibility=hidden  -I../Include/internal -IObjects -IInclude -IPython -I. -I../Include -I/usr/local64cb/include   -fPIC -c ../Modules/_hacl/Hacl_Hash_SHA3.c -o Modules/_hacl/Hacl_Hash_SHA3.o
		--- Modules/_blake2/blake2module.o ---
		cc -pthread  -fno-strict-overflow -g -Og -Wall -mabi=purecap-benchmark -O2 -pipe  -std=c11 -Werror=implicit-function-declaration -fvisibility=hidden  -I../Include/internal -IObjects -IInclude -IPython -I. -I../Include -I/usr/local64cb/include   -fPIC -c ../Modules/_blake2/blake2module.c -o Modules/_blake2/blake2module.o
		--- Modules/_blake2/blake2b_impl.o ---
		cc -pthread  -fno-strict-overflow -g -Og -Wall -mabi=purecap-benchmark -O2 -pipe  -std=c11 -Werror=implicit-function-declaration -fvisibility=hidden  -I../Include/internal -IObjects -IInclude -IPython -I. -I../Include -I/usr/local64cb/include   -fPIC -c ../Modules/_blake2/blake2b_impl.c -o Modules/_blake2/blake2b_impl.o
		--- Modules/_decimal/_decimal.o ---
		1 warning generated.
		--- Modules/_blake2/blake2s_impl.o ---
		cc -pthread  -fno-strict-overflow -g -Og -Wall -mabi=purecap-benchmark -O2 -pipe  -std=c11 -Werror=implicit-function-declaration -fvisibility=hidden  -I../Include/internal -IObjects -IInclude -IPython -I. -I../Include -I/usr/local64cb/include   -fPIC -c ../Modules/_blake2/blake2s_impl.c -o Modules/_blake2/blake2s_impl.o
		--- Modules/pyexpat.o ---
		cc -pthread -I../Modules/expat -fno-strict-overflow -g -Og -Wall -mabi=purecap-benchmark -O2 -pipe  -std=c11 -Werror=implicit-function-declaration -fvisibility=hidden  -I../Include/internal -IObjects -IInclude -IPython -I. -I../Include -I/usr/local64cb/include   -fPIC -c ../Modules/pyexpat.c -o Modules/pyexpat.o
		--- Modules/_elementtree.o ---
		cc -pthread -I../Modules/expat -fno-strict-overflow -g -Og -Wall -mabi=purecap-benchmark -O2 -pipe  -std=c11 -Werror=implicit-function-declaration -fvisibility=hidden  -I../Include/internal -IObjects -IInclude -IPython -I. -I../Include -I/usr/local64cb/include   -fPIC -c ../Modules/_elementtree.c -o Modules/_elementtree.o
		../Modules/_elementtree.c:836:37: warning: binary expression on capability types 'uintptr_t' (aka 'unsigned __intcap') and 'unsigned __intcap'; it is not clear which should be used as the source of provenance; currently provenance is inherited from the left-hand side [-Wcheri-provenance]
		_set_joined_ptr(&element->text, JOIN_SET(text, JOIN_GET(self->text)));
	^~~~~~~~~~~~~~~~~~~~~~~~~~~~~~~~~~~~
		../Modules/_elementtree.c:52:63: note: expanded from macro 'JOIN_SET'
#define JOIN_SET(p, flag) ((void*) ((uintptr_t) (JOIN_OBJ(p)) | (flag)))
		~~~~~~~~~~~~~~~~~~~~~~~~~ ^ ~~~~~~
		../Modules/_elementtree.c:841:37: warning: binary expression on capability types 'uintptr_t' (aka 'unsigned __intcap') and 'unsigned __intcap'; it is not clear which should be used as the source of provenance; currently provenance is inherited from the left-hand side [-Wcheri-provenance]
		_set_joined_ptr(&element->tail, JOIN_SET(tail, JOIN_GET(self->tail)));
	^~~~~~~~~~~~~~~~~~~~~~~~~~~~~~~~~~~~
		../Modules/_elementtree.c:52:63: note: expanded from macro 'JOIN_SET'
#define JOIN_SET(p, flag) ((void*) ((uintptr_t) (JOIN_OBJ(p)) | (flag)))
		~~~~~~~~~~~~~~~~~~~~~~~~~ ^ ~~~~~~
		--- Modules/cjkcodecs/_codecs_cn.o ---
		cc -pthread  -fno-strict-overflow -g -Og -Wall -mabi=purecap-benchmark -O2 -pipe  -std=c11 -Werror=implicit-function-declaration -fvisibility=hidden  -I../Include/internal -IObjects -IInclude -IPython -I. -I../Include -I/usr/local64cb/include   -fPIC -c ../Modules/cjkcodecs/_codecs_cn.c -o Modules/cjkcodecs/_codecs_cn.o
		--- Modules/cjkcodecs/_codecs_hk.o ---
		cc -pthread  -fno-strict-overflow -g -Og -Wall -mabi=purecap-benchmark -O2 -pipe  -std=c11 -Werror=implicit-function-declaration -fvisibility=hidden  -I../Include/internal -IObjects -IInclude -IPython -I. -I../Include -I/usr/local64cb/include   -fPIC -c ../Modules/cjkcodecs/_codecs_hk.c -o Modules/cjkcodecs/_codecs_hk.o
		--- Modules/cjkcodecs/_codecs_iso2022.o ---
		cc -pthread  -fno-strict-overflow -g -Og -Wall -mabi=purecap-benchmark -O2 -pipe  -std=c11 -Werror=implicit-function-declaration -fvisibility=hidden  -I../Include/internal -IObjects -IInclude -IPython -I. -I../Include -I/usr/local64cb/include   -fPIC -c ../Modules/cjkcodecs/_codecs_iso2022.c -o Modules/cjkcodecs/_codecs_iso2022.o
		--- Modules/cjkcodecs/_codecs_jp.o ---
		cc -pthread  -fno-strict-overflow -g -Og -Wall -mabi=purecap-benchmark -O2 -pipe  -std=c11 -Werror=implicit-function-declaration -fvisibility=hidden  -I../Include/internal -IObjects -IInclude -IPython -I. -I../Include -I/usr/local64cb/include   -fPIC -c ../Modules/cjkcodecs/_codecs_jp.c -o Modules/cjkcodecs/_codecs_jp.o
		--- Modules/cjkcodecs/_codecs_kr.o ---
		cc -pthread  -fno-strict-overflow -g -Og -Wall -mabi=purecap-benchmark -O2 -pipe  -std=c11 -Werror=implicit-function-declaration -fvisibility=hidden  -I../Include/internal -IObjects -IInclude -IPython -I. -I../Include -I/usr/local64cb/include   -fPIC -c ../Modules/cjkcodecs/_codecs_kr.c -o Modules/cjkcodecs/_codecs_kr.o
		--- Modules/cjkcodecs/_codecs_tw.o ---
		cc -pthread  -fno-strict-overflow -g -Og -Wall -mabi=purecap-benchmark -O2 -pipe  -std=c11 -Werror=implicit-function-declaration -fvisibility=hidden  -I../Include/internal -IObjects -IInclude -IPython -I. -I../Include -I/usr/local64cb/include   -fPIC -c ../Modules/cjkcodecs/_codecs_tw.c -o Modules/cjkcodecs/_codecs_tw.o
		--- Modules/cjkcodecs/multibytecodec.o ---
		cc -pthread  -fno-strict-overflow -g -Og -Wall -mabi=purecap-benchmark -O2 -pipe  -std=c11 -Werror=implicit-function-declaration -fvisibility=hidden  -I../Include/internal -IObjects -IInclude -IPython -I. -I../Include -I/usr/local64cb/include   -fPIC -c ../Modules/cjkcodecs/multibytecodec.c -o Modules/cjkcodecs/multibytecodec.o
		--- Modules/unicodedata.o ---
		cc -pthread  -fno-strict-overflow -g -Og -Wall -mabi=purecap-benchmark -O2 -pipe  -std=c11 -Werror=implicit-function-declaration -fvisibility=hidden  -I../Include/internal -IObjects -IInclude -IPython -I. -I../Include -I/usr/local64cb/include   -fPIC -c ../Modules/unicodedata.c -o Modules/unicodedata.o
		--- Modules/_elementtree.o ---
		2 warnings generated.
		--- Modules/_cryptmodule.o ---
		cc -pthread  -fno-strict-overflow -g -Og -Wall -mabi=purecap-benchmark -O2 -pipe  -std=c11 -Werror=implicit-function-declaration -fvisibility=hidden  -I../Include/internal -IObjects -IInclude -IPython -I. -I../Include -I/usr/local64cb/include   -fPIC -c ../Modules/_cryptmodule.c -o Modules/_cryptmodule.o
		--- Modules/fcntlmodule.o ---
		cc -pthread  -fno-strict-overflow -g -Og -Wall -mabi=purecap-benchmark -O2 -pipe  -std=c11 -Werror=implicit-function-declaration -fvisibility=hidden  -I../Include/internal -IObjects -IInclude -IPython -I. -I../Include -I/usr/local64cb/include   -fPIC -c ../Modules/fcntlmodule.c -o Modules/fcntlmodule.o
		--- Modules/grpmodule.o ---
		cc -pthread  -fno-strict-overflow -g -Og -Wall -mabi=purecap-benchmark -O2 -pipe  -std=c11 -Werror=implicit-function-declaration -fvisibility=hidden  -I../Include/internal -IObjects -IInclude -IPython -I. -I../Include -I/usr/local64cb/include   -fPIC -c ../Modules/grpmodule.c -o Modules/grpmodule.o
		--- Modules/mmapmodule.o ---
		cc -pthread  -fno-strict-overflow -g -Og -Wall -mabi=purecap-benchmark -O2 -pipe  -std=c11 -Werror=implicit-function-declaration -fvisibility=hidden  -I../Include/internal -IObjects -IInclude -IPython -I. -I../Include -I/usr/local64cb/include   -fPIC -c ../Modules/mmapmodule.c -o Modules/mmapmodule.o
		--- Modules/nismodule.o ---
		cc -pthread  -fno-strict-overflow -g -Og -Wall -mabi=purecap-benchmark -O2 -pipe  -std=c11 -Werror=implicit-function-declaration -fvisibility=hidden  -I../Include/internal -IObjects -IInclude -IPython -I. -I../Include -I/usr/local64cb/include   -fPIC -c ../Modules/nismodule.c -o Modules/nismodule.o
		--- Modules/ossaudiodev.o ---
		cc -pthread  -fno-strict-overflow -g -Og -Wall -mabi=purecap-benchmark -O2 -pipe  -std=c11 -Werror=implicit-function-declaration -fvisibility=hidden  -I../Include/internal -IObjects -IInclude -IPython -I. -I../Include -I/usr/local64cb/include   -fPIC -c ../Modules/ossaudiodev.c -o Modules/ossaudiodev.o
		--- Modules/_posixsubprocess.o ---
		cc -pthread  -fno-strict-overflow -g -Og -Wall -mabi=purecap-benchmark -O2 -pipe  -std=c11 -Werror=implicit-function-declaration -fvisibility=hidden  -I../Include/internal -IObjects -IInclude -IPython -I. -I../Include -I/usr/local64cb/include   -fPIC -c ../Modules/_posixsubprocess.c -o Modules/_posixsubprocess.o
		--- Modules/resource.o ---
		cc -pthread  -fno-strict-overflow -g -Og -Wall -mabi=purecap-benchmark -O2 -pipe  -std=c11 -Werror=implicit-function-declaration -fvisibility=hidden  -I../Include/internal -IObjects -IInclude -IPython -I. -I../Include -I/usr/local64cb/include   -fPIC -c ../Modules/resource.c -o Modules/resource.o
		--- Modules/selectmodule.o ---
		cc -pthread  -fno-strict-overflow -g -Og -Wall -mabi=purecap-benchmark -O2 -pipe  -std=c11 -Werror=implicit-function-declaration -fvisibility=hidden  -I../Include/internal -IObjects -IInclude -IPython -I. -I../Include -I/usr/local64cb/include   -fPIC -c ../Modules/selectmodule.c -o Modules/selectmodule.o
		--- Modules/socketmodule.o ---
		cc -pthread  -fno-strict-overflow -g -Og -Wall -mabi=purecap-benchmark -O2 -pipe  -std=c11 -Werror=implicit-function-declaration -fvisibility=hidden  -I../Include/internal -IObjects -IInclude -IPython -I. -I../Include -I/usr/local64cb/include   -fPIC -c ../Modules/socketmodule.c -o Modules/socketmodule.o
		--- Modules/syslogmodule.o ---
		cc -pthread  -fno-strict-overflow -g -Og -Wall -mabi=purecap-benchmark -O2 -pipe  -std=c11 -Werror=implicit-function-declaration -fvisibility=hidden  -I../Include/internal -IObjects -IInclude -IPython -I. -I../Include -I/usr/local64cb/include   -fPIC -c ../Modules/syslogmodule.c -o Modules/syslogmodule.o
		--- Modules/socketmodule.o ---
		In file included from ../Modules/socketmodule.c:257:
		In file included from ../Modules/socketmodule.h:123:
		In file included from /usr/include/bluetooth.h:53:
		/usr/include/netgraph/bluetooth/include/ng_btsocket.h:242:2: warning: "Make sure new member of socket address initialized" [-W#warnings]
#warning "Make sure new member of socket address initialized"
		^
		--- Modules/termios.o ---
		cc -pthread  -fno-strict-overflow -g -Og -Wall -mabi=purecap-benchmark -O2 -pipe  -std=c11 -Werror=implicit-function-declaration -fvisibility=hidden  -I../Include/internal -IObjects -IInclude -IPython -I. -I../Include -I/usr/local64cb/include   -fPIC -c ../Modules/termios.c -o Modules/termios.o
		--- Modules/_multiprocessing/posixshmem.o ---
		cc -pthread -I../Modules/_multiprocessing -fno-strict-overflow -g -Og -Wall -mabi=purecap-benchmark -O2 -pipe  -std=c11 -Werror=implicit-function-declaration -fvisibility=hidden  -I../Include/internal -IObjects -IInclude -IPython -I. -I../Include -I/usr/local64cb/include   -fPIC -c ../Modules/_multiprocessing/posixshmem.c -o Modules/_multiprocessing/posixshmem.o
		--- Modules/_multiprocessing/multiprocessing.o ---
		cc -pthread -I../Modules/_multiprocessing -fno-strict-overflow -g -Og -Wall -mabi=purecap-benchmark -O2 -pipe  -std=c11 -Werror=implicit-function-declaration -fvisibility=hidden  -I../Include/internal -IObjects -IInclude -IPython -I. -I../Include -I/usr/local64cb/include   -fPIC -c ../Modules/_multiprocessing/multiprocessing.c -o Modules/_multiprocessing/multiprocessing.o
		--- Modules/_multiprocessing/semaphore.o ---
		cc -pthread -I../Modules/_multiprocessing -fno-strict-overflow -g -Og -Wall -mabi=purecap-benchmark -O2 -pipe  -std=c11 -Werror=implicit-function-declaration -fvisibility=hidden  -I../Include/internal -IObjects -IInclude -IPython -I. -I../Include -I/usr/local64cb/include   -fPIC -c ../Modules/_multiprocessing/semaphore.c -o Modules/_multiprocessing/semaphore.o
		--- Modules/_ctypes/_ctypes.o ---
		cc -pthread -fno-strict-overflow -I/usr/local64cb/include -fno-strict-overflow -g -Og -Wall -mabi=purecap-benchmark -O2 -pipe  -std=c11 -Werror=implicit-function-declaration -fvisibility=hidden  -I../Include/internal -IObjects -IInclude -IPython -I. -I../Include -I/usr/local64cb/include   -fPIC -c ../Modules/_ctypes/_ctypes.c -o Modules/_ctypes/_ctypes.o
		--- Modules/_ctypes/callbacks.o ---
		cc -pthread -fno-strict-overflow -I/usr/local64cb/include -fno-strict-overflow -g -Og -Wall -mabi=purecap-benchmark -O2 -pipe  -std=c11 -Werror=implicit-function-declaration -fvisibility=hidden  -I../Include/internal -IObjects -IInclude -IPython -I. -I../Include -I/usr/local64cb/include   -fPIC -c ../Modules/_ctypes/callbacks.c -o Modules/_ctypes/callbacks.o
		--- Modules/socketmodule.o ---
		1 warning generated.
		--- Modules/_ctypes/_ctypes.o ---
		In file included from ../Modules/_ctypes/_ctypes.c:116:
		/usr/local64cb/include/ffi.h:351:3: warning: alignment (8) of 'ffi_closure' is less than the required capability alignment (16) [-Wcheri-capability-misuse]
} ffi_closure
^
/usr/local64cb/include/ffi.h:351:3: note: If you are certain that this is correct you can silence the warning by adding __attribute__((annotate("underaligned_capability")))
In file included from ../Modules/_ctypes/_ctypes.c:127:
../Include/internal/pycore_long.h:154:34: warning: binary expression on capability types 'uintptr_t' (aka 'unsigned __intcap') and 'uintptr_t'; it is not clear which should be used as the source of provenance; currently provenance is inherited from the left-hand side [-Wcheri-provenance]
return (a->long_value.lv_tag | b->long_value.lv_tag) < (2 << NON_SIZE_BITS);
~~~~~~~~~~~~~~~~~~~~ ^ ~~~~~~~~~~~~~~~~~~~~
--- Modules/_ctypes/callbacks.o ---
In file included from ../Modules/_ctypes/callbacks.c:21:
/usr/local64cb/include/ffi.h:351:3: warning: alignment (8) of 'ffi_closure' is less than the required capability alignment (16) [-Wcheri-capability-misuse]
} ffi_closure
^
/usr/local64cb/include/ffi.h:351:3: note: If you are certain that this is correct you can silence the warning by adding __attribute__((annotate("underaligned_capability")))
--- Modules/_ctypes/callproc.o ---
cc -pthread -fno-strict-overflow -I/usr/local64cb/include -fno-strict-overflow -g -Og -Wall -mabi=purecap-benchmark -O2 -pipe  -std=c11 -Werror=implicit-function-declaration -fvisibility=hidden  -I../Include/internal -IObjects -IInclude -IPython -I. -I../Include -I/usr/local64cb/include   -fPIC -c ../Modules/_ctypes/callproc.c -o Modules/_ctypes/callproc.o
--- Modules/_ctypes/stgdict.o ---
cc -pthread -fno-strict-overflow -I/usr/local64cb/include -fno-strict-overflow -g -Og -Wall -mabi=purecap-benchmark -O2 -pipe  -std=c11 -Werror=implicit-function-declaration -fvisibility=hidden  -I../Include/internal -IObjects -IInclude -IPython -I. -I../Include -I/usr/local64cb/include   -fPIC -c ../Modules/_ctypes/stgdict.c -o Modules/_ctypes/stgdict.o
--- Modules/_ctypes/callbacks.o ---
In file included from ../Modules/_ctypes/callbacks.c:11:
../Include/internal/pycore_call.h:53:5: warning: found underaligned load of capability type (aligned to 1 bytes instead of 16). Will use memcpy() instead of capability load to preserve tags if it is aligned correctly at runtime [-Wcheri-inefficient]
memcpy(&ptr, (char *) callable + offset, sizeof(ptr));
^
../Include/internal/pycore_call.h:53:5: note: use __builtin_assume_aligned() or cast to (u)intptr_t* if you know that the pointer is actually aligned to capability size; this will allow the memcpy() or memmove() call to be inlined if the size is constant (otherwise a library call must be used to maintain tag bits). For more information see https://github.com/CTSRD-CHERI/llvm-project/wiki/Unaligned-capability-copies
2 warnings generated.
--- Modules/_ctypes/callproc.o ---
In file included from ../Modules/_ctypes/callproc.c:81:
/usr/local64cb/include/ffi.h:351:3: warning: alignment (8) of 'ffi_closure' is less than the required capability alignment (16) [-Wcheri-capability-misuse]
} ffi_closure
^
/usr/local64cb/include/ffi.h:351:3: note: If you are certain that this is correct you can silence the warning by adding __attribute__((annotate("underaligned_capability")))
--- Modules/_ctypes/stgdict.o ---
In file included from ../Modules/_ctypes/stgdict.c:12:
/usr/local64cb/include/ffi.h:351:3: warning: alignment (8) of 'ffi_closure' is less than the required capability alignment (16) [-Wcheri-capability-misuse]
} ffi_closure
^
/usr/local64cb/include/ffi.h:351:3: note: If you are certain that this is correct you can silence the warning by adding __attribute__((annotate("underaligned_capability")))
--- Modules/_ctypes/cfield.o ---
cc -pthread -fno-strict-overflow -I/usr/local64cb/include -fno-strict-overflow -g -Og -Wall -mabi=purecap-benchmark -O2 -pipe  -std=c11 -Werror=implicit-function-declaration -fvisibility=hidden  -I../Include/internal -IObjects -IInclude -IPython -I. -I../Include -I/usr/local64cb/include   -fPIC -c ../Modules/_ctypes/cfield.c -o Modules/_ctypes/cfield.o
--- Modules/_ctypes/stgdict.o ---
1 warning generated.
--- Modules/_cursesmodule.o ---
cc -pthread  -fno-strict-overflow -g -Og -Wall -mabi=purecap-benchmark -O2 -pipe  -std=c11 -Werror=implicit-function-declaration -fvisibility=hidden  -I../Include/internal -IObjects -IInclude -IPython -I. -I../Include -I/usr/local64cb/include   -fPIC -c ../Modules/_cursesmodule.c -o Modules/_cursesmodule.o
--- Modules/_ctypes/callproc.o ---
1 warning generated.
--- Modules/_curses_panel.o ---
--- Modules/_ctypes/cfield.o ---
In file included from ../Modules/_ctypes/cfield.c:14:
/usr/local64cb/include/ffi.h:351:3: warning: alignment (8) of 'ffi_closure' is less than the required capability alignment (16) [-Wcheri-capability-misuse]
} ffi_closure
^
/usr/local64cb/include/ffi.h:351:3: note: If you are certain that this is correct you can silence the warning by adding __attribute__((annotate("underaligned_capability")))
--- Modules/_curses_panel.o ---
cc -pthread  -fno-strict-overflow -g -Og -Wall -mabi=purecap-benchmark -O2 -pipe  -std=c11 -Werror=implicit-function-declaration -fvisibility=hidden  -I../Include/internal -IObjects -IInclude -IPython -I. -I../Include -I/usr/local64cb/include   -fPIC -c ../Modules/_curses_panel.c -o Modules/_curses_panel.o
--- Modules/_cursesmodule.o ---
In file included from ../Modules/_cursesmodule.c:110:
../Include/internal/pycore_long.h:154:34: warning: binary expression on capability types 'uintptr_t' (aka 'unsigned __intcap') and 'uintptr_t'; it is not clear which should be used as the source of provenance; currently provenance is inherited from the left-hand side [-Wcheri-provenance]
return (a->long_value.lv_tag | b->long_value.lv_tag) < (2 << NON_SIZE_BITS);
~~~~~~~~~~~~~~~~~~~~ ^ ~~~~~~~~~~~~~~~~~~~~
--- Modules/_ctypes/_ctypes.o ---
In file included from ../Modules/_ctypes/_ctypes.c:112:
../Include/internal/pycore_call.h:53:5: warning: found underaligned load of capability type (aligned to 1 bytes instead of 16). Will use memcpy() instead of capability load to preserve tags if it is aligned correctly at runtime [-Wcheri-inefficient]
memcpy(&ptr, (char *) callable + offset, sizeof(ptr));
^
../Include/internal/pycore_call.h:53:5: note: use __builtin_assume_aligned() or cast to (u)intptr_t* if you know that the pointer is actually aligned to capability size; this will allow the memcpy() or memmove() call to be inlined if the size is constant (otherwise a library call must be used to maintain tag bits). For more information see https://github.com/CTSRD-CHERI/llvm-project/wiki/Unaligned-capability-copies
--- Modules/_ctypes/cfield.o ---
1 warning generated.
--- Modules/_sqlite/blob.o ---
cc -pthread -I/usr/local64cb/include  -I../Modules/_sqlite -fno-strict-overflow -g -Og -Wall -mabi=purecap-benchmark -O2 -pipe  -std=c11 -Werror=implicit-function-declaration -fvisibility=hidden  -I../Include/internal -IObjects -IInclude -IPython -I. -I../Include -I/usr/local64cb/include   -fPIC -c ../Modules/_sqlite/blob.c -o Modules/_sqlite/blob.o
--- Modules/_sqlite/connection.o ---
cc -pthread -I/usr/local64cb/include  -I../Modules/_sqlite -fno-strict-overflow -g -Og -Wall -mabi=purecap-benchmark -O2 -pipe  -std=c11 -Werror=implicit-function-declaration -fvisibility=hidden  -I../Include/internal -IObjects -IInclude -IPython -I. -I../Include -I/usr/local64cb/include   -fPIC -c ../Modules/_sqlite/connection.c -o Modules/_sqlite/connection.o
--- Modules/_sqlite/cursor.o ---
cc -pthread -I/usr/local64cb/include  -I../Modules/_sqlite -fno-strict-overflow -g -Og -Wall -mabi=purecap-benchmark -O2 -pipe  -std=c11 -Werror=implicit-function-declaration -fvisibility=hidden  -I../Include/internal -IObjects -IInclude -IPython -I. -I../Include -I/usr/local64cb/include   -fPIC -c ../Modules/_sqlite/cursor.c -o Modules/_sqlite/cursor.o
--- Modules/_ctypes/_ctypes.o ---
../Modules/_ctypes/_ctypes.c:5609:5: warning: found underaligned store of capability type (aligned to 1 bytes instead of 16). Will use memcpy() instead of capability load to preserve tags if it is aligned correctly at runtime [-Wcheri-inefficient]
memcpy(result->b_ptr, &ptr, sizeof(void *));
^
../Modules/_ctypes/_ctypes.c:5609:5: note: use __builtin_assume_aligned() or cast to (u)intptr_t* if you know that the pointer is actually aligned to capability size; this will allow the memcpy() or memmove() call to be inlined if the size is constant (otherwise a library call must be used to maintain tag bits). For more information see https://github.com/CTSRD-CHERI/llvm-project/wiki/Unaligned-capability-copies
4 warnings generated.
--- Modules/_sqlite/microprotocols.o ---
cc -pthread -I/usr/local64cb/include  -I../Modules/_sqlite -fno-strict-overflow -g -Og -Wall -mabi=purecap-benchmark -O2 -pipe  -std=c11 -Werror=implicit-function-declaration -fvisibility=hidden  -I../Include/internal -IObjects -IInclude -IPython -I. -I../Include -I/usr/local64cb/include   -fPIC -c ../Modules/_sqlite/microprotocols.c -o Modules/_sqlite/microprotocols.o
--- Modules/_sqlite/module.o ---
cc -pthread -I/usr/local64cb/include  -I../Modules/_sqlite -fno-strict-overflow -g -Og -Wall -mabi=purecap-benchmark -O2 -pipe  -std=c11 -Werror=implicit-function-declaration -fvisibility=hidden  -I../Include/internal -IObjects -IInclude -IPython -I. -I../Include -I/usr/local64cb/include   -fPIC -c ../Modules/_sqlite/module.c -o Modules/_sqlite/module.o
--- Modules/_sqlite/prepare_protocol.o ---
cc -pthread -I/usr/local64cb/include  -I../Modules/_sqlite -fno-strict-overflow -g -Og -Wall -mabi=purecap-benchmark -O2 -pipe  -std=c11 -Werror=implicit-function-declaration -fvisibility=hidden  -I../Include/internal -IObjects -IInclude -IPython -I. -I../Include -I/usr/local64cb/include   -fPIC -c ../Modules/_sqlite/prepare_protocol.c -o Modules/_sqlite/prepare_protocol.o
--- Modules/_sqlite/row.o ---
cc -pthread -I/usr/local64cb/include  -I../Modules/_sqlite -fno-strict-overflow -g -Og -Wall -mabi=purecap-benchmark -O2 -pipe  -std=c11 -Werror=implicit-function-declaration -fvisibility=hidden  -I../Include/internal -IObjects -IInclude -IPython -I. -I../Include -I/usr/local64cb/include   -fPIC -c ../Modules/_sqlite/row.c -o Modules/_sqlite/row.o
--- Modules/_sqlite/statement.o ---
cc -pthread -I/usr/local64cb/include  -I../Modules/_sqlite -fno-strict-overflow -g -Og -Wall -mabi=purecap-benchmark -O2 -pipe  -std=c11 -Werror=implicit-function-declaration -fvisibility=hidden  -I../Include/internal -IObjects -IInclude -IPython -I. -I../Include -I/usr/local64cb/include   -fPIC -c ../Modules/_sqlite/statement.c -o Modules/_sqlite/statement.o
--- Modules/_sqlite/util.o ---
cc -pthread -I/usr/local64cb/include  -I../Modules/_sqlite -fno-strict-overflow -g -Og -Wall -mabi=purecap-benchmark -O2 -pipe  -std=c11 -Werror=implicit-function-declaration -fvisibility=hidden  -I../Include/internal -IObjects -IInclude -IPython -I. -I../Include -I/usr/local64cb/include   -fPIC -c ../Modules/_sqlite/util.c -o Modules/_sqlite/util.o
--- Modules/_cursesmodule.o ---
1 warning generated.
--- Modules/_ssl.o ---
cc -pthread  -fno-strict-overflow -g -Og -Wall -mabi=purecap-benchmark -O2 -pipe  -std=c11 -Werror=implicit-function-declaration -fvisibility=hidden  -I../Include/internal -IObjects -IInclude -IPython -I. -I../Include -I/usr/local64cb/include   -fPIC -c ../Modules/_ssl.c -o Modules/_ssl.o
--- Modules/_hashopenssl.o ---
cc -pthread  -fno-strict-overflow -g -Og -Wall -mabi=purecap-benchmark -O2 -pipe  -std=c11 -Werror=implicit-function-declaration -fvisibility=hidden  -I../Include/internal -IObjects -IInclude -IPython -I. -I../Include -I/usr/local64cb/include   -fPIC -c ../Modules/_hashopenssl.c -o Modules/_hashopenssl.o
--- Modules/_uuidmodule.o ---
cc -pthread  -fno-strict-overflow -g -Og -Wall -mabi=purecap-benchmark -O2 -pipe  -std=c11 -Werror=implicit-function-declaration -fvisibility=hidden  -I../Include/internal -IObjects -IInclude -IPython -I. -I../Include -I/usr/local64cb/include   -fPIC -c ../Modules/_uuidmodule.c -o Modules/_uuidmodule.o
--- Modules/_ssl.o ---
In file included from ../Modules/_ssl.c:29:
In file included from ../Modules/socketmodule.h:123:
In file included from /usr/include/bluetooth.h:53:
/usr/include/netgraph/bluetooth/include/ng_btsocket.h:242:2: warning: "Make sure new member of socket address initialized" [-W#warnings]
#warning "Make sure new member of socket address initialized"
^
--- Modules/_tkinter.o ---
cc -pthread -I/usr/local64cb/include/tcl8.6 -I/usr/local64cb/include  -I/usr/local64cb/include -D_THREAD_SAFE  -Wno-strict-prototypes -DWITH_APPINIT=1 -fno-strict-overflow -g -Og -Wall -mabi=purecap-benchmark -O2 -pipe  -std=c11 -Werror=implicit-function-declaration -fvisibility=hidden  -I../Include/internal -IObjects -IInclude -IPython -I. -I../Include -I/usr/local64cb/include   -fPIC -c ../Modules/_tkinter.c -o Modules/_tkinter.o
--- Modules/tkappinit.o ---
cc -pthread -I/usr/local64cb/include/tcl8.6 -I/usr/local64cb/include  -I/usr/local64cb/include -D_THREAD_SAFE  -Wno-strict-prototypes -DWITH_APPINIT=1 -fno-strict-overflow -g -Og -Wall -mabi=purecap-benchmark -O2 -pipe  -std=c11 -Werror=implicit-function-declaration -fvisibility=hidden  -I../Include/internal -IObjects -IInclude -IPython -I. -I../Include -I/usr/local64cb/include   -fPIC -c ../Modules/tkappinit.c -o Modules/tkappinit.o
--- Modules/xxsubtype.o ---
cc -pthread  -fno-strict-overflow -g -Og -Wall -mabi=purecap-benchmark -O2 -pipe  -std=c11 -Werror=implicit-function-declaration -fvisibility=hidden  -I../Include/internal -IObjects -IInclude -IPython -I. -I../Include -I/usr/local64cb/include   -fPIC -c ../Modules/xxsubtype.c -o Modules/xxsubtype.o
--- Modules/_tkinter.o ---
In file included from ../Modules/_tkinter.c:35:
../Include/internal/pycore_long.h:154:34: warning: binary expression on capability types 'uintptr_t' (aka 'unsigned __intcap') and 'uintptr_t'; it is not clear which should be used as the source of provenance; currently provenance is inherited from the left-hand side [-Wcheri-provenance]
return (a->long_value.lv_tag | b->long_value.lv_tag) < (2 << NON_SIZE_BITS);
~~~~~~~~~~~~~~~~~~~~ ^ ~~~~~~~~~~~~~~~~~~~~
../Modules/_tkinter.c:2759:12: warning: 'PyLong_FromVoidPtr' is deprecated [-Wdeprecated-declarations]
return PyLong_FromVoidPtr(Tkapp_Interp(self));
^
../Include/longobject.h:54:1: note: 'PyLong_FromVoidPtr' has been explicitly marked deprecated here
Py_DEPRECATED(3.8) PyAPI_FUNC(PyObject *) PyLong_FromVoidPtr(void *);
^
../Include/pyport.h:332:54: note: expanded from macro 'Py_DEPRECATED'
#define Py_DEPRECATED(VERSION_UNUSED) __attribute__((__deprecated__))
^
--- Modules/_xxtestfuzz/_xxtestfuzz.o ---
--- Modules/_xxtestfuzz/fuzzer.o ---
cc -pthread  -fno-strict-overflow -g -Og -Wall -mabi=purecap-benchmark -O2 -pipe  -std=c11 -Werror=implicit-function-declaration -fvisibility=hidden  -I../Include/internal -IObjects -IInclude -IPython -I. -I../Include -I/usr/local64cb/include   -fPIC -c ../Modules/_xxtestfuzz/fuzzer.c -o Modules/_xxtestfuzz/fuzzer.o
--- Modules/_xxtestfuzz/_xxtestfuzz.o ---
cc -pthread  -fno-strict-overflow -g -Og -Wall -mabi=purecap-benchmark -O2 -pipe  -std=c11 -Werror=implicit-function-declaration -fvisibility=hidden  -I../Include/internal -IObjects -IInclude -IPython -I. -I../Include -I/usr/local64cb/include   -fPIC -c ../Modules/_xxtestfuzz/_xxtestfuzz.c -o Modules/_xxtestfuzz/_xxtestfuzz.o
--- Modules/_testbuffer.o ---
cc -pthread  -fno-strict-overflow -g -Og -Wall -mabi=purecap-benchmark -O2 -pipe  -std=c11 -Werror=implicit-function-declaration -fvisibility=hidden  -I../Include/internal -IObjects -IInclude -IPython -I. -I../Include -I/usr/local64cb/include   -fPIC -c ../Modules/_testbuffer.c -o Modules/_testbuffer.o
--- Modules/_testinternalcapi.o ---
cc -pthread  -fno-strict-overflow -g -Og -Wall -mabi=purecap-benchmark -O2 -pipe  -std=c11 -Werror=implicit-function-declaration -fvisibility=hidden  -I../Include/internal -IObjects -IInclude -IPython -I. -I../Include -I/usr/local64cb/include   -fPIC -c ../Modules/_testinternalcapi.c -o Modules/_testinternalcapi.o
--- Modules/_tkinter.o ---
2 warnings generated.
--- Modules/_testcapimodule.o ---
cc -pthread  -fno-strict-overflow -g -Og -Wall -mabi=purecap-benchmark -O2 -pipe  -std=c11 -Werror=implicit-function-declaration -fvisibility=hidden  -I../Include/internal -IObjects -IInclude -IPython -I. -I../Include -I/usr/local64cb/include   -fPIC -c ../Modules/_testcapimodule.c -o Modules/_testcapimodule.o
--- Modules/_testcapi/vectorcall.o ---
cc -pthread  -fno-strict-overflow -g -Og -Wall -mabi=purecap-benchmark -O2 -pipe  -std=c11 -Werror=implicit-function-declaration -fvisibility=hidden  -I../Include/internal -IObjects -IInclude -IPython -I. -I../Include -I/usr/local64cb/include   -fPIC -c ../Modules/_testcapi/vectorcall.c -o Modules/_testcapi/vectorcall.o
--- Modules/_testcapimodule.o ---
../Modules/_testcapimodule.c:2083:12: warning: 'PyLong_FromVoidPtr' is deprecated [-Wdeprecated-declarations]
return PyLong_FromVoidPtr(&v);
^
../Include/longobject.h:54:1: note: 'PyLong_FromVoidPtr' has been explicitly marked deprecated here
Py_DEPRECATED(3.8) PyAPI_FUNC(PyObject *) PyLong_FromVoidPtr(void *);
^
../Include/pyport.h:332:54: note: expanded from macro 'Py_DEPRECATED'
#define Py_DEPRECATED(VERSION_UNUSED) __attribute__((__deprecated__))
^
--- Modules/_testcapi/vectorcall_limited.o ---
cc -pthread  -fno-strict-overflow -g -Og -Wall -mabi=purecap-benchmark -O2 -pipe  -std=c11 -Werror=implicit-function-declaration -fvisibility=hidden  -I../Include/internal -IObjects -IInclude -IPython -I. -I../Include -I/usr/local64cb/include   -fPIC -c ../Modules/_testcapi/vectorcall_limited.c -o Modules/_testcapi/vectorcall_limited.o
--- Modules/_ssl.o ---
1 warning generated.
--- Modules/_testcapi/heaptype.o ---
--- Modules/_testcapi/abstract.o ---
--- Modules/_testcapi/heaptype.o ---
cc -pthread  -fno-strict-overflow -g -Og -Wall -mabi=purecap-benchmark -O2 -pipe  -std=c11 -Werror=implicit-function-declaration -fvisibility=hidden  -I../Include/internal -IObjects -IInclude -IPython -I. -I../Include -I/usr/local64cb/include   -fPIC -c ../Modules/_testcapi/heaptype.c -o Modules/_testcapi/heaptype.o
--- Modules/_testcapi/abstract.o ---
cc -pthread  -fno-strict-overflow -g -Og -Wall -mabi=purecap-benchmark -O2 -pipe  -std=c11 -Werror=implicit-function-declaration -fvisibility=hidden  -I../Include/internal -IObjects -IInclude -IPython -I. -I../Include -I/usr/local64cb/include   -fPIC -c ../Modules/_testcapi/abstract.c -o Modules/_testcapi/abstract.o
--- Modules/_testcapi/bytearray.o ---
cc -pthread  -fno-strict-overflow -g -Og -Wall -mabi=purecap-benchmark -O2 -pipe  -std=c11 -Werror=implicit-function-declaration -fvisibility=hidden  -I../Include/internal -IObjects -IInclude -IPython -I. -I../Include -I/usr/local64cb/include   -fPIC -c ../Modules/_testcapi/bytearray.c -o Modules/_testcapi/bytearray.o
--- Modules/_testcapi/heaptype.o ---
../Modules/_testcapi/heaptype.c:408:12: warning: 'PyLong_FromVoidPtr' is deprecated [-Wdeprecated-declarations]
return PyLong_FromVoidPtr(pointer);
^
../Include/longobject.h:54:1: note: 'PyLong_FromVoidPtr' has been explicitly marked deprecated here
Py_DEPRECATED(3.8) PyAPI_FUNC(PyObject *) PyLong_FromVoidPtr(void *);
^
../Include/pyport.h:332:54: note: expanded from macro 'Py_DEPRECATED'
#define Py_DEPRECATED(VERSION_UNUSED) __attribute__((__deprecated__))
^
--- Modules/_testcapi/bytes.o ---
--- Modules/_testcapi/unicode.o ---
cc -pthread  -fno-strict-overflow -g -Og -Wall -mabi=purecap-benchmark -O2 -pipe  -std=c11 -Werror=implicit-function-declaration -fvisibility=hidden  -I../Include/internal -IObjects -IInclude -IPython -I. -I../Include -I/usr/local64cb/include   -fPIC -c ../Modules/_testcapi/unicode.c -o Modules/_testcapi/unicode.o
--- Modules/_testcapi/bytes.o ---
cc -pthread  -fno-strict-overflow -g -Og -Wall -mabi=purecap-benchmark -O2 -pipe  -std=c11 -Werror=implicit-function-declaration -fvisibility=hidden  -I../Include/internal -IObjects -IInclude -IPython -I. -I../Include -I/usr/local64cb/include   -fPIC -c ../Modules/_testcapi/bytes.c -o Modules/_testcapi/bytes.o
--- Modules/_testcapi/heaptype.o ---
1 warning generated.
--- Modules/_testcapi/dict.o ---
cc -pthread  -fno-strict-overflow -g -Og -Wall -mabi=purecap-benchmark -O2 -pipe  -std=c11 -Werror=implicit-function-declaration -fvisibility=hidden  -I../Include/internal -IObjects -IInclude -IPython -I. -I../Include -I/usr/local64cb/include   -fPIC -c ../Modules/_testcapi/dict.c -o Modules/_testcapi/dict.o
--- Modules/_testcapimodule.o ---
1 warning generated.
--- Modules/_testcapi/set.o ---
cc -pthread  -fno-strict-overflow -g -Og -Wall -mabi=purecap-benchmark -O2 -pipe  -std=c11 -Werror=implicit-function-declaration -fvisibility=hidden  -I../Include/internal -IObjects -IInclude -IPython -I. -I../Include -I/usr/local64cb/include   -fPIC -c ../Modules/_testcapi/set.c -o Modules/_testcapi/set.o
--- Modules/_testcapi/list.o ---
cc -pthread  -fno-strict-overflow -g -Og -Wall -mabi=purecap-benchmark -O2 -pipe  -std=c11 -Werror=implicit-function-declaration -fvisibility=hidden  -I../Include/internal -IObjects -IInclude -IPython -I. -I../Include -I/usr/local64cb/include   -fPIC -c ../Modules/_testcapi/list.c -o Modules/_testcapi/list.o
--- Modules/_testcapi/tuple.o ---
cc -pthread  -fno-strict-overflow -g -Og -Wall -mabi=purecap-benchmark -O2 -pipe  -std=c11 -Werror=implicit-function-declaration -fvisibility=hidden  -I../Include/internal -IObjects -IInclude -IPython -I. -I../Include -I/usr/local64cb/include   -fPIC -c ../Modules/_testcapi/tuple.c -o Modules/_testcapi/tuple.o
--- Modules/_testcapi/getargs.o ---
cc -pthread  -fno-strict-overflow -g -Og -Wall -mabi=purecap-benchmark -O2 -pipe  -std=c11 -Werror=implicit-function-declaration -fvisibility=hidden  -I../Include/internal -IObjects -IInclude -IPython -I. -I../Include -I/usr/local64cb/include   -fPIC -c ../Modules/_testcapi/getargs.c -o Modules/_testcapi/getargs.o
--- Modules/_testcapi/pytime.o ---
cc -pthread  -fno-strict-overflow -g -Og -Wall -mabi=purecap-benchmark -O2 -pipe  -std=c11 -Werror=implicit-function-declaration -fvisibility=hidden  -I../Include/internal -IObjects -IInclude -IPython -I. -I../Include -I/usr/local64cb/include   -fPIC -c ../Modules/_testcapi/pytime.c -o Modules/_testcapi/pytime.o
--- Modules/_testcapi/datetime.o ---
cc -pthread  -fno-strict-overflow -g -Og -Wall -mabi=purecap-benchmark -O2 -pipe  -std=c11 -Werror=implicit-function-declaration -fvisibility=hidden  -I../Include/internal -IObjects -IInclude -IPython -I. -I../Include -I/usr/local64cb/include   -fPIC -c ../Modules/_testcapi/datetime.c -o Modules/_testcapi/datetime.o
--- Modules/_testcapi/docstring.o ---
cc -pthread  -fno-strict-overflow -g -Og -Wall -mabi=purecap-benchmark -O2 -pipe  -std=c11 -Werror=implicit-function-declaration -fvisibility=hidden  -I../Include/internal -IObjects -IInclude -IPython -I. -I../Include -I/usr/local64cb/include   -fPIC -c ../Modules/_testcapi/docstring.c -o Modules/_testcapi/docstring.o
--- Modules/_testcapi/mem.o ---
--- Modules/_testcapi/watchers.o ---
--- Modules/_testcapi/mem.o ---
cc -pthread  -fno-strict-overflow -g -Og -Wall -mabi=purecap-benchmark -O2 -pipe  -std=c11 -Werror=implicit-function-declaration -fvisibility=hidden  -I../Include/internal -IObjects -IInclude -IPython -I. -I../Include -I/usr/local64cb/include   -fPIC -c ../Modules/_testcapi/mem.c -o Modules/_testcapi/mem.o
--- Modules/_testcapi/watchers.o ---
cc -pthread  -fno-strict-overflow -g -Og -Wall -mabi=purecap-benchmark -O2 -pipe  -std=c11 -Werror=implicit-function-declaration -fvisibility=hidden  -I../Include/internal -IObjects -IInclude -IPython -I. -I../Include -I/usr/local64cb/include   -fPIC -c ../Modules/_testcapi/watchers.c -o Modules/_testcapi/watchers.o
--- Modules/_testcapi/long.o ---
cc -pthread  -fno-strict-overflow -g -Og -Wall -mabi=purecap-benchmark -O2 -pipe  -std=c11 -Werror=implicit-function-declaration -fvisibility=hidden  -I../Include/internal -IObjects -IInclude -IPython -I. -I../Include -I/usr/local64cb/include   -fPIC -c ../Modules/_testcapi/long.c -o Modules/_testcapi/long.o
--- Modules/_testcapi/float.o ---
cc -pthread  -fno-strict-overflow -g -Og -Wall -mabi=purecap-benchmark -O2 -pipe  -std=c11 -Werror=implicit-function-declaration -fvisibility=hidden  -I../Include/internal -IObjects -IInclude -IPython -I. -I../Include -I/usr/local64cb/include   -fPIC -c ../Modules/_testcapi/float.c -o Modules/_testcapi/float.o
--- Modules/_testcapi/complex.o ---
cc -pthread  -fno-strict-overflow -g -Og -Wall -mabi=purecap-benchmark -O2 -pipe  -std=c11 -Werror=implicit-function-declaration -fvisibility=hidden  -I../Include/internal -IObjects -IInclude -IPython -I. -I../Include -I/usr/local64cb/include   -fPIC -c ../Modules/_testcapi/complex.c -o Modules/_testcapi/complex.o
--- Modules/_testcapi/long.o ---
../Modules/_testcapi/long.c:611:12: warning: 'PyLong_FromVoidPtr' is deprecated [-Wdeprecated-declarations]
return PyLong_FromVoidPtr((void *)arg);
^
../Include/longobject.h:54:1: note: 'PyLong_FromVoidPtr' has been explicitly marked deprecated here
Py_DEPRECATED(3.8) PyAPI_FUNC(PyObject *) PyLong_FromVoidPtr(void *);
^
../Include/pyport.h:332:54: note: expanded from macro 'Py_DEPRECATED'
#define Py_DEPRECATED(VERSION_UNUSED) __attribute__((__deprecated__))
^
--- Modules/_testcapi/numbers.o ---
cc -pthread  -fno-strict-overflow -g -Og -Wall -mabi=purecap-benchmark -O2 -pipe  -std=c11 -Werror=implicit-function-declaration -fvisibility=hidden  -I../Include/internal -IObjects -IInclude -IPython -I. -I../Include -I/usr/local64cb/include   -fPIC -c ../Modules/_testcapi/numbers.c -o Modules/_testcapi/numbers.o
--- Modules/_testcapi/structmember.o ---
cc -pthread  -fno-strict-overflow -g -Og -Wall -mabi=purecap-benchmark -O2 -pipe  -std=c11 -Werror=implicit-function-declaration -fvisibility=hidden  -I../Include/internal -IObjects -IInclude -IPython -I. -I../Include -I/usr/local64cb/include   -fPIC -c ../Modules/_testcapi/structmember.c -o Modules/_testcapi/structmember.o
--- Modules/_testcapi/exceptions.o ---
--- Modules/_testcapi/long.o ---
1 warning generated.
--- Modules/_testcapi/code.o ---
--- Modules/_testcapi/buffer.o ---
--- Modules/_testcapi/exceptions.o ---
cc -pthread  -fno-strict-overflow -g -Og -Wall -mabi=purecap-benchmark -O2 -pipe  -std=c11 -Werror=implicit-function-declaration -fvisibility=hidden  -I../Include/internal -IObjects -IInclude -IPython -I. -I../Include -I/usr/local64cb/include   -fPIC -c ../Modules/_testcapi/exceptions.c -o Modules/_testcapi/exceptions.o
--- Modules/_testcapi/code.o ---
cc -pthread  -fno-strict-overflow -g -Og -Wall -mabi=purecap-benchmark -O2 -pipe  -std=c11 -Werror=implicit-function-declaration -fvisibility=hidden  -I../Include/internal -IObjects -IInclude -IPython -I. -I../Include -I/usr/local64cb/include   -fPIC -c ../Modules/_testcapi/code.c -o Modules/_testcapi/code.o
--- Modules/_testcapi/pyos.o ---
--- Modules/_testcapi/buffer.o ---
cc -pthread  -fno-strict-overflow -g -Og -Wall -mabi=purecap-benchmark -O2 -pipe  -std=c11 -Werror=implicit-function-declaration -fvisibility=hidden  -I../Include/internal -IObjects -IInclude -IPython -I. -I../Include -I/usr/local64cb/include   -fPIC -c ../Modules/_testcapi/buffer.c -o Modules/_testcapi/buffer.o
--- Modules/_testcapi/pyos.o ---
cc -pthread  -fno-strict-overflow -g -Og -Wall -mabi=purecap-benchmark -O2 -pipe  -std=c11 -Werror=implicit-function-declaration -fvisibility=hidden  -I../Include/internal -IObjects -IInclude -IPython -I. -I../Include -I/usr/local64cb/include   -fPIC -c ../Modules/_testcapi/pyos.c -o Modules/_testcapi/pyos.o
--- Modules/_testcapi/file.o ---
cc -pthread  -fno-strict-overflow -g -Og -Wall -mabi=purecap-benchmark -O2 -pipe  -std=c11 -Werror=implicit-function-declaration -fvisibility=hidden  -I../Include/internal -IObjects -IInclude -IPython -I. -I../Include -I/usr/local64cb/include   -fPIC -c ../Modules/_testcapi/file.c -o Modules/_testcapi/file.o
--- Modules/_testcapi/codec.o ---
cc -pthread  -fno-strict-overflow -g -Og -Wall -mabi=purecap-benchmark -O2 -pipe  -std=c11 -Werror=implicit-function-declaration -fvisibility=hidden  -I../Include/internal -IObjects -IInclude -IPython -I. -I../Include -I/usr/local64cb/include   -fPIC -c ../Modules/_testcapi/codec.c -o Modules/_testcapi/codec.o
--- Modules/_testcapi/immortal.o ---
cc -pthread  -fno-strict-overflow -g -Og -Wall -mabi=purecap-benchmark -O2 -pipe  -std=c11 -Werror=implicit-function-declaration -fvisibility=hidden  -I../Include/internal -IObjects -IInclude -IPython -I. -I../Include -I/usr/local64cb/include   -fPIC -c ../Modules/_testcapi/immortal.c -o Modules/_testcapi/immortal.o
--- Modules/_testcapi/heaptype_relative.o ---
cc -pthread  -fno-strict-overflow -g -Og -Wall -mabi=purecap-benchmark -O2 -pipe  -std=c11 -Werror=implicit-function-declaration -fvisibility=hidden  -I../Include/internal -IObjects -IInclude -IPython -I. -I../Include -I/usr/local64cb/include   -fPIC -c ../Modules/_testcapi/heaptype_relative.c -o Modules/_testcapi/heaptype_relative.o
--- Modules/_testcapi/gc.o ---
cc -pthread  -fno-strict-overflow -g -Og -Wall -mabi=purecap-benchmark -O2 -pipe  -std=c11 -Werror=implicit-function-declaration -fvisibility=hidden  -I../Include/internal -IObjects -IInclude -IPython -I. -I../Include -I/usr/local64cb/include   -fPIC -c ../Modules/_testcapi/gc.c -o Modules/_testcapi/gc.o
--- Modules/_testcapi/sys.o ---
cc -pthread  -fno-strict-overflow -g -Og -Wall -mabi=purecap-benchmark -O2 -pipe  -std=c11 -Werror=implicit-function-declaration -fvisibility=hidden  -I../Include/internal -IObjects -IInclude -IPython -I. -I../Include -I/usr/local64cb/include   -fPIC -c ../Modules/_testcapi/sys.c -o Modules/_testcapi/sys.o
--- Modules/_testclinic.o ---
cc -pthread  -fno-strict-overflow -g -Og -Wall -mabi=purecap-benchmark -O2 -pipe  -std=c11 -Werror=implicit-function-declaration -fvisibility=hidden  -I../Include/internal -IObjects -IInclude -IPython -I. -I../Include -I/usr/local64cb/include   -fPIC -c ../Modules/_testclinic.c -o Modules/_testclinic.o
--- Modules/_testimportmultiple.o ---
cc -pthread  -fno-strict-overflow -g -Og -Wall -mabi=purecap-benchmark -O2 -pipe  -std=c11 -Werror=implicit-function-declaration -fvisibility=hidden  -I../Include/internal -IObjects -IInclude -IPython -I. -I../Include -I/usr/local64cb/include   -fPIC -c ../Modules/_testimportmultiple.c -o Modules/_testimportmultiple.o
--- Modules/_testmultiphase.o ---
--- Modules/_testsinglephase.o ---
--- Modules/_testmultiphase.o ---
cc -pthread  -fno-strict-overflow -g -Og -Wall -mabi=purecap-benchmark -O2 -pipe  -std=c11 -Werror=implicit-function-declaration -fvisibility=hidden  -I../Include/internal -IObjects -IInclude -IPython -I. -I../Include -I/usr/local64cb/include   -fPIC -c ../Modules/_testmultiphase.c -o Modules/_testmultiphase.o
--- Modules/_testsinglephase.o ---
cc -pthread  -fno-strict-overflow -g -Og -Wall -mabi=purecap-benchmark -O2 -pipe  -std=c11 -Werror=implicit-function-declaration -fvisibility=hidden  -I../Include/internal -IObjects -IInclude -IPython -I. -I../Include -I/usr/local64cb/include   -fPIC -c ../Modules/_testsinglephase.c -o Modules/_testsinglephase.o
--- Modules/_ctypes/_ctypes_test.o ---
cc -pthread  -fno-strict-overflow -g -Og -Wall -mabi=purecap-benchmark -O2 -pipe  -std=c11 -Werror=implicit-function-declaration -fvisibility=hidden  -I../Include/internal -IObjects -IInclude -IPython -I. -I../Include -I/usr/local64cb/include   -fPIC -c ../Modules/_ctypes/_ctypes_test.c -o Modules/_ctypes/_ctypes_test.o
--- Modules/xxlimited.o ---
cc -pthread  -fno-strict-overflow -g -Og -Wall -mabi=purecap-benchmark -O2 -pipe  -std=c11 -Werror=implicit-function-declaration -fvisibility=hidden  -I../Include/internal -IObjects -IInclude -IPython -I. -I../Include -I/usr/local64cb/include   -fPIC -c ../Modules/xxlimited.c -o Modules/xxlimited.o
--- Modules/xxlimited_35.o ---
cc -pthread  -fno-strict-overflow -g -Og -Wall -mabi=purecap-benchmark -O2 -pipe  -std=c11 -Werror=implicit-function-declaration -fvisibility=hidden  -I../Include/internal -IObjects -IInclude -IPython -I. -I../Include -I/usr/local64cb/include   -fPIC -c ../Modules/xxlimited_35.c -o Modules/xxlimited_35.o
--- Modules/atexitmodule.o ---
cc -pthread  -fno-strict-overflow -g -Og -Wall -mabi=purecap-benchmark -O2 -pipe  -std=c11 -Werror=implicit-function-declaration -fvisibility=hidden  -I../Include/internal -IObjects -IInclude -IPython -I. -I../Include -I/usr/local64cb/include   -DPy_BUILD_CORE_BUILTIN -c ../Modules/atexitmodule.c -o Modules/atexitmodule.o
--- Modules/faulthandler.o ---
cc -pthread  -fno-strict-overflow -g -Og -Wall -mabi=purecap-benchmark -O2 -pipe  -std=c11 -Werror=implicit-function-declaration -fvisibility=hidden  -I../Include/internal -IObjects -IInclude -IPython -I. -I../Include -I/usr/local64cb/include   -DPy_BUILD_CORE_BUILTIN -c ../Modules/faulthandler.c -o Modules/faulthandler.o
--- Modules/posixmodule.o ---
cc -pthread  -fno-strict-overflow -g -Og -Wall -mabi=purecap-benchmark -O2 -pipe  -std=c11 -Werror=implicit-function-declaration -fvisibility=hidden  -I../Include/internal -IObjects -IInclude -IPython -I. -I../Include -I/usr/local64cb/include   -DPy_BUILD_CORE_BUILTIN -c ../Modules/posixmodule.c -o Modules/posixmodule.o
--- Modules/signalmodule.o ---
cc -pthread  -fno-strict-overflow -g -Og -Wall -mabi=purecap-benchmark -O2 -pipe  -std=c11 -Werror=implicit-function-declaration -fvisibility=hidden  -I../Include/internal -IObjects -IInclude -IPython -I. -I../Include -I/usr/local64cb/include   -DPy_BUILD_CORE_BUILTIN -c ../Modules/signalmodule.c -o Modules/signalmodule.o
--- Modules/_tracemalloc.o ---
cc -pthread  -fno-strict-overflow -g -Og -Wall -mabi=purecap-benchmark -O2 -pipe  -std=c11 -Werror=implicit-function-declaration -fvisibility=hidden  -I../Include/internal -IObjects -IInclude -IPython -I. -I../Include -I/usr/local64cb/include   -DPy_BUILD_CORE_BUILTIN -c ../Modules/_tracemalloc.c -o Modules/_tracemalloc.o
--- Modules/_codecsmodule.o ---
cc -pthread  -fno-strict-overflow -g -Og -Wall -mabi=purecap-benchmark -O2 -pipe  -std=c11 -Werror=implicit-function-declaration -fvisibility=hidden  -I../Include/internal -IObjects -IInclude -IPython -I. -I../Include -I/usr/local64cb/include   -DPy_BUILD_CORE_BUILTIN -c ../Modules/_codecsmodule.c -o Modules/_codecsmodule.o
--- Modules/_collectionsmodule.o ---
--- Modules/signalmodule.o ---
../Modules/signalmodule.c:1286:2: warning: THIS IS WRONG! [-W#warnings]
#warning THIS IS WRONG!
^
--- Modules/_collectionsmodule.o ---
cc -pthread  -fno-strict-overflow -g -Og -Wall -mabi=purecap-benchmark -O2 -pipe  -std=c11 -Werror=implicit-function-declaration -fvisibility=hidden  -I../Include/internal -IObjects -IInclude -IPython -I. -I../Include -I/usr/local64cb/include   -DPy_BUILD_CORE_BUILTIN -c ../Modules/_collectionsmodule.c -o Modules/_collectionsmodule.o
In file included from ../Modules/_collectionsmodule.c:3:
../Include/internal/pycore_long.h:154:34: warning: binary expression on capability types 'uintptr_t' (aka 'unsigned __intcap') and 'uintptr_t'; it is not clear which should be used as the source of provenance; currently provenance is inherited from the left-hand side [-Wcheri-provenance]
return (a->long_value.lv_tag | b->long_value.lv_tag) < (2 << NON_SIZE_BITS);
~~~~~~~~~~~~~~~~~~~~ ^ ~~~~~~~~~~~~~~~~~~~~
--- Modules/errnomodule.o ---
--- Modules/signalmodule.o ---
1 warning generated.
--- Modules/errnomodule.o ---
cc -pthread  -fno-strict-overflow -g -Og -Wall -mabi=purecap-benchmark -O2 -pipe  -std=c11 -Werror=implicit-function-declaration -fvisibility=hidden  -I../Include/internal -IObjects -IInclude -IPython -I. -I../Include -I/usr/local64cb/include   -DPy_BUILD_CORE_BUILTIN -c ../Modules/errnomodule.c -o Modules/errnomodule.o
--- Modules/_io/_iomodule.o ---
cc -pthread -I../Modules/_io -fno-strict-overflow -g -Og -Wall -mabi=purecap-benchmark -O2 -pipe  -std=c11 -Werror=implicit-function-declaration -fvisibility=hidden  -I../Include/internal -IObjects -IInclude -IPython -I. -I../Include -I/usr/local64cb/include   -DPy_BUILD_CORE_BUILTIN -c ../Modules/_io/_iomodule.c -o Modules/_io/_iomodule.o
--- Modules/_io/iobase.o ---
--- Modules/_collectionsmodule.o ---
In file included from ../Modules/_collectionsmodule.c:2:
../Include/internal/pycore_call.h:53:5: warning: found underaligned load of capability type (aligned to 1 bytes instead of 16). Will use memcpy() instead of capability load to preserve tags if it is aligned correctly at runtime [-Wcheri-inefficient]
memcpy(&ptr, (char *) callable + offset, sizeof(ptr));
^
../Include/internal/pycore_call.h:53:5: note: use __builtin_assume_aligned() or cast to (u)intptr_t* if you know that the pointer is actually aligned to capability size; this will allow the memcpy() or memmove() call to be inlined if the size is constant (otherwise a library call must be used to maintain tag bits). For more information see https://github.com/CTSRD-CHERI/llvm-project/wiki/Unaligned-capability-copies
--- Modules/_io/iobase.o ---
cc -pthread -I../Modules/_io -fno-strict-overflow -g -Og -Wall -mabi=purecap-benchmark -O2 -pipe  -std=c11 -Werror=implicit-function-declaration -fvisibility=hidden  -I../Include/internal -IObjects -IInclude -IPython -I. -I../Include -I/usr/local64cb/include   -DPy_BUILD_CORE_BUILTIN -c ../Modules/_io/iobase.c -o Modules/_io/iobase.o
--- Modules/_io/fileio.o ---
--- Modules/_collectionsmodule.o ---
2 warnings generated.
--- Modules/_io/fileio.o ---
cc -pthread -I../Modules/_io -fno-strict-overflow -g -Og -Wall -mabi=purecap-benchmark -O2 -pipe  -std=c11 -Werror=implicit-function-declaration -fvisibility=hidden  -I../Include/internal -IObjects -IInclude -IPython -I. -I../Include -I/usr/local64cb/include   -DPy_BUILD_CORE_BUILTIN -c ../Modules/_io/fileio.c -o Modules/_io/fileio.o
--- Modules/_io/bytesio.o ---
cc -pthread -I../Modules/_io -fno-strict-overflow -g -Og -Wall -mabi=purecap-benchmark -O2 -pipe  -std=c11 -Werror=implicit-function-declaration -fvisibility=hidden  -I../Include/internal -IObjects -IInclude -IPython -I. -I../Include -I/usr/local64cb/include   -DPy_BUILD_CORE_BUILTIN -c ../Modules/_io/bytesio.c -o Modules/_io/bytesio.o
--- Modules/_io/iobase.o ---
In file included from ../Modules/_io/iobase.c:13:
../Include/internal/pycore_long.h:154:34: warning: binary expression on capability types 'uintptr_t' (aka 'unsigned __intcap') and 'uintptr_t'; it is not clear which should be used as the source of provenance; currently provenance is inherited from the left-hand side [-Wcheri-provenance]
return (a->long_value.lv_tag | b->long_value.lv_tag) < (2 << NON_SIZE_BITS);
~~~~~~~~~~~~~~~~~~~~ ^ ~~~~~~~~~~~~~~~~~~~~
--- Modules/posixmodule.o ---
In file included from ../Modules/posixmodule.c:17:
../Include/internal/pycore_call.h:53:5: warning: found underaligned load of capability type (aligned to 1 bytes instead of 16). Will use memcpy() instead of capability load to preserve tags if it is aligned correctly at runtime [-Wcheri-inefficient]
memcpy(&ptr, (char *) callable + offset, sizeof(ptr));
^
../Include/internal/pycore_call.h:53:5: note: use __builtin_assume_aligned() or cast to (u)intptr_t* if you know that the pointer is actually aligned to capability size; this will allow the memcpy() or memmove() call to be inlined if the size is constant (otherwise a library call must be used to maintain tag bits). For more information see https://github.com/CTSRD-CHERI/llvm-project/wiki/Unaligned-capability-copies
../Include/internal/pycore_call.h:53:5: warning: found underaligned load of capability type (aligned to 1 bytes instead of 16). Will use memcpy() instead of capability load to preserve tags if it is aligned correctly at runtime [-Wcheri-inefficient]
memcpy(&ptr, (char *) callable + offset, sizeof(ptr));
^
../Include/internal/pycore_call.h:53:5: note: use __builtin_assume_aligned() or cast to (u)intptr_t* if you know that the pointer is actually aligned to capability size; this will allow the memcpy() or memmove() call to be inlined if the size is constant (otherwise a library call must be used to maintain tag bits). For more information see https://github.com/CTSRD-CHERI/llvm-project/wiki/Unaligned-capability-copies
--- Modules/_io/bufferedio.o ---
--- Modules/_io/iobase.o ---
1 warning generated.
--- Modules/_io/bufferedio.o ---
cc -pthread -I../Modules/_io -fno-strict-overflow -g -Og -Wall -mabi=purecap-benchmark -O2 -pipe  -std=c11 -Werror=implicit-function-declaration -fvisibility=hidden  -I../Include/internal -IObjects -IInclude -IPython -I. -I../Include -I/usr/local64cb/include   -DPy_BUILD_CORE_BUILTIN -c ../Modules/_io/bufferedio.c -o Modules/_io/bufferedio.o
--- Modules/_io/textio.o ---
cc -pthread -I../Modules/_io -fno-strict-overflow -g -Og -Wall -mabi=purecap-benchmark -O2 -pipe  -std=c11 -Werror=implicit-function-declaration -fvisibility=hidden  -I../Include/internal -IObjects -IInclude -IPython -I. -I../Include -I/usr/local64cb/include   -DPy_BUILD_CORE_BUILTIN -c ../Modules/_io/textio.c -o Modules/_io/textio.o
--- Modules/_io/stringio.o ---
cc -pthread -I../Modules/_io -fno-strict-overflow -g -Og -Wall -mabi=purecap-benchmark -O2 -pipe  -std=c11 -Werror=implicit-function-declaration -fvisibility=hidden  -I../Include/internal -IObjects -IInclude -IPython -I. -I../Include -I/usr/local64cb/include   -DPy_BUILD_CORE_BUILTIN -c ../Modules/_io/stringio.c -o Modules/_io/stringio.o
--- Modules/_io/textio.o ---
In file included from ../Modules/_io/textio.c:12:
../Include/internal/pycore_long.h:154:34: warning: binary expression on capability types 'uintptr_t' (aka 'unsigned __intcap') and 'uintptr_t'; it is not clear which should be used as the source of provenance; currently provenance is inherited from the left-hand side [-Wcheri-provenance]
return (a->long_value.lv_tag | b->long_value.lv_tag) < (2 << NON_SIZE_BITS);
~~~~~~~~~~~~~~~~~~~~ ^ ~~~~~~~~~~~~~~~~~~~~
--- Modules/itertoolsmodule.o ---
cc -pthread  -fno-strict-overflow -g -Og -Wall -mabi=purecap-benchmark -O2 -pipe  -std=c11 -Werror=implicit-function-declaration -fvisibility=hidden  -I../Include/internal -IObjects -IInclude -IPython -I. -I../Include -I/usr/local64cb/include   -DPy_BUILD_CORE_BUILTIN -c ../Modules/itertoolsmodule.c -o Modules/itertoolsmodule.o
--- Modules/posixmodule.o ---
../Include/internal/pycore_call.h:53:5: warning: found underaligned load of capability type (aligned to 1 bytes instead of 16). Will use memcpy() instead of capability load to preserve tags if it is aligned correctly at runtime [-Wcheri-inefficient]
memcpy(&ptr, (char *) callable + offset, sizeof(ptr));
^
../Include/internal/pycore_call.h:53:5: note: use __builtin_assume_aligned() or cast to (u)intptr_t* if you know that the pointer is actually aligned to capability size; this will allow the memcpy() or memmove() call to be inlined if the size is constant (otherwise a library call must be used to maintain tag bits). For more information see https://github.com/CTSRD-CHERI/llvm-project/wiki/Unaligned-capability-copies
--- Modules/_io/bufferedio.o ---
In file included from ../Modules/_io/bufferedio.c:12:
../Include/internal/pycore_call.h:53:5: warning: found underaligned load of capability type (aligned to 1 bytes instead of 16). Will use memcpy() instead of capability load to preserve tags if it is aligned correctly at runtime [-Wcheri-inefficient]
memcpy(&ptr, (char *) callable + offset, sizeof(ptr));
^
../Include/internal/pycore_call.h:53:5: note: use __builtin_assume_aligned() or cast to (u)intptr_t* if you know that the pointer is actually aligned to capability size; this will allow the memcpy() or memmove() call to be inlined if the size is constant (otherwise a library call must be used to maintain tag bits). For more information see https://github.com/CTSRD-CHERI/llvm-project/wiki/Unaligned-capability-copies
--- Modules/itertoolsmodule.o ---
In file included from ../Modules/itertoolsmodule.c:4:
../Include/internal/pycore_long.h:154:34: warning: binary expression on capability types 'uintptr_t' (aka 'unsigned __intcap') and 'uintptr_t'; it is not clear which should be used as the source of provenance; currently provenance is inherited from the left-hand side [-Wcheri-provenance]
return (a->long_value.lv_tag | b->long_value.lv_tag) < (2 << NON_SIZE_BITS);
~~~~~~~~~~~~~~~~~~~~ ^ ~~~~~~~~~~~~~~~~~~~~
--- Modules/_io/bufferedio.o ---
1 warning generated.
--- Modules/_sre/sre.o ---
cc -pthread  -fno-strict-overflow -g -Og -Wall -mabi=purecap-benchmark -O2 -pipe  -std=c11 -Werror=implicit-function-declaration -fvisibility=hidden  -I../Include/internal -IObjects -IInclude -IPython -I. -I../Include -I/usr/local64cb/include   -DPy_BUILD_CORE_BUILTIN -c ../Modules/_sre/sre.c -o Modules/_sre/sre.o
--- Modules/posixmodule.o ---
3 warnings generated.
--- Modules/_threadmodule.o ---
--- Modules/_sre/sre.o ---
In file included from ../Modules/_sre/sre.c:44:
../Include/internal/pycore_long.h:154:34: warning: binary expression on capability types 'uintptr_t' (aka 'unsigned __intcap') and 'uintptr_t'; it is not clear which should be used as the source of provenance; currently provenance is inherited from the left-hand side [-Wcheri-provenance]
return (a->long_value.lv_tag | b->long_value.lv_tag) < (2 << NON_SIZE_BITS);
~~~~~~~~~~~~~~~~~~~~ ^ ~~~~~~~~~~~~~~~~~~~~
--- Modules/_threadmodule.o ---
cc -pthread  -fno-strict-overflow -g -Og -Wall -mabi=purecap-benchmark -O2 -pipe  -std=c11 -Werror=implicit-function-declaration -fvisibility=hidden  -I../Include/internal -IObjects -IInclude -IPython -I. -I../Include -I/usr/local64cb/include   -DPy_BUILD_CORE_BUILTIN -c ../Modules/_threadmodule.c -o Modules/_threadmodule.o
--- Modules/_io/textio.o ---
1 warning generated.
--- Modules/timemodule.o ---
cc -pthread  -fno-strict-overflow -g -Og -Wall -mabi=purecap-benchmark -O2 -pipe  -std=c11 -Werror=implicit-function-declaration -fvisibility=hidden  -I../Include/internal -IObjects -IInclude -IPython -I. -I../Include -I/usr/local64cb/include   -DPy_BUILD_CORE_BUILTIN -c ../Modules/timemodule.c -o Modules/timemodule.o
../Modules/timemodule.c:396:2: warning: THIS IS WRONG! [-W#warnings]
#warning THIS IS WRONG!
^
1 warning generated.
--- Modules/_typingmodule.o ---
cc -pthread  -fno-strict-overflow -g -Og -Wall -mabi=purecap-benchmark -O2 -pipe  -std=c11 -Werror=implicit-function-declaration -fvisibility=hidden  -I../Include/internal -IObjects -IInclude -IPython -I. -I../Include -I/usr/local64cb/include   -DPy_BUILD_CORE_BUILTIN -c ../Modules/_typingmodule.c -o Modules/_typingmodule.o
--- Modules/_weakref.o ---
--- Modules/itertoolsmodule.o ---
In file included from ../Modules/itertoolsmodule.c:3:
../Include/internal/pycore_call.h:53:5: warning: found underaligned load of capability type (aligned to 1 bytes instead of 16). Will use memcpy() instead of capability load to preserve tags if it is aligned correctly at runtime [-Wcheri-inefficient]
memcpy(&ptr, (char *) callable + offset, sizeof(ptr));
^
../Include/internal/pycore_call.h:53:5: note: use __builtin_assume_aligned() or cast to (u)intptr_t* if you know that the pointer is actually aligned to capability size; this will allow the memcpy() or memmove() call to be inlined if the size is constant (otherwise a library call must be used to maintain tag bits). For more information see https://github.com/CTSRD-CHERI/llvm-project/wiki/Unaligned-capability-copies
--- Modules/_weakref.o ---
cc -pthread  -fno-strict-overflow -g -Og -Wall -mabi=purecap-benchmark -O2 -pipe  -std=c11 -Werror=implicit-function-declaration -fvisibility=hidden  -I../Include/internal -IObjects -IInclude -IPython -I. -I../Include -I/usr/local64cb/include   -DPy_BUILD_CORE_BUILTIN -c ../Modules/_weakref.c -o Modules/_weakref.o
--- Modules/_abc.o ---
cc -pthread  -fno-strict-overflow -g -Og -Wall -mabi=purecap-benchmark -O2 -pipe  -std=c11 -Werror=implicit-function-declaration -fvisibility=hidden  -I../Include/internal -IObjects -IInclude -IPython -I. -I../Include -I/usr/local64cb/include   -DPy_BUILD_CORE_BUILTIN -c ../Modules/_abc.c -o Modules/_abc.o
--- Modules/_functoolsmodule.o ---
cc -pthread  -fno-strict-overflow -g -Og -Wall -mabi=purecap-benchmark -O2 -pipe  -std=c11 -Werror=implicit-function-declaration -fvisibility=hidden  -I../Include/internal -IObjects -IInclude -IPython -I. -I../Include -I/usr/local64cb/include   -DPy_BUILD_CORE_BUILTIN -c ../Modules/_functoolsmodule.c -o Modules/_functoolsmodule.o
In file included from ../Modules/_functoolsmodule.c:4:
../Include/internal/pycore_long.h:154:34: warning: binary expression on capability types 'uintptr_t' (aka 'unsigned __intcap') and 'uintptr_t'; it is not clear which should be used as the source of provenance; currently provenance is inherited from the left-hand side [-Wcheri-provenance]
return (a->long_value.lv_tag | b->long_value.lv_tag) < (2 << NON_SIZE_BITS);
~~~~~~~~~~~~~~~~~~~~ ^ ~~~~~~~~~~~~~~~~~~~~
--- Modules/itertoolsmodule.o ---
2 warnings generated.
--- Modules/_localemodule.o ---
cc -pthread  -fno-strict-overflow -g -Og -Wall -mabi=purecap-benchmark -O2 -pipe  -std=c11 -Werror=implicit-function-declaration -fvisibility=hidden  -I../Include/internal -IObjects -IInclude -IPython -I. -I../Include -I/usr/local64cb/include   -DPy_BUILD_CORE_BUILTIN -c ../Modules/_localemodule.c -o Modules/_localemodule.o
--- Modules/_operator.o ---
cc -pthread  -fno-strict-overflow -g -Og -Wall -mabi=purecap-benchmark -O2 -pipe  -std=c11 -Werror=implicit-function-declaration -fvisibility=hidden  -I../Include/internal -IObjects -IInclude -IPython -I. -I../Include -I/usr/local64cb/include   -DPy_BUILD_CORE_BUILTIN -c ../Modules/_operator.c -o Modules/_operator.o
--- Modules/_functoolsmodule.o ---
In file included from ../Modules/_functoolsmodule.c:2:
../Include/internal/pycore_call.h:53:5: warning: found underaligned load of capability type (aligned to 1 bytes instead of 16). Will use memcpy() instead of capability load to preserve tags if it is aligned correctly at runtime [-Wcheri-inefficient]
memcpy(&ptr, (char *) callable + offset, sizeof(ptr));
^
../Include/internal/pycore_call.h:53:5: note: use __builtin_assume_aligned() or cast to (u)intptr_t* if you know that the pointer is actually aligned to capability size; this will allow the memcpy() or memmove() call to be inlined if the size is constant (otherwise a library call must be used to maintain tag bits). For more information see https://github.com/CTSRD-CHERI/llvm-project/wiki/Unaligned-capability-copies
../Include/internal/pycore_call.h:53:5: warning: found underaligned load of capability type (aligned to 1 bytes instead of 16). Will use memcpy() instead of capability load to preserve tags if it is aligned correctly at runtime [-Wcheri-inefficient]
memcpy(&ptr, (char *) callable + offset, sizeof(ptr));
^
../Include/internal/pycore_call.h:53:5: note: use __builtin_assume_aligned() or cast to (u)intptr_t* if you know that the pointer is actually aligned to capability size; this will allow the memcpy() or memmove() call to be inlined if the size is constant (otherwise a library call must be used to maintain tag bits). For more information see https://github.com/CTSRD-CHERI/llvm-project/wiki/Unaligned-capability-copies
3 warnings generated.
--- Modules/_stat.o ---
cc -pthread  -fno-strict-overflow -g -Og -Wall -mabi=purecap-benchmark -O2 -pipe  -std=c11 -Werror=implicit-function-declaration -fvisibility=hidden  -I../Include/internal -IObjects -IInclude -IPython -I. -I../Include -I/usr/local64cb/include   -DPy_BUILD_CORE_BUILTIN -c ../Modules/_stat.c -o Modules/_stat.o
--- Modules/symtablemodule.o ---
cc -pthread  -fno-strict-overflow -g -Og -Wall -mabi=purecap-benchmark -O2 -pipe  -std=c11 -Werror=implicit-function-declaration -fvisibility=hidden  -I../Include/internal -IObjects -IInclude -IPython -I. -I../Include -I/usr/local64cb/include   -DPy_BUILD_CORE_BUILTIN -c ../Modules/symtablemodule.c -o Modules/symtablemodule.o
--- Modules/pwdmodule.o ---
cc -pthread  -fno-strict-overflow -g -Og -Wall -mabi=purecap-benchmark -O2 -pipe  -std=c11 -Werror=implicit-function-declaration -fvisibility=hidden  -I../Include/internal -IObjects -IInclude -IPython -I. -I../Include -I/usr/local64cb/include   -DPy_BUILD_CORE_BUILTIN -c ../Modules/pwdmodule.c -o Modules/pwdmodule.o
--- Modules/config.o ---
cc -pthread -c -fno-strict-overflow -g -Og -Wall -mabi=purecap-benchmark -O2 -pipe  -std=c11 -Werror=implicit-function-declaration -fvisibility=hidden  -I../Include/internal -IObjects -IInclude -IPython -I. -I../Include -I/usr/local64cb/include   -DPy_BUILD_CORE -o Modules/config.o Modules/config.c
--- Modules/array.cpython-312d.so ---
cc -pthread -shared -mabi=purecap-benchmark -L/usr/local64cb/lib -lmd     Modules/arraymodule.o   -o Modules/array.cpython-312d.so
--- Modules/_contextvars.cpython-312d.so ---
cc -pthread -shared -mabi=purecap-benchmark -L/usr/local64cb/lib -lmd     Modules/_contextvarsmodule.o   -o Modules/_contextvars.cpython-312d.so
--- Modules/_bisect.cpython-312d.so ---
cc -pthread -shared -mabi=purecap-benchmark -L/usr/local64cb/lib -lmd     Modules/_bisectmodule.o   -o Modules/_bisect.cpython-312d.so
--- Modules/_asyncio.cpython-312d.so ---
cc -pthread -shared -mabi=purecap-benchmark -L/usr/local64cb/lib -lmd     Modules/_asynciomodule.o   -o Modules/_asyncio.cpython-312d.so
--- Modules/_heapq.cpython-312d.so ---
--- Modules/_sre/sre.o ---
In file included from ../Modules/_sre/sre.c:226:
../Modules/_sre/sre_lib.h:1151:17: warning: memcpy operation with capability argument 'const void * __capability' and underaligned destination (aligned to 1 bytes) may be inefficient or result in CHERI tags bits being stripped [-Wcheri-inefficient]
DATA_PUSH(&ctx->u.rep->last_ptr);
^
../Modules/_sre/sre_lib.h:1151:17: note: use __builtin_assume_aligned() or cast to (u)intptr_t* if you know that the pointer is actually aligned to capability size; this will allow the memcpy() or memmove() call to be inlined if the size is constant (otherwise a library call must be used to maintain tag bits). For more information see https://github.com/CTSRD-CHERI/llvm-project/wiki/Unaligned-capability-copies
--- Modules/_heapq.cpython-312d.so ---
cc -pthread -shared -mabi=purecap-benchmark -L/usr/local64cb/lib -lmd     Modules/_heapqmodule.o   -o Modules/_heapq.cpython-312d.so
--- Modules/_csv.cpython-312d.so ---
cc -pthread -shared -mabi=purecap-benchmark -L/usr/local64cb/lib -lmd     Modules/_csv.o   -o Modules/_csv.cpython-312d.so
--- Modules/_sre/sre.o ---
../Modules/_sre/sre_lib.h:1236:13: warning: memcpy operation with capability argument 'const void * __capability' and underaligned destination (aligned to 1 bytes) may be inefficient or result in CHERI tags bits being stripped [-Wcheri-inefficient]
DATA_PUSH(&ctx->u.rep->last_ptr);
^
../Modules/_sre/sre_lib.h:1236:13: note: use __builtin_assume_aligned() or cast to (u)intptr_t* if you know that the pointer is actually aligned to capability size; this will allow the memcpy() or memmove() call to be inlined if the size is constant (otherwise a library call must be used to maintain tag bits). For more information see https://github.com/CTSRD-CHERI/llvm-project/wiki/Unaligned-capability-copies
--- Modules/_lsprof.cpython-312d.so ---
cc -pthread -shared -mabi=purecap-benchmark -L/usr/local64cb/lib -lmd     Modules/_lsprof.o Modules/rotatingtree.o   -o Modules/_lsprof.cpython-312d.so
--- Modules/_opcode.cpython-312d.so ---
cc -pthread -shared -mabi=purecap-benchmark -L/usr/local64cb/lib -lmd     Modules/_opcode.o   -o Modules/_opcode.cpython-312d.so
--- Modules/_queue.cpython-312d.so ---
cc -pthread -shared -mabi=purecap-benchmark -L/usr/local64cb/lib -lmd     Modules/_queuemodule.o   -o Modules/_queue.cpython-312d.so
--- Modules/_json.cpython-312d.so ---
cc -pthread -shared -mabi=purecap-benchmark -L/usr/local64cb/lib -lmd     Modules/_json.o   -o Modules/_json.cpython-312d.so
--- Modules/_sre/sre.o ---
../Modules/_sre/sre_lib.h:1151:17: warning: memcpy operation with capability argument 'const void * __capability' and underaligned destination (aligned to 1 bytes) may be inefficient or result in CHERI tags bits being stripped [-Wcheri-inefficient]
DATA_PUSH(&ctx->u.rep->last_ptr);
^
../Modules/_sre/sre_lib.h:1151:17: note: use __builtin_assume_aligned() or cast to (u)intptr_t* if you know that the pointer is actually aligned to capability size; this will allow the memcpy() or memmove() call to be inlined if the size is constant (otherwise a library call must be used to maintain tag bits). For more information see https://github.com/CTSRD-CHERI/llvm-project/wiki/Unaligned-capability-copies
--- Modules/_random.cpython-312d.so ---
cc -pthread -shared -mabi=purecap-benchmark -L/usr/local64cb/lib -lmd     Modules/_randommodule.o   -o Modules/_random.cpython-312d.so
--- Modules/_sre/sre.o ---
../Modules/_sre/sre_lib.h:1236:13: warning: memcpy operation with capability argument 'const void * __capability' and underaligned destination (aligned to 1 bytes) may be inefficient or result in CHERI tags bits being stripped [-Wcheri-inefficient]
DATA_PUSH(&ctx->u.rep->last_ptr);
^
../Modules/_sre/sre_lib.h:1236:13: note: use __builtin_assume_aligned() or cast to (u)intptr_t* if you know that the pointer is actually aligned to capability size; this will allow the memcpy() or memmove() call to be inlined if the size is constant (otherwise a library call must be used to maintain tag bits). For more information see https://github.com/CTSRD-CHERI/llvm-project/wiki/Unaligned-capability-copies
--- Modules/_xxsubinterpreters.cpython-312d.so ---
cc -pthread -shared -mabi=purecap-benchmark -L/usr/local64cb/lib -lmd     Modules/_xxsubinterpretersmodule.o   -o Modules/_xxsubinterpreters.cpython-312d.so
--- Modules/_struct.cpython-312d.so ---
cc -pthread -shared -mabi=purecap-benchmark -L/usr/local64cb/lib -lmd     Modules/_struct.o   -o Modules/_struct.cpython-312d.so
--- Modules/_xxinterpchannels.cpython-312d.so ---
--- Modules/_sre/sre.o ---
../Modules/_sre/sre_lib.h:1151:17: warning: memcpy operation with capability argument 'const void * __capability' and underaligned destination (aligned to 1 bytes) may be inefficient or result in CHERI tags bits being stripped [-Wcheri-inefficient]
DATA_PUSH(&ctx->u.rep->last_ptr);
^
../Modules/_sre/sre_lib.h:1151:17: note: use __builtin_assume_aligned() or cast to (u)intptr_t* if you know that the pointer is actually aligned to capability size; this will allow the memcpy() or memmove() call to be inlined if the size is constant (otherwise a library call must be used to maintain tag bits). For more information see https://github.com/CTSRD-CHERI/llvm-project/wiki/Unaligned-capability-copies
--- Modules/_xxinterpchannels.cpython-312d.so ---
cc -pthread -shared -mabi=purecap-benchmark -L/usr/local64cb/lib -lmd     Modules/_xxinterpchannelsmodule.o   -o Modules/_xxinterpchannels.cpython-312d.so
--- Modules/_zoneinfo.cpython-312d.so ---
--- Modules/_sre/sre.o ---
../Modules/_sre/sre_lib.h:1236:13: warning: memcpy operation with capability argument 'const void * __capability' and underaligned destination (aligned to 1 bytes) may be inefficient or result in CHERI tags bits being stripped [-Wcheri-inefficient]
DATA_PUSH(&ctx->u.rep->last_ptr);
^
../Modules/_sre/sre_lib.h:1236:13: note: use __builtin_assume_aligned() or cast to (u)intptr_t* if you know that the pointer is actually aligned to capability size; this will allow the memcpy() or memmove() call to be inlined if the size is constant (otherwise a library call must be used to maintain tag bits). For more information see https://github.com/CTSRD-CHERI/llvm-project/wiki/Unaligned-capability-copies
--- Modules/_zoneinfo.cpython-312d.so ---
cc -pthread -shared -mabi=purecap-benchmark -L/usr/local64cb/lib -lmd     Modules/_zoneinfo.o   -o Modules/_zoneinfo.cpython-312d.so
--- Modules/audioop.cpython-312d.so ---
cc -pthread -shared -mabi=purecap-benchmark -L/usr/local64cb/lib -lmd     Modules/audioop.o -lm  -o Modules/audioop.cpython-312d.so
--- Modules/_pickle.cpython-312d.so ---
cc -pthread -shared -mabi=purecap-benchmark -L/usr/local64cb/lib -lmd     Modules/_pickle.o   -o Modules/_pickle.cpython-312d.so
--- Modules/_statistics.cpython-312d.so ---
cc -pthread -shared -mabi=purecap-benchmark -L/usr/local64cb/lib -lmd     Modules/_statisticsmodule.o -lm  -o Modules/_statistics.cpython-312d.so
--- Modules/math.cpython-312d.so ---
cc -pthread -shared -mabi=purecap-benchmark -L/usr/local64cb/lib -lmd     Modules/mathmodule.o -lm  -o Modules/math.cpython-312d.so
--- Modules/cmath.cpython-312d.so ---
cc -pthread -shared -mabi=purecap-benchmark -L/usr/local64cb/lib -lmd     Modules/cmathmodule.o -lm  -o Modules/cmath.cpython-312d.so
--- Modules/binascii.cpython-312d.so ---
--- Modules/_bz2.cpython-312d.so ---
--- Modules/binascii.cpython-312d.so ---
cc -pthread -shared -mabi=purecap-benchmark -L/usr/local64cb/lib -lmd     Modules/binascii.o -L/lib -lz  -o Modules/binascii.cpython-312d.so
--- Modules/_bz2.cpython-312d.so ---
cc -pthread -shared -mabi=purecap-benchmark -L/usr/local64cb/lib -lmd     Modules/_bz2module.o -lbz2  -o Modules/_bz2.cpython-312d.so
--- Modules/_datetime.cpython-312d.so ---
--- Modules/_lzma.cpython-312d.so ---
--- Modules/_sre/sre.o ---
7 warnings generated.
--- Modules/_datetime.cpython-312d.so ---
cc -pthread -shared -mabi=purecap-benchmark -L/usr/local64cb/lib -lmd     Modules/_datetimemodule.o -lm  -o Modules/_datetime.cpython-312d.so
--- Modules/_lzma.cpython-312d.so ---
cc -pthread -shared -mabi=purecap-benchmark -L/usr/local64cb/lib -lmd     Modules/_lzmamodule.o -llzma  -o Modules/_lzma.cpython-312d.so
--- Modules/_dbm.cpython-312d.so ---
cc -pthread -shared -mabi=purecap-benchmark -L/usr/local64cb/lib -lmd     Modules/_dbmmodule.o   -o Modules/_dbm.cpython-312d.so
--- Modules/zlib.cpython-312d.so ---
cc -pthread -shared -mabi=purecap-benchmark -L/usr/local64cb/lib -lmd     Modules/zlibmodule.o -L/lib -lz  -o Modules/zlib.cpython-312d.so
--- Modules/_gdbm.cpython-312d.so ---
cc -pthread -shared -mabi=purecap-benchmark -L/usr/local64cb/lib -lmd     Modules/_gdbmmodule.o -lgdbm  -o Modules/_gdbm.cpython-312d.so
--- Modules/_md5.cpython-312d.so ---
cc -pthread -shared -mabi=purecap-benchmark -L/usr/local64cb/lib -lmd     Modules/md5module.o Modules/_hacl/Hacl_Hash_MD5.o   -o Modules/_md5.cpython-312d.so
--- Modules/readline.cpython-312d.so ---
--- Modules/_sha1.cpython-312d.so ---
--- Modules/readline.cpython-312d.so ---
cc -pthread -shared -mabi=purecap-benchmark -L/usr/local64cb/lib -lmd     Modules/readline.o -L/usr/local64cb/lib -lreadline  -o Modules/readline.cpython-312d.so
--- Modules/_sha1.cpython-312d.so ---
cc -pthread -shared -mabi=purecap-benchmark -L/usr/local64cb/lib -lmd     Modules/sha1module.o Modules/_hacl/Hacl_Hash_SHA1.o   -o Modules/_sha1.cpython-312d.so
--- Modules/_sha2.cpython-312d.so ---
cc -pthread -shared -mabi=purecap-benchmark -L/usr/local64cb/lib -lmd     Modules/sha2module.o  Modules/_hacl/libHacl_Hash_SHA2.a  -o Modules/_sha2.cpython-312d.so
--- Modules/_decimal.cpython-312d.so ---
cc -pthread -shared -mabi=purecap-benchmark -L/usr/local64cb/lib -lmd     Modules/_decimal/_decimal.o -lm Modules/_decimal/libmpdec/libmpdec.a  -o Modules/_decimal.cpython-312d.so
--- Modules/_sha3.cpython-312d.so ---
cc -pthread -shared -mabi=purecap-benchmark -L/usr/local64cb/lib -lmd     Modules/sha3module.o Modules/_hacl/Hacl_Hash_SHA3.o   -o Modules/_sha3.cpython-312d.so
--- Modules/_blake2.cpython-312d.so ---
--- Modules/pyexpat.cpython-312d.so ---
--- Modules/_blake2.cpython-312d.so ---
cc -pthread -shared -mabi=purecap-benchmark -L/usr/local64cb/lib -lmd     Modules/_blake2/blake2module.o Modules/_blake2/blake2b_impl.o Modules/_blake2/blake2s_impl.o   -o Modules/_blake2.cpython-312d.so
--- Modules/pyexpat.cpython-312d.so ---
cc -pthread -shared -mabi=purecap-benchmark -L/usr/local64cb/lib -lmd     Modules/pyexpat.o -lm Modules/expat/libexpat.a  -o Modules/pyexpat.cpython-312d.so
--- Modules/_codecs_cn.cpython-312d.so ---
cc -pthread -shared -mabi=purecap-benchmark -L/usr/local64cb/lib -lmd     Modules/cjkcodecs/_codecs_cn.o   -o Modules/_codecs_cn.cpython-312d.so
--- Modules/_codecs_hk.cpython-312d.so ---
cc -pthread -shared -mabi=purecap-benchmark -L/usr/local64cb/lib -lmd     Modules/cjkcodecs/_codecs_hk.o   -o Modules/_codecs_hk.cpython-312d.so
--- Modules/_codecs_iso2022.cpython-312d.so ---
cc -pthread -shared -mabi=purecap-benchmark -L/usr/local64cb/lib -lmd     Modules/cjkcodecs/_codecs_iso2022.o   -o Modules/_codecs_iso2022.cpython-312d.so
--- Modules/_codecs_jp.cpython-312d.so ---
--- Modules/_codecs_tw.cpython-312d.so ---
--- Modules/_codecs_jp.cpython-312d.so ---
cc -pthread -shared -mabi=purecap-benchmark -L/usr/local64cb/lib -lmd     Modules/cjkcodecs/_codecs_jp.o   -o Modules/_codecs_jp.cpython-312d.so
--- Modules/_codecs_tw.cpython-312d.so ---
cc -pthread -shared -mabi=purecap-benchmark -L/usr/local64cb/lib -lmd     Modules/cjkcodecs/_codecs_tw.o   -o Modules/_codecs_tw.cpython-312d.so
--- Modules/_elementtree.cpython-312d.so ---
cc -pthread -shared -mabi=purecap-benchmark -L/usr/local64cb/lib -lmd     Modules/_elementtree.o   -o Modules/_elementtree.cpython-312d.so
--- Modules/_codecs_kr.cpython-312d.so ---
cc -pthread -shared -mabi=purecap-benchmark -L/usr/local64cb/lib -lmd     Modules/cjkcodecs/_codecs_kr.o   -o Modules/_codecs_kr.cpython-312d.so
--- Modules/_crypt.cpython-312d.so ---
cc -pthread -shared -mabi=purecap-benchmark -L/usr/local64cb/lib -lmd     Modules/_cryptmodule.o -lcrypt  -o Modules/_crypt.cpython-312d.so
--- Modules/fcntl.cpython-312d.so ---
cc -pthread -shared -mabi=purecap-benchmark -L/usr/local64cb/lib -lmd     Modules/fcntlmodule.o   -o Modules/fcntl.cpython-312d.so
--- Modules/_multibytecodec.cpython-312d.so ---
--- Modules/grp.cpython-312d.so ---
--- Modules/_multibytecodec.cpython-312d.so ---
cc -pthread -shared -mabi=purecap-benchmark -L/usr/local64cb/lib -lmd     Modules/cjkcodecs/multibytecodec.o   -o Modules/_multibytecodec.cpython-312d.so
--- Modules/grp.cpython-312d.so ---
cc -pthread -shared -mabi=purecap-benchmark -L/usr/local64cb/lib -lmd     Modules/grpmodule.o   -o Modules/grp.cpython-312d.so
--- Modules/mmap.cpython-312d.so ---
cc -pthread -shared -mabi=purecap-benchmark -L/usr/local64cb/lib -lmd     Modules/mmapmodule.o   -o Modules/mmap.cpython-312d.so
--- Modules/nis.cpython-312d.so ---
cc -pthread -shared -mabi=purecap-benchmark -L/usr/local64cb/lib -lmd     Modules/nismodule.o   -o Modules/nis.cpython-312d.so
--- Modules/ossaudiodev.cpython-312d.so ---
cc -pthread -shared -mabi=purecap-benchmark -L/usr/local64cb/lib -lmd     Modules/ossaudiodev.o   -o Modules/ossaudiodev.cpython-312d.so
--- Modules/resource.cpython-312d.so ---
cc -pthread -shared -mabi=purecap-benchmark -L/usr/local64cb/lib -lmd     Modules/resource.o   -o Modules/resource.cpython-312d.so
--- Modules/_posixsubprocess.cpython-312d.so ---
cc -pthread -shared -mabi=purecap-benchmark -L/usr/local64cb/lib -lmd     Modules/_posixsubprocess.o   -o Modules/_posixsubprocess.cpython-312d.so
--- Modules/syslog.cpython-312d.so ---
cc -pthread -shared -mabi=purecap-benchmark -L/usr/local64cb/lib -lmd     Modules/syslogmodule.o   -o Modules/syslog.cpython-312d.so
--- Modules/select.cpython-312d.so ---
cc -pthread -shared -mabi=purecap-benchmark -L/usr/local64cb/lib -lmd     Modules/selectmodule.o   -o Modules/select.cpython-312d.so
--- Modules/termios.cpython-312d.so ---
cc -pthread -shared -mabi=purecap-benchmark -L/usr/local64cb/lib -lmd     Modules/termios.o   -o Modules/termios.cpython-312d.so
--- Modules/unicodedata.cpython-312d.so ---
cc -pthread -shared -mabi=purecap-benchmark -L/usr/local64cb/lib -lmd     Modules/unicodedata.o   -o Modules/unicodedata.cpython-312d.so
--- Modules/_posixshmem.cpython-312d.so ---
cc -pthread -shared -mabi=purecap-benchmark -L/usr/local64cb/lib -lmd     Modules/_multiprocessing/posixshmem.o   -o Modules/_posixshmem.cpython-312d.so
--- Modules/_multiprocessing.cpython-312d.so ---
cc -pthread -shared -mabi=purecap-benchmark -L/usr/local64cb/lib -lmd     Modules/_multiprocessing/multiprocessing.o Modules/_multiprocessing/semaphore.o   -o Modules/_multiprocessing.cpython-312d.so
--- Modules/_socket.cpython-312d.so ---
cc -pthread -shared -mabi=purecap-benchmark -L/usr/local64cb/lib -lmd     Modules/socketmodule.o   -o Modules/_socket.cpython-312d.so
--- Modules/_curses_panel.cpython-312d.so ---
--- Modules/_ctypes.cpython-312d.so ---
cc -pthread -shared -mabi=purecap-benchmark -L/usr/local64cb/lib -lmd     Modules/_ctypes/_ctypes.o Modules/_ctypes/callbacks.o Modules/_ctypes/callproc.o Modules/_ctypes/stgdict.o Modules/_ctypes/cfield.o -L/usr/local64cb/lib -lffi  -ldl  -o Modules/_ctypes.cpython-312d.so
--- Modules/_curses_panel.cpython-312d.so ---
cc -pthread -shared -mabi=purecap-benchmark -L/usr/local64cb/lib -lmd     Modules/_curses_panel.o -lpanelw  -lncursesw -ltinfow  -o Modules/_curses_panel.cpython-312d.so
--- Modules/_curses.cpython-312d.so ---
cc -pthread -shared -mabi=purecap-benchmark -L/usr/local64cb/lib -lmd     Modules/_cursesmodule.o -lncursesw -ltinfow  -o Modules/_curses.cpython-312d.so
--- Modules/_sqlite3.cpython-312d.so ---
cc -pthread -shared -mabi=purecap-benchmark -L/usr/local64cb/lib -lmd     Modules/_sqlite/blob.o Modules/_sqlite/connection.o Modules/_sqlite/cursor.o Modules/_sqlite/microprotocols.o Modules/_sqlite/module.o Modules/_sqlite/prepare_protocol.o Modules/_sqlite/row.o Modules/_sqlite/statement.o Modules/_sqlite/util.o -L/usr/local64cb/lib -lsqlite3  -o Modules/_sqlite3.cpython-312d.so
--- Modules/_uuid.cpython-312d.so ---
cc -pthread -shared -mabi=purecap-benchmark -L/usr/local64cb/lib -lmd     Modules/_uuidmodule.o   -o Modules/_uuid.cpython-312d.so
--- Modules/xxsubtype.cpython-312d.so ---
cc -pthread -shared -mabi=purecap-benchmark -L/usr/local64cb/lib -lmd     Modules/xxsubtype.o   -o Modules/xxsubtype.cpython-312d.so
--- Modules/_hashlib.cpython-312d.so ---
cc -pthread -shared -mabi=purecap-benchmark -L/usr/local64cb/lib -lmd     Modules/_hashopenssl.o -lcrypto  -o Modules/_hashlib.cpython-312d.so
--- Modules/_xxtestfuzz.cpython-312d.so ---
cc -pthread -shared -mabi=purecap-benchmark -L/usr/local64cb/lib -lmd     Modules/_xxtestfuzz/_xxtestfuzz.o Modules/_xxtestfuzz/fuzzer.o   -o Modules/_xxtestfuzz.cpython-312d.so
--- Modules/_tkinter.cpython-312d.so ---
cc -pthread -shared -mabi=purecap-benchmark -L/usr/local64cb/lib -lmd     Modules/_tkinter.o Modules/tkappinit.o -L/usr/local64cb/lib -ltk8.6 -ltkstub8.6 -ltcl86 -ltclstub86  -L/usr/local64cb/lib -lX11  -o Modules/_tkinter.cpython-312d.so
--- Modules/_testinternalcapi.cpython-312d.so ---
--- Modules/_testbuffer.cpython-312d.so ---
--- Modules/_testinternalcapi.cpython-312d.so ---
cc -pthread -shared -mabi=purecap-benchmark -L/usr/local64cb/lib -lmd     Modules/_testinternalcapi.o   -o Modules/_testinternalcapi.cpython-312d.so
--- Modules/_ssl.cpython-312d.so ---
--- Modules/_testbuffer.cpython-312d.so ---
cc -pthread -shared -mabi=purecap-benchmark -L/usr/local64cb/lib -lmd     Modules/_testbuffer.o   -o Modules/_testbuffer.cpython-312d.so
--- Modules/_ssl.cpython-312d.so ---
cc -pthread -shared -mabi=purecap-benchmark -L/usr/local64cb/lib -lmd     Modules/_ssl.o -lssl -lcrypto  -o Modules/_ssl.cpython-312d.so
--- Modules/_testcapi.cpython-312d.so ---
cc -pthread -shared -mabi=purecap-benchmark -L/usr/local64cb/lib -lmd     Modules/_testcapimodule.o Modules/_testcapi/vectorcall.o Modules/_testcapi/vectorcall_limited.o Modules/_testcapi/heaptype.o Modules/_testcapi/abstract.o Modules/_testcapi/bytearray.o Modules/_testcapi/bytes.o Modules/_testcapi/unicode.o Modules/_testcapi/dict.o Modules/_testcapi/set.o Modules/_testcapi/list.o Modules/_testcapi/tuple.o Modules/_testcapi/getargs.o Modules/_testcapi/pytime.o Modules/_testcapi/datetime.o Modules/_testcapi/docstring.o Modules/_testcapi/mem.o Modules/_testcapi/watchers.o Modules/_testcapi/long.o Modules/_testcapi/float.o Modules/_testcapi/complex.o Modules/_testcapi/numbers.o Modules/_testcapi/structmember.o Modules/_testcapi/exceptions.o Modules/_testcapi/code.o Modules/_testcapi/buffer.o Modules/_testcapi/pyos.o Modules/_testcapi/file.o Modules/_testcapi/codec.o Modules/_testcapi/immortal.o Modules/_testcapi/heaptype_relative.o Modules/_testcapi/gc.o Modules/_testcapi/sys.o   -o Modules/_testcapi.cpython-312d.so
--- Modules/_testimportmultiple.cpython-312d.so ---
cc -pthread -shared -mabi=purecap-benchmark -L/usr/local64cb/lib -lmd     Modules/_testimportmultiple.o   -o Modules/_testimportmultiple.cpython-312d.so
--- Modules/_testsinglephase.cpython-312d.so ---
cc -pthread -shared -mabi=purecap-benchmark -L/usr/local64cb/lib -lmd     Modules/_testsinglephase.o   -o Modules/_testsinglephase.cpython-312d.so
--- Modules/_testmultiphase.cpython-312d.so ---
cc -pthread -shared -mabi=purecap-benchmark -L/usr/local64cb/lib -lmd     Modules/_testmultiphase.o   -o Modules/_testmultiphase.cpython-312d.so
--- Modules/xxlimited_35.cpython-312d.so ---
cc -pthread -shared -mabi=purecap-benchmark -L/usr/local64cb/lib -lmd     Modules/xxlimited_35.o   -o Modules/xxlimited_35.cpython-312d.so
--- Modules/xxlimited.cpython-312d.so ---
cc -pthread -shared -mabi=purecap-benchmark -L/usr/local64cb/lib -lmd     Modules/xxlimited.o   -o Modules/xxlimited.cpython-312d.so
--- Modules/_ctypes_test.cpython-312d.so ---
cc -pthread -shared -mabi=purecap-benchmark -L/usr/local64cb/lib -lmd     Modules/_ctypes/_ctypes_test.o -lm  -o Modules/_ctypes_test.cpython-312d.so
--- Modules/_testclinic.cpython-312d.so ---
cc -pthread -shared -mabi=purecap-benchmark -L/usr/local64cb/lib -lmd     Modules/_testclinic.o   -o Modules/_testclinic.cpython-312d.so
--- Modules/getbuildinfo.o ---
cc -pthread -c -fno-strict-overflow -g -Og -Wall -mabi=purecap-benchmark -O2 -pipe  -std=c11 -Werror=implicit-function-declaration -fvisibility=hidden  -I../Include/internal -IObjects -IInclude -IPython -I. -I../Include -I/usr/local64cb/include   -DPy_BUILD_CORE  -DGITVERSION="\"`LC_ALL=C git --git-dir ../.git rev-parse --short HEAD`\""  -DGITTAG="\"`LC_ALL=C git --git-dir ../.git describe --all --always --dirty`\""  -DGITBRANCH="\"`LC_ALL=C git --git-dir ../.git name-rev --name-only HEAD`\""  -o Modules/getbuildinfo.o ../Modules/getbuildinfo.c
--- Programs/_freeze_module ---
cc -pthread -mabi=purecap-benchmark -L/usr/local64cb/lib -lmd    -o Programs/_freeze_module Programs/_freeze_module.o Modules/getpath_noop.o Modules/getbuildinfo.o  Parser/token.o Parser/pegen.o  Parser/pegen_errors.o  Parser/action_helpers.o  Parser/parser.o  Parser/string_parser.o  Parser/peg_api.o Parser/myreadline.o Parser/tokenizer.o  Objects/abstract.o  Objects/boolobject.o  Objects/bytes_methods.o  Objects/bytearrayobject.o  Objects/bytesobject.o  Objects/call.o  Objects/capsule.o  Objects/cellobject.o  Objects/classobject.o  Objects/codeobject.o  Objects/complexobject.o  Objects/descrobject.o  Objects/enumobject.o  Objects/exceptions.o  Objects/genericaliasobject.o  Objects/genobject.o  Objects/fileobject.o  Objects/floatobject.o  Objects/frameobject.o  Objects/funcobject.o  Objects/interpreteridobject.o  Objects/iterobject.o  Objects/listobject.o  Objects/longobject.o  Objects/dictobject.o  Objects/odictobject.o  Objects/memoryobject.o  Objects/methodobject.o  Objects/moduleobject.o  Objects/namespaceobject.o  Objects/object.o  Objects/obmalloc.o  Objects/picklebufobject.o  Objects/pointerobject.o  Objects/rangeobject.o  Objects/setobject.o  Objects/sliceobject.o  Objects/structseq.o  Objects/tupleobject.o  Objects/typeobject.o  Objects/typevarobject.o  Objects/unicodeobject.o  Objects/unicodectype.o  Objects/unionobject.o  Objects/weakrefobject.o  Python/_warnings.o  Python/Python-ast.o  Python/Python-tokenize.o  Python/asdl.o  Python/assemble.o  Python/ast.o  Python/ast_opt.o  Python/ast_unparse.o  Python/bltinmodule.o  Python/ceval.o  Python/codecs.o  Python/compile.o  Python/context.o  Python/dynamic_annotations.o  Python/errors.o  Python/flowgraph.o  Python/frame.o  Python/frozenmain.o  Python/future.o  Python/getargs.o  Python/getcompiler.o  Python/getcopyright.o  Python/getplatform.o  Python/getversion.o  Python/ceval_gil.o  Python/hamt.o  Python/hashtable.o  Python/import.o  Python/importdl.o  Python/initconfig.o  Python/instrumentation.o  Python/intrinsics.o  Python/legacy_tracing.o  Python/marshal.o  Python/modsupport.o  Python/mysnprintf.o  Python/mystrtoul.o  Python/pathconfig.o  Python/preconfig.o  Python/pyarena.o  Python/pyctype.o  Python/pyfpe.o  Python/pyhash.o  Python/pylifecycle.o  Python/pymath.o  Python/pystate.o  Python/pythonrun.o  Python/pytime.o  Python/bootstrap_hash.o  Python/specialize.o  Python/structmember.o  Python/symtable.o  Python/sysmodule.o  Python/thread.o  Python/traceback.o  Python/tracemalloc.o  Python/getopt.o  Python/pystrcmp.o  Python/pystrtod.o  Python/pystrhex.o  Python/dtoa.o  Python/formatter_unicode.o  Python/fileutils.o  Python/suggestions.o  Python/perf_trampoline.o  Python/dynload_shlib.o        Modules/config.o  Modules/main.o  Modules/gcmodule.o  Modules/atexitmodule.o  Modules/faulthandler.o  Modules/posixmodule.o  Modules/signalmodule.o  Modules/_tracemalloc.o  Modules/_codecsmodule.o  Modules/_collectionsmodule.o  Modules/errnomodule.o  Modules/_io/_iomodule.o Modules/_io/iobase.o Modules/_io/fileio.o Modules/_io/bytesio.o Modules/_io/bufferedio.o Modules/_io/textio.o Modules/_io/stringio.o  Modules/itertoolsmodule.o  Modules/_sre/sre.o  Modules/_threadmodule.o  Modules/timemodule.o  Modules/_typingmodule.o  Modules/_weakref.o  Modules/_abc.o  Modules/_functoolsmodule.o  Modules/_localemodule.o  Modules/_operator.o  Modules/_stat.o  Modules/symtablemodule.o  Modules/pwdmodule.o -lintl -ldl  -lutil                        -lm 
--- Python/frozen_modules/getpath.h ---
--- Python/frozen_modules/importlib._bootstrap.h ---
--- Python/frozen_modules/importlib._bootstrap_external.h ---
--- Python/frozen_modules/zipimport.h ---
--- Python/frozen_modules/getpath.h ---
./Programs/_freeze_module getpath ../Modules/getpath.py Python/frozen_modules/getpath.h
--- Python/frozen_modules/zipimport.h ---
./Programs/_freeze_module zipimport ../Lib/zipimport.py Python/frozen_modules/zipimport.h
--- Python/frozen_modules/importlib._bootstrap.h ---
./Programs/_freeze_module importlib._bootstrap ../Lib/importlib/_bootstrap.py Python/frozen_modules/importlib._bootstrap.h
--- Python/frozen_modules/importlib._bootstrap_external.h ---
./Programs/_freeze_module importlib._bootstrap_external ../Lib/importlib/_bootstrap_external.py Python/frozen_modules/importlib._bootstrap_external.h
--- Modules/getpath.o ---
cc -pthread -c -fno-strict-overflow -g -Og -Wall -mabi=purecap-benchmark -O2 -pipe  -std=c11 -Werror=implicit-function-declaration -fvisibility=hidden  -I../Include/internal -IObjects -IInclude -IPython -I. -I../Include -I/usr/local64cb/include   -DPy_BUILD_CORE -DPYTHONPATH='""'  -DPREFIX='"/home/qianhuiwang/cpython/build-benchmark"'  -DEXEC_PREFIX='"/home/qianhuiwang/cpython/build-benchmark"'  -DVERSION='"3.12"'  -DVPATH='".."'  -DPLATLIBDIR='"lib"'  -DPYTHONFRAMEWORK='""'  -o Modules/getpath.o ../Modules/getpath.c
--- Programs/_bootstrap_python.o ---
cc -pthread -c -fno-strict-overflow -g -Og -Wall -mabi=purecap-benchmark -O2 -pipe  -std=c11 -Werror=implicit-function-declaration -fvisibility=hidden  -I../Include/internal -IObjects -IInclude -IPython -I. -I../Include -I/usr/local64cb/include   -DPy_BUILD_CORE -o Programs/_bootstrap_python.o ../Programs/_bootstrap_python.c
--- _bootstrap_python ---
cc -pthread -mabi=purecap-benchmark -L/usr/local64cb/lib -lmd    -o _bootstrap_python Modules/getbuildinfo.o  Parser/token.o Parser/pegen.o  Parser/pegen_errors.o  Parser/action_helpers.o  Parser/parser.o  Parser/string_parser.o  Parser/peg_api.o Parser/myreadline.o Parser/tokenizer.o  Objects/abstract.o  Objects/boolobject.o  Objects/bytes_methods.o  Objects/bytearrayobject.o  Objects/bytesobject.o  Objects/call.o  Objects/capsule.o  Objects/cellobject.o  Objects/classobject.o  Objects/codeobject.o  Objects/complexobject.o  Objects/descrobject.o  Objects/enumobject.o  Objects/exceptions.o  Objects/genericaliasobject.o  Objects/genobject.o  Objects/fileobject.o  Objects/floatobject.o  Objects/frameobject.o  Objects/funcobject.o  Objects/interpreteridobject.o  Objects/iterobject.o  Objects/listobject.o  Objects/longobject.o  Objects/dictobject.o  Objects/odictobject.o  Objects/memoryobject.o  Objects/methodobject.o  Objects/moduleobject.o  Objects/namespaceobject.o  Objects/object.o  Objects/obmalloc.o  Objects/picklebufobject.o  Objects/pointerobject.o  Objects/rangeobject.o  Objects/setobject.o  Objects/sliceobject.o  Objects/structseq.o  Objects/tupleobject.o  Objects/typeobject.o  Objects/typevarobject.o  Objects/unicodeobject.o  Objects/unicodectype.o  Objects/unionobject.o  Objects/weakrefobject.o  Python/_warnings.o  Python/Python-ast.o  Python/Python-tokenize.o  Python/asdl.o  Python/assemble.o  Python/ast.o  Python/ast_opt.o  Python/ast_unparse.o  Python/bltinmodule.o  Python/ceval.o  Python/codecs.o  Python/compile.o  Python/context.o  Python/dynamic_annotations.o  Python/errors.o  Python/flowgraph.o  Python/frame.o  Python/frozenmain.o  Python/future.o  Python/getargs.o  Python/getcompiler.o  Python/getcopyright.o  Python/getplatform.o  Python/getversion.o  Python/ceval_gil.o  Python/hamt.o  Python/hashtable.o  Python/import.o  Python/importdl.o  Python/initconfig.o  Python/instrumentation.o  Python/intrinsics.o  Python/legacy_tracing.o  Python/marshal.o  Python/modsupport.o  Python/mysnprintf.o  Python/mystrtoul.o  Python/pathconfig.o  Python/preconfig.o  Python/pyarena.o  Python/pyctype.o  Python/pyfpe.o  Python/pyhash.o  Python/pylifecycle.o  Python/pymath.o  Python/pystate.o  Python/pythonrun.o  Python/pytime.o  Python/bootstrap_hash.o  Python/specialize.o  Python/structmember.o  Python/symtable.o  Python/sysmodule.o  Python/thread.o  Python/traceback.o  Python/tracemalloc.o  Python/getopt.o  Python/pystrcmp.o  Python/pystrtod.o  Python/pystrhex.o  Python/dtoa.o  Python/formatter_unicode.o  Python/fileutils.o  Python/suggestions.o  Python/perf_trampoline.o  Python/dynload_shlib.o        Modules/config.o  Modules/main.o  Modules/gcmodule.o  Modules/atexitmodule.o  Modules/faulthandler.o  Modules/posixmodule.o  Modules/signalmodule.o  Modules/_tracemalloc.o  Modules/_codecsmodule.o  Modules/_collectionsmodule.o  Modules/errnomodule.o  Modules/_io/_iomodule.o Modules/_io/iobase.o Modules/_io/fileio.o Modules/_io/bytesio.o Modules/_io/bufferedio.o Modules/_io/textio.o Modules/_io/stringio.o  Modules/itertoolsmodule.o  Modules/_sre/sre.o  Modules/_threadmodule.o  Modules/timemodule.o  Modules/_typingmodule.o  Modules/_weakref.o  Modules/_abc.o  Modules/_functoolsmodule.o  Modules/_localemodule.o  Modules/_operator.o  Modules/_stat.o  Modules/symtablemodule.o  Modules/pwdmodule.o  Programs/_bootstrap_python.o Modules/getpath.o -lintl -ldl  -lutil                        -lm 
--- Python/frozen_modules/abc.h ---
--- Python/frozen_modules/codecs.h ---
--- Python/frozen_modules/io.h ---
--- Python/frozen_modules/_collections_abc.h ---
--- Python/frozen_modules/abc.h ---
./_bootstrap_python ../Programs/_freeze_module.py abc ../Lib/abc.py Python/frozen_modules/abc.h
--- Python/frozen_modules/codecs.h ---
./_bootstrap_python ../Programs/_freeze_module.py codecs ../Lib/codecs.py Python/frozen_modules/codecs.h
--- Python/frozen_modules/io.h ---
./_bootstrap_python ../Programs/_freeze_module.py io ../Lib/io.py Python/frozen_modules/io.h
--- Python/frozen_modules/_collections_abc.h ---
./_bootstrap_python ../Programs/_freeze_module.py _collections_abc ../Lib/_collections_abc.py Python/frozen_modules/_collections_abc.h
--- Python/frozen_modules/_sitebuiltins.h ---
--- Python/frozen_modules/genericpath.h ---
--- Python/frozen_modules/_sitebuiltins.h ---
./_bootstrap_python ../Programs/_freeze_module.py _sitebuiltins ../Lib/_sitebuiltins.py Python/frozen_modules/_sitebuiltins.h
--- Python/frozen_modules/genericpath.h ---
./_bootstrap_python ../Programs/_freeze_module.py genericpath ../Lib/genericpath.py Python/frozen_modules/genericpath.h
--- Python/frozen_modules/ntpath.h ---
./_bootstrap_python ../Programs/_freeze_module.py ntpath ../Lib/ntpath.py Python/frozen_modules/ntpath.h
--- Python/frozen_modules/posixpath.h ---
./_bootstrap_python ../Programs/_freeze_module.py posixpath ../Lib/posixpath.py Python/frozen_modules/posixpath.h
--- Python/frozen_modules/os.h ---
--- Python/frozen_modules/site.h ---
--- Python/frozen_modules/os.h ---
./_bootstrap_python ../Programs/_freeze_module.py os ../Lib/os.py Python/frozen_modules/os.h
--- Python/frozen_modules/stat.h ---
./_bootstrap_python ../Programs/_freeze_module.py stat ../Lib/stat.py Python/frozen_modules/stat.h
--- Python/frozen_modules/site.h ---
./_bootstrap_python ../Programs/_freeze_module.py site ../Lib/site.py Python/frozen_modules/site.h
--- Python/frozen_modules/importlib.util.h ---
./_bootstrap_python ../Programs/_freeze_module.py importlib.util ../Lib/importlib/util.py Python/frozen_modules/importlib.util.h
--- Python/frozen_modules/importlib.machinery.h ---
--- Python/frozen_modules/runpy.h ---
--- Python/frozen_modules/importlib.machinery.h ---
./_bootstrap_python ../Programs/_freeze_module.py importlib.machinery ../Lib/importlib/machinery.py Python/frozen_modules/importlib.machinery.h
--- Python/frozen_modules/runpy.h ---
./_bootstrap_python ../Programs/_freeze_module.py runpy ../Lib/runpy.py Python/frozen_modules/runpy.h
--- Python/frozen_modules/__hello__.h ---
--- Python/frozen_modules/__phello__.h ---
--- Python/frozen_modules/__phello__.ham.h ---
--- Python/frozen_modules/__phello__.ham.eggs.h ---
--- Python/frozen_modules/__hello__.h ---
./_bootstrap_python ../Programs/_freeze_module.py __hello__ ../Lib/__hello__.py Python/frozen_modules/__hello__.h
--- Python/frozen_modules/__phello__.ham.eggs.h ---
./_bootstrap_python ../Programs/_freeze_module.py __phello__.ham.eggs ../Lib/__phello__/ham/eggs.py Python/frozen_modules/__phello__.ham.eggs.h
--- Python/frozen_modules/__phello__.h ---
./_bootstrap_python ../Programs/_freeze_module.py __phello__ ../Lib/__phello__/__init__.py Python/frozen_modules/__phello__.h
--- Python/frozen_modules/__phello__.ham.h ---
./_bootstrap_python ../Programs/_freeze_module.py __phello__.ham ../Lib/__phello__/ham/__init__.py Python/frozen_modules/__phello__.ham.h
--- Python/frozen_modules/__phello__.spam.h ---
./_bootstrap_python ../Programs/_freeze_module.py __phello__.spam ../Lib/__phello__/spam.py Python/frozen_modules/__phello__.spam.h
--- Python/frozen_modules/frozen_only.h ---
./_bootstrap_python ../Programs/_freeze_module.py frozen_only ../Tools/freeze/flag.py Python/frozen_modules/frozen_only.h
--- Python/deepfreeze/deepfreeze.c ---
--- Python/frozen.o ---
--- Python/deepfreeze/deepfreeze.c ---
./_bootstrap_python ../Tools/build/deepfreeze.py  Python/frozen_modules/importlib._bootstrap.h:importlib._bootstrap  Python/frozen_modules/importlib._bootstrap_external.h:importlib._bootstrap_external  Python/frozen_modules/zipimport.h:zipimport  Python/frozen_modules/abc.h:abc  Python/frozen_modules/codecs.h:codecs  Python/frozen_modules/io.h:io  Python/frozen_modules/_collections_abc.h:_collections_abc  Python/frozen_modules/_sitebuiltins.h:_sitebuiltins  Python/frozen_modules/genericpath.h:genericpath  Python/frozen_modules/ntpath.h:ntpath  Python/frozen_modules/posixpath.h:posixpath  Python/frozen_modules/os.h:os  Python/frozen_modules/site.h:site  Python/frozen_modules/stat.h:stat  Python/frozen_modules/importlib.util.h:importlib.util  Python/frozen_modules/importlib.machinery.h:importlib.machinery  Python/frozen_modules/runpy.h:runpy  Python/frozen_modules/__hello__.h:__hello__  Python/frozen_modules/__phello__.h:__phello__  Python/frozen_modules/__phello__.ham.h:__phello__.ham  Python/frozen_modules/__--- Python/frozen.o ---
cc -pthread -c -fno-strict-overflow -g -Og -Wall -mabi=purecap-benchmark -O2 -pipe  -std=c11 -Werror=implicit-function-declaration -fvisibility=hidden  -I../Include/internal -IObjects -IInclude -IPython -I. -I../Include -I/usr/local64cb/include   -DPy_BUILD_CORE -o Python/frozen.o ../Python/frozen.c
--- Python/deepfreeze/deepfreeze.c ---
phello__.ham.eggs.h:__phello__.ham.eggs  Python/frozen_modules/__phello__.spam.h:__phello__.spam  Python/frozen_modules/frozen_only.h:frozen_only  -o Python/deepfreeze/deepfreeze.c
--- Python/deepfreeze/deepfreeze.o ---
cc -pthread -c -fno-strict-overflow -g -Og -Wall -mabi=purecap-benchmark -O2 -pipe  -std=c11 -Werror=implicit-function-declaration -fvisibility=hidden  -I../Include/internal -IObjects -IInclude -IPython -I. -I../Include -I/usr/local64cb/include   -DPy_BUILD_CORE -o Python/deepfreeze/deepfreeze.o Python/deepfreeze/deepfreeze.c
In file included from Python/deepfreeze/deepfreeze.c:5:
../Include/internal/pycore_long.h:154:34: warning: binary expression on capability types 'uintptr_t' (aka 'unsigned __intcap') and 'uintptr_t'; it is not clear which should be used as the source of provenance; currently provenance is inherited from the left-hand side [-Wcheri-provenance]
return (a->long_value.lv_tag | b->long_value.lv_tag) < (2 << NON_SIZE_BITS);
~~~~~~~~~~~~~~~~~~~~ ^ ~~~~~~~~~~~~~~~~~~~~
1 warning generated.
--- libpython3.12d.a ---
rm -f libpython3.12d.a
ar rcs libpython3.12d.a Modules/getbuildinfo.o  Parser/token.o Parser/pegen.o  Parser/pegen_errors.o  Parser/action_helpers.o  Parser/parser.o  Parser/string_parser.o  Parser/peg_api.o Parser/myreadline.o Parser/tokenizer.o  Objects/abstract.o  Objects/boolobject.o  Objects/bytes_methods.o  Objects/bytearrayobject.o  Objects/bytesobject.o  Objects/call.o  Objects/capsule.o  Objects/cellobject.o  Objects/classobject.o  Objects/codeobject.o  Objects/complexobject.o  Objects/descrobject.o  Objects/enumobject.o  Objects/exceptions.o  Objects/genericaliasobject.o  Objects/genobject.o  Objects/fileobject.o  Objects/floatobject.o  Objects/frameobject.o  Objects/funcobject.o  Objects/interpreteridobject.o  Objects/iterobject.o  Objects/listobject.o  Objects/longobject.o  Objects/dictobject.o  Objects/odictobject.o  Objects/memoryobject.o  Objects/methodobject.o  Objects/moduleobject.o  Objects/namespaceobject.o  Objects/object.o  Objects/obmalloc.o  Objects/picklebufobject.o  Objects/pointerobject.o  Objects/rangeobject.o  Objects/setobject.o  Objects/sliceobject.o  Objects/structseq.o  Objects/tupleobject.o  Objects/typeobject.o  Objects/typevarobject.o  Objects/unicodeobject.o  Objects/unicodectype.o  Objects/unionobject.o  Objects/weakrefobject.o  Python/_warnings.o  Python/Python-ast.o  Python/Python-tokenize.o  Python/asdl.o  Python/assemble.o  Python/ast.o  Python/ast_opt.o  Python/ast_unparse.o  Python/bltinmodule.o  Python/ceval.o  Python/codecs.o  Python/compile.o  Python/context.o  Python/dynamic_annotations.o  Python/errors.o  Python/flowgraph.o  Python/frame.o  Python/frozenmain.o  Python/future.o  Python/getargs.o  Python/getcompiler.o  Python/getcopyright.o  Python/getplatform.o  Python/getversion.o  Python/ceval_gil.o  Python/hamt.o  Python/hashtable.o  Python/import.o  Python/importdl.o  Python/initconfig.o  Python/instrumentation.o  Python/intrinsics.o  Python/legacy_tracing.o  Python/marshal.o  Python/modsupport.o  Python/mysnprintf.o  Python/mystrtoul.o  Python/pathconfig.o  Python/preconfig.o  Python/pyarena.o  Python/pyctype.o  Python/pyfpe.o  Python/pyhash.o  Python/pylifecycle.o  Python/pymath.o  Python/pystate.o  Python/pythonrun.o  Python/pytime.o  Python/bootstrap_hash.o  Python/specialize.o  Python/structmember.o  Python/symtable.o  Python/sysmodule.o  Python/thread.o  Python/traceback.o  Python/tracemalloc.o  Python/getopt.o  Python/pystrcmp.o  Python/pystrtod.o  Python/pystrhex.o  Python/dtoa.o  Python/formatter_unicode.o  Python/fileutils.o  Python/suggestions.o  Python/perf_trampoline.o  Python/dynload_shlib.o        Modules/config.o  Modules/main.o  Modules/gcmodule.o  Modules/atexitmodule.o  Modules/faulthandler.o  Modules/posixmodule.o  Modules/signalmodule.o  Modules/_tracemalloc.o  Modules/_codecsmodule.o  Modules/_collectionsmodule.o  Modules/errnomodule.o  Modules/_io/_iomodule.o Modules/_io/iobase.o Modules/_io/fileio.o Modules/_io/bytesio.o Modules/_io/bufferedio.o Modules/_io/textio.o Modules/_io/stringio.o  Modules/itertoolsmodule.o  Modules/_sre/sre.o  Modules/_threadmodule.o  Modules/timemodule.o  Modules/_typingmodule.o  Modules/_weakref.o  Modules/_abc.o  Modules/_functoolsmodule.o  Modules/_localemodule.o  Modules/_operator.o  Modules/_stat.o  Modules/symtablemodule.o  Modules/pwdmodule.o  Python/deepfreeze/deepfreeze.o  Modules/getpath.o  Python/frozen.o
--- python ---
--- Programs/_testembed ---
--- python ---
cc -pthread -mabi=purecap-benchmark -L/usr/local64cb/lib -lmd    -Wl,--export-dynamic -o python Programs/python.o Modules/getbuildinfo.o  Parser/token.o Parser/pegen.o  Parser/pegen_errors.o  Parser/action_helpers.o  Parser/parser.o  Parser/string_parser.o  Parser/peg_api.o Parser/myreadline.o Parser/tokenizer.o  Objects/abstract.o  Objects/boolobject.o  Objects/bytes_methods.o  Objects/bytearrayobject.o  Objects/bytesobject.o  Objects/call.o  Objects/capsule.o  Objects/cellobject.o  Objects/classobject.o  Objects/codeobject.o  Objects/complexobject.o  Objects/descrobject.o  Objects/enumobject.o  Objects/exceptions.o  Objects/genericaliasobject.o  Objects/genobject.o  Objects/fileobject.o  Objects/floatobject.o  Objects/frameobject.o  Objects/funcobject.o  Objects/interpreteridobject.o  Objects/iterobject.o  Objects/listobject.o  Objects/longobject.o  Objects/dictobject.o  Objects/odictobject.o  Objects/memoryobject.o  Objects/methodobject.o  Objects/moduleobject.o  Objects/namespaceobject.o  Objects/object.o  Objects/obmalloc.o  Objects/picklebufobject.o  Objects/pointerobject.o  Objects/rangeobject.o  Objects/setobject.o  Objects/sliceobject.o  Objects/structseq.o  Objects/tupleobject.o  Objects/typeobject.o  Objects/typevarobject.o  Objects/unicodeobject.o  Objects/unicodectype.o  Objects/unionobject.o  Objects/weakrefobject.o  Python/_warnings.o  Python/Python-ast.o  Python/Python-tokenize.o  Python/asdl.o  Python/assemble.o  Python/ast.o  Python/ast_opt.o  Python/ast_unparse.o  Python/bltinmodule.o  Python/ceval.o  Python/codecs.o  Python/compile.o  Python/context.o  Python/dynamic_annotations.o  Python/errors.o  Python/flowgraph.o  Python/frame.o  Python/frozenmain.o  Python/future.o  Python/getargs.o  Python/getcompiler.o  Python/getcopyright.o  Python/getplatform.o  Python/getversion.o  Python/ceval_gil.o  Python/hamt.o  Python/hashtable.o  Python/import.o  Python/importdl.o  Python/initconfig.o  Python/instrumentation.o  Python/intrinsics.o  Python/legacy_tracing.o  Python/marshal.o  Python/modsupport.o  Python/mysnprintf.o  Python/mystrtoul.o  Python/pathconfig.o  Python/preconfig.o  Python/pyarena.o  Python/pyctype.o  Python/pyfpe.o  Python/pyhash.o  Python/pylifecycle.o  Python/pymath.o  Python/pystate.o  Python/pythonrun.o  Python/pytime.o  Python/bootstrap_hash.o  Python/specialize.o  Python/structmember.o  Python/symtable.o  Python/sysmodule.o  Python/thread.o  Python/traceback.o  Python/tracemalloc.o  Python/getopt.o  Python/pystrcmp.o  Python/pystrtod.o  Python/pystrhex.o  Python/dtoa.o  Python/formatter_unicode.o  Python/fileutils.o  Python/suggestions.o  Python/perf_trampoline.o  Python/dynload_shlib.o        Modules/config.o  Modules/main.o  Modules/gcmodule.o  Modules/atexitmodule.o  Modules/faulthandler.o  Modules/posixmodule.o  Modules/signalmodule.o  Modules/_tracemalloc.o  Modules/_codecsmodule.o  Modules/_collectionsmodule.o  Modules/errnomodule.o  Modules/_io/_iomodule.o Modules/_io/iobase.o Modules/_io/fileio.o Modules/_io/bytesio.o Modules/_io/bufferedio.o Modules/_io/textio.o Modules/_io/stringio.o  Modules/itertoolsmodule.o  Modules/_sre/sre.o  Modules/_threadmodule.o  Modules/timemodule.o  Modules/_typingmodule.o  Modules/_weakref.o  Modules/_abc.o  Modules/_functoolsmodule.o  Modules/_localemodule.o  Modules/_operator.o  Modules/_stat.o  Modules/symtablemodule.o  Modules/pwdmodule.o  Python/deepfreeze/deepfreeze.o  Modules/getpath.o  Python/frozen.o -lintl -ldl  -lutil                        -lm 
--- Programs/_testembed ---
cc -pthread -mabi=purecap-benchmark -L/usr/local64cb/lib -lmd    -Wl,--export-dynamic -o Programs/_testembed Programs/_testembed.o Modules/getbuildinfo.o  Parser/token.o Parser/pegen.o  Parser/pegen_errors.o  Parser/action_helpers.o  Parser/parser.o  Parser/string_parser.o  Parser/peg_api.o Parser/myreadline.o Parser/tokenizer.o  Objects/abstract.o  Objects/boolobject.o  Objects/bytes_methods.o  Objects/bytearrayobject.o  Objects/bytesobject.o  Objects/call.o  Objects/capsule.o  Objects/cellobject.o  Objects/classobject.o  Objects/codeobject.o  Objects/complexobject.o  Objects/descrobject.o  Objects/enumobject.o  Objects/exceptions.o  Objects/genericaliasobject.o  Objects/genobject.o  Objects/fileobject.o  Objects/floatobject.o  Objects/frameobject.o  Objects/funcobject.o  Objects/interpreteridobject.o  Objects/iterobject.o  Objects/listobject.o  Objects/longobject.o  Objects/dictobject.o  Objects/odictobject.o  Objects/memoryobject.o  Objects/methodobject.o  Objects/moduleobject.o  Objects/namespaceobject.o  Objects/object.o  Objects/obmalloc.o  Objects/picklebufobject.o  Objects/pointerobject.o  Objects/rangeobject.o  Objects/setobject.o  Objects/sliceobject.o  Objects/structseq.o  Objects/tupleobject.o  Objects/typeobject.o  Objects/typevarobject.o  Objects/unicodeobject.o  Objects/unicodectype.o  Objects/unionobject.o  Objects/weakrefobject.o  Python/_warnings.o  Python/Python-ast.o  Python/Python-tokenize.o  Python/asdl.o  Python/assemble.o  Python/ast.o  Python/ast_opt.o  Python/ast_unparse.o  Python/bltinmodule.o  Python/ceval.o  Python/codecs.o  Python/compile.o  Python/context.o  Python/dynamic_annotations.o  Python/errors.o  Python/flowgraph.o  Python/frame.o  Python/frozenmain.o  Python/future.o  Python/getargs.o  Python/getcompiler.o  Python/getcopyright.o  Python/getplatform.o  Python/getversion.o  Python/ceval_gil.o  Python/hamt.o  Python/hashtable.o  Python/import.o  Python/importdl.o  Python/initconfig.o  Python/instrumentation.o  Python/intrinsics.o  Python/legacy_tracing.o  Python/marshal.o  Python/modsupport.o  Python/mysnprintf.o  Python/mystrtoul.o  Python/pathconfig.o  Python/preconfig.o  Python/pyarena.o  Python/pyctype.o  Python/pyfpe.o  Python/pyhash.o  Python/pylifecycle.o  Python/pymath.o  Python/pystate.o  Python/pythonrun.o  Python/pytime.o  Python/bootstrap_hash.o  Python/specialize.o  Python/structmember.o  Python/symtable.o  Python/sysmodule.o  Python/thread.o  Python/traceback.o  Python/tracemalloc.o  Python/getopt.o  Python/pystrcmp.o  Python/pystrtod.o  Python/pystrhex.o  Python/dtoa.o  Python/formatter_unicode.o  Python/fileutils.o  Python/suggestions.o  Python/perf_trampoline.o  Python/dynload_shlib.o        Modules/config.o  Modules/main.o  Modules/gcmodule.o  Modules/atexitmodule.o  Modules/faulthandler.o  Modules/posixmodule.o  Modules/signalmodule.o  Modules/_tracemalloc.o  Modules/_codecsmodule.o  Modules/_collectionsmodule.o  Modules/errnomodule.o  Modules/_io/_iomodule.o Modules/_io/iobase.o Modules/_io/fileio.o Modules/_io/bytesio.o Modules/_io/bufferedio.o Modules/_io/textio.o Modules/_io/stringio.o  Modules/itertoolsmodule.o  Modules/_sre/sre.o  Modules/_threadmodule.o  Modules/timemodule.o  Modules/_typingmodule.o  Modules/_weakref.o  Modules/_abc.o  Modules/_functoolsmodule.o  Modules/_localemodule.o  Modules/_operator.o  Modules/_stat.o  Modules/symtablemodule.o  Modules/pwdmodule.o  Python/deepfreeze/deepfreeze.o  Modules/getpath.o  Python/frozen.o -lintl -ldl  -lutil                        -lm 
--- pybuilddir.txt ---
./python -E -S -m sysconfig --generate-posix-vars ; if test $? -ne 0 ; then  echo "generate-posix-vars failed" ;  rm -f ./pybuilddir.txt ;  exit 1 ;  fi
--- platform ---
--- sharedmods ---
--- platform ---
./python -E -c 'import sys ; from sysconfig import get_platform ; print("%s-%d.%d" % (get_platform(), *sys.version_info[:2]))' >platform
--- checksharedmods ---
--- rundsymutil ---
	--- checksharedmods ---
Checked 111 modules (31 built-in, 78 shared, 2 n/a on freebsd-15.0-CURRENT-arm64, 0 disabled, 0 missing, 0 failed on import)
