This file contains any messages produced by compilers while
running configure, to aid debugging if configure makes a mistake.

It was created by python configure 3.12, which was
generated by GNU Autoconf 2.71.  Invocation command line was

  $ ../configure --with-pydebug --build=aarch64-unknown-freebsd --with-assertions --prefix=/home/qianhuiwang/cpython/build-purecap

## --------- ##
## Platform. ##
## --------- ##

hostname = cheribsd
uname -m = arm64
uname -r = 15.0-CURRENT
uname -s = FreeBSD
uname -v = FreeBSD 15.0-CURRENT #0 releng/24.05-b2ad856aac65: Fri Jul 19 21:17:24 UTC 2024     jenkins@focal:/local/scratch/jenkins/workspace/CheriBSD-pipeline_releng_24.05@2/cheribsd-morello-purecap-build/local/scratch/jenkins/workspace/CheriBSD-pipeline_releng_24.05@2/cheribsd/arm64.aarch64c/sys/GENERIC-MORELLO-PURECAP

/usr/bin/uname -p = aarch64c
/bin/uname -X     = unknown

/bin/arch              = unknown
/usr/bin/arch -k       = unknown
/usr/convex/getsysinfo = unknown
/usr/bin/hostinfo      = unknown
/bin/machine           = unknown
/usr/bin/oslevel       = unknown
/bin/universe          = unknown

PATH: /sbin/
PATH: /bin/
PATH: /usr/sbin/
PATH: /usr/bin/
PATH: /usr/local/sbin/
PATH: /usr/local/bin/
PATH: /usr/local64cb/sbin/
PATH: /usr/local64cb/bin/
PATH: /usr/local64/sbin/
PATH: /usr/local64/bin/
PATH: /home/qianhuiwang/bin/
PATH: /usr/share/examples/bhyve/
PATH: /usr/share/examples/bhyve/
PATH: /usr/share/examples/bhyve/


## ----------- ##
## Core tests. ##
## ----------- ##

configure:3331: looking for aux files: install-sh config.guess config.sub
configure:3344:  trying ../
configure:3355:   ../install-sh found
configure:3373:   ../config.guess found
configure:3373:   ../config.sub found
configure:3516: checking for git
configure:3537: found /usr/local/bin/git
configure:3549: result: found
configure:3582: checking build system type
configure:3597: result: aarch64-unknown-freebsd
configure:3617: checking host system type
configure:3631: result: aarch64-unknown-freebsd
configure:3708: checking for Python interpreter freezing
configure:3710: result: ./_bootstrap_python
configure:3743: checking for python3.12
configure:3778: result: no
configure:3743: checking for python3.12
configure:3778: result: no
configure:3743: checking for python3.11
configure:3778: result: no
configure:3743: checking for python3.10
configure:3764: found /usr/local64/bin/python3.10
configure:3775: result: python3.10
configure:3789: checking Python for regen version
configure:3792: result: Python 3.10.12
configure:3985: checking pkg-config is at least version 0.9.0
configure:3988: result: yes
configure:4011: checking for --enable-universalsdk
configure:4059: result: no
configure:4083: checking for --with-universal-archs
configure:4099: result: no
configure:4251: checking MACHDEP
configure:4320: result: "freebsd15"
configure:4689: checking for gcc
configure:4721: result: cc
configure:5074: checking for C compiler version
configure:5083: cc --version >&5
clang version 14.0.0
Target: aarch64-unknown-freebsd15.0
Thread model: posix
InstalledDir: /usr/local64/llvm-morello/bin
configure:5094: $? = 0
configure:5083: cc -v >&5
clang version 14.0.0
Target: aarch64-unknown-freebsd15.0
Thread model: posix
InstalledDir: /usr/local64/llvm-morello/bin
clang-14: warning: argument unused during compilation: '-Xclang -morello-vararg=new' [-Wunused-command-line-argument]
clang-14: warning: argument unused during compilation: '-Xclang -morello-bounded-memargs' [-Wunused-command-line-argument]
configure:5094: $? = 0
configure:5083: cc -V >&5
clang-14: error: argument to '-V' is missing (expected 1 value)
clang-14: error: no input files
configure:5094: $? = 1
configure:5083: cc -qversion >&5
clang-14: error: unknown argument '-qversion'; did you mean '--version'?
clang-14: error: no input files
configure:5094: $? = 1
configure:5083: cc -version >&5
clang-14: error: unknown argument '-version'; did you mean '--version'?
clang-14: error: no input files
configure:5094: $? = 1
configure:5114: checking whether the C compiler works
configure:5136: cc -mabi=purecap -I/usr/local/include -I/usr/include -mabi=purecap -L/usr/local/lib -L/usr/lib -lmd -lcheri_caprevoke conftest.c  >&5
configure:5140: $? = 0
configure:5190: result: yes
configure:5193: checking for C compiler default output file name
configure:5195: result: a.out
configure:5201: checking for suffix of executables
configure:5208: cc -o conftest -mabi=purecap -I/usr/local/include -I/usr/include -mabi=purecap -L/usr/local/lib -L/usr/lib -lmd -lcheri_caprevoke conftest.c  >&5
configure:5212: $? = 0
configure:5235: result: 
configure:5257: checking whether we are cross compiling
configure:5265: cc -o conftest -mabi=purecap -I/usr/local/include -I/usr/include -mabi=purecap -L/usr/local/lib -L/usr/lib -lmd -lcheri_caprevoke conftest.c  >&5
configure:5269: $? = 0
configure:5276: ./conftest
configure:5280: $? = 0
configure:5295: result: no
configure:5300: checking for suffix of object files
configure:5323: cc -c -mabi=purecap -I/usr/local/include -I/usr/include conftest.c >&5
configure:5327: $? = 0
configure:5349: result: o
configure:5353: checking whether the compiler supports GNU C
configure:5373: cc -c -mabi=purecap -I/usr/local/include -I/usr/include conftest.c >&5
configure:5373: $? = 0
configure:5383: result: yes
configure:5394: checking whether cc accepts -g
configure:5415: cc -c -g -I/usr/local/include -I/usr/include conftest.c >&5
configure:5415: $? = 0
configure:5459: result: yes
configure:5479: checking for cc option to enable C11 features
configure:5494: cc  -c -mabi=purecap -I/usr/local/include -I/usr/include conftest.c >&5
configure:5494: $? = 0
configure:5512: result: none needed
configure:5627: checking how to run the C preprocessor
configure:5653: cc -E -I/usr/local/include -I/usr/include conftest.c
configure:5653: $? = 0
configure:5668: cc -E -I/usr/local/include -I/usr/include conftest.c
conftest.c:10:10: fatal error: 'ac_nonexistent.h' file not found
#include <ac_nonexistent.h>
         ^~~~~~~~~~~~~~~~~~
1 error generated.
configure:5668: $? = 1
configure: failed program was:
| /* confdefs.h */
| #define _NETBSD_SOURCE 1
| #define __BSD_VISIBLE 1
| #define _DARWIN_C_SOURCE 1
| #define _PYTHONFRAMEWORK ""
| #define _XOPEN_SOURCE 700
| #define _XOPEN_SOURCE_EXTENDED 1
| #define _POSIX_C_SOURCE 200809L
| /* end confdefs.h.  */
| #include <ac_nonexistent.h>
configure:5695: result: cc -E
configure:5709: cc -E -I/usr/local/include -I/usr/include conftest.c
configure:5709: $? = 0
configure:5724: cc -E -I/usr/local/include -I/usr/include conftest.c
conftest.c:10:10: fatal error: 'ac_nonexistent.h' file not found
#include <ac_nonexistent.h>
         ^~~~~~~~~~~~~~~~~~
1 error generated.
configure:5724: $? = 1
configure: failed program was:
| /* confdefs.h */
| #define _NETBSD_SOURCE 1
| #define __BSD_VISIBLE 1
| #define _DARWIN_C_SOURCE 1
| #define _PYTHONFRAMEWORK ""
| #define _XOPEN_SOURCE 700
| #define _XOPEN_SOURCE_EXTENDED 1
| #define _POSIX_C_SOURCE 200809L
| /* end confdefs.h.  */
| #include <ac_nonexistent.h>
configure:5754: checking for grep that handles long lines and -e
configure:5818: result: /usr/bin/grep
configure:5823: checking for a sed that does not truncate output
configure:5893: result: /usr/local/bin/gsed
configure:5898: checking for egrep
configure:5966: result: /usr/bin/grep -E
configure:5972: checking for CC compiler name
configure:6003: result: clang
configure:6014: checking for stdio.h
configure:6014: cc -c -mabi=purecap -I/usr/local/include -I/usr/include conftest.c >&5
configure:6014: $? = 0
configure:6014: result: yes
configure:6014: checking for stdlib.h
configure:6014: cc -c -mabi=purecap -I/usr/local/include -I/usr/include conftest.c >&5
configure:6014: $? = 0
configure:6014: result: yes
configure:6014: checking for string.h
configure:6014: cc -c -mabi=purecap -I/usr/local/include -I/usr/include conftest.c >&5
configure:6014: $? = 0
configure:6014: result: yes
configure:6014: checking for inttypes.h
configure:6014: cc -c -mabi=purecap -I/usr/local/include -I/usr/include conftest.c >&5
configure:6014: $? = 0
configure:6014: result: yes
configure:6014: checking for stdint.h
configure:6014: cc -c -mabi=purecap -I/usr/local/include -I/usr/include conftest.c >&5
configure:6014: $? = 0
configure:6014: result: yes
configure:6014: checking for strings.h
configure:6014: cc -c -mabi=purecap -I/usr/local/include -I/usr/include conftest.c >&5
configure:6014: $? = 0
configure:6014: result: yes
configure:6014: checking for sys/stat.h
configure:6014: cc -c -mabi=purecap -I/usr/local/include -I/usr/include conftest.c >&5
configure:6014: $? = 0
configure:6014: result: yes
configure:6014: checking for sys/types.h
configure:6014: cc -c -mabi=purecap -I/usr/local/include -I/usr/include conftest.c >&5
configure:6014: $? = 0
configure:6014: result: yes
configure:6014: checking for unistd.h
configure:6014: cc -c -mabi=purecap -I/usr/local/include -I/usr/include conftest.c >&5
configure:6014: $? = 0
configure:6014: result: yes
configure:6014: checking for wchar.h
configure:6014: cc -c -mabi=purecap -I/usr/local/include -I/usr/include conftest.c >&5
configure:6014: $? = 0
configure:6014: result: yes
configure:6014: checking for minix/config.h
configure:6014: cc -c -mabi=purecap -I/usr/local/include -I/usr/include conftest.c >&5
conftest.c:48:10: fatal error: 'minix/config.h' file not found
#include <minix/config.h>
         ^~~~~~~~~~~~~~~~
1 error generated.
configure:6014: $? = 1
configure: failed program was:
| /* confdefs.h */
| #define _NETBSD_SOURCE 1
| #define __BSD_VISIBLE 1
| #define _DARWIN_C_SOURCE 1
| #define _PYTHONFRAMEWORK ""
| #define _XOPEN_SOURCE 700
| #define _XOPEN_SOURCE_EXTENDED 1
| #define _POSIX_C_SOURCE 200809L
| #define HAVE_STDIO_H 1
| #define HAVE_STDLIB_H 1
| #define HAVE_STRING_H 1
| #define HAVE_INTTYPES_H 1
| #define HAVE_STDINT_H 1
| #define HAVE_STRINGS_H 1
| #define HAVE_SYS_STAT_H 1
| #define HAVE_SYS_TYPES_H 1
| #define HAVE_UNISTD_H 1
| #define HAVE_WCHAR_H 1
| /* end confdefs.h.  */
| #include <stddef.h>
| #ifdef HAVE_STDIO_H
| # include <stdio.h>
| #endif
| #ifdef HAVE_STDLIB_H
| # include <stdlib.h>
| #endif
| #ifdef HAVE_STRING_H
| # include <string.h>
| #endif
| #ifdef HAVE_INTTYPES_H
| # include <inttypes.h>
| #endif
| #ifdef HAVE_STDINT_H
| # include <stdint.h>
| #endif
| #ifdef HAVE_STRINGS_H
| # include <strings.h>
| #endif
| #ifdef HAVE_SYS_TYPES_H
| # include <sys/types.h>
| #endif
| #ifdef HAVE_SYS_STAT_H
| # include <sys/stat.h>
| #endif
| #ifdef HAVE_UNISTD_H
| # include <unistd.h>
| #endif
| #include <minix/config.h>
configure:6014: result: no
configure:6045: checking whether it is safe to define __EXTENSIONS__
configure:6064: cc -c -mabi=purecap -I/usr/local/include -I/usr/include conftest.c >&5
configure:6064: $? = 0
configure:6072: result: yes
configure:6075: checking whether _XOPEN_SOURCE should be defined
configure:6097: cc -c -mabi=purecap -I/usr/local/include -I/usr/include conftest.c >&5
configure:6097: $? = 0
configure:6124: result: no
configure:6757: checking for the platform triplet based on compiler characteristics
configure:6949: result: none
configure:6954: checking for multiarch
configure:6966: result: 
configure:6983: checking for PEP 11 support tier
configure:7036: WARNING: aarch64-unknown-freebsd/clang is not supported
configure:7045: checking for -Wl,--no-as-needed
configure:7065: cc -o conftest -mabi=purecap -I/usr/local/include -I/usr/include -mabi=purecap -L/usr/local/lib -L/usr/lib -lmd -lcheri_caprevoke -Wl,--no-as-needed conftest.c  >&5
configure:7065: $? = 0
configure:7078: result: yes
configure:7082: checking for the Android API level
configure:7114: result: not Android
configure:7130: checking for --with-emscripten-target
configure:7169: result: 
configure:7172: checking for --enable-wasm-dynamic-linking
configure:7194: result: missing
configure:7197: checking for --enable-wasm-pthreads
configure:7219: result: missing
configure:7222: checking for --with-suffix
configure:7255: result: 
configure:7261: checking for case-insensitive build directory
configure:7273: result: no
configure:7287: checking LIBRARY
configure:7293: result: libpython$(VERSION)$(ABIFLAGS).a
configure:7333: checking LINKCC
configure:7345: result: $(PURIFY) $(CC)
configure:7354: checking EXPORTSYMS
configure:7362: result: 
configure:7371: checking for GNU ld
configure:7383: result: yes
configure:7386: checking for --enable-shared
configure:7404: result: no
configure:7409: checking for --with-static-libpython
configure:7426: result: yes
configure:7432: checking for --enable-profiling
configure:7459: result: no
configure:7467: checking LDLIBRARY
configure:7736: checking HOSTRUNNER
configure:7738: result: 
configure:7745: result: libpython$(VERSION)$(ABIFLAGS).a
configure:7834: checking for ar
configure:7855: found /usr/bin/ar
configure:7866: result: ar
configure:7921: checking for a BSD-compatible install
configure:7994: result: /usr/bin/install -c
configure:8006: checking for a race-free mkdir -p
configure:8050: result: ../install-sh -c -d
configure:8068: checking for --with-pydebug
configure:8080: result: yes
configure:8095: checking for --with-trace-refs
configure:8107: result: no
configure:8119: checking for --enable-pystats
configure:8130: result: no
configure:8145: checking for --with-assertions
configure:8159: result: yes
configure:8174: checking for --enable-optimizations
configure:8191: result: no
configure:8260: checking PROFILE_TASK
configure:8266: result: -m test --pgo --timeout=$(TESTTIMEOUT)
configure:8290: checking for --with-lto
configure:8328: result: no
configure:8708: checking for llvm-profdata
configure:8731: found /usr/local64/bin/llvm-profdata
configure:8743: result: /usr/local64/bin/llvm-profdata
configure:8836: checking for --enable-bolt
configure:8853: result: no
configure:9159: checking BOLT_INSTRUMENT_FLAGS
configure:9165: result: 
configure:9169: checking BOLT_APPLY_FLAGS
configure:9176: result:  -update-debug-sections -reorder-blocks=ext-tsp -reorder-functions=hfsort+ -split-functions -icf=1 -inline-all -split-eh -reorder-functions-use-hot-size -peepholes=none -jump-tables=aggressive -inline-ap -indirect-call-promotion=all -dyno-stats -use-gnu-stack -frame-opt=hot 
configure:9207: checking if cc supports -fstrict-overflow and -fno-strict-overflow
configure:9224: cc -c -fstrict-overflow -fno-strict-overflow -I/usr/local/include -I/usr/include conftest.c >&5
configure:9224: $? = 0
configure:9234: result: yes
configure:9247: checking for --with-strict-overflow
configure:9265: result: no
configure:9271: checking if cc supports -Og optimization level
configure:9290: cc -c -Og -I/usr/local/include -I/usr/include conftest.c >&5
configure:9290: $? = 0
configure:9303: result: yes
configure:9507: checking if we can add -Wextra
configure:9527: cc -c -mabi=purecap-Wextra -Werror -I/usr/local/include -I/usr/include conftest.c >&5
error: unknown target ABI 'purecap-Wextra'
configure:9527: $? = 1
configure: failed program was:
| /* confdefs.h */
| #define _NETBSD_SOURCE 1
| #define __BSD_VISIBLE 1
| #define _DARWIN_C_SOURCE 1
| #define _PYTHONFRAMEWORK ""
| #define _XOPEN_SOURCE 700
| #define _XOPEN_SOURCE_EXTENDED 1
| #define _POSIX_C_SOURCE 200809L
| #define HAVE_STDIO_H 1
| #define HAVE_STDLIB_H 1
| #define HAVE_STRING_H 1
| #define HAVE_INTTYPES_H 1
| #define HAVE_STDINT_H 1
| #define HAVE_STRINGS_H 1
| #define HAVE_SYS_STAT_H 1
| #define HAVE_SYS_TYPES_H 1
| #define HAVE_UNISTD_H 1
| #define HAVE_WCHAR_H 1
| #define STDC_HEADERS 1
| #define _ALL_SOURCE 1
| #define _DARWIN_C_SOURCE 1
| #define _GNU_SOURCE 1
| #define _HPUX_ALT_XOPEN_SOCKET_API 1
| #define _NETBSD_SOURCE 1
| #define _OPENBSD_SOURCE 1
| #define _POSIX_PTHREAD_SEMANTICS 1
| #define __STDC_WANT_IEC_60559_ATTRIBS_EXT__ 1
| #define __STDC_WANT_IEC_60559_BFP_EXT__ 1
| #define __STDC_WANT_IEC_60559_DFP_EXT__ 1
| #define __STDC_WANT_IEC_60559_FUNCS_EXT__ 1
| #define __STDC_WANT_IEC_60559_TYPES_EXT__ 1
| #define __STDC_WANT_LIB_EXT2__ 1
| #define __STDC_WANT_MATH_SPEC_FUNCS__ 1
| #define _TANDEM_SOURCE 1
| #define __EXTENSIONS__ 1
| #define PY_SUPPORT_TIER 0
| #define Py_DEBUG 1
| /* end confdefs.h.  */
| 
| int
| main (void)
| {
| 
|   ;
|   return 0;
| }
configure:9537: result: no
configure:9553: checking whether cc -fno-strict-aliasing accepts and needs -fno-strict-aliasing
configure:9572: cc -fno-strict-aliasing -c -mabi=purecap -I/usr/local/include -I/usr/include conftest.c >&5
configure:9572: $? = 0
configure:9590: cc -fstrict-aliasing -c -mabi=purecap -Werror -Wstrict-aliasing -I/usr/local/include -I/usr/include conftest.c >&5
configure:9590: $? = 0
configure:9609: result: no
configure:9670: checking if we can disable cc unused-parameter warning
configure:9690: cc -c -mabi=purecap-Wunused-parameter -Werror -I/usr/local/include -I/usr/include conftest.c >&5
error: unknown target ABI 'purecap-Wunused-parameter'
configure:9690: $? = 1
configure: failed program was:
| /* confdefs.h */
| #define _NETBSD_SOURCE 1
| #define __BSD_VISIBLE 1
| #define _DARWIN_C_SOURCE 1
| #define _PYTHONFRAMEWORK ""
| #define _XOPEN_SOURCE 700
| #define _XOPEN_SOURCE_EXTENDED 1
| #define _POSIX_C_SOURCE 200809L
| #define HAVE_STDIO_H 1
| #define HAVE_STDLIB_H 1
| #define HAVE_STRING_H 1
| #define HAVE_INTTYPES_H 1
| #define HAVE_STDINT_H 1
| #define HAVE_STRINGS_H 1
| #define HAVE_SYS_STAT_H 1
| #define HAVE_SYS_TYPES_H 1
| #define HAVE_UNISTD_H 1
| #define HAVE_WCHAR_H 1
| #define STDC_HEADERS 1
| #define _ALL_SOURCE 1
| #define _DARWIN_C_SOURCE 1
| #define _GNU_SOURCE 1
| #define _HPUX_ALT_XOPEN_SOCKET_API 1
| #define _NETBSD_SOURCE 1
| #define _OPENBSD_SOURCE 1
| #define _POSIX_PTHREAD_SEMANTICS 1
| #define __STDC_WANT_IEC_60559_ATTRIBS_EXT__ 1
| #define __STDC_WANT_IEC_60559_BFP_EXT__ 1
| #define __STDC_WANT_IEC_60559_DFP_EXT__ 1
| #define __STDC_WANT_IEC_60559_FUNCS_EXT__ 1
| #define __STDC_WANT_IEC_60559_TYPES_EXT__ 1
| #define __STDC_WANT_LIB_EXT2__ 1
| #define __STDC_WANT_MATH_SPEC_FUNCS__ 1
| #define _TANDEM_SOURCE 1
| #define __EXTENSIONS__ 1
| #define PY_SUPPORT_TIER 0
| #define Py_DEBUG 1
| /* end confdefs.h.  */
| 
| int
| main (void)
| {
| 
|   ;
|   return 0;
| }
configure:9700: result: no
configure:9711: checking if we can disable cc int-conversion warning
configure:9731: cc -c -mabi=purecap-Wint-conversion -Werror -I/usr/local/include -I/usr/include conftest.c >&5
error: unknown target ABI 'purecap-Wint-conversion'
configure:9731: $? = 1
configure: failed program was:
| /* confdefs.h */
| #define _NETBSD_SOURCE 1
| #define __BSD_VISIBLE 1
| #define _DARWIN_C_SOURCE 1
| #define _PYTHONFRAMEWORK ""
| #define _XOPEN_SOURCE 700
| #define _XOPEN_SOURCE_EXTENDED 1
| #define _POSIX_C_SOURCE 200809L
| #define HAVE_STDIO_H 1
| #define HAVE_STDLIB_H 1
| #define HAVE_STRING_H 1
| #define HAVE_INTTYPES_H 1
| #define HAVE_STDINT_H 1
| #define HAVE_STRINGS_H 1
| #define HAVE_SYS_STAT_H 1
| #define HAVE_SYS_TYPES_H 1
| #define HAVE_UNISTD_H 1
| #define HAVE_WCHAR_H 1
| #define STDC_HEADERS 1
| #define _ALL_SOURCE 1
| #define _DARWIN_C_SOURCE 1
| #define _GNU_SOURCE 1
| #define _HPUX_ALT_XOPEN_SOCKET_API 1
| #define _NETBSD_SOURCE 1
| #define _OPENBSD_SOURCE 1
| #define _POSIX_PTHREAD_SEMANTICS 1
| #define __STDC_WANT_IEC_60559_ATTRIBS_EXT__ 1
| #define __STDC_WANT_IEC_60559_BFP_EXT__ 1
| #define __STDC_WANT_IEC_60559_DFP_EXT__ 1
| #define __STDC_WANT_IEC_60559_FUNCS_EXT__ 1
| #define __STDC_WANT_IEC_60559_TYPES_EXT__ 1
| #define __STDC_WANT_LIB_EXT2__ 1
| #define __STDC_WANT_MATH_SPEC_FUNCS__ 1
| #define _TANDEM_SOURCE 1
| #define __EXTENSIONS__ 1
| #define PY_SUPPORT_TIER 0
| #define Py_DEBUG 1
| /* end confdefs.h.  */
| 
| int
| main (void)
| {
| 
|   ;
|   return 0;
| }
configure:9741: result: no
configure:9752: checking if we can disable cc missing-field-initializers warning
configure:9772: cc -c -mabi=purecap-Wmissing-field-initializers -Werror -I/usr/local/include -I/usr/include conftest.c >&5
error: unknown target ABI 'purecap-Wmissing-field-initializers'
configure:9772: $? = 1
configure: failed program was:
| /* confdefs.h */
| #define _NETBSD_SOURCE 1
| #define __BSD_VISIBLE 1
| #define _DARWIN_C_SOURCE 1
| #define _PYTHONFRAMEWORK ""
| #define _XOPEN_SOURCE 700
| #define _XOPEN_SOURCE_EXTENDED 1
| #define _POSIX_C_SOURCE 200809L
| #define HAVE_STDIO_H 1
| #define HAVE_STDLIB_H 1
| #define HAVE_STRING_H 1
| #define HAVE_INTTYPES_H 1
| #define HAVE_STDINT_H 1
| #define HAVE_STRINGS_H 1
| #define HAVE_SYS_STAT_H 1
| #define HAVE_SYS_TYPES_H 1
| #define HAVE_UNISTD_H 1
| #define HAVE_WCHAR_H 1
| #define STDC_HEADERS 1
| #define _ALL_SOURCE 1
| #define _DARWIN_C_SOURCE 1
| #define _GNU_SOURCE 1
| #define _HPUX_ALT_XOPEN_SOCKET_API 1
| #define _NETBSD_SOURCE 1
| #define _OPENBSD_SOURCE 1
| #define _POSIX_PTHREAD_SEMANTICS 1
| #define __STDC_WANT_IEC_60559_ATTRIBS_EXT__ 1
| #define __STDC_WANT_IEC_60559_BFP_EXT__ 1
| #define __STDC_WANT_IEC_60559_DFP_EXT__ 1
| #define __STDC_WANT_IEC_60559_FUNCS_EXT__ 1
| #define __STDC_WANT_IEC_60559_TYPES_EXT__ 1
| #define __STDC_WANT_LIB_EXT2__ 1
| #define __STDC_WANT_MATH_SPEC_FUNCS__ 1
| #define _TANDEM_SOURCE 1
| #define __EXTENSIONS__ 1
| #define PY_SUPPORT_TIER 0
| #define Py_DEBUG 1
| /* end confdefs.h.  */
| 
| int
| main (void)
| {
| 
|   ;
|   return 0;
| }
configure:9782: result: no
configure:9793: checking if we can enable cc sign-compare warning
configure:9813: cc -c -mabi=purecap-Wsign-compare -Werror -I/usr/local/include -I/usr/include conftest.c >&5
error: unknown target ABI 'purecap-Wsign-compare'
configure:9813: $? = 1
configure: failed program was:
| /* confdefs.h */
| #define _NETBSD_SOURCE 1
| #define __BSD_VISIBLE 1
| #define _DARWIN_C_SOURCE 1
| #define _PYTHONFRAMEWORK ""
| #define _XOPEN_SOURCE 700
| #define _XOPEN_SOURCE_EXTENDED 1
| #define _POSIX_C_SOURCE 200809L
| #define HAVE_STDIO_H 1
| #define HAVE_STDLIB_H 1
| #define HAVE_STRING_H 1
| #define HAVE_INTTYPES_H 1
| #define HAVE_STDINT_H 1
| #define HAVE_STRINGS_H 1
| #define HAVE_SYS_STAT_H 1
| #define HAVE_SYS_TYPES_H 1
| #define HAVE_UNISTD_H 1
| #define HAVE_WCHAR_H 1
| #define STDC_HEADERS 1
| #define _ALL_SOURCE 1
| #define _DARWIN_C_SOURCE 1
| #define _GNU_SOURCE 1
| #define _HPUX_ALT_XOPEN_SOCKET_API 1
| #define _NETBSD_SOURCE 1
| #define _OPENBSD_SOURCE 1
| #define _POSIX_PTHREAD_SEMANTICS 1
| #define __STDC_WANT_IEC_60559_ATTRIBS_EXT__ 1
| #define __STDC_WANT_IEC_60559_BFP_EXT__ 1
| #define __STDC_WANT_IEC_60559_DFP_EXT__ 1
| #define __STDC_WANT_IEC_60559_FUNCS_EXT__ 1
| #define __STDC_WANT_IEC_60559_TYPES_EXT__ 1
| #define __STDC_WANT_LIB_EXT2__ 1
| #define __STDC_WANT_MATH_SPEC_FUNCS__ 1
| #define _TANDEM_SOURCE 1
| #define __EXTENSIONS__ 1
| #define PY_SUPPORT_TIER 0
| #define Py_DEBUG 1
| /* end confdefs.h.  */
| 
| int
| main (void)
| {
| 
|   ;
|   return 0;
| }
configure:9823: result: no
configure:9834: checking if we can enable cc unreachable-code warning
configure:9854: cc -c -mabi=purecap-Wunreachable-code -Werror -I/usr/local/include -I/usr/include conftest.c >&5
error: unknown target ABI 'purecap-Wunreachable-code'
configure:9854: $? = 1
configure: failed program was:
| /* confdefs.h */
| #define _NETBSD_SOURCE 1
| #define __BSD_VISIBLE 1
| #define _DARWIN_C_SOURCE 1
| #define _PYTHONFRAMEWORK ""
| #define _XOPEN_SOURCE 700
| #define _XOPEN_SOURCE_EXTENDED 1
| #define _POSIX_C_SOURCE 200809L
| #define HAVE_STDIO_H 1
| #define HAVE_STDLIB_H 1
| #define HAVE_STRING_H 1
| #define HAVE_INTTYPES_H 1
| #define HAVE_STDINT_H 1
| #define HAVE_STRINGS_H 1
| #define HAVE_SYS_STAT_H 1
| #define HAVE_SYS_TYPES_H 1
| #define HAVE_UNISTD_H 1
| #define HAVE_WCHAR_H 1
| #define STDC_HEADERS 1
| #define _ALL_SOURCE 1
| #define _DARWIN_C_SOURCE 1
| #define _GNU_SOURCE 1
| #define _HPUX_ALT_XOPEN_SOCKET_API 1
| #define _NETBSD_SOURCE 1
| #define _OPENBSD_SOURCE 1
| #define _POSIX_PTHREAD_SEMANTICS 1
| #define __STDC_WANT_IEC_60559_ATTRIBS_EXT__ 1
| #define __STDC_WANT_IEC_60559_BFP_EXT__ 1
| #define __STDC_WANT_IEC_60559_DFP_EXT__ 1
| #define __STDC_WANT_IEC_60559_FUNCS_EXT__ 1
| #define __STDC_WANT_IEC_60559_TYPES_EXT__ 1
| #define __STDC_WANT_LIB_EXT2__ 1
| #define __STDC_WANT_MATH_SPEC_FUNCS__ 1
| #define _TANDEM_SOURCE 1
| #define __EXTENSIONS__ 1
| #define PY_SUPPORT_TIER 0
| #define Py_DEBUG 1
| /* end confdefs.h.  */
| 
| int
| main (void)
| {
| 
|   ;
|   return 0;
| }
configure:9864: result: no
configure:9886: checking if we can enable cc strict-prototypes warning
configure:9906: cc -c -mabi=purecap-Wstrict-prototypes -Werror -I/usr/local/include -I/usr/include conftest.c >&5
error: unknown target ABI 'purecap-Wstrict-prototypes'
configure:9906: $? = 1
configure: failed program was:
| /* confdefs.h */
| #define _NETBSD_SOURCE 1
| #define __BSD_VISIBLE 1
| #define _DARWIN_C_SOURCE 1
| #define _PYTHONFRAMEWORK ""
| #define _XOPEN_SOURCE 700
| #define _XOPEN_SOURCE_EXTENDED 1
| #define _POSIX_C_SOURCE 200809L
| #define HAVE_STDIO_H 1
| #define HAVE_STDLIB_H 1
| #define HAVE_STRING_H 1
| #define HAVE_INTTYPES_H 1
| #define HAVE_STDINT_H 1
| #define HAVE_STRINGS_H 1
| #define HAVE_SYS_STAT_H 1
| #define HAVE_SYS_TYPES_H 1
| #define HAVE_UNISTD_H 1
| #define HAVE_WCHAR_H 1
| #define STDC_HEADERS 1
| #define _ALL_SOURCE 1
| #define _DARWIN_C_SOURCE 1
| #define _GNU_SOURCE 1
| #define _HPUX_ALT_XOPEN_SOCKET_API 1
| #define _NETBSD_SOURCE 1
| #define _OPENBSD_SOURCE 1
| #define _POSIX_PTHREAD_SEMANTICS 1
| #define __STDC_WANT_IEC_60559_ATTRIBS_EXT__ 1
| #define __STDC_WANT_IEC_60559_BFP_EXT__ 1
| #define __STDC_WANT_IEC_60559_DFP_EXT__ 1
| #define __STDC_WANT_IEC_60559_FUNCS_EXT__ 1
| #define __STDC_WANT_IEC_60559_TYPES_EXT__ 1
| #define __STDC_WANT_LIB_EXT2__ 1
| #define __STDC_WANT_MATH_SPEC_FUNCS__ 1
| #define _TANDEM_SOURCE 1
| #define __EXTENSIONS__ 1
| #define PY_SUPPORT_TIER 0
| #define Py_DEBUG 1
| /* end confdefs.h.  */
| 
| int
| main (void)
| {
| 
|   ;
|   return 0;
| }
configure:9916: result: no
configure:9927: checking if we can make implicit function declaration an error in cc -Werror=implicit-function-declaration
configure:9946: cc -Werror=implicit-function-declaration -c -mabi=purecap -I/usr/local/include -I/usr/include conftest.c >&5
configure:9946: $? = 0
configure:9958: result: yes
configure:9969: checking if we can use visibility in cc -fvisibility=hidden
configure:9988: cc -fvisibility=hidden -c -mabi=purecap -I/usr/local/include -I/usr/include conftest.c >&5
configure:9988: $? = 0
configure:10000: result: yes
configure:10230: checking whether pthreads are available without options
configure:10257: cc -o conftest -mabi=purecap -I/usr/local/include -I/usr/include -mabi=purecap -L/usr/local/lib -L/usr/lib -lmd -lcheri_caprevoke conftest.c  >&5
ld: error: undefined symbol: pthread_create
>>> referenced by conftest.c
>>>               /tmp/conftest-46b673.o:(main)
clang-14: error: linker command failed with exit code 1 (use -v to see invocation)
configure:10257: $? = 1
configure: program exited with status 1
configure: failed program was:
| /* confdefs.h */
| #define _NETBSD_SOURCE 1
| #define __BSD_VISIBLE 1
| #define _DARWIN_C_SOURCE 1
| #define _PYTHONFRAMEWORK ""
| #define _XOPEN_SOURCE 700
| #define _XOPEN_SOURCE_EXTENDED 1
| #define _POSIX_C_SOURCE 200809L
| #define HAVE_STDIO_H 1
| #define HAVE_STDLIB_H 1
| #define HAVE_STRING_H 1
| #define HAVE_INTTYPES_H 1
| #define HAVE_STDINT_H 1
| #define HAVE_STRINGS_H 1
| #define HAVE_SYS_STAT_H 1
| #define HAVE_SYS_TYPES_H 1
| #define HAVE_UNISTD_H 1
| #define HAVE_WCHAR_H 1
| #define STDC_HEADERS 1
| #define _ALL_SOURCE 1
| #define _DARWIN_C_SOURCE 1
| #define _GNU_SOURCE 1
| #define _HPUX_ALT_XOPEN_SOCKET_API 1
| #define _NETBSD_SOURCE 1
| #define _OPENBSD_SOURCE 1
| #define _POSIX_PTHREAD_SEMANTICS 1
| #define __STDC_WANT_IEC_60559_ATTRIBS_EXT__ 1
| #define __STDC_WANT_IEC_60559_BFP_EXT__ 1
| #define __STDC_WANT_IEC_60559_DFP_EXT__ 1
| #define __STDC_WANT_IEC_60559_FUNCS_EXT__ 1
| #define __STDC_WANT_IEC_60559_TYPES_EXT__ 1
| #define __STDC_WANT_LIB_EXT2__ 1
| #define __STDC_WANT_MATH_SPEC_FUNCS__ 1
| #define _TANDEM_SOURCE 1
| #define __EXTENSIONS__ 1
| #define PY_SUPPORT_TIER 0
| #define Py_DEBUG 1
| /* end confdefs.h.  */
| 
| #include <stdio.h>
| #include <pthread.h>
| 
| void* routine(void* p){return NULL;}
| 
| int main(void){
|   pthread_t p;
|   if(pthread_create(&p,NULL,routine,NULL)!=0)
|     return 1;
|   (void)pthread_detach(p);
|   return 0;
| }
| 
configure:10273: result: no
configure:10286: checking whether cc accepts -Kpthread
configure:10315: cc -Kpthread -o conftest -mabi=purecap -I/usr/local/include -I/usr/include -mabi=purecap -L/usr/local/lib -L/usr/lib -lmd -lcheri_caprevoke conftest.c  >&5
clang-14: error: unknown argument '-Kpthread'; did you mean '-pthread'?
configure:10315: $? = 1
configure: program exited with status 1
configure: failed program was:
| /* confdefs.h */
| #define _NETBSD_SOURCE 1
| #define __BSD_VISIBLE 1
| #define _DARWIN_C_SOURCE 1
| #define _PYTHONFRAMEWORK ""
| #define _XOPEN_SOURCE 700
| #define _XOPEN_SOURCE_EXTENDED 1
| #define _POSIX_C_SOURCE 200809L
| #define HAVE_STDIO_H 1
| #define HAVE_STDLIB_H 1
| #define HAVE_STRING_H 1
| #define HAVE_INTTYPES_H 1
| #define HAVE_STDINT_H 1
| #define HAVE_STRINGS_H 1
| #define HAVE_SYS_STAT_H 1
| #define HAVE_SYS_TYPES_H 1
| #define HAVE_UNISTD_H 1
| #define HAVE_WCHAR_H 1
| #define STDC_HEADERS 1
| #define _ALL_SOURCE 1
| #define _DARWIN_C_SOURCE 1
| #define _GNU_SOURCE 1
| #define _HPUX_ALT_XOPEN_SOCKET_API 1
| #define _NETBSD_SOURCE 1
| #define _OPENBSD_SOURCE 1
| #define _POSIX_PTHREAD_SEMANTICS 1
| #define __STDC_WANT_IEC_60559_ATTRIBS_EXT__ 1
| #define __STDC_WANT_IEC_60559_BFP_EXT__ 1
| #define __STDC_WANT_IEC_60559_DFP_EXT__ 1
| #define __STDC_WANT_IEC_60559_FUNCS_EXT__ 1
| #define __STDC_WANT_IEC_60559_TYPES_EXT__ 1
| #define __STDC_WANT_LIB_EXT2__ 1
| #define __STDC_WANT_MATH_SPEC_FUNCS__ 1
| #define _TANDEM_SOURCE 1
| #define __EXTENSIONS__ 1
| #define PY_SUPPORT_TIER 0
| #define Py_DEBUG 1
| /* end confdefs.h.  */
| 
| #include <stdio.h>
| #include <pthread.h>
| 
| void* routine(void* p){return NULL;}
| 
| int main(void){
|   pthread_t p;
|   if(pthread_create(&p,NULL,routine,NULL)!=0)
|     return 1;
|   (void)pthread_detach(p);
|   return 0;
| }
| 
configure:10327: result: no
configure:10338: checking whether cc accepts -Kthread
configure:10367: cc -Kthread -o conftest -mabi=purecap -I/usr/local/include -I/usr/include -mabi=purecap -L/usr/local/lib -L/usr/lib -lmd -lcheri_caprevoke conftest.c  >&5
clang-14: error: unknown argument '-Kthread'; did you mean '-pthread'?
configure:10367: $? = 1
configure: program exited with status 1
configure: failed program was:
| /* confdefs.h */
| #define _NETBSD_SOURCE 1
| #define __BSD_VISIBLE 1
| #define _DARWIN_C_SOURCE 1
| #define _PYTHONFRAMEWORK ""
| #define _XOPEN_SOURCE 700
| #define _XOPEN_SOURCE_EXTENDED 1
| #define _POSIX_C_SOURCE 200809L
| #define HAVE_STDIO_H 1
| #define HAVE_STDLIB_H 1
| #define HAVE_STRING_H 1
| #define HAVE_INTTYPES_H 1
| #define HAVE_STDINT_H 1
| #define HAVE_STRINGS_H 1
| #define HAVE_SYS_STAT_H 1
| #define HAVE_SYS_TYPES_H 1
| #define HAVE_UNISTD_H 1
| #define HAVE_WCHAR_H 1
| #define STDC_HEADERS 1
| #define _ALL_SOURCE 1
| #define _DARWIN_C_SOURCE 1
| #define _GNU_SOURCE 1
| #define _HPUX_ALT_XOPEN_SOCKET_API 1
| #define _NETBSD_SOURCE 1
| #define _OPENBSD_SOURCE 1
| #define _POSIX_PTHREAD_SEMANTICS 1
| #define __STDC_WANT_IEC_60559_ATTRIBS_EXT__ 1
| #define __STDC_WANT_IEC_60559_BFP_EXT__ 1
| #define __STDC_WANT_IEC_60559_DFP_EXT__ 1
| #define __STDC_WANT_IEC_60559_FUNCS_EXT__ 1
| #define __STDC_WANT_IEC_60559_TYPES_EXT__ 1
| #define __STDC_WANT_LIB_EXT2__ 1
| #define __STDC_WANT_MATH_SPEC_FUNCS__ 1
| #define _TANDEM_SOURCE 1
| #define __EXTENSIONS__ 1
| #define PY_SUPPORT_TIER 0
| #define Py_DEBUG 1
| /* end confdefs.h.  */
| 
| #include <stdio.h>
| #include <pthread.h>
| 
| void* routine(void* p){return NULL;}
| 
| int main(void){
|   pthread_t p;
|   if(pthread_create(&p,NULL,routine,NULL)!=0)
|     return 1;
|   (void)pthread_detach(p);
|   return 0;
| }
| 
configure:10379: result: no
configure:10390: checking whether cc accepts -pthread
configure:10419: cc -pthread -o conftest -mabi=purecap -I/usr/local/include -I/usr/include -mabi=purecap -L/usr/local/lib -L/usr/lib -lmd -lcheri_caprevoke conftest.c  >&5
configure:10419: $? = 0
configure:10419: ./conftest
configure:10419: $? = 0
configure:10431: result: yes
configure:10439: checking whether c++ also accepts flags for thread support
clang-14: warning: treating 'c' input as 'c++' when in C++ mode, this behavior is deprecated [-Wdeprecated]
configure:10478: result: yes
configure:10490: checking for alloca.h
configure:10490: cc -c -mabi=purecap -I/usr/local/include -I/usr/include conftest.c >&5
conftest.c:68:10: fatal error: 'alloca.h' file not found
#include <alloca.h>
         ^~~~~~~~~~
1 error generated.
configure:10490: $? = 1
configure: failed program was:
| /* confdefs.h */
| #define _NETBSD_SOURCE 1
| #define __BSD_VISIBLE 1
| #define _DARWIN_C_SOURCE 1
| #define _PYTHONFRAMEWORK ""
| #define _XOPEN_SOURCE 700
| #define _XOPEN_SOURCE_EXTENDED 1
| #define _POSIX_C_SOURCE 200809L
| #define HAVE_STDIO_H 1
| #define HAVE_STDLIB_H 1
| #define HAVE_STRING_H 1
| #define HAVE_INTTYPES_H 1
| #define HAVE_STDINT_H 1
| #define HAVE_STRINGS_H 1
| #define HAVE_SYS_STAT_H 1
| #define HAVE_SYS_TYPES_H 1
| #define HAVE_UNISTD_H 1
| #define HAVE_WCHAR_H 1
| #define STDC_HEADERS 1
| #define _ALL_SOURCE 1
| #define _DARWIN_C_SOURCE 1
| #define _GNU_SOURCE 1
| #define _HPUX_ALT_XOPEN_SOCKET_API 1
| #define _NETBSD_SOURCE 1
| #define _OPENBSD_SOURCE 1
| #define _POSIX_PTHREAD_SEMANTICS 1
| #define __STDC_WANT_IEC_60559_ATTRIBS_EXT__ 1
| #define __STDC_WANT_IEC_60559_BFP_EXT__ 1
| #define __STDC_WANT_IEC_60559_DFP_EXT__ 1
| #define __STDC_WANT_IEC_60559_FUNCS_EXT__ 1
| #define __STDC_WANT_IEC_60559_TYPES_EXT__ 1
| #define __STDC_WANT_LIB_EXT2__ 1
| #define __STDC_WANT_MATH_SPEC_FUNCS__ 1
| #define _TANDEM_SOURCE 1
| #define __EXTENSIONS__ 1
| #define PY_SUPPORT_TIER 0
| #define Py_DEBUG 1
| #define STDC_HEADERS 1
| /* end confdefs.h.  */
| #include <stddef.h>
| #ifdef HAVE_STDIO_H
| # include <stdio.h>
| #endif
| #ifdef HAVE_STDLIB_H
| # include <stdlib.h>
| #endif
| #ifdef HAVE_STRING_H
| # include <string.h>
| #endif
| #ifdef HAVE_INTTYPES_H
| # include <inttypes.h>
| #endif
| #ifdef HAVE_STDINT_H
| # include <stdint.h>
| #endif
| #ifdef HAVE_STRINGS_H
| # include <strings.h>
| #endif
| #ifdef HAVE_SYS_TYPES_H
| # include <sys/types.h>
| #endif
| #ifdef HAVE_SYS_STAT_H
| # include <sys/stat.h>
| #endif
| #ifdef HAVE_UNISTD_H
| # include <unistd.h>
| #endif
| #include <alloca.h>
configure:10490: result: no
configure:10496: checking for asm/types.h
configure:10496: cc -c -mabi=purecap -I/usr/local/include -I/usr/include conftest.c >&5
conftest.c:68:10: fatal error: 'asm/types.h' file not found
#include <asm/types.h>
         ^~~~~~~~~~~~~
1 error generated.
configure:10496: $? = 1
configure: failed program was:
| /* confdefs.h */
| #define _NETBSD_SOURCE 1
| #define __BSD_VISIBLE 1
| #define _DARWIN_C_SOURCE 1
| #define _PYTHONFRAMEWORK ""
| #define _XOPEN_SOURCE 700
| #define _XOPEN_SOURCE_EXTENDED 1
| #define _POSIX_C_SOURCE 200809L
| #define HAVE_STDIO_H 1
| #define HAVE_STDLIB_H 1
| #define HAVE_STRING_H 1
| #define HAVE_INTTYPES_H 1
| #define HAVE_STDINT_H 1
| #define HAVE_STRINGS_H 1
| #define HAVE_SYS_STAT_H 1
| #define HAVE_SYS_TYPES_H 1
| #define HAVE_UNISTD_H 1
| #define HAVE_WCHAR_H 1
| #define STDC_HEADERS 1
| #define _ALL_SOURCE 1
| #define _DARWIN_C_SOURCE 1
| #define _GNU_SOURCE 1
| #define _HPUX_ALT_XOPEN_SOCKET_API 1
| #define _NETBSD_SOURCE 1
| #define _OPENBSD_SOURCE 1
| #define _POSIX_PTHREAD_SEMANTICS 1
| #define __STDC_WANT_IEC_60559_ATTRIBS_EXT__ 1
| #define __STDC_WANT_IEC_60559_BFP_EXT__ 1
| #define __STDC_WANT_IEC_60559_DFP_EXT__ 1
| #define __STDC_WANT_IEC_60559_FUNCS_EXT__ 1
| #define __STDC_WANT_IEC_60559_TYPES_EXT__ 1
| #define __STDC_WANT_LIB_EXT2__ 1
| #define __STDC_WANT_MATH_SPEC_FUNCS__ 1
| #define _TANDEM_SOURCE 1
| #define __EXTENSIONS__ 1
| #define PY_SUPPORT_TIER 0
| #define Py_DEBUG 1
| #define STDC_HEADERS 1
| /* end confdefs.h.  */
| #include <stddef.h>
| #ifdef HAVE_STDIO_H
| # include <stdio.h>
| #endif
| #ifdef HAVE_STDLIB_H
| # include <stdlib.h>
| #endif
| #ifdef HAVE_STRING_H
| # include <string.h>
| #endif
| #ifdef HAVE_INTTYPES_H
| # include <inttypes.h>
| #endif
| #ifdef HAVE_STDINT_H
| # include <stdint.h>
| #endif
| #ifdef HAVE_STRINGS_H
| # include <strings.h>
| #endif
| #ifdef HAVE_SYS_TYPES_H
| # include <sys/types.h>
| #endif
| #ifdef HAVE_SYS_STAT_H
| # include <sys/stat.h>
| #endif
| #ifdef HAVE_UNISTD_H
| # include <unistd.h>
| #endif
| #include <asm/types.h>
configure:10496: result: no
configure:10502: checking for bluetooth.h
configure:10502: cc -c -mabi=purecap -I/usr/local/include -I/usr/include conftest.c >&5
In file included from conftest.c:68:
In file included from /usr/include/bluetooth.h:53:
/usr/include/netgraph/bluetooth/include/ng_btsocket.h:242:2: warning: "Make sure new member of socket address initialized" [-W#warnings]
#warning "Make sure new member of socket address initialized"
 ^
1 warning generated.
configure:10502: $? = 0
configure:10502: result: yes
configure:10508: checking for conio.h
configure:10508: cc -c -mabi=purecap -I/usr/local/include -I/usr/include conftest.c >&5
conftest.c:69:10: fatal error: 'conio.h' file not found
#include <conio.h>
         ^~~~~~~~~
1 error generated.
configure:10508: $? = 1
configure: failed program was:
| /* confdefs.h */
| #define _NETBSD_SOURCE 1
| #define __BSD_VISIBLE 1
| #define _DARWIN_C_SOURCE 1
| #define _PYTHONFRAMEWORK ""
| #define _XOPEN_SOURCE 700
| #define _XOPEN_SOURCE_EXTENDED 1
| #define _POSIX_C_SOURCE 200809L
| #define HAVE_STDIO_H 1
| #define HAVE_STDLIB_H 1
| #define HAVE_STRING_H 1
| #define HAVE_INTTYPES_H 1
| #define HAVE_STDINT_H 1
| #define HAVE_STRINGS_H 1
| #define HAVE_SYS_STAT_H 1
| #define HAVE_SYS_TYPES_H 1
| #define HAVE_UNISTD_H 1
| #define HAVE_WCHAR_H 1
| #define STDC_HEADERS 1
| #define _ALL_SOURCE 1
| #define _DARWIN_C_SOURCE 1
| #define _GNU_SOURCE 1
| #define _HPUX_ALT_XOPEN_SOCKET_API 1
| #define _NETBSD_SOURCE 1
| #define _OPENBSD_SOURCE 1
| #define _POSIX_PTHREAD_SEMANTICS 1
| #define __STDC_WANT_IEC_60559_ATTRIBS_EXT__ 1
| #define __STDC_WANT_IEC_60559_BFP_EXT__ 1
| #define __STDC_WANT_IEC_60559_DFP_EXT__ 1
| #define __STDC_WANT_IEC_60559_FUNCS_EXT__ 1
| #define __STDC_WANT_IEC_60559_TYPES_EXT__ 1
| #define __STDC_WANT_LIB_EXT2__ 1
| #define __STDC_WANT_MATH_SPEC_FUNCS__ 1
| #define _TANDEM_SOURCE 1
| #define __EXTENSIONS__ 1
| #define PY_SUPPORT_TIER 0
| #define Py_DEBUG 1
| #define STDC_HEADERS 1
| #define HAVE_BLUETOOTH_H 1
| /* end confdefs.h.  */
| #include <stddef.h>
| #ifdef HAVE_STDIO_H
| # include <stdio.h>
| #endif
| #ifdef HAVE_STDLIB_H
| # include <stdlib.h>
| #endif
| #ifdef HAVE_STRING_H
| # include <string.h>
| #endif
| #ifdef HAVE_INTTYPES_H
| # include <inttypes.h>
| #endif
| #ifdef HAVE_STDINT_H
| # include <stdint.h>
| #endif
| #ifdef HAVE_STRINGS_H
| # include <strings.h>
| #endif
| #ifdef HAVE_SYS_TYPES_H
| # include <sys/types.h>
| #endif
| #ifdef HAVE_SYS_STAT_H
| # include <sys/stat.h>
| #endif
| #ifdef HAVE_UNISTD_H
| # include <unistd.h>
| #endif
| #include <conio.h>
configure:10508: result: no
configure:10514: checking for crypt.h
configure:10514: cc -c -mabi=purecap -I/usr/local/include -I/usr/include conftest.c >&5
conftest.c:69:10: fatal error: 'crypt.h' file not found
#include <crypt.h>
         ^~~~~~~~~
1 error generated.
configure:10514: $? = 1
configure: failed program was:
| /* confdefs.h */
| #define _NETBSD_SOURCE 1
| #define __BSD_VISIBLE 1
| #define _DARWIN_C_SOURCE 1
| #define _PYTHONFRAMEWORK ""
| #define _XOPEN_SOURCE 700
| #define _XOPEN_SOURCE_EXTENDED 1
| #define _POSIX_C_SOURCE 200809L
| #define HAVE_STDIO_H 1
| #define HAVE_STDLIB_H 1
| #define HAVE_STRING_H 1
| #define HAVE_INTTYPES_H 1
| #define HAVE_STDINT_H 1
| #define HAVE_STRINGS_H 1
| #define HAVE_SYS_STAT_H 1
| #define HAVE_SYS_TYPES_H 1
| #define HAVE_UNISTD_H 1
| #define HAVE_WCHAR_H 1
| #define STDC_HEADERS 1
| #define _ALL_SOURCE 1
| #define _DARWIN_C_SOURCE 1
| #define _GNU_SOURCE 1
| #define _HPUX_ALT_XOPEN_SOCKET_API 1
| #define _NETBSD_SOURCE 1
| #define _OPENBSD_SOURCE 1
| #define _POSIX_PTHREAD_SEMANTICS 1
| #define __STDC_WANT_IEC_60559_ATTRIBS_EXT__ 1
| #define __STDC_WANT_IEC_60559_BFP_EXT__ 1
| #define __STDC_WANT_IEC_60559_DFP_EXT__ 1
| #define __STDC_WANT_IEC_60559_FUNCS_EXT__ 1
| #define __STDC_WANT_IEC_60559_TYPES_EXT__ 1
| #define __STDC_WANT_LIB_EXT2__ 1
| #define __STDC_WANT_MATH_SPEC_FUNCS__ 1
| #define _TANDEM_SOURCE 1
| #define __EXTENSIONS__ 1
| #define PY_SUPPORT_TIER 0
| #define Py_DEBUG 1
| #define STDC_HEADERS 1
| #define HAVE_BLUETOOTH_H 1
| /* end confdefs.h.  */
| #include <stddef.h>
| #ifdef HAVE_STDIO_H
| # include <stdio.h>
| #endif
| #ifdef HAVE_STDLIB_H
| # include <stdlib.h>
| #endif
| #ifdef HAVE_STRING_H
| # include <string.h>
| #endif
| #ifdef HAVE_INTTYPES_H
| # include <inttypes.h>
| #endif
| #ifdef HAVE_STDINT_H
| # include <stdint.h>
| #endif
| #ifdef HAVE_STRINGS_H
| # include <strings.h>
| #endif
| #ifdef HAVE_SYS_TYPES_H
| # include <sys/types.h>
| #endif
| #ifdef HAVE_SYS_STAT_H
| # include <sys/stat.h>
| #endif
| #ifdef HAVE_UNISTD_H
| # include <unistd.h>
| #endif
| #include <crypt.h>
configure:10514: result: no
configure:10520: checking for direct.h
configure:10520: cc -c -mabi=purecap -I/usr/local/include -I/usr/include conftest.c >&5
conftest.c:69:10: fatal error: 'direct.h' file not found
#include <direct.h>
         ^~~~~~~~~~
1 error generated.
configure:10520: $? = 1
configure: failed program was:
| /* confdefs.h */
| #define _NETBSD_SOURCE 1
| #define __BSD_VISIBLE 1
| #define _DARWIN_C_SOURCE 1
| #define _PYTHONFRAMEWORK ""
| #define _XOPEN_SOURCE 700
| #define _XOPEN_SOURCE_EXTENDED 1
| #define _POSIX_C_SOURCE 200809L
| #define HAVE_STDIO_H 1
| #define HAVE_STDLIB_H 1
| #define HAVE_STRING_H 1
| #define HAVE_INTTYPES_H 1
| #define HAVE_STDINT_H 1
| #define HAVE_STRINGS_H 1
| #define HAVE_SYS_STAT_H 1
| #define HAVE_SYS_TYPES_H 1
| #define HAVE_UNISTD_H 1
| #define HAVE_WCHAR_H 1
| #define STDC_HEADERS 1
| #define _ALL_SOURCE 1
| #define _DARWIN_C_SOURCE 1
| #define _GNU_SOURCE 1
| #define _HPUX_ALT_XOPEN_SOCKET_API 1
| #define _NETBSD_SOURCE 1
| #define _OPENBSD_SOURCE 1
| #define _POSIX_PTHREAD_SEMANTICS 1
| #define __STDC_WANT_IEC_60559_ATTRIBS_EXT__ 1
| #define __STDC_WANT_IEC_60559_BFP_EXT__ 1
| #define __STDC_WANT_IEC_60559_DFP_EXT__ 1
| #define __STDC_WANT_IEC_60559_FUNCS_EXT__ 1
| #define __STDC_WANT_IEC_60559_TYPES_EXT__ 1
| #define __STDC_WANT_LIB_EXT2__ 1
| #define __STDC_WANT_MATH_SPEC_FUNCS__ 1
| #define _TANDEM_SOURCE 1
| #define __EXTENSIONS__ 1
| #define PY_SUPPORT_TIER 0
| #define Py_DEBUG 1
| #define STDC_HEADERS 1
| #define HAVE_BLUETOOTH_H 1
| /* end confdefs.h.  */
| #include <stddef.h>
| #ifdef HAVE_STDIO_H
| # include <stdio.h>
| #endif
| #ifdef HAVE_STDLIB_H
| # include <stdlib.h>
| #endif
| #ifdef HAVE_STRING_H
| # include <string.h>
| #endif
| #ifdef HAVE_INTTYPES_H
| # include <inttypes.h>
| #endif
| #ifdef HAVE_STDINT_H
| # include <stdint.h>
| #endif
| #ifdef HAVE_STRINGS_H
| # include <strings.h>
| #endif
| #ifdef HAVE_SYS_TYPES_H
| # include <sys/types.h>
| #endif
| #ifdef HAVE_SYS_STAT_H
| # include <sys/stat.h>
| #endif
| #ifdef HAVE_UNISTD_H
| # include <unistd.h>
| #endif
| #include <direct.h>
configure:10520: result: no
configure:10526: checking for dlfcn.h
configure:10526: cc -c -mabi=purecap -I/usr/local/include -I/usr/include conftest.c >&5
configure:10526: $? = 0
configure:10526: result: yes
configure:10532: checking for endian.h
configure:10532: cc -c -mabi=purecap -I/usr/local/include -I/usr/include conftest.c >&5
configure:10532: $? = 0
configure:10532: result: yes
configure:10538: checking for errno.h
configure:10538: cc -c -mabi=purecap -I/usr/local/include -I/usr/include conftest.c >&5
configure:10538: $? = 0
configure:10538: result: yes
configure:10544: checking for fcntl.h
configure:10544: cc -c -mabi=purecap -I/usr/local/include -I/usr/include conftest.c >&5
configure:10544: $? = 0
configure:10544: result: yes
configure:10550: checking for grp.h
configure:10550: cc -c -mabi=purecap -I/usr/local/include -I/usr/include conftest.c >&5
configure:10550: $? = 0
configure:10550: result: yes
configure:10556: checking for ieeefp.h
configure:10556: cc -c -mabi=purecap -I/usr/local/include -I/usr/include conftest.c >&5
configure:10556: $? = 0
configure:10556: result: yes
configure:10562: checking for io.h
configure:10562: cc -c -mabi=purecap -I/usr/local/include -I/usr/include conftest.c >&5
conftest.c:75:10: fatal error: 'io.h' file not found
#include <io.h>
         ^~~~~~
1 error generated.
configure:10562: $? = 1
configure: failed program was:
| /* confdefs.h */
| #define _NETBSD_SOURCE 1
| #define __BSD_VISIBLE 1
| #define _DARWIN_C_SOURCE 1
| #define _PYTHONFRAMEWORK ""
| #define _XOPEN_SOURCE 700
| #define _XOPEN_SOURCE_EXTENDED 1
| #define _POSIX_C_SOURCE 200809L
| #define HAVE_STDIO_H 1
| #define HAVE_STDLIB_H 1
| #define HAVE_STRING_H 1
| #define HAVE_INTTYPES_H 1
| #define HAVE_STDINT_H 1
| #define HAVE_STRINGS_H 1
| #define HAVE_SYS_STAT_H 1
| #define HAVE_SYS_TYPES_H 1
| #define HAVE_UNISTD_H 1
| #define HAVE_WCHAR_H 1
| #define STDC_HEADERS 1
| #define _ALL_SOURCE 1
| #define _DARWIN_C_SOURCE 1
| #define _GNU_SOURCE 1
| #define _HPUX_ALT_XOPEN_SOCKET_API 1
| #define _NETBSD_SOURCE 1
| #define _OPENBSD_SOURCE 1
| #define _POSIX_PTHREAD_SEMANTICS 1
| #define __STDC_WANT_IEC_60559_ATTRIBS_EXT__ 1
| #define __STDC_WANT_IEC_60559_BFP_EXT__ 1
| #define __STDC_WANT_IEC_60559_DFP_EXT__ 1
| #define __STDC_WANT_IEC_60559_FUNCS_EXT__ 1
| #define __STDC_WANT_IEC_60559_TYPES_EXT__ 1
| #define __STDC_WANT_LIB_EXT2__ 1
| #define __STDC_WANT_MATH_SPEC_FUNCS__ 1
| #define _TANDEM_SOURCE 1
| #define __EXTENSIONS__ 1
| #define PY_SUPPORT_TIER 0
| #define Py_DEBUG 1
| #define STDC_HEADERS 1
| #define HAVE_BLUETOOTH_H 1
| #define HAVE_DLFCN_H 1
| #define HAVE_ENDIAN_H 1
| #define HAVE_ERRNO_H 1
| #define HAVE_FCNTL_H 1
| #define HAVE_GRP_H 1
| #define HAVE_IEEEFP_H 1
| /* end confdefs.h.  */
| #include <stddef.h>
| #ifdef HAVE_STDIO_H
| # include <stdio.h>
| #endif
| #ifdef HAVE_STDLIB_H
| # include <stdlib.h>
| #endif
| #ifdef HAVE_STRING_H
| # include <string.h>
| #endif
| #ifdef HAVE_INTTYPES_H
| # include <inttypes.h>
| #endif
| #ifdef HAVE_STDINT_H
| # include <stdint.h>
| #endif
| #ifdef HAVE_STRINGS_H
| # include <strings.h>
| #endif
| #ifdef HAVE_SYS_TYPES_H
| # include <sys/types.h>
| #endif
| #ifdef HAVE_SYS_STAT_H
| # include <sys/stat.h>
| #endif
| #ifdef HAVE_UNISTD_H
| # include <unistd.h>
| #endif
| #include <io.h>
configure:10562: result: no
configure:10568: checking for langinfo.h
configure:10568: cc -c -mabi=purecap -I/usr/local/include -I/usr/include conftest.c >&5
configure:10568: $? = 0
configure:10568: result: yes
configure:10574: checking for libintl.h
configure:10574: cc -c -mabi=purecap -I/usr/local/include -I/usr/include conftest.c >&5
configure:10574: $? = 0
configure:10574: result: yes
configure:10580: checking for libutil.h
configure:10580: cc -c -mabi=purecap -I/usr/local/include -I/usr/include conftest.c >&5
configure:10580: $? = 0
configure:10580: result: yes
configure:10586: checking for linux/auxvec.h
configure:10586: cc -c -mabi=purecap -I/usr/local/include -I/usr/include conftest.c >&5
conftest.c:78:10: fatal error: 'linux/auxvec.h' file not found
#include <linux/auxvec.h>
         ^~~~~~~~~~~~~~~~
1 error generated.
configure:10586: $? = 1
configure: failed program was:
| /* confdefs.h */
| #define _NETBSD_SOURCE 1
| #define __BSD_VISIBLE 1
| #define _DARWIN_C_SOURCE 1
| #define _PYTHONFRAMEWORK ""
| #define _XOPEN_SOURCE 700
| #define _XOPEN_SOURCE_EXTENDED 1
| #define _POSIX_C_SOURCE 200809L
| #define HAVE_STDIO_H 1
| #define HAVE_STDLIB_H 1
| #define HAVE_STRING_H 1
| #define HAVE_INTTYPES_H 1
| #define HAVE_STDINT_H 1
| #define HAVE_STRINGS_H 1
| #define HAVE_SYS_STAT_H 1
| #define HAVE_SYS_TYPES_H 1
| #define HAVE_UNISTD_H 1
| #define HAVE_WCHAR_H 1
| #define STDC_HEADERS 1
| #define _ALL_SOURCE 1
| #define _DARWIN_C_SOURCE 1
| #define _GNU_SOURCE 1
| #define _HPUX_ALT_XOPEN_SOCKET_API 1
| #define _NETBSD_SOURCE 1
| #define _OPENBSD_SOURCE 1
| #define _POSIX_PTHREAD_SEMANTICS 1
| #define __STDC_WANT_IEC_60559_ATTRIBS_EXT__ 1
| #define __STDC_WANT_IEC_60559_BFP_EXT__ 1
| #define __STDC_WANT_IEC_60559_DFP_EXT__ 1
| #define __STDC_WANT_IEC_60559_FUNCS_EXT__ 1
| #define __STDC_WANT_IEC_60559_TYPES_EXT__ 1
| #define __STDC_WANT_LIB_EXT2__ 1
| #define __STDC_WANT_MATH_SPEC_FUNCS__ 1
| #define _TANDEM_SOURCE 1
| #define __EXTENSIONS__ 1
| #define PY_SUPPORT_TIER 0
| #define Py_DEBUG 1
| #define STDC_HEADERS 1
| #define HAVE_BLUETOOTH_H 1
| #define HAVE_DLFCN_H 1
| #define HAVE_ENDIAN_H 1
| #define HAVE_ERRNO_H 1
| #define HAVE_FCNTL_H 1
| #define HAVE_GRP_H 1
| #define HAVE_IEEEFP_H 1
| #define HAVE_LANGINFO_H 1
| #define HAVE_LIBINTL_H 1
| #define HAVE_LIBUTIL_H 1
| /* end confdefs.h.  */
| #include <stddef.h>
| #ifdef HAVE_STDIO_H
| # include <stdio.h>
| #endif
| #ifdef HAVE_STDLIB_H
| # include <stdlib.h>
| #endif
| #ifdef HAVE_STRING_H
| # include <string.h>
| #endif
| #ifdef HAVE_INTTYPES_H
| # include <inttypes.h>
| #endif
| #ifdef HAVE_STDINT_H
| # include <stdint.h>
| #endif
| #ifdef HAVE_STRINGS_H
| # include <strings.h>
| #endif
| #ifdef HAVE_SYS_TYPES_H
| # include <sys/types.h>
| #endif
| #ifdef HAVE_SYS_STAT_H
| # include <sys/stat.h>
| #endif
| #ifdef HAVE_UNISTD_H
| # include <unistd.h>
| #endif
| #include <linux/auxvec.h>
configure:10586: result: no
configure:10592: checking for sys/auxv.h
configure:10592: cc -c -mabi=purecap -I/usr/local/include -I/usr/include conftest.c >&5
configure:10592: $? = 0
configure:10592: result: yes
configure:10598: checking for linux/fs.h
configure:10598: cc -c -mabi=purecap -I/usr/local/include -I/usr/include conftest.c >&5
conftest.c:79:10: fatal error: 'linux/fs.h' file not found
#include <linux/fs.h>
         ^~~~~~~~~~~~
1 error generated.
configure:10598: $? = 1
configure: failed program was:
| /* confdefs.h */
| #define _NETBSD_SOURCE 1
| #define __BSD_VISIBLE 1
| #define _DARWIN_C_SOURCE 1
| #define _PYTHONFRAMEWORK ""
| #define _XOPEN_SOURCE 700
| #define _XOPEN_SOURCE_EXTENDED 1
| #define _POSIX_C_SOURCE 200809L
| #define HAVE_STDIO_H 1
| #define HAVE_STDLIB_H 1
| #define HAVE_STRING_H 1
| #define HAVE_INTTYPES_H 1
| #define HAVE_STDINT_H 1
| #define HAVE_STRINGS_H 1
| #define HAVE_SYS_STAT_H 1
| #define HAVE_SYS_TYPES_H 1
| #define HAVE_UNISTD_H 1
| #define HAVE_WCHAR_H 1
| #define STDC_HEADERS 1
| #define _ALL_SOURCE 1
| #define _DARWIN_C_SOURCE 1
| #define _GNU_SOURCE 1
| #define _HPUX_ALT_XOPEN_SOCKET_API 1
| #define _NETBSD_SOURCE 1
| #define _OPENBSD_SOURCE 1
| #define _POSIX_PTHREAD_SEMANTICS 1
| #define __STDC_WANT_IEC_60559_ATTRIBS_EXT__ 1
| #define __STDC_WANT_IEC_60559_BFP_EXT__ 1
| #define __STDC_WANT_IEC_60559_DFP_EXT__ 1
| #define __STDC_WANT_IEC_60559_FUNCS_EXT__ 1
| #define __STDC_WANT_IEC_60559_TYPES_EXT__ 1
| #define __STDC_WANT_LIB_EXT2__ 1
| #define __STDC_WANT_MATH_SPEC_FUNCS__ 1
| #define _TANDEM_SOURCE 1
| #define __EXTENSIONS__ 1
| #define PY_SUPPORT_TIER 0
| #define Py_DEBUG 1
| #define STDC_HEADERS 1
| #define HAVE_BLUETOOTH_H 1
| #define HAVE_DLFCN_H 1
| #define HAVE_ENDIAN_H 1
| #define HAVE_ERRNO_H 1
| #define HAVE_FCNTL_H 1
| #define HAVE_GRP_H 1
| #define HAVE_IEEEFP_H 1
| #define HAVE_LANGINFO_H 1
| #define HAVE_LIBINTL_H 1
| #define HAVE_LIBUTIL_H 1
| #define HAVE_SYS_AUXV_H 1
| /* end confdefs.h.  */
| #include <stddef.h>
| #ifdef HAVE_STDIO_H
| # include <stdio.h>
| #endif
| #ifdef HAVE_STDLIB_H
| # include <stdlib.h>
| #endif
| #ifdef HAVE_STRING_H
| # include <string.h>
| #endif
| #ifdef HAVE_INTTYPES_H
| # include <inttypes.h>
| #endif
| #ifdef HAVE_STDINT_H
| # include <stdint.h>
| #endif
| #ifdef HAVE_STRINGS_H
| # include <strings.h>
| #endif
| #ifdef HAVE_SYS_TYPES_H
| # include <sys/types.h>
| #endif
| #ifdef HAVE_SYS_STAT_H
| # include <sys/stat.h>
| #endif
| #ifdef HAVE_UNISTD_H
| # include <unistd.h>
| #endif
| #include <linux/fs.h>
configure:10598: result: no
configure:10604: checking for linux/limits.h
configure:10604: cc -c -mabi=purecap -I/usr/local/include -I/usr/include conftest.c >&5
conftest.c:79:10: fatal error: 'linux/limits.h' file not found
#include <linux/limits.h>
         ^~~~~~~~~~~~~~~~
1 error generated.
configure:10604: $? = 1
configure: failed program was:
| /* confdefs.h */
| #define _NETBSD_SOURCE 1
| #define __BSD_VISIBLE 1
| #define _DARWIN_C_SOURCE 1
| #define _PYTHONFRAMEWORK ""
| #define _XOPEN_SOURCE 700
| #define _XOPEN_SOURCE_EXTENDED 1
| #define _POSIX_C_SOURCE 200809L
| #define HAVE_STDIO_H 1
| #define HAVE_STDLIB_H 1
| #define HAVE_STRING_H 1
| #define HAVE_INTTYPES_H 1
| #define HAVE_STDINT_H 1
| #define HAVE_STRINGS_H 1
| #define HAVE_SYS_STAT_H 1
| #define HAVE_SYS_TYPES_H 1
| #define HAVE_UNISTD_H 1
| #define HAVE_WCHAR_H 1
| #define STDC_HEADERS 1
| #define _ALL_SOURCE 1
| #define _DARWIN_C_SOURCE 1
| #define _GNU_SOURCE 1
| #define _HPUX_ALT_XOPEN_SOCKET_API 1
| #define _NETBSD_SOURCE 1
| #define _OPENBSD_SOURCE 1
| #define _POSIX_PTHREAD_SEMANTICS 1
| #define __STDC_WANT_IEC_60559_ATTRIBS_EXT__ 1
| #define __STDC_WANT_IEC_60559_BFP_EXT__ 1
| #define __STDC_WANT_IEC_60559_DFP_EXT__ 1
| #define __STDC_WANT_IEC_60559_FUNCS_EXT__ 1
| #define __STDC_WANT_IEC_60559_TYPES_EXT__ 1
| #define __STDC_WANT_LIB_EXT2__ 1
| #define __STDC_WANT_MATH_SPEC_FUNCS__ 1
| #define _TANDEM_SOURCE 1
| #define __EXTENSIONS__ 1
| #define PY_SUPPORT_TIER 0
| #define Py_DEBUG 1
| #define STDC_HEADERS 1
| #define HAVE_BLUETOOTH_H 1
| #define HAVE_DLFCN_H 1
| #define HAVE_ENDIAN_H 1
| #define HAVE_ERRNO_H 1
| #define HAVE_FCNTL_H 1
| #define HAVE_GRP_H 1
| #define HAVE_IEEEFP_H 1
| #define HAVE_LANGINFO_H 1
| #define HAVE_LIBINTL_H 1
| #define HAVE_LIBUTIL_H 1
| #define HAVE_SYS_AUXV_H 1
| /* end confdefs.h.  */
| #include <stddef.h>
| #ifdef HAVE_STDIO_H
| # include <stdio.h>
| #endif
| #ifdef HAVE_STDLIB_H
| # include <stdlib.h>
| #endif
| #ifdef HAVE_STRING_H
| # include <string.h>
| #endif
| #ifdef HAVE_INTTYPES_H
| # include <inttypes.h>
| #endif
| #ifdef HAVE_STDINT_H
| # include <stdint.h>
| #endif
| #ifdef HAVE_STRINGS_H
| # include <strings.h>
| #endif
| #ifdef HAVE_SYS_TYPES_H
| # include <sys/types.h>
| #endif
| #ifdef HAVE_SYS_STAT_H
| # include <sys/stat.h>
| #endif
| #ifdef HAVE_UNISTD_H
| # include <unistd.h>
| #endif
| #include <linux/limits.h>
configure:10604: result: no
configure:10610: checking for linux/memfd.h
configure:10610: cc -c -mabi=purecap -I/usr/local/include -I/usr/include conftest.c >&5
conftest.c:79:10: fatal error: 'linux/memfd.h' file not found
#include <linux/memfd.h>
         ^~~~~~~~~~~~~~~
1 error generated.
configure:10610: $? = 1
configure: failed program was:
| /* confdefs.h */
| #define _NETBSD_SOURCE 1
| #define __BSD_VISIBLE 1
| #define _DARWIN_C_SOURCE 1
| #define _PYTHONFRAMEWORK ""
| #define _XOPEN_SOURCE 700
| #define _XOPEN_SOURCE_EXTENDED 1
| #define _POSIX_C_SOURCE 200809L
| #define HAVE_STDIO_H 1
| #define HAVE_STDLIB_H 1
| #define HAVE_STRING_H 1
| #define HAVE_INTTYPES_H 1
| #define HAVE_STDINT_H 1
| #define HAVE_STRINGS_H 1
| #define HAVE_SYS_STAT_H 1
| #define HAVE_SYS_TYPES_H 1
| #define HAVE_UNISTD_H 1
| #define HAVE_WCHAR_H 1
| #define STDC_HEADERS 1
| #define _ALL_SOURCE 1
| #define _DARWIN_C_SOURCE 1
| #define _GNU_SOURCE 1
| #define _HPUX_ALT_XOPEN_SOCKET_API 1
| #define _NETBSD_SOURCE 1
| #define _OPENBSD_SOURCE 1
| #define _POSIX_PTHREAD_SEMANTICS 1
| #define __STDC_WANT_IEC_60559_ATTRIBS_EXT__ 1
| #define __STDC_WANT_IEC_60559_BFP_EXT__ 1
| #define __STDC_WANT_IEC_60559_DFP_EXT__ 1
| #define __STDC_WANT_IEC_60559_FUNCS_EXT__ 1
| #define __STDC_WANT_IEC_60559_TYPES_EXT__ 1
| #define __STDC_WANT_LIB_EXT2__ 1
| #define __STDC_WANT_MATH_SPEC_FUNCS__ 1
| #define _TANDEM_SOURCE 1
| #define __EXTENSIONS__ 1
| #define PY_SUPPORT_TIER 0
| #define Py_DEBUG 1
| #define STDC_HEADERS 1
| #define HAVE_BLUETOOTH_H 1
| #define HAVE_DLFCN_H 1
| #define HAVE_ENDIAN_H 1
| #define HAVE_ERRNO_H 1
| #define HAVE_FCNTL_H 1
| #define HAVE_GRP_H 1
| #define HAVE_IEEEFP_H 1
| #define HAVE_LANGINFO_H 1
| #define HAVE_LIBINTL_H 1
| #define HAVE_LIBUTIL_H 1
| #define HAVE_SYS_AUXV_H 1
| /* end confdefs.h.  */
| #include <stddef.h>
| #ifdef HAVE_STDIO_H
| # include <stdio.h>
| #endif
| #ifdef HAVE_STDLIB_H
| # include <stdlib.h>
| #endif
| #ifdef HAVE_STRING_H
| # include <string.h>
| #endif
| #ifdef HAVE_INTTYPES_H
| # include <inttypes.h>
| #endif
| #ifdef HAVE_STDINT_H
| # include <stdint.h>
| #endif
| #ifdef HAVE_STRINGS_H
| # include <strings.h>
| #endif
| #ifdef HAVE_SYS_TYPES_H
| # include <sys/types.h>
| #endif
| #ifdef HAVE_SYS_STAT_H
| # include <sys/stat.h>
| #endif
| #ifdef HAVE_UNISTD_H
| # include <unistd.h>
| #endif
| #include <linux/memfd.h>
configure:10610: result: no
configure:10616: checking for linux/random.h
configure:10616: cc -c -mabi=purecap -I/usr/local/include -I/usr/include conftest.c >&5
conftest.c:79:10: fatal error: 'linux/random.h' file not found
#include <linux/random.h>
         ^~~~~~~~~~~~~~~~
1 error generated.
configure:10616: $? = 1
configure: failed program was:
| /* confdefs.h */
| #define _NETBSD_SOURCE 1
| #define __BSD_VISIBLE 1
| #define _DARWIN_C_SOURCE 1
| #define _PYTHONFRAMEWORK ""
| #define _XOPEN_SOURCE 700
| #define _XOPEN_SOURCE_EXTENDED 1
| #define _POSIX_C_SOURCE 200809L
| #define HAVE_STDIO_H 1
| #define HAVE_STDLIB_H 1
| #define HAVE_STRING_H 1
| #define HAVE_INTTYPES_H 1
| #define HAVE_STDINT_H 1
| #define HAVE_STRINGS_H 1
| #define HAVE_SYS_STAT_H 1
| #define HAVE_SYS_TYPES_H 1
| #define HAVE_UNISTD_H 1
| #define HAVE_WCHAR_H 1
| #define STDC_HEADERS 1
| #define _ALL_SOURCE 1
| #define _DARWIN_C_SOURCE 1
| #define _GNU_SOURCE 1
| #define _HPUX_ALT_XOPEN_SOCKET_API 1
| #define _NETBSD_SOURCE 1
| #define _OPENBSD_SOURCE 1
| #define _POSIX_PTHREAD_SEMANTICS 1
| #define __STDC_WANT_IEC_60559_ATTRIBS_EXT__ 1
| #define __STDC_WANT_IEC_60559_BFP_EXT__ 1
| #define __STDC_WANT_IEC_60559_DFP_EXT__ 1
| #define __STDC_WANT_IEC_60559_FUNCS_EXT__ 1
| #define __STDC_WANT_IEC_60559_TYPES_EXT__ 1
| #define __STDC_WANT_LIB_EXT2__ 1
| #define __STDC_WANT_MATH_SPEC_FUNCS__ 1
| #define _TANDEM_SOURCE 1
| #define __EXTENSIONS__ 1
| #define PY_SUPPORT_TIER 0
| #define Py_DEBUG 1
| #define STDC_HEADERS 1
| #define HAVE_BLUETOOTH_H 1
| #define HAVE_DLFCN_H 1
| #define HAVE_ENDIAN_H 1
| #define HAVE_ERRNO_H 1
| #define HAVE_FCNTL_H 1
| #define HAVE_GRP_H 1
| #define HAVE_IEEEFP_H 1
| #define HAVE_LANGINFO_H 1
| #define HAVE_LIBINTL_H 1
| #define HAVE_LIBUTIL_H 1
| #define HAVE_SYS_AUXV_H 1
| /* end confdefs.h.  */
| #include <stddef.h>
| #ifdef HAVE_STDIO_H
| # include <stdio.h>
| #endif
| #ifdef HAVE_STDLIB_H
| # include <stdlib.h>
| #endif
| #ifdef HAVE_STRING_H
| # include <string.h>
| #endif
| #ifdef HAVE_INTTYPES_H
| # include <inttypes.h>
| #endif
| #ifdef HAVE_STDINT_H
| # include <stdint.h>
| #endif
| #ifdef HAVE_STRINGS_H
| # include <strings.h>
| #endif
| #ifdef HAVE_SYS_TYPES_H
| # include <sys/types.h>
| #endif
| #ifdef HAVE_SYS_STAT_H
| # include <sys/stat.h>
| #endif
| #ifdef HAVE_UNISTD_H
| # include <unistd.h>
| #endif
| #include <linux/random.h>
configure:10616: result: no
configure:10622: checking for linux/soundcard.h
configure:10622: cc -c -mabi=purecap -I/usr/local/include -I/usr/include conftest.c >&5
conftest.c:79:10: fatal error: 'linux/soundcard.h' file not found
#include <linux/soundcard.h>
         ^~~~~~~~~~~~~~~~~~~
1 error generated.
configure:10622: $? = 1
configure: failed program was:
| /* confdefs.h */
| #define _NETBSD_SOURCE 1
| #define __BSD_VISIBLE 1
| #define _DARWIN_C_SOURCE 1
| #define _PYTHONFRAMEWORK ""
| #define _XOPEN_SOURCE 700
| #define _XOPEN_SOURCE_EXTENDED 1
| #define _POSIX_C_SOURCE 200809L
| #define HAVE_STDIO_H 1
| #define HAVE_STDLIB_H 1
| #define HAVE_STRING_H 1
| #define HAVE_INTTYPES_H 1
| #define HAVE_STDINT_H 1
| #define HAVE_STRINGS_H 1
| #define HAVE_SYS_STAT_H 1
| #define HAVE_SYS_TYPES_H 1
| #define HAVE_UNISTD_H 1
| #define HAVE_WCHAR_H 1
| #define STDC_HEADERS 1
| #define _ALL_SOURCE 1
| #define _DARWIN_C_SOURCE 1
| #define _GNU_SOURCE 1
| #define _HPUX_ALT_XOPEN_SOCKET_API 1
| #define _NETBSD_SOURCE 1
| #define _OPENBSD_SOURCE 1
| #define _POSIX_PTHREAD_SEMANTICS 1
| #define __STDC_WANT_IEC_60559_ATTRIBS_EXT__ 1
| #define __STDC_WANT_IEC_60559_BFP_EXT__ 1
| #define __STDC_WANT_IEC_60559_DFP_EXT__ 1
| #define __STDC_WANT_IEC_60559_FUNCS_EXT__ 1
| #define __STDC_WANT_IEC_60559_TYPES_EXT__ 1
| #define __STDC_WANT_LIB_EXT2__ 1
| #define __STDC_WANT_MATH_SPEC_FUNCS__ 1
| #define _TANDEM_SOURCE 1
| #define __EXTENSIONS__ 1
| #define PY_SUPPORT_TIER 0
| #define Py_DEBUG 1
| #define STDC_HEADERS 1
| #define HAVE_BLUETOOTH_H 1
| #define HAVE_DLFCN_H 1
| #define HAVE_ENDIAN_H 1
| #define HAVE_ERRNO_H 1
| #define HAVE_FCNTL_H 1
| #define HAVE_GRP_H 1
| #define HAVE_IEEEFP_H 1
| #define HAVE_LANGINFO_H 1
| #define HAVE_LIBINTL_H 1
| #define HAVE_LIBUTIL_H 1
| #define HAVE_SYS_AUXV_H 1
| /* end confdefs.h.  */
| #include <stddef.h>
| #ifdef HAVE_STDIO_H
| # include <stdio.h>
| #endif
| #ifdef HAVE_STDLIB_H
| # include <stdlib.h>
| #endif
| #ifdef HAVE_STRING_H
| # include <string.h>
| #endif
| #ifdef HAVE_INTTYPES_H
| # include <inttypes.h>
| #endif
| #ifdef HAVE_STDINT_H
| # include <stdint.h>
| #endif
| #ifdef HAVE_STRINGS_H
| # include <strings.h>
| #endif
| #ifdef HAVE_SYS_TYPES_H
| # include <sys/types.h>
| #endif
| #ifdef HAVE_SYS_STAT_H
| # include <sys/stat.h>
| #endif
| #ifdef HAVE_UNISTD_H
| # include <unistd.h>
| #endif
| #include <linux/soundcard.h>
configure:10622: result: no
configure:10628: checking for linux/tipc.h
configure:10628: cc -c -mabi=purecap -I/usr/local/include -I/usr/include conftest.c >&5
conftest.c:79:10: fatal error: 'linux/tipc.h' file not found
#include <linux/tipc.h>
         ^~~~~~~~~~~~~~
1 error generated.
configure:10628: $? = 1
configure: failed program was:
| /* confdefs.h */
| #define _NETBSD_SOURCE 1
| #define __BSD_VISIBLE 1
| #define _DARWIN_C_SOURCE 1
| #define _PYTHONFRAMEWORK ""
| #define _XOPEN_SOURCE 700
| #define _XOPEN_SOURCE_EXTENDED 1
| #define _POSIX_C_SOURCE 200809L
| #define HAVE_STDIO_H 1
| #define HAVE_STDLIB_H 1
| #define HAVE_STRING_H 1
| #define HAVE_INTTYPES_H 1
| #define HAVE_STDINT_H 1
| #define HAVE_STRINGS_H 1
| #define HAVE_SYS_STAT_H 1
| #define HAVE_SYS_TYPES_H 1
| #define HAVE_UNISTD_H 1
| #define HAVE_WCHAR_H 1
| #define STDC_HEADERS 1
| #define _ALL_SOURCE 1
| #define _DARWIN_C_SOURCE 1
| #define _GNU_SOURCE 1
| #define _HPUX_ALT_XOPEN_SOCKET_API 1
| #define _NETBSD_SOURCE 1
| #define _OPENBSD_SOURCE 1
| #define _POSIX_PTHREAD_SEMANTICS 1
| #define __STDC_WANT_IEC_60559_ATTRIBS_EXT__ 1
| #define __STDC_WANT_IEC_60559_BFP_EXT__ 1
| #define __STDC_WANT_IEC_60559_DFP_EXT__ 1
| #define __STDC_WANT_IEC_60559_FUNCS_EXT__ 1
| #define __STDC_WANT_IEC_60559_TYPES_EXT__ 1
| #define __STDC_WANT_LIB_EXT2__ 1
| #define __STDC_WANT_MATH_SPEC_FUNCS__ 1
| #define _TANDEM_SOURCE 1
| #define __EXTENSIONS__ 1
| #define PY_SUPPORT_TIER 0
| #define Py_DEBUG 1
| #define STDC_HEADERS 1
| #define HAVE_BLUETOOTH_H 1
| #define HAVE_DLFCN_H 1
| #define HAVE_ENDIAN_H 1
| #define HAVE_ERRNO_H 1
| #define HAVE_FCNTL_H 1
| #define HAVE_GRP_H 1
| #define HAVE_IEEEFP_H 1
| #define HAVE_LANGINFO_H 1
| #define HAVE_LIBINTL_H 1
| #define HAVE_LIBUTIL_H 1
| #define HAVE_SYS_AUXV_H 1
| /* end confdefs.h.  */
| #include <stddef.h>
| #ifdef HAVE_STDIO_H
| # include <stdio.h>
| #endif
| #ifdef HAVE_STDLIB_H
| # include <stdlib.h>
| #endif
| #ifdef HAVE_STRING_H
| # include <string.h>
| #endif
| #ifdef HAVE_INTTYPES_H
| # include <inttypes.h>
| #endif
| #ifdef HAVE_STDINT_H
| # include <stdint.h>
| #endif
| #ifdef HAVE_STRINGS_H
| # include <strings.h>
| #endif
| #ifdef HAVE_SYS_TYPES_H
| # include <sys/types.h>
| #endif
| #ifdef HAVE_SYS_STAT_H
| # include <sys/stat.h>
| #endif
| #ifdef HAVE_UNISTD_H
| # include <unistd.h>
| #endif
| #include <linux/tipc.h>
configure:10628: result: no
configure:10634: checking for linux/wait.h
configure:10634: cc -c -mabi=purecap -I/usr/local/include -I/usr/include conftest.c >&5
conftest.c:79:10: fatal error: 'linux/wait.h' file not found
#include <linux/wait.h>
         ^~~~~~~~~~~~~~
1 error generated.
configure:10634: $? = 1
configure: failed program was:
| /* confdefs.h */
| #define _NETBSD_SOURCE 1
| #define __BSD_VISIBLE 1
| #define _DARWIN_C_SOURCE 1
| #define _PYTHONFRAMEWORK ""
| #define _XOPEN_SOURCE 700
| #define _XOPEN_SOURCE_EXTENDED 1
| #define _POSIX_C_SOURCE 200809L
| #define HAVE_STDIO_H 1
| #define HAVE_STDLIB_H 1
| #define HAVE_STRING_H 1
| #define HAVE_INTTYPES_H 1
| #define HAVE_STDINT_H 1
| #define HAVE_STRINGS_H 1
| #define HAVE_SYS_STAT_H 1
| #define HAVE_SYS_TYPES_H 1
| #define HAVE_UNISTD_H 1
| #define HAVE_WCHAR_H 1
| #define STDC_HEADERS 1
| #define _ALL_SOURCE 1
| #define _DARWIN_C_SOURCE 1
| #define _GNU_SOURCE 1
| #define _HPUX_ALT_XOPEN_SOCKET_API 1
| #define _NETBSD_SOURCE 1
| #define _OPENBSD_SOURCE 1
| #define _POSIX_PTHREAD_SEMANTICS 1
| #define __STDC_WANT_IEC_60559_ATTRIBS_EXT__ 1
| #define __STDC_WANT_IEC_60559_BFP_EXT__ 1
| #define __STDC_WANT_IEC_60559_DFP_EXT__ 1
| #define __STDC_WANT_IEC_60559_FUNCS_EXT__ 1
| #define __STDC_WANT_IEC_60559_TYPES_EXT__ 1
| #define __STDC_WANT_LIB_EXT2__ 1
| #define __STDC_WANT_MATH_SPEC_FUNCS__ 1
| #define _TANDEM_SOURCE 1
| #define __EXTENSIONS__ 1
| #define PY_SUPPORT_TIER 0
| #define Py_DEBUG 1
| #define STDC_HEADERS 1
| #define HAVE_BLUETOOTH_H 1
| #define HAVE_DLFCN_H 1
| #define HAVE_ENDIAN_H 1
| #define HAVE_ERRNO_H 1
| #define HAVE_FCNTL_H 1
| #define HAVE_GRP_H 1
| #define HAVE_IEEEFP_H 1
| #define HAVE_LANGINFO_H 1
| #define HAVE_LIBINTL_H 1
| #define HAVE_LIBUTIL_H 1
| #define HAVE_SYS_AUXV_H 1
| /* end confdefs.h.  */
| #include <stddef.h>
| #ifdef HAVE_STDIO_H
| # include <stdio.h>
| #endif
| #ifdef HAVE_STDLIB_H
| # include <stdlib.h>
| #endif
| #ifdef HAVE_STRING_H
| # include <string.h>
| #endif
| #ifdef HAVE_INTTYPES_H
| # include <inttypes.h>
| #endif
| #ifdef HAVE_STDINT_H
| # include <stdint.h>
| #endif
| #ifdef HAVE_STRINGS_H
| # include <strings.h>
| #endif
| #ifdef HAVE_SYS_TYPES_H
| # include <sys/types.h>
| #endif
| #ifdef HAVE_SYS_STAT_H
| # include <sys/stat.h>
| #endif
| #ifdef HAVE_UNISTD_H
| # include <unistd.h>
| #endif
| #include <linux/wait.h>
configure:10634: result: no
configure:10640: checking for netdb.h
configure:10640: cc -c -mabi=purecap -I/usr/local/include -I/usr/include conftest.c >&5
configure:10640: $? = 0
configure:10640: result: yes
configure:10646: checking for net/ethernet.h
configure:10646: cc -c -mabi=purecap -I/usr/local/include -I/usr/include conftest.c >&5
configure:10646: $? = 0
configure:10646: result: yes
configure:10652: checking for netinet/in.h
configure:10652: cc -c -mabi=purecap -I/usr/local/include -I/usr/include conftest.c >&5
configure:10652: $? = 0
configure:10652: result: yes
configure:10658: checking for netpacket/packet.h
configure:10658: cc -c -mabi=purecap -I/usr/local/include -I/usr/include conftest.c >&5
conftest.c:82:10: fatal error: 'netpacket/packet.h' file not found
#include <netpacket/packet.h>
         ^~~~~~~~~~~~~~~~~~~~
1 error generated.
configure:10658: $? = 1
configure: failed program was:
| /* confdefs.h */
| #define _NETBSD_SOURCE 1
| #define __BSD_VISIBLE 1
| #define _DARWIN_C_SOURCE 1
| #define _PYTHONFRAMEWORK ""
| #define _XOPEN_SOURCE 700
| #define _XOPEN_SOURCE_EXTENDED 1
| #define _POSIX_C_SOURCE 200809L
| #define HAVE_STDIO_H 1
| #define HAVE_STDLIB_H 1
| #define HAVE_STRING_H 1
| #define HAVE_INTTYPES_H 1
| #define HAVE_STDINT_H 1
| #define HAVE_STRINGS_H 1
| #define HAVE_SYS_STAT_H 1
| #define HAVE_SYS_TYPES_H 1
| #define HAVE_UNISTD_H 1
| #define HAVE_WCHAR_H 1
| #define STDC_HEADERS 1
| #define _ALL_SOURCE 1
| #define _DARWIN_C_SOURCE 1
| #define _GNU_SOURCE 1
| #define _HPUX_ALT_XOPEN_SOCKET_API 1
| #define _NETBSD_SOURCE 1
| #define _OPENBSD_SOURCE 1
| #define _POSIX_PTHREAD_SEMANTICS 1
| #define __STDC_WANT_IEC_60559_ATTRIBS_EXT__ 1
| #define __STDC_WANT_IEC_60559_BFP_EXT__ 1
| #define __STDC_WANT_IEC_60559_DFP_EXT__ 1
| #define __STDC_WANT_IEC_60559_FUNCS_EXT__ 1
| #define __STDC_WANT_IEC_60559_TYPES_EXT__ 1
| #define __STDC_WANT_LIB_EXT2__ 1
| #define __STDC_WANT_MATH_SPEC_FUNCS__ 1
| #define _TANDEM_SOURCE 1
| #define __EXTENSIONS__ 1
| #define PY_SUPPORT_TIER 0
| #define Py_DEBUG 1
| #define STDC_HEADERS 1
| #define HAVE_BLUETOOTH_H 1
| #define HAVE_DLFCN_H 1
| #define HAVE_ENDIAN_H 1
| #define HAVE_ERRNO_H 1
| #define HAVE_FCNTL_H 1
| #define HAVE_GRP_H 1
| #define HAVE_IEEEFP_H 1
| #define HAVE_LANGINFO_H 1
| #define HAVE_LIBINTL_H 1
| #define HAVE_LIBUTIL_H 1
| #define HAVE_SYS_AUXV_H 1
| #define HAVE_NETDB_H 1
| #define HAVE_NET_ETHERNET_H 1
| #define HAVE_NETINET_IN_H 1
| /* end confdefs.h.  */
| #include <stddef.h>
| #ifdef HAVE_STDIO_H
| # include <stdio.h>
| #endif
| #ifdef HAVE_STDLIB_H
| # include <stdlib.h>
| #endif
| #ifdef HAVE_STRING_H
| # include <string.h>
| #endif
| #ifdef HAVE_INTTYPES_H
| # include <inttypes.h>
| #endif
| #ifdef HAVE_STDINT_H
| # include <stdint.h>
| #endif
| #ifdef HAVE_STRINGS_H
| # include <strings.h>
| #endif
| #ifdef HAVE_SYS_TYPES_H
| # include <sys/types.h>
| #endif
| #ifdef HAVE_SYS_STAT_H
| # include <sys/stat.h>
| #endif
| #ifdef HAVE_UNISTD_H
| # include <unistd.h>
| #endif
| #include <netpacket/packet.h>
configure:10658: result: no
configure:10664: checking for poll.h
configure:10664: cc -c -mabi=purecap -I/usr/local/include -I/usr/include conftest.c >&5
configure:10664: $? = 0
configure:10664: result: yes
configure:10670: checking for process.h
configure:10670: cc -c -mabi=purecap -I/usr/local/include -I/usr/include conftest.c >&5
conftest.c:83:10: fatal error: 'process.h' file not found
#include <process.h>
         ^~~~~~~~~~~
1 error generated.
configure:10670: $? = 1
configure: failed program was:
| /* confdefs.h */
| #define _NETBSD_SOURCE 1
| #define __BSD_VISIBLE 1
| #define _DARWIN_C_SOURCE 1
| #define _PYTHONFRAMEWORK ""
| #define _XOPEN_SOURCE 700
| #define _XOPEN_SOURCE_EXTENDED 1
| #define _POSIX_C_SOURCE 200809L
| #define HAVE_STDIO_H 1
| #define HAVE_STDLIB_H 1
| #define HAVE_STRING_H 1
| #define HAVE_INTTYPES_H 1
| #define HAVE_STDINT_H 1
| #define HAVE_STRINGS_H 1
| #define HAVE_SYS_STAT_H 1
| #define HAVE_SYS_TYPES_H 1
| #define HAVE_UNISTD_H 1
| #define HAVE_WCHAR_H 1
| #define STDC_HEADERS 1
| #define _ALL_SOURCE 1
| #define _DARWIN_C_SOURCE 1
| #define _GNU_SOURCE 1
| #define _HPUX_ALT_XOPEN_SOCKET_API 1
| #define _NETBSD_SOURCE 1
| #define _OPENBSD_SOURCE 1
| #define _POSIX_PTHREAD_SEMANTICS 1
| #define __STDC_WANT_IEC_60559_ATTRIBS_EXT__ 1
| #define __STDC_WANT_IEC_60559_BFP_EXT__ 1
| #define __STDC_WANT_IEC_60559_DFP_EXT__ 1
| #define __STDC_WANT_IEC_60559_FUNCS_EXT__ 1
| #define __STDC_WANT_IEC_60559_TYPES_EXT__ 1
| #define __STDC_WANT_LIB_EXT2__ 1
| #define __STDC_WANT_MATH_SPEC_FUNCS__ 1
| #define _TANDEM_SOURCE 1
| #define __EXTENSIONS__ 1
| #define PY_SUPPORT_TIER 0
| #define Py_DEBUG 1
| #define STDC_HEADERS 1
| #define HAVE_BLUETOOTH_H 1
| #define HAVE_DLFCN_H 1
| #define HAVE_ENDIAN_H 1
| #define HAVE_ERRNO_H 1
| #define HAVE_FCNTL_H 1
| #define HAVE_GRP_H 1
| #define HAVE_IEEEFP_H 1
| #define HAVE_LANGINFO_H 1
| #define HAVE_LIBINTL_H 1
| #define HAVE_LIBUTIL_H 1
| #define HAVE_SYS_AUXV_H 1
| #define HAVE_NETDB_H 1
| #define HAVE_NET_ETHERNET_H 1
| #define HAVE_NETINET_IN_H 1
| #define HAVE_POLL_H 1
| /* end confdefs.h.  */
| #include <stddef.h>
| #ifdef HAVE_STDIO_H
| # include <stdio.h>
| #endif
| #ifdef HAVE_STDLIB_H
| # include <stdlib.h>
| #endif
| #ifdef HAVE_STRING_H
| # include <string.h>
| #endif
| #ifdef HAVE_INTTYPES_H
| # include <inttypes.h>
| #endif
| #ifdef HAVE_STDINT_H
| # include <stdint.h>
| #endif
| #ifdef HAVE_STRINGS_H
| # include <strings.h>
| #endif
| #ifdef HAVE_SYS_TYPES_H
| # include <sys/types.h>
| #endif
| #ifdef HAVE_SYS_STAT_H
| # include <sys/stat.h>
| #endif
| #ifdef HAVE_UNISTD_H
| # include <unistd.h>
| #endif
| #include <process.h>
configure:10670: result: no
configure:10676: checking for pthread.h
configure:10676: cc -c -mabi=purecap -I/usr/local/include -I/usr/include conftest.c >&5
configure:10676: $? = 0
configure:10676: result: yes
configure:10682: checking for pty.h
configure:10682: cc -c -mabi=purecap -I/usr/local/include -I/usr/include conftest.c >&5
conftest.c:84:10: fatal error: 'pty.h' file not found
#include <pty.h>
         ^~~~~~~
1 error generated.
configure:10682: $? = 1
configure: failed program was:
| /* confdefs.h */
| #define _NETBSD_SOURCE 1
| #define __BSD_VISIBLE 1
| #define _DARWIN_C_SOURCE 1
| #define _PYTHONFRAMEWORK ""
| #define _XOPEN_SOURCE 700
| #define _XOPEN_SOURCE_EXTENDED 1
| #define _POSIX_C_SOURCE 200809L
| #define HAVE_STDIO_H 1
| #define HAVE_STDLIB_H 1
| #define HAVE_STRING_H 1
| #define HAVE_INTTYPES_H 1
| #define HAVE_STDINT_H 1
| #define HAVE_STRINGS_H 1
| #define HAVE_SYS_STAT_H 1
| #define HAVE_SYS_TYPES_H 1
| #define HAVE_UNISTD_H 1
| #define HAVE_WCHAR_H 1
| #define STDC_HEADERS 1
| #define _ALL_SOURCE 1
| #define _DARWIN_C_SOURCE 1
| #define _GNU_SOURCE 1
| #define _HPUX_ALT_XOPEN_SOCKET_API 1
| #define _NETBSD_SOURCE 1
| #define _OPENBSD_SOURCE 1
| #define _POSIX_PTHREAD_SEMANTICS 1
| #define __STDC_WANT_IEC_60559_ATTRIBS_EXT__ 1
| #define __STDC_WANT_IEC_60559_BFP_EXT__ 1
| #define __STDC_WANT_IEC_60559_DFP_EXT__ 1
| #define __STDC_WANT_IEC_60559_FUNCS_EXT__ 1
| #define __STDC_WANT_IEC_60559_TYPES_EXT__ 1
| #define __STDC_WANT_LIB_EXT2__ 1
| #define __STDC_WANT_MATH_SPEC_FUNCS__ 1
| #define _TANDEM_SOURCE 1
| #define __EXTENSIONS__ 1
| #define PY_SUPPORT_TIER 0
| #define Py_DEBUG 1
| #define STDC_HEADERS 1
| #define HAVE_BLUETOOTH_H 1
| #define HAVE_DLFCN_H 1
| #define HAVE_ENDIAN_H 1
| #define HAVE_ERRNO_H 1
| #define HAVE_FCNTL_H 1
| #define HAVE_GRP_H 1
| #define HAVE_IEEEFP_H 1
| #define HAVE_LANGINFO_H 1
| #define HAVE_LIBINTL_H 1
| #define HAVE_LIBUTIL_H 1
| #define HAVE_SYS_AUXV_H 1
| #define HAVE_NETDB_H 1
| #define HAVE_NET_ETHERNET_H 1
| #define HAVE_NETINET_IN_H 1
| #define HAVE_POLL_H 1
| #define HAVE_PTHREAD_H 1
| /* end confdefs.h.  */
| #include <stddef.h>
| #ifdef HAVE_STDIO_H
| # include <stdio.h>
| #endif
| #ifdef HAVE_STDLIB_H
| # include <stdlib.h>
| #endif
| #ifdef HAVE_STRING_H
| # include <string.h>
| #endif
| #ifdef HAVE_INTTYPES_H
| # include <inttypes.h>
| #endif
| #ifdef HAVE_STDINT_H
| # include <stdint.h>
| #endif
| #ifdef HAVE_STRINGS_H
| # include <strings.h>
| #endif
| #ifdef HAVE_SYS_TYPES_H
| # include <sys/types.h>
| #endif
| #ifdef HAVE_SYS_STAT_H
| # include <sys/stat.h>
| #endif
| #ifdef HAVE_UNISTD_H
| # include <unistd.h>
| #endif
| #include <pty.h>
configure:10682: result: no
configure:10688: checking for sched.h
configure:10688: cc -c -mabi=purecap -I/usr/local/include -I/usr/include conftest.c >&5
configure:10688: $? = 0
configure:10688: result: yes
configure:10694: checking for setjmp.h
configure:10694: cc -c -mabi=purecap -I/usr/local/include -I/usr/include conftest.c >&5
configure:10694: $? = 0
configure:10694: result: yes
configure:10700: checking for shadow.h
configure:10700: cc -c -mabi=purecap -I/usr/local/include -I/usr/include conftest.c >&5
conftest.c:86:10: fatal error: 'shadow.h' file not found
#include <shadow.h>
         ^~~~~~~~~~
1 error generated.
configure:10700: $? = 1
configure: failed program was:
| /* confdefs.h */
| #define _NETBSD_SOURCE 1
| #define __BSD_VISIBLE 1
| #define _DARWIN_C_SOURCE 1
| #define _PYTHONFRAMEWORK ""
| #define _XOPEN_SOURCE 700
| #define _XOPEN_SOURCE_EXTENDED 1
| #define _POSIX_C_SOURCE 200809L
| #define HAVE_STDIO_H 1
| #define HAVE_STDLIB_H 1
| #define HAVE_STRING_H 1
| #define HAVE_INTTYPES_H 1
| #define HAVE_STDINT_H 1
| #define HAVE_STRINGS_H 1
| #define HAVE_SYS_STAT_H 1
| #define HAVE_SYS_TYPES_H 1
| #define HAVE_UNISTD_H 1
| #define HAVE_WCHAR_H 1
| #define STDC_HEADERS 1
| #define _ALL_SOURCE 1
| #define _DARWIN_C_SOURCE 1
| #define _GNU_SOURCE 1
| #define _HPUX_ALT_XOPEN_SOCKET_API 1
| #define _NETBSD_SOURCE 1
| #define _OPENBSD_SOURCE 1
| #define _POSIX_PTHREAD_SEMANTICS 1
| #define __STDC_WANT_IEC_60559_ATTRIBS_EXT__ 1
| #define __STDC_WANT_IEC_60559_BFP_EXT__ 1
| #define __STDC_WANT_IEC_60559_DFP_EXT__ 1
| #define __STDC_WANT_IEC_60559_FUNCS_EXT__ 1
| #define __STDC_WANT_IEC_60559_TYPES_EXT__ 1
| #define __STDC_WANT_LIB_EXT2__ 1
| #define __STDC_WANT_MATH_SPEC_FUNCS__ 1
| #define _TANDEM_SOURCE 1
| #define __EXTENSIONS__ 1
| #define PY_SUPPORT_TIER 0
| #define Py_DEBUG 1
| #define STDC_HEADERS 1
| #define HAVE_BLUETOOTH_H 1
| #define HAVE_DLFCN_H 1
| #define HAVE_ENDIAN_H 1
| #define HAVE_ERRNO_H 1
| #define HAVE_FCNTL_H 1
| #define HAVE_GRP_H 1
| #define HAVE_IEEEFP_H 1
| #define HAVE_LANGINFO_H 1
| #define HAVE_LIBINTL_H 1
| #define HAVE_LIBUTIL_H 1
| #define HAVE_SYS_AUXV_H 1
| #define HAVE_NETDB_H 1
| #define HAVE_NET_ETHERNET_H 1
| #define HAVE_NETINET_IN_H 1
| #define HAVE_POLL_H 1
| #define HAVE_PTHREAD_H 1
| #define HAVE_SCHED_H 1
| #define HAVE_SETJMP_H 1
| /* end confdefs.h.  */
| #include <stddef.h>
| #ifdef HAVE_STDIO_H
| # include <stdio.h>
| #endif
| #ifdef HAVE_STDLIB_H
| # include <stdlib.h>
| #endif
| #ifdef HAVE_STRING_H
| # include <string.h>
| #endif
| #ifdef HAVE_INTTYPES_H
| # include <inttypes.h>
| #endif
| #ifdef HAVE_STDINT_H
| # include <stdint.h>
| #endif
| #ifdef HAVE_STRINGS_H
| # include <strings.h>
| #endif
| #ifdef HAVE_SYS_TYPES_H
| # include <sys/types.h>
| #endif
| #ifdef HAVE_SYS_STAT_H
| # include <sys/stat.h>
| #endif
| #ifdef HAVE_UNISTD_H
| # include <unistd.h>
| #endif
| #include <shadow.h>
configure:10700: result: no
configure:10706: checking for signal.h
configure:10706: cc -c -mabi=purecap -I/usr/local/include -I/usr/include conftest.c >&5
configure:10706: $? = 0
configure:10706: result: yes
configure:10712: checking for spawn.h
configure:10712: cc -c -mabi=purecap -I/usr/local/include -I/usr/include conftest.c >&5
configure:10712: $? = 0
configure:10712: result: yes
configure:10718: checking for stropts.h
configure:10718: cc -c -mabi=purecap -I/usr/local/include -I/usr/include conftest.c >&5
conftest.c:88:10: fatal error: 'stropts.h' file not found
#include <stropts.h>
         ^~~~~~~~~~~
1 error generated.
configure:10718: $? = 1
configure: failed program was:
| /* confdefs.h */
| #define _NETBSD_SOURCE 1
| #define __BSD_VISIBLE 1
| #define _DARWIN_C_SOURCE 1
| #define _PYTHONFRAMEWORK ""
| #define _XOPEN_SOURCE 700
| #define _XOPEN_SOURCE_EXTENDED 1
| #define _POSIX_C_SOURCE 200809L
| #define HAVE_STDIO_H 1
| #define HAVE_STDLIB_H 1
| #define HAVE_STRING_H 1
| #define HAVE_INTTYPES_H 1
| #define HAVE_STDINT_H 1
| #define HAVE_STRINGS_H 1
| #define HAVE_SYS_STAT_H 1
| #define HAVE_SYS_TYPES_H 1
| #define HAVE_UNISTD_H 1
| #define HAVE_WCHAR_H 1
| #define STDC_HEADERS 1
| #define _ALL_SOURCE 1
| #define _DARWIN_C_SOURCE 1
| #define _GNU_SOURCE 1
| #define _HPUX_ALT_XOPEN_SOCKET_API 1
| #define _NETBSD_SOURCE 1
| #define _OPENBSD_SOURCE 1
| #define _POSIX_PTHREAD_SEMANTICS 1
| #define __STDC_WANT_IEC_60559_ATTRIBS_EXT__ 1
| #define __STDC_WANT_IEC_60559_BFP_EXT__ 1
| #define __STDC_WANT_IEC_60559_DFP_EXT__ 1
| #define __STDC_WANT_IEC_60559_FUNCS_EXT__ 1
| #define __STDC_WANT_IEC_60559_TYPES_EXT__ 1
| #define __STDC_WANT_LIB_EXT2__ 1
| #define __STDC_WANT_MATH_SPEC_FUNCS__ 1
| #define _TANDEM_SOURCE 1
| #define __EXTENSIONS__ 1
| #define PY_SUPPORT_TIER 0
| #define Py_DEBUG 1
| #define STDC_HEADERS 1
| #define HAVE_BLUETOOTH_H 1
| #define HAVE_DLFCN_H 1
| #define HAVE_ENDIAN_H 1
| #define HAVE_ERRNO_H 1
| #define HAVE_FCNTL_H 1
| #define HAVE_GRP_H 1
| #define HAVE_IEEEFP_H 1
| #define HAVE_LANGINFO_H 1
| #define HAVE_LIBINTL_H 1
| #define HAVE_LIBUTIL_H 1
| #define HAVE_SYS_AUXV_H 1
| #define HAVE_NETDB_H 1
| #define HAVE_NET_ETHERNET_H 1
| #define HAVE_NETINET_IN_H 1
| #define HAVE_POLL_H 1
| #define HAVE_PTHREAD_H 1
| #define HAVE_SCHED_H 1
| #define HAVE_SETJMP_H 1
| #define HAVE_SIGNAL_H 1
| #define HAVE_SPAWN_H 1
| /* end confdefs.h.  */
| #include <stddef.h>
| #ifdef HAVE_STDIO_H
| # include <stdio.h>
| #endif
| #ifdef HAVE_STDLIB_H
| # include <stdlib.h>
| #endif
| #ifdef HAVE_STRING_H
| # include <string.h>
| #endif
| #ifdef HAVE_INTTYPES_H
| # include <inttypes.h>
| #endif
| #ifdef HAVE_STDINT_H
| # include <stdint.h>
| #endif
| #ifdef HAVE_STRINGS_H
| # include <strings.h>
| #endif
| #ifdef HAVE_SYS_TYPES_H
| # include <sys/types.h>
| #endif
| #ifdef HAVE_SYS_STAT_H
| # include <sys/stat.h>
| #endif
| #ifdef HAVE_UNISTD_H
| # include <unistd.h>
| #endif
| #include <stropts.h>
configure:10718: result: no
configure:10724: checking for sys/audioio.h
configure:10724: cc -c -mabi=purecap -I/usr/local/include -I/usr/include conftest.c >&5
conftest.c:88:10: fatal error: 'sys/audioio.h' file not found
#include <sys/audioio.h>
         ^~~~~~~~~~~~~~~
1 error generated.
configure:10724: $? = 1
configure: failed program was:
| /* confdefs.h */
| #define _NETBSD_SOURCE 1
| #define __BSD_VISIBLE 1
| #define _DARWIN_C_SOURCE 1
| #define _PYTHONFRAMEWORK ""
| #define _XOPEN_SOURCE 700
| #define _XOPEN_SOURCE_EXTENDED 1
| #define _POSIX_C_SOURCE 200809L
| #define HAVE_STDIO_H 1
| #define HAVE_STDLIB_H 1
| #define HAVE_STRING_H 1
| #define HAVE_INTTYPES_H 1
| #define HAVE_STDINT_H 1
| #define HAVE_STRINGS_H 1
| #define HAVE_SYS_STAT_H 1
| #define HAVE_SYS_TYPES_H 1
| #define HAVE_UNISTD_H 1
| #define HAVE_WCHAR_H 1
| #define STDC_HEADERS 1
| #define _ALL_SOURCE 1
| #define _DARWIN_C_SOURCE 1
| #define _GNU_SOURCE 1
| #define _HPUX_ALT_XOPEN_SOCKET_API 1
| #define _NETBSD_SOURCE 1
| #define _OPENBSD_SOURCE 1
| #define _POSIX_PTHREAD_SEMANTICS 1
| #define __STDC_WANT_IEC_60559_ATTRIBS_EXT__ 1
| #define __STDC_WANT_IEC_60559_BFP_EXT__ 1
| #define __STDC_WANT_IEC_60559_DFP_EXT__ 1
| #define __STDC_WANT_IEC_60559_FUNCS_EXT__ 1
| #define __STDC_WANT_IEC_60559_TYPES_EXT__ 1
| #define __STDC_WANT_LIB_EXT2__ 1
| #define __STDC_WANT_MATH_SPEC_FUNCS__ 1
| #define _TANDEM_SOURCE 1
| #define __EXTENSIONS__ 1
| #define PY_SUPPORT_TIER 0
| #define Py_DEBUG 1
| #define STDC_HEADERS 1
| #define HAVE_BLUETOOTH_H 1
| #define HAVE_DLFCN_H 1
| #define HAVE_ENDIAN_H 1
| #define HAVE_ERRNO_H 1
| #define HAVE_FCNTL_H 1
| #define HAVE_GRP_H 1
| #define HAVE_IEEEFP_H 1
| #define HAVE_LANGINFO_H 1
| #define HAVE_LIBINTL_H 1
| #define HAVE_LIBUTIL_H 1
| #define HAVE_SYS_AUXV_H 1
| #define HAVE_NETDB_H 1
| #define HAVE_NET_ETHERNET_H 1
| #define HAVE_NETINET_IN_H 1
| #define HAVE_POLL_H 1
| #define HAVE_PTHREAD_H 1
| #define HAVE_SCHED_H 1
| #define HAVE_SETJMP_H 1
| #define HAVE_SIGNAL_H 1
| #define HAVE_SPAWN_H 1
| /* end confdefs.h.  */
| #include <stddef.h>
| #ifdef HAVE_STDIO_H
| # include <stdio.h>
| #endif
| #ifdef HAVE_STDLIB_H
| # include <stdlib.h>
| #endif
| #ifdef HAVE_STRING_H
| # include <string.h>
| #endif
| #ifdef HAVE_INTTYPES_H
| # include <inttypes.h>
| #endif
| #ifdef HAVE_STDINT_H
| # include <stdint.h>
| #endif
| #ifdef HAVE_STRINGS_H
| # include <strings.h>
| #endif
| #ifdef HAVE_SYS_TYPES_H
| # include <sys/types.h>
| #endif
| #ifdef HAVE_SYS_STAT_H
| # include <sys/stat.h>
| #endif
| #ifdef HAVE_UNISTD_H
| # include <unistd.h>
| #endif
| #include <sys/audioio.h>
configure:10724: result: no
configure:10730: checking for sys/bsdtty.h
configure:10730: cc -c -mabi=purecap -I/usr/local/include -I/usr/include conftest.c >&5
conftest.c:88:10: fatal error: 'sys/bsdtty.h' file not found
#include <sys/bsdtty.h>
         ^~~~~~~~~~~~~~
1 error generated.
configure:10730: $? = 1
configure: failed program was:
| /* confdefs.h */
| #define _NETBSD_SOURCE 1
| #define __BSD_VISIBLE 1
| #define _DARWIN_C_SOURCE 1
| #define _PYTHONFRAMEWORK ""
| #define _XOPEN_SOURCE 700
| #define _XOPEN_SOURCE_EXTENDED 1
| #define _POSIX_C_SOURCE 200809L
| #define HAVE_STDIO_H 1
| #define HAVE_STDLIB_H 1
| #define HAVE_STRING_H 1
| #define HAVE_INTTYPES_H 1
| #define HAVE_STDINT_H 1
| #define HAVE_STRINGS_H 1
| #define HAVE_SYS_STAT_H 1
| #define HAVE_SYS_TYPES_H 1
| #define HAVE_UNISTD_H 1
| #define HAVE_WCHAR_H 1
| #define STDC_HEADERS 1
| #define _ALL_SOURCE 1
| #define _DARWIN_C_SOURCE 1
| #define _GNU_SOURCE 1
| #define _HPUX_ALT_XOPEN_SOCKET_API 1
| #define _NETBSD_SOURCE 1
| #define _OPENBSD_SOURCE 1
| #define _POSIX_PTHREAD_SEMANTICS 1
| #define __STDC_WANT_IEC_60559_ATTRIBS_EXT__ 1
| #define __STDC_WANT_IEC_60559_BFP_EXT__ 1
| #define __STDC_WANT_IEC_60559_DFP_EXT__ 1
| #define __STDC_WANT_IEC_60559_FUNCS_EXT__ 1
| #define __STDC_WANT_IEC_60559_TYPES_EXT__ 1
| #define __STDC_WANT_LIB_EXT2__ 1
| #define __STDC_WANT_MATH_SPEC_FUNCS__ 1
| #define _TANDEM_SOURCE 1
| #define __EXTENSIONS__ 1
| #define PY_SUPPORT_TIER 0
| #define Py_DEBUG 1
| #define STDC_HEADERS 1
| #define HAVE_BLUETOOTH_H 1
| #define HAVE_DLFCN_H 1
| #define HAVE_ENDIAN_H 1
| #define HAVE_ERRNO_H 1
| #define HAVE_FCNTL_H 1
| #define HAVE_GRP_H 1
| #define HAVE_IEEEFP_H 1
| #define HAVE_LANGINFO_H 1
| #define HAVE_LIBINTL_H 1
| #define HAVE_LIBUTIL_H 1
| #define HAVE_SYS_AUXV_H 1
| #define HAVE_NETDB_H 1
| #define HAVE_NET_ETHERNET_H 1
| #define HAVE_NETINET_IN_H 1
| #define HAVE_POLL_H 1
| #define HAVE_PTHREAD_H 1
| #define HAVE_SCHED_H 1
| #define HAVE_SETJMP_H 1
| #define HAVE_SIGNAL_H 1
| #define HAVE_SPAWN_H 1
| /* end confdefs.h.  */
| #include <stddef.h>
| #ifdef HAVE_STDIO_H
| # include <stdio.h>
| #endif
| #ifdef HAVE_STDLIB_H
| # include <stdlib.h>
| #endif
| #ifdef HAVE_STRING_H
| # include <string.h>
| #endif
| #ifdef HAVE_INTTYPES_H
| # include <inttypes.h>
| #endif
| #ifdef HAVE_STDINT_H
| # include <stdint.h>
| #endif
| #ifdef HAVE_STRINGS_H
| # include <strings.h>
| #endif
| #ifdef HAVE_SYS_TYPES_H
| # include <sys/types.h>
| #endif
| #ifdef HAVE_SYS_STAT_H
| # include <sys/stat.h>
| #endif
| #ifdef HAVE_UNISTD_H
| # include <unistd.h>
| #endif
| #include <sys/bsdtty.h>
configure:10730: result: no
configure:10736: checking for sys/devpoll.h
configure:10736: cc -c -mabi=purecap -I/usr/local/include -I/usr/include conftest.c >&5
conftest.c:88:10: fatal error: 'sys/devpoll.h' file not found
#include <sys/devpoll.h>
         ^~~~~~~~~~~~~~~
1 error generated.
configure:10736: $? = 1
configure: failed program was:
| /* confdefs.h */
| #define _NETBSD_SOURCE 1
| #define __BSD_VISIBLE 1
| #define _DARWIN_C_SOURCE 1
| #define _PYTHONFRAMEWORK ""
| #define _XOPEN_SOURCE 700
| #define _XOPEN_SOURCE_EXTENDED 1
| #define _POSIX_C_SOURCE 200809L
| #define HAVE_STDIO_H 1
| #define HAVE_STDLIB_H 1
| #define HAVE_STRING_H 1
| #define HAVE_INTTYPES_H 1
| #define HAVE_STDINT_H 1
| #define HAVE_STRINGS_H 1
| #define HAVE_SYS_STAT_H 1
| #define HAVE_SYS_TYPES_H 1
| #define HAVE_UNISTD_H 1
| #define HAVE_WCHAR_H 1
| #define STDC_HEADERS 1
| #define _ALL_SOURCE 1
| #define _DARWIN_C_SOURCE 1
| #define _GNU_SOURCE 1
| #define _HPUX_ALT_XOPEN_SOCKET_API 1
| #define _NETBSD_SOURCE 1
| #define _OPENBSD_SOURCE 1
| #define _POSIX_PTHREAD_SEMANTICS 1
| #define __STDC_WANT_IEC_60559_ATTRIBS_EXT__ 1
| #define __STDC_WANT_IEC_60559_BFP_EXT__ 1
| #define __STDC_WANT_IEC_60559_DFP_EXT__ 1
| #define __STDC_WANT_IEC_60559_FUNCS_EXT__ 1
| #define __STDC_WANT_IEC_60559_TYPES_EXT__ 1
| #define __STDC_WANT_LIB_EXT2__ 1
| #define __STDC_WANT_MATH_SPEC_FUNCS__ 1
| #define _TANDEM_SOURCE 1
| #define __EXTENSIONS__ 1
| #define PY_SUPPORT_TIER 0
| #define Py_DEBUG 1
| #define STDC_HEADERS 1
| #define HAVE_BLUETOOTH_H 1
| #define HAVE_DLFCN_H 1
| #define HAVE_ENDIAN_H 1
| #define HAVE_ERRNO_H 1
| #define HAVE_FCNTL_H 1
| #define HAVE_GRP_H 1
| #define HAVE_IEEEFP_H 1
| #define HAVE_LANGINFO_H 1
| #define HAVE_LIBINTL_H 1
| #define HAVE_LIBUTIL_H 1
| #define HAVE_SYS_AUXV_H 1
| #define HAVE_NETDB_H 1
| #define HAVE_NET_ETHERNET_H 1
| #define HAVE_NETINET_IN_H 1
| #define HAVE_POLL_H 1
| #define HAVE_PTHREAD_H 1
| #define HAVE_SCHED_H 1
| #define HAVE_SETJMP_H 1
| #define HAVE_SIGNAL_H 1
| #define HAVE_SPAWN_H 1
| /* end confdefs.h.  */
| #include <stddef.h>
| #ifdef HAVE_STDIO_H
| # include <stdio.h>
| #endif
| #ifdef HAVE_STDLIB_H
| # include <stdlib.h>
| #endif
| #ifdef HAVE_STRING_H
| # include <string.h>
| #endif
| #ifdef HAVE_INTTYPES_H
| # include <inttypes.h>
| #endif
| #ifdef HAVE_STDINT_H
| # include <stdint.h>
| #endif
| #ifdef HAVE_STRINGS_H
| # include <strings.h>
| #endif
| #ifdef HAVE_SYS_TYPES_H
| # include <sys/types.h>
| #endif
| #ifdef HAVE_SYS_STAT_H
| # include <sys/stat.h>
| #endif
| #ifdef HAVE_UNISTD_H
| # include <unistd.h>
| #endif
| #include <sys/devpoll.h>
configure:10736: result: no
configure:10742: checking for sys/endian.h
configure:10742: cc -c -mabi=purecap -I/usr/local/include -I/usr/include conftest.c >&5
configure:10742: $? = 0
configure:10742: result: yes
configure:10748: checking for sys/epoll.h
configure:10748: cc -c -mabi=purecap -I/usr/local/include -I/usr/include conftest.c >&5
conftest.c:89:10: fatal error: 'sys/epoll.h' file not found
#include <sys/epoll.h>
         ^~~~~~~~~~~~~
1 error generated.
configure:10748: $? = 1
configure: failed program was:
| /* confdefs.h */
| #define _NETBSD_SOURCE 1
| #define __BSD_VISIBLE 1
| #define _DARWIN_C_SOURCE 1
| #define _PYTHONFRAMEWORK ""
| #define _XOPEN_SOURCE 700
| #define _XOPEN_SOURCE_EXTENDED 1
| #define _POSIX_C_SOURCE 200809L
| #define HAVE_STDIO_H 1
| #define HAVE_STDLIB_H 1
| #define HAVE_STRING_H 1
| #define HAVE_INTTYPES_H 1
| #define HAVE_STDINT_H 1
| #define HAVE_STRINGS_H 1
| #define HAVE_SYS_STAT_H 1
| #define HAVE_SYS_TYPES_H 1
| #define HAVE_UNISTD_H 1
| #define HAVE_WCHAR_H 1
| #define STDC_HEADERS 1
| #define _ALL_SOURCE 1
| #define _DARWIN_C_SOURCE 1
| #define _GNU_SOURCE 1
| #define _HPUX_ALT_XOPEN_SOCKET_API 1
| #define _NETBSD_SOURCE 1
| #define _OPENBSD_SOURCE 1
| #define _POSIX_PTHREAD_SEMANTICS 1
| #define __STDC_WANT_IEC_60559_ATTRIBS_EXT__ 1
| #define __STDC_WANT_IEC_60559_BFP_EXT__ 1
| #define __STDC_WANT_IEC_60559_DFP_EXT__ 1
| #define __STDC_WANT_IEC_60559_FUNCS_EXT__ 1
| #define __STDC_WANT_IEC_60559_TYPES_EXT__ 1
| #define __STDC_WANT_LIB_EXT2__ 1
| #define __STDC_WANT_MATH_SPEC_FUNCS__ 1
| #define _TANDEM_SOURCE 1
| #define __EXTENSIONS__ 1
| #define PY_SUPPORT_TIER 0
| #define Py_DEBUG 1
| #define STDC_HEADERS 1
| #define HAVE_BLUETOOTH_H 1
| #define HAVE_DLFCN_H 1
| #define HAVE_ENDIAN_H 1
| #define HAVE_ERRNO_H 1
| #define HAVE_FCNTL_H 1
| #define HAVE_GRP_H 1
| #define HAVE_IEEEFP_H 1
| #define HAVE_LANGINFO_H 1
| #define HAVE_LIBINTL_H 1
| #define HAVE_LIBUTIL_H 1
| #define HAVE_SYS_AUXV_H 1
| #define HAVE_NETDB_H 1
| #define HAVE_NET_ETHERNET_H 1
| #define HAVE_NETINET_IN_H 1
| #define HAVE_POLL_H 1
| #define HAVE_PTHREAD_H 1
| #define HAVE_SCHED_H 1
| #define HAVE_SETJMP_H 1
| #define HAVE_SIGNAL_H 1
| #define HAVE_SPAWN_H 1
| #define HAVE_SYS_ENDIAN_H 1
| /* end confdefs.h.  */
| #include <stddef.h>
| #ifdef HAVE_STDIO_H
| # include <stdio.h>
| #endif
| #ifdef HAVE_STDLIB_H
| # include <stdlib.h>
| #endif
| #ifdef HAVE_STRING_H
| # include <string.h>
| #endif
| #ifdef HAVE_INTTYPES_H
| # include <inttypes.h>
| #endif
| #ifdef HAVE_STDINT_H
| # include <stdint.h>
| #endif
| #ifdef HAVE_STRINGS_H
| # include <strings.h>
| #endif
| #ifdef HAVE_SYS_TYPES_H
| # include <sys/types.h>
| #endif
| #ifdef HAVE_SYS_STAT_H
| # include <sys/stat.h>
| #endif
| #ifdef HAVE_UNISTD_H
| # include <unistd.h>
| #endif
| #include <sys/epoll.h>
configure:10748: result: no
configure:10754: checking for sys/event.h
configure:10754: cc -c -mabi=purecap -I/usr/local/include -I/usr/include conftest.c >&5
configure:10754: $? = 0
configure:10754: result: yes
configure:10760: checking for sys/eventfd.h
configure:10760: cc -c -mabi=purecap -I/usr/local/include -I/usr/include conftest.c >&5
configure:10760: $? = 0
configure:10760: result: yes
configure:10766: checking for sys/file.h
configure:10766: cc -c -mabi=purecap -I/usr/local/include -I/usr/include conftest.c >&5
configure:10766: $? = 0
configure:10766: result: yes
configure:10772: checking for sys/ioctl.h
configure:10772: cc -c -mabi=purecap -I/usr/local/include -I/usr/include conftest.c >&5
configure:10772: $? = 0
configure:10772: result: yes
configure:10778: checking for sys/kern_control.h
configure:10778: cc -c -mabi=purecap -I/usr/local/include -I/usr/include conftest.c >&5
conftest.c:93:10: fatal error: 'sys/kern_control.h' file not found
#include <sys/kern_control.h>
         ^~~~~~~~~~~~~~~~~~~~
1 error generated.
configure:10778: $? = 1
configure: failed program was:
| /* confdefs.h */
| #define _NETBSD_SOURCE 1
| #define __BSD_VISIBLE 1
| #define _DARWIN_C_SOURCE 1
| #define _PYTHONFRAMEWORK ""
| #define _XOPEN_SOURCE 700
| #define _XOPEN_SOURCE_EXTENDED 1
| #define _POSIX_C_SOURCE 200809L
| #define HAVE_STDIO_H 1
| #define HAVE_STDLIB_H 1
| #define HAVE_STRING_H 1
| #define HAVE_INTTYPES_H 1
| #define HAVE_STDINT_H 1
| #define HAVE_STRINGS_H 1
| #define HAVE_SYS_STAT_H 1
| #define HAVE_SYS_TYPES_H 1
| #define HAVE_UNISTD_H 1
| #define HAVE_WCHAR_H 1
| #define STDC_HEADERS 1
| #define _ALL_SOURCE 1
| #define _DARWIN_C_SOURCE 1
| #define _GNU_SOURCE 1
| #define _HPUX_ALT_XOPEN_SOCKET_API 1
| #define _NETBSD_SOURCE 1
| #define _OPENBSD_SOURCE 1
| #define _POSIX_PTHREAD_SEMANTICS 1
| #define __STDC_WANT_IEC_60559_ATTRIBS_EXT__ 1
| #define __STDC_WANT_IEC_60559_BFP_EXT__ 1
| #define __STDC_WANT_IEC_60559_DFP_EXT__ 1
| #define __STDC_WANT_IEC_60559_FUNCS_EXT__ 1
| #define __STDC_WANT_IEC_60559_TYPES_EXT__ 1
| #define __STDC_WANT_LIB_EXT2__ 1
| #define __STDC_WANT_MATH_SPEC_FUNCS__ 1
| #define _TANDEM_SOURCE 1
| #define __EXTENSIONS__ 1
| #define PY_SUPPORT_TIER 0
| #define Py_DEBUG 1
| #define STDC_HEADERS 1
| #define HAVE_BLUETOOTH_H 1
| #define HAVE_DLFCN_H 1
| #define HAVE_ENDIAN_H 1
| #define HAVE_ERRNO_H 1
| #define HAVE_FCNTL_H 1
| #define HAVE_GRP_H 1
| #define HAVE_IEEEFP_H 1
| #define HAVE_LANGINFO_H 1
| #define HAVE_LIBINTL_H 1
| #define HAVE_LIBUTIL_H 1
| #define HAVE_SYS_AUXV_H 1
| #define HAVE_NETDB_H 1
| #define HAVE_NET_ETHERNET_H 1
| #define HAVE_NETINET_IN_H 1
| #define HAVE_POLL_H 1
| #define HAVE_PTHREAD_H 1
| #define HAVE_SCHED_H 1
| #define HAVE_SETJMP_H 1
| #define HAVE_SIGNAL_H 1
| #define HAVE_SPAWN_H 1
| #define HAVE_SYS_ENDIAN_H 1
| #define HAVE_SYS_EVENT_H 1
| #define HAVE_SYS_EVENTFD_H 1
| #define HAVE_SYS_FILE_H 1
| #define HAVE_SYS_IOCTL_H 1
| /* end confdefs.h.  */
| #include <stddef.h>
| #ifdef HAVE_STDIO_H
| # include <stdio.h>
| #endif
| #ifdef HAVE_STDLIB_H
| # include <stdlib.h>
| #endif
| #ifdef HAVE_STRING_H
| # include <string.h>
| #endif
| #ifdef HAVE_INTTYPES_H
| # include <inttypes.h>
| #endif
| #ifdef HAVE_STDINT_H
| # include <stdint.h>
| #endif
| #ifdef HAVE_STRINGS_H
| # include <strings.h>
| #endif
| #ifdef HAVE_SYS_TYPES_H
| # include <sys/types.h>
| #endif
| #ifdef HAVE_SYS_STAT_H
| # include <sys/stat.h>
| #endif
| #ifdef HAVE_UNISTD_H
| # include <unistd.h>
| #endif
| #include <sys/kern_control.h>
configure:10778: result: no
configure:10784: checking for sys/loadavg.h
configure:10784: cc -c -mabi=purecap -I/usr/local/include -I/usr/include conftest.c >&5
conftest.c:93:10: fatal error: 'sys/loadavg.h' file not found
#include <sys/loadavg.h>
         ^~~~~~~~~~~~~~~
1 error generated.
configure:10784: $? = 1
configure: failed program was:
| /* confdefs.h */
| #define _NETBSD_SOURCE 1
| #define __BSD_VISIBLE 1
| #define _DARWIN_C_SOURCE 1
| #define _PYTHONFRAMEWORK ""
| #define _XOPEN_SOURCE 700
| #define _XOPEN_SOURCE_EXTENDED 1
| #define _POSIX_C_SOURCE 200809L
| #define HAVE_STDIO_H 1
| #define HAVE_STDLIB_H 1
| #define HAVE_STRING_H 1
| #define HAVE_INTTYPES_H 1
| #define HAVE_STDINT_H 1
| #define HAVE_STRINGS_H 1
| #define HAVE_SYS_STAT_H 1
| #define HAVE_SYS_TYPES_H 1
| #define HAVE_UNISTD_H 1
| #define HAVE_WCHAR_H 1
| #define STDC_HEADERS 1
| #define _ALL_SOURCE 1
| #define _DARWIN_C_SOURCE 1
| #define _GNU_SOURCE 1
| #define _HPUX_ALT_XOPEN_SOCKET_API 1
| #define _NETBSD_SOURCE 1
| #define _OPENBSD_SOURCE 1
| #define _POSIX_PTHREAD_SEMANTICS 1
| #define __STDC_WANT_IEC_60559_ATTRIBS_EXT__ 1
| #define __STDC_WANT_IEC_60559_BFP_EXT__ 1
| #define __STDC_WANT_IEC_60559_DFP_EXT__ 1
| #define __STDC_WANT_IEC_60559_FUNCS_EXT__ 1
| #define __STDC_WANT_IEC_60559_TYPES_EXT__ 1
| #define __STDC_WANT_LIB_EXT2__ 1
| #define __STDC_WANT_MATH_SPEC_FUNCS__ 1
| #define _TANDEM_SOURCE 1
| #define __EXTENSIONS__ 1
| #define PY_SUPPORT_TIER 0
| #define Py_DEBUG 1
| #define STDC_HEADERS 1
| #define HAVE_BLUETOOTH_H 1
| #define HAVE_DLFCN_H 1
| #define HAVE_ENDIAN_H 1
| #define HAVE_ERRNO_H 1
| #define HAVE_FCNTL_H 1
| #define HAVE_GRP_H 1
| #define HAVE_IEEEFP_H 1
| #define HAVE_LANGINFO_H 1
| #define HAVE_LIBINTL_H 1
| #define HAVE_LIBUTIL_H 1
| #define HAVE_SYS_AUXV_H 1
| #define HAVE_NETDB_H 1
| #define HAVE_NET_ETHERNET_H 1
| #define HAVE_NETINET_IN_H 1
| #define HAVE_POLL_H 1
| #define HAVE_PTHREAD_H 1
| #define HAVE_SCHED_H 1
| #define HAVE_SETJMP_H 1
| #define HAVE_SIGNAL_H 1
| #define HAVE_SPAWN_H 1
| #define HAVE_SYS_ENDIAN_H 1
| #define HAVE_SYS_EVENT_H 1
| #define HAVE_SYS_EVENTFD_H 1
| #define HAVE_SYS_FILE_H 1
| #define HAVE_SYS_IOCTL_H 1
| /* end confdefs.h.  */
| #include <stddef.h>
| #ifdef HAVE_STDIO_H
| # include <stdio.h>
| #endif
| #ifdef HAVE_STDLIB_H
| # include <stdlib.h>
| #endif
| #ifdef HAVE_STRING_H
| # include <string.h>
| #endif
| #ifdef HAVE_INTTYPES_H
| # include <inttypes.h>
| #endif
| #ifdef HAVE_STDINT_H
| # include <stdint.h>
| #endif
| #ifdef HAVE_STRINGS_H
| # include <strings.h>
| #endif
| #ifdef HAVE_SYS_TYPES_H
| # include <sys/types.h>
| #endif
| #ifdef HAVE_SYS_STAT_H
| # include <sys/stat.h>
| #endif
| #ifdef HAVE_UNISTD_H
| # include <unistd.h>
| #endif
| #include <sys/loadavg.h>
configure:10784: result: no
configure:10790: checking for sys/lock.h
configure:10790: cc -c -mabi=purecap -I/usr/local/include -I/usr/include conftest.c >&5
configure:10790: $? = 0
configure:10790: result: yes
configure:10796: checking for sys/memfd.h
configure:10796: cc -c -mabi=purecap -I/usr/local/include -I/usr/include conftest.c >&5
conftest.c:94:10: fatal error: 'sys/memfd.h' file not found
#include <sys/memfd.h>
         ^~~~~~~~~~~~~
1 error generated.
configure:10796: $? = 1
configure: failed program was:
| /* confdefs.h */
| #define _NETBSD_SOURCE 1
| #define __BSD_VISIBLE 1
| #define _DARWIN_C_SOURCE 1
| #define _PYTHONFRAMEWORK ""
| #define _XOPEN_SOURCE 700
| #define _XOPEN_SOURCE_EXTENDED 1
| #define _POSIX_C_SOURCE 200809L
| #define HAVE_STDIO_H 1
| #define HAVE_STDLIB_H 1
| #define HAVE_STRING_H 1
| #define HAVE_INTTYPES_H 1
| #define HAVE_STDINT_H 1
| #define HAVE_STRINGS_H 1
| #define HAVE_SYS_STAT_H 1
| #define HAVE_SYS_TYPES_H 1
| #define HAVE_UNISTD_H 1
| #define HAVE_WCHAR_H 1
| #define STDC_HEADERS 1
| #define _ALL_SOURCE 1
| #define _DARWIN_C_SOURCE 1
| #define _GNU_SOURCE 1
| #define _HPUX_ALT_XOPEN_SOCKET_API 1
| #define _NETBSD_SOURCE 1
| #define _OPENBSD_SOURCE 1
| #define _POSIX_PTHREAD_SEMANTICS 1
| #define __STDC_WANT_IEC_60559_ATTRIBS_EXT__ 1
| #define __STDC_WANT_IEC_60559_BFP_EXT__ 1
| #define __STDC_WANT_IEC_60559_DFP_EXT__ 1
| #define __STDC_WANT_IEC_60559_FUNCS_EXT__ 1
| #define __STDC_WANT_IEC_60559_TYPES_EXT__ 1
| #define __STDC_WANT_LIB_EXT2__ 1
| #define __STDC_WANT_MATH_SPEC_FUNCS__ 1
| #define _TANDEM_SOURCE 1
| #define __EXTENSIONS__ 1
| #define PY_SUPPORT_TIER 0
| #define Py_DEBUG 1
| #define STDC_HEADERS 1
| #define HAVE_BLUETOOTH_H 1
| #define HAVE_DLFCN_H 1
| #define HAVE_ENDIAN_H 1
| #define HAVE_ERRNO_H 1
| #define HAVE_FCNTL_H 1
| #define HAVE_GRP_H 1
| #define HAVE_IEEEFP_H 1
| #define HAVE_LANGINFO_H 1
| #define HAVE_LIBINTL_H 1
| #define HAVE_LIBUTIL_H 1
| #define HAVE_SYS_AUXV_H 1
| #define HAVE_NETDB_H 1
| #define HAVE_NET_ETHERNET_H 1
| #define HAVE_NETINET_IN_H 1
| #define HAVE_POLL_H 1
| #define HAVE_PTHREAD_H 1
| #define HAVE_SCHED_H 1
| #define HAVE_SETJMP_H 1
| #define HAVE_SIGNAL_H 1
| #define HAVE_SPAWN_H 1
| #define HAVE_SYS_ENDIAN_H 1
| #define HAVE_SYS_EVENT_H 1
| #define HAVE_SYS_EVENTFD_H 1
| #define HAVE_SYS_FILE_H 1
| #define HAVE_SYS_IOCTL_H 1
| #define HAVE_SYS_LOCK_H 1
| /* end confdefs.h.  */
| #include <stddef.h>
| #ifdef HAVE_STDIO_H
| # include <stdio.h>
| #endif
| #ifdef HAVE_STDLIB_H
| # include <stdlib.h>
| #endif
| #ifdef HAVE_STRING_H
| # include <string.h>
| #endif
| #ifdef HAVE_INTTYPES_H
| # include <inttypes.h>
| #endif
| #ifdef HAVE_STDINT_H
| # include <stdint.h>
| #endif
| #ifdef HAVE_STRINGS_H
| # include <strings.h>
| #endif
| #ifdef HAVE_SYS_TYPES_H
| # include <sys/types.h>
| #endif
| #ifdef HAVE_SYS_STAT_H
| # include <sys/stat.h>
| #endif
| #ifdef HAVE_UNISTD_H
| # include <unistd.h>
| #endif
| #include <sys/memfd.h>
configure:10796: result: no
configure:10802: checking for sys/mkdev.h
configure:10802: cc -c -mabi=purecap -I/usr/local/include -I/usr/include conftest.c >&5
conftest.c:94:10: fatal error: 'sys/mkdev.h' file not found
#include <sys/mkdev.h>
         ^~~~~~~~~~~~~
1 error generated.
configure:10802: $? = 1
configure: failed program was:
| /* confdefs.h */
| #define _NETBSD_SOURCE 1
| #define __BSD_VISIBLE 1
| #define _DARWIN_C_SOURCE 1
| #define _PYTHONFRAMEWORK ""
| #define _XOPEN_SOURCE 700
| #define _XOPEN_SOURCE_EXTENDED 1
| #define _POSIX_C_SOURCE 200809L
| #define HAVE_STDIO_H 1
| #define HAVE_STDLIB_H 1
| #define HAVE_STRING_H 1
| #define HAVE_INTTYPES_H 1
| #define HAVE_STDINT_H 1
| #define HAVE_STRINGS_H 1
| #define HAVE_SYS_STAT_H 1
| #define HAVE_SYS_TYPES_H 1
| #define HAVE_UNISTD_H 1
| #define HAVE_WCHAR_H 1
| #define STDC_HEADERS 1
| #define _ALL_SOURCE 1
| #define _DARWIN_C_SOURCE 1
| #define _GNU_SOURCE 1
| #define _HPUX_ALT_XOPEN_SOCKET_API 1
| #define _NETBSD_SOURCE 1
| #define _OPENBSD_SOURCE 1
| #define _POSIX_PTHREAD_SEMANTICS 1
| #define __STDC_WANT_IEC_60559_ATTRIBS_EXT__ 1
| #define __STDC_WANT_IEC_60559_BFP_EXT__ 1
| #define __STDC_WANT_IEC_60559_DFP_EXT__ 1
| #define __STDC_WANT_IEC_60559_FUNCS_EXT__ 1
| #define __STDC_WANT_IEC_60559_TYPES_EXT__ 1
| #define __STDC_WANT_LIB_EXT2__ 1
| #define __STDC_WANT_MATH_SPEC_FUNCS__ 1
| #define _TANDEM_SOURCE 1
| #define __EXTENSIONS__ 1
| #define PY_SUPPORT_TIER 0
| #define Py_DEBUG 1
| #define STDC_HEADERS 1
| #define HAVE_BLUETOOTH_H 1
| #define HAVE_DLFCN_H 1
| #define HAVE_ENDIAN_H 1
| #define HAVE_ERRNO_H 1
| #define HAVE_FCNTL_H 1
| #define HAVE_GRP_H 1
| #define HAVE_IEEEFP_H 1
| #define HAVE_LANGINFO_H 1
| #define HAVE_LIBINTL_H 1
| #define HAVE_LIBUTIL_H 1
| #define HAVE_SYS_AUXV_H 1
| #define HAVE_NETDB_H 1
| #define HAVE_NET_ETHERNET_H 1
| #define HAVE_NETINET_IN_H 1
| #define HAVE_POLL_H 1
| #define HAVE_PTHREAD_H 1
| #define HAVE_SCHED_H 1
| #define HAVE_SETJMP_H 1
| #define HAVE_SIGNAL_H 1
| #define HAVE_SPAWN_H 1
| #define HAVE_SYS_ENDIAN_H 1
| #define HAVE_SYS_EVENT_H 1
| #define HAVE_SYS_EVENTFD_H 1
| #define HAVE_SYS_FILE_H 1
| #define HAVE_SYS_IOCTL_H 1
| #define HAVE_SYS_LOCK_H 1
| /* end confdefs.h.  */
| #include <stddef.h>
| #ifdef HAVE_STDIO_H
| # include <stdio.h>
| #endif
| #ifdef HAVE_STDLIB_H
| # include <stdlib.h>
| #endif
| #ifdef HAVE_STRING_H
| # include <string.h>
| #endif
| #ifdef HAVE_INTTYPES_H
| # include <inttypes.h>
| #endif
| #ifdef HAVE_STDINT_H
| # include <stdint.h>
| #endif
| #ifdef HAVE_STRINGS_H
| # include <strings.h>
| #endif
| #ifdef HAVE_SYS_TYPES_H
| # include <sys/types.h>
| #endif
| #ifdef HAVE_SYS_STAT_H
| # include <sys/stat.h>
| #endif
| #ifdef HAVE_UNISTD_H
| # include <unistd.h>
| #endif
| #include <sys/mkdev.h>
configure:10802: result: no
configure:10808: checking for sys/mman.h
configure:10808: cc -c -mabi=purecap -I/usr/local/include -I/usr/include conftest.c >&5
configure:10808: $? = 0
configure:10808: result: yes
configure:10814: checking for sys/modem.h
configure:10814: cc -c -mabi=purecap -I/usr/local/include -I/usr/include conftest.c >&5
conftest.c:95:10: fatal error: 'sys/modem.h' file not found
#include <sys/modem.h>
         ^~~~~~~~~~~~~
1 error generated.
configure:10814: $? = 1
configure: failed program was:
| /* confdefs.h */
| #define _NETBSD_SOURCE 1
| #define __BSD_VISIBLE 1
| #define _DARWIN_C_SOURCE 1
| #define _PYTHONFRAMEWORK ""
| #define _XOPEN_SOURCE 700
| #define _XOPEN_SOURCE_EXTENDED 1
| #define _POSIX_C_SOURCE 200809L
| #define HAVE_STDIO_H 1
| #define HAVE_STDLIB_H 1
| #define HAVE_STRING_H 1
| #define HAVE_INTTYPES_H 1
| #define HAVE_STDINT_H 1
| #define HAVE_STRINGS_H 1
| #define HAVE_SYS_STAT_H 1
| #define HAVE_SYS_TYPES_H 1
| #define HAVE_UNISTD_H 1
| #define HAVE_WCHAR_H 1
| #define STDC_HEADERS 1
| #define _ALL_SOURCE 1
| #define _DARWIN_C_SOURCE 1
| #define _GNU_SOURCE 1
| #define _HPUX_ALT_XOPEN_SOCKET_API 1
| #define _NETBSD_SOURCE 1
| #define _OPENBSD_SOURCE 1
| #define _POSIX_PTHREAD_SEMANTICS 1
| #define __STDC_WANT_IEC_60559_ATTRIBS_EXT__ 1
| #define __STDC_WANT_IEC_60559_BFP_EXT__ 1
| #define __STDC_WANT_IEC_60559_DFP_EXT__ 1
| #define __STDC_WANT_IEC_60559_FUNCS_EXT__ 1
| #define __STDC_WANT_IEC_60559_TYPES_EXT__ 1
| #define __STDC_WANT_LIB_EXT2__ 1
| #define __STDC_WANT_MATH_SPEC_FUNCS__ 1
| #define _TANDEM_SOURCE 1
| #define __EXTENSIONS__ 1
| #define PY_SUPPORT_TIER 0
| #define Py_DEBUG 1
| #define STDC_HEADERS 1
| #define HAVE_BLUETOOTH_H 1
| #define HAVE_DLFCN_H 1
| #define HAVE_ENDIAN_H 1
| #define HAVE_ERRNO_H 1
| #define HAVE_FCNTL_H 1
| #define HAVE_GRP_H 1
| #define HAVE_IEEEFP_H 1
| #define HAVE_LANGINFO_H 1
| #define HAVE_LIBINTL_H 1
| #define HAVE_LIBUTIL_H 1
| #define HAVE_SYS_AUXV_H 1
| #define HAVE_NETDB_H 1
| #define HAVE_NET_ETHERNET_H 1
| #define HAVE_NETINET_IN_H 1
| #define HAVE_POLL_H 1
| #define HAVE_PTHREAD_H 1
| #define HAVE_SCHED_H 1
| #define HAVE_SETJMP_H 1
| #define HAVE_SIGNAL_H 1
| #define HAVE_SPAWN_H 1
| #define HAVE_SYS_ENDIAN_H 1
| #define HAVE_SYS_EVENT_H 1
| #define HAVE_SYS_EVENTFD_H 1
| #define HAVE_SYS_FILE_H 1
| #define HAVE_SYS_IOCTL_H 1
| #define HAVE_SYS_LOCK_H 1
| #define HAVE_SYS_MMAN_H 1
| /* end confdefs.h.  */
| #include <stddef.h>
| #ifdef HAVE_STDIO_H
| # include <stdio.h>
| #endif
| #ifdef HAVE_STDLIB_H
| # include <stdlib.h>
| #endif
| #ifdef HAVE_STRING_H
| # include <string.h>
| #endif
| #ifdef HAVE_INTTYPES_H
| # include <inttypes.h>
| #endif
| #ifdef HAVE_STDINT_H
| # include <stdint.h>
| #endif
| #ifdef HAVE_STRINGS_H
| # include <strings.h>
| #endif
| #ifdef HAVE_SYS_TYPES_H
| # include <sys/types.h>
| #endif
| #ifdef HAVE_SYS_STAT_H
| # include <sys/stat.h>
| #endif
| #ifdef HAVE_UNISTD_H
| # include <unistd.h>
| #endif
| #include <sys/modem.h>
configure:10814: result: no
configure:10820: checking for sys/param.h
configure:10820: cc -c -mabi=purecap -I/usr/local/include -I/usr/include conftest.c >&5
configure:10820: $? = 0
configure:10820: result: yes
configure:10826: checking for sys/poll.h
configure:10826: cc -c -mabi=purecap -I/usr/local/include -I/usr/include conftest.c >&5
configure:10826: $? = 0
configure:10826: result: yes
configure:10832: checking for sys/random.h
configure:10832: cc -c -mabi=purecap -I/usr/local/include -I/usr/include conftest.c >&5
configure:10832: $? = 0
configure:10832: result: yes
configure:10838: checking for sys/resource.h
configure:10838: cc -c -mabi=purecap -I/usr/local/include -I/usr/include conftest.c >&5
configure:10838: $? = 0
configure:10838: result: yes
configure:10844: checking for sys/select.h
configure:10844: cc -c -mabi=purecap -I/usr/local/include -I/usr/include conftest.c >&5
configure:10844: $? = 0
configure:10844: result: yes
configure:10850: checking for sys/sendfile.h
configure:10850: cc -c -mabi=purecap -I/usr/local/include -I/usr/include conftest.c >&5
conftest.c:100:10: fatal error: 'sys/sendfile.h' file not found
#include <sys/sendfile.h>
         ^~~~~~~~~~~~~~~~
1 error generated.
configure:10850: $? = 1
configure: failed program was:
| /* confdefs.h */
| #define _NETBSD_SOURCE 1
| #define __BSD_VISIBLE 1
| #define _DARWIN_C_SOURCE 1
| #define _PYTHONFRAMEWORK ""
| #define _XOPEN_SOURCE 700
| #define _XOPEN_SOURCE_EXTENDED 1
| #define _POSIX_C_SOURCE 200809L
| #define HAVE_STDIO_H 1
| #define HAVE_STDLIB_H 1
| #define HAVE_STRING_H 1
| #define HAVE_INTTYPES_H 1
| #define HAVE_STDINT_H 1
| #define HAVE_STRINGS_H 1
| #define HAVE_SYS_STAT_H 1
| #define HAVE_SYS_TYPES_H 1
| #define HAVE_UNISTD_H 1
| #define HAVE_WCHAR_H 1
| #define STDC_HEADERS 1
| #define _ALL_SOURCE 1
| #define _DARWIN_C_SOURCE 1
| #define _GNU_SOURCE 1
| #define _HPUX_ALT_XOPEN_SOCKET_API 1
| #define _NETBSD_SOURCE 1
| #define _OPENBSD_SOURCE 1
| #define _POSIX_PTHREAD_SEMANTICS 1
| #define __STDC_WANT_IEC_60559_ATTRIBS_EXT__ 1
| #define __STDC_WANT_IEC_60559_BFP_EXT__ 1
| #define __STDC_WANT_IEC_60559_DFP_EXT__ 1
| #define __STDC_WANT_IEC_60559_FUNCS_EXT__ 1
| #define __STDC_WANT_IEC_60559_TYPES_EXT__ 1
| #define __STDC_WANT_LIB_EXT2__ 1
| #define __STDC_WANT_MATH_SPEC_FUNCS__ 1
| #define _TANDEM_SOURCE 1
| #define __EXTENSIONS__ 1
| #define PY_SUPPORT_TIER 0
| #define Py_DEBUG 1
| #define STDC_HEADERS 1
| #define HAVE_BLUETOOTH_H 1
| #define HAVE_DLFCN_H 1
| #define HAVE_ENDIAN_H 1
| #define HAVE_ERRNO_H 1
| #define HAVE_FCNTL_H 1
| #define HAVE_GRP_H 1
| #define HAVE_IEEEFP_H 1
| #define HAVE_LANGINFO_H 1
| #define HAVE_LIBINTL_H 1
| #define HAVE_LIBUTIL_H 1
| #define HAVE_SYS_AUXV_H 1
| #define HAVE_NETDB_H 1
| #define HAVE_NET_ETHERNET_H 1
| #define HAVE_NETINET_IN_H 1
| #define HAVE_POLL_H 1
| #define HAVE_PTHREAD_H 1
| #define HAVE_SCHED_H 1
| #define HAVE_SETJMP_H 1
| #define HAVE_SIGNAL_H 1
| #define HAVE_SPAWN_H 1
| #define HAVE_SYS_ENDIAN_H 1
| #define HAVE_SYS_EVENT_H 1
| #define HAVE_SYS_EVENTFD_H 1
| #define HAVE_SYS_FILE_H 1
| #define HAVE_SYS_IOCTL_H 1
| #define HAVE_SYS_LOCK_H 1
| #define HAVE_SYS_MMAN_H 1
| #define HAVE_SYS_PARAM_H 1
| #define HAVE_SYS_POLL_H 1
| #define HAVE_SYS_RANDOM_H 1
| #define HAVE_SYS_RESOURCE_H 1
| #define HAVE_SYS_SELECT_H 1
| /* end confdefs.h.  */
| #include <stddef.h>
| #ifdef HAVE_STDIO_H
| # include <stdio.h>
| #endif
| #ifdef HAVE_STDLIB_H
| # include <stdlib.h>
| #endif
| #ifdef HAVE_STRING_H
| # include <string.h>
| #endif
| #ifdef HAVE_INTTYPES_H
| # include <inttypes.h>
| #endif
| #ifdef HAVE_STDINT_H
| # include <stdint.h>
| #endif
| #ifdef HAVE_STRINGS_H
| # include <strings.h>
| #endif
| #ifdef HAVE_SYS_TYPES_H
| # include <sys/types.h>
| #endif
| #ifdef HAVE_SYS_STAT_H
| # include <sys/stat.h>
| #endif
| #ifdef HAVE_UNISTD_H
| # include <unistd.h>
| #endif
| #include <sys/sendfile.h>
configure:10850: result: no
configure:10856: checking for sys/socket.h
configure:10856: cc -c -mabi=purecap -I/usr/local/include -I/usr/include conftest.c >&5
configure:10856: $? = 0
configure:10856: result: yes
configure:10862: checking for sys/soundcard.h
configure:10862: cc -c -mabi=purecap -I/usr/local/include -I/usr/include conftest.c >&5
configure:10862: $? = 0
configure:10862: result: yes
configure:10868: checking for sys/stat.h
configure:10868: result: yes
configure:10874: checking for sys/statvfs.h
configure:10874: cc -c -mabi=purecap -I/usr/local/include -I/usr/include conftest.c >&5
configure:10874: $? = 0
configure:10874: result: yes
configure:10880: checking for sys/sys_domain.h
configure:10880: cc -c -mabi=purecap -I/usr/local/include -I/usr/include conftest.c >&5
conftest.c:104:10: fatal error: 'sys/sys_domain.h' file not found
#include <sys/sys_domain.h>
         ^~~~~~~~~~~~~~~~~~
1 error generated.
configure:10880: $? = 1
configure: failed program was:
| /* confdefs.h */
| #define _NETBSD_SOURCE 1
| #define __BSD_VISIBLE 1
| #define _DARWIN_C_SOURCE 1
| #define _PYTHONFRAMEWORK ""
| #define _XOPEN_SOURCE 700
| #define _XOPEN_SOURCE_EXTENDED 1
| #define _POSIX_C_SOURCE 200809L
| #define HAVE_STDIO_H 1
| #define HAVE_STDLIB_H 1
| #define HAVE_STRING_H 1
| #define HAVE_INTTYPES_H 1
| #define HAVE_STDINT_H 1
| #define HAVE_STRINGS_H 1
| #define HAVE_SYS_STAT_H 1
| #define HAVE_SYS_TYPES_H 1
| #define HAVE_UNISTD_H 1
| #define HAVE_WCHAR_H 1
| #define STDC_HEADERS 1
| #define _ALL_SOURCE 1
| #define _DARWIN_C_SOURCE 1
| #define _GNU_SOURCE 1
| #define _HPUX_ALT_XOPEN_SOCKET_API 1
| #define _NETBSD_SOURCE 1
| #define _OPENBSD_SOURCE 1
| #define _POSIX_PTHREAD_SEMANTICS 1
| #define __STDC_WANT_IEC_60559_ATTRIBS_EXT__ 1
| #define __STDC_WANT_IEC_60559_BFP_EXT__ 1
| #define __STDC_WANT_IEC_60559_DFP_EXT__ 1
| #define __STDC_WANT_IEC_60559_FUNCS_EXT__ 1
| #define __STDC_WANT_IEC_60559_TYPES_EXT__ 1
| #define __STDC_WANT_LIB_EXT2__ 1
| #define __STDC_WANT_MATH_SPEC_FUNCS__ 1
| #define _TANDEM_SOURCE 1
| #define __EXTENSIONS__ 1
| #define PY_SUPPORT_TIER 0
| #define Py_DEBUG 1
| #define STDC_HEADERS 1
| #define HAVE_BLUETOOTH_H 1
| #define HAVE_DLFCN_H 1
| #define HAVE_ENDIAN_H 1
| #define HAVE_ERRNO_H 1
| #define HAVE_FCNTL_H 1
| #define HAVE_GRP_H 1
| #define HAVE_IEEEFP_H 1
| #define HAVE_LANGINFO_H 1
| #define HAVE_LIBINTL_H 1
| #define HAVE_LIBUTIL_H 1
| #define HAVE_SYS_AUXV_H 1
| #define HAVE_NETDB_H 1
| #define HAVE_NET_ETHERNET_H 1
| #define HAVE_NETINET_IN_H 1
| #define HAVE_POLL_H 1
| #define HAVE_PTHREAD_H 1
| #define HAVE_SCHED_H 1
| #define HAVE_SETJMP_H 1
| #define HAVE_SIGNAL_H 1
| #define HAVE_SPAWN_H 1
| #define HAVE_SYS_ENDIAN_H 1
| #define HAVE_SYS_EVENT_H 1
| #define HAVE_SYS_EVENTFD_H 1
| #define HAVE_SYS_FILE_H 1
| #define HAVE_SYS_IOCTL_H 1
| #define HAVE_SYS_LOCK_H 1
| #define HAVE_SYS_MMAN_H 1
| #define HAVE_SYS_PARAM_H 1
| #define HAVE_SYS_POLL_H 1
| #define HAVE_SYS_RANDOM_H 1
| #define HAVE_SYS_RESOURCE_H 1
| #define HAVE_SYS_SELECT_H 1
| #define HAVE_SYS_SOCKET_H 1
| #define HAVE_SYS_SOUNDCARD_H 1
| #define HAVE_SYS_STAT_H 1
| #define HAVE_SYS_STATVFS_H 1
| /* end confdefs.h.  */
| #include <stddef.h>
| #ifdef HAVE_STDIO_H
| # include <stdio.h>
| #endif
| #ifdef HAVE_STDLIB_H
| # include <stdlib.h>
| #endif
| #ifdef HAVE_STRING_H
| # include <string.h>
| #endif
| #ifdef HAVE_INTTYPES_H
| # include <inttypes.h>
| #endif
| #ifdef HAVE_STDINT_H
| # include <stdint.h>
| #endif
| #ifdef HAVE_STRINGS_H
| # include <strings.h>
| #endif
| #ifdef HAVE_SYS_TYPES_H
| # include <sys/types.h>
| #endif
| #ifdef HAVE_SYS_STAT_H
| # include <sys/stat.h>
| #endif
| #ifdef HAVE_UNISTD_H
| # include <unistd.h>
| #endif
| #include <sys/sys_domain.h>
configure:10880: result: no
configure:10886: checking for sys/syscall.h
configure:10886: cc -c -mabi=purecap -I/usr/local/include -I/usr/include conftest.c >&5
configure:10886: $? = 0
configure:10886: result: yes
configure:10892: checking for sys/sysmacros.h
configure:10892: cc -c -mabi=purecap -I/usr/local/include -I/usr/include conftest.c >&5
conftest.c:105:10: fatal error: 'sys/sysmacros.h' file not found
#include <sys/sysmacros.h>
         ^~~~~~~~~~~~~~~~~
1 error generated.
configure:10892: $? = 1
configure: failed program was:
| /* confdefs.h */
| #define _NETBSD_SOURCE 1
| #define __BSD_VISIBLE 1
| #define _DARWIN_C_SOURCE 1
| #define _PYTHONFRAMEWORK ""
| #define _XOPEN_SOURCE 700
| #define _XOPEN_SOURCE_EXTENDED 1
| #define _POSIX_C_SOURCE 200809L
| #define HAVE_STDIO_H 1
| #define HAVE_STDLIB_H 1
| #define HAVE_STRING_H 1
| #define HAVE_INTTYPES_H 1
| #define HAVE_STDINT_H 1
| #define HAVE_STRINGS_H 1
| #define HAVE_SYS_STAT_H 1
| #define HAVE_SYS_TYPES_H 1
| #define HAVE_UNISTD_H 1
| #define HAVE_WCHAR_H 1
| #define STDC_HEADERS 1
| #define _ALL_SOURCE 1
| #define _DARWIN_C_SOURCE 1
| #define _GNU_SOURCE 1
| #define _HPUX_ALT_XOPEN_SOCKET_API 1
| #define _NETBSD_SOURCE 1
| #define _OPENBSD_SOURCE 1
| #define _POSIX_PTHREAD_SEMANTICS 1
| #define __STDC_WANT_IEC_60559_ATTRIBS_EXT__ 1
| #define __STDC_WANT_IEC_60559_BFP_EXT__ 1
| #define __STDC_WANT_IEC_60559_DFP_EXT__ 1
| #define __STDC_WANT_IEC_60559_FUNCS_EXT__ 1
| #define __STDC_WANT_IEC_60559_TYPES_EXT__ 1
| #define __STDC_WANT_LIB_EXT2__ 1
| #define __STDC_WANT_MATH_SPEC_FUNCS__ 1
| #define _TANDEM_SOURCE 1
| #define __EXTENSIONS__ 1
| #define PY_SUPPORT_TIER 0
| #define Py_DEBUG 1
| #define STDC_HEADERS 1
| #define HAVE_BLUETOOTH_H 1
| #define HAVE_DLFCN_H 1
| #define HAVE_ENDIAN_H 1
| #define HAVE_ERRNO_H 1
| #define HAVE_FCNTL_H 1
| #define HAVE_GRP_H 1
| #define HAVE_IEEEFP_H 1
| #define HAVE_LANGINFO_H 1
| #define HAVE_LIBINTL_H 1
| #define HAVE_LIBUTIL_H 1
| #define HAVE_SYS_AUXV_H 1
| #define HAVE_NETDB_H 1
| #define HAVE_NET_ETHERNET_H 1
| #define HAVE_NETINET_IN_H 1
| #define HAVE_POLL_H 1
| #define HAVE_PTHREAD_H 1
| #define HAVE_SCHED_H 1
| #define HAVE_SETJMP_H 1
| #define HAVE_SIGNAL_H 1
| #define HAVE_SPAWN_H 1
| #define HAVE_SYS_ENDIAN_H 1
| #define HAVE_SYS_EVENT_H 1
| #define HAVE_SYS_EVENTFD_H 1
| #define HAVE_SYS_FILE_H 1
| #define HAVE_SYS_IOCTL_H 1
| #define HAVE_SYS_LOCK_H 1
| #define HAVE_SYS_MMAN_H 1
| #define HAVE_SYS_PARAM_H 1
| #define HAVE_SYS_POLL_H 1
| #define HAVE_SYS_RANDOM_H 1
| #define HAVE_SYS_RESOURCE_H 1
| #define HAVE_SYS_SELECT_H 1
| #define HAVE_SYS_SOCKET_H 1
| #define HAVE_SYS_SOUNDCARD_H 1
| #define HAVE_SYS_STAT_H 1
| #define HAVE_SYS_STATVFS_H 1
| #define HAVE_SYS_SYSCALL_H 1
| /* end confdefs.h.  */
| #include <stddef.h>
| #ifdef HAVE_STDIO_H
| # include <stdio.h>
| #endif
| #ifdef HAVE_STDLIB_H
| # include <stdlib.h>
| #endif
| #ifdef HAVE_STRING_H
| # include <string.h>
| #endif
| #ifdef HAVE_INTTYPES_H
| # include <inttypes.h>
| #endif
| #ifdef HAVE_STDINT_H
| # include <stdint.h>
| #endif
| #ifdef HAVE_STRINGS_H
| # include <strings.h>
| #endif
| #ifdef HAVE_SYS_TYPES_H
| # include <sys/types.h>
| #endif
| #ifdef HAVE_SYS_STAT_H
| # include <sys/stat.h>
| #endif
| #ifdef HAVE_UNISTD_H
| # include <unistd.h>
| #endif
| #include <sys/sysmacros.h>
configure:10892: result: no
configure:10898: checking for sys/termio.h
configure:10898: cc -c -mabi=purecap -I/usr/local/include -I/usr/include conftest.c >&5
conftest.c:105:10: fatal error: 'sys/termio.h' file not found
#include <sys/termio.h>
         ^~~~~~~~~~~~~~
1 error generated.
configure:10898: $? = 1
configure: failed program was:
| /* confdefs.h */
| #define _NETBSD_SOURCE 1
| #define __BSD_VISIBLE 1
| #define _DARWIN_C_SOURCE 1
| #define _PYTHONFRAMEWORK ""
| #define _XOPEN_SOURCE 700
| #define _XOPEN_SOURCE_EXTENDED 1
| #define _POSIX_C_SOURCE 200809L
| #define HAVE_STDIO_H 1
| #define HAVE_STDLIB_H 1
| #define HAVE_STRING_H 1
| #define HAVE_INTTYPES_H 1
| #define HAVE_STDINT_H 1
| #define HAVE_STRINGS_H 1
| #define HAVE_SYS_STAT_H 1
| #define HAVE_SYS_TYPES_H 1
| #define HAVE_UNISTD_H 1
| #define HAVE_WCHAR_H 1
| #define STDC_HEADERS 1
| #define _ALL_SOURCE 1
| #define _DARWIN_C_SOURCE 1
| #define _GNU_SOURCE 1
| #define _HPUX_ALT_XOPEN_SOCKET_API 1
| #define _NETBSD_SOURCE 1
| #define _OPENBSD_SOURCE 1
| #define _POSIX_PTHREAD_SEMANTICS 1
| #define __STDC_WANT_IEC_60559_ATTRIBS_EXT__ 1
| #define __STDC_WANT_IEC_60559_BFP_EXT__ 1
| #define __STDC_WANT_IEC_60559_DFP_EXT__ 1
| #define __STDC_WANT_IEC_60559_FUNCS_EXT__ 1
| #define __STDC_WANT_IEC_60559_TYPES_EXT__ 1
| #define __STDC_WANT_LIB_EXT2__ 1
| #define __STDC_WANT_MATH_SPEC_FUNCS__ 1
| #define _TANDEM_SOURCE 1
| #define __EXTENSIONS__ 1
| #define PY_SUPPORT_TIER 0
| #define Py_DEBUG 1
| #define STDC_HEADERS 1
| #define HAVE_BLUETOOTH_H 1
| #define HAVE_DLFCN_H 1
| #define HAVE_ENDIAN_H 1
| #define HAVE_ERRNO_H 1
| #define HAVE_FCNTL_H 1
| #define HAVE_GRP_H 1
| #define HAVE_IEEEFP_H 1
| #define HAVE_LANGINFO_H 1
| #define HAVE_LIBINTL_H 1
| #define HAVE_LIBUTIL_H 1
| #define HAVE_SYS_AUXV_H 1
| #define HAVE_NETDB_H 1
| #define HAVE_NET_ETHERNET_H 1
| #define HAVE_NETINET_IN_H 1
| #define HAVE_POLL_H 1
| #define HAVE_PTHREAD_H 1
| #define HAVE_SCHED_H 1
| #define HAVE_SETJMP_H 1
| #define HAVE_SIGNAL_H 1
| #define HAVE_SPAWN_H 1
| #define HAVE_SYS_ENDIAN_H 1
| #define HAVE_SYS_EVENT_H 1
| #define HAVE_SYS_EVENTFD_H 1
| #define HAVE_SYS_FILE_H 1
| #define HAVE_SYS_IOCTL_H 1
| #define HAVE_SYS_LOCK_H 1
| #define HAVE_SYS_MMAN_H 1
| #define HAVE_SYS_PARAM_H 1
| #define HAVE_SYS_POLL_H 1
| #define HAVE_SYS_RANDOM_H 1
| #define HAVE_SYS_RESOURCE_H 1
| #define HAVE_SYS_SELECT_H 1
| #define HAVE_SYS_SOCKET_H 1
| #define HAVE_SYS_SOUNDCARD_H 1
| #define HAVE_SYS_STAT_H 1
| #define HAVE_SYS_STATVFS_H 1
| #define HAVE_SYS_SYSCALL_H 1
| /* end confdefs.h.  */
| #include <stddef.h>
| #ifdef HAVE_STDIO_H
| # include <stdio.h>
| #endif
| #ifdef HAVE_STDLIB_H
| # include <stdlib.h>
| #endif
| #ifdef HAVE_STRING_H
| # include <string.h>
| #endif
| #ifdef HAVE_INTTYPES_H
| # include <inttypes.h>
| #endif
| #ifdef HAVE_STDINT_H
| # include <stdint.h>
| #endif
| #ifdef HAVE_STRINGS_H
| # include <strings.h>
| #endif
| #ifdef HAVE_SYS_TYPES_H
| # include <sys/types.h>
| #endif
| #ifdef HAVE_SYS_STAT_H
| # include <sys/stat.h>
| #endif
| #ifdef HAVE_UNISTD_H
| # include <unistd.h>
| #endif
| #include <sys/termio.h>
configure:10898: result: no
configure:10904: checking for sys/time.h
configure:10904: cc -c -mabi=purecap -I/usr/local/include -I/usr/include conftest.c >&5
configure:10904: $? = 0
configure:10904: result: yes
configure:10910: checking for sys/times.h
configure:10910: cc -c -mabi=purecap -I/usr/local/include -I/usr/include conftest.c >&5
configure:10910: $? = 0
configure:10910: result: yes
configure:10916: checking for sys/types.h
configure:10916: result: yes
configure:10922: checking for sys/uio.h
configure:10922: cc -c -mabi=purecap -I/usr/local/include -I/usr/include conftest.c >&5
configure:10922: $? = 0
configure:10922: result: yes
configure:10928: checking for sys/un.h
configure:10928: cc -c -mabi=purecap -I/usr/local/include -I/usr/include conftest.c >&5
configure:10928: $? = 0
configure:10928: result: yes
configure:10934: checking for sys/utsname.h
configure:10934: cc -c -mabi=purecap -I/usr/local/include -I/usr/include conftest.c >&5
configure:10934: $? = 0
configure:10934: result: yes
configure:10940: checking for sys/wait.h
configure:10940: cc -c -mabi=purecap -I/usr/local/include -I/usr/include conftest.c >&5
configure:10940: $? = 0
configure:10940: result: yes
configure:10946: checking for sys/xattr.h
configure:10946: cc -c -mabi=purecap -I/usr/local/include -I/usr/include conftest.c >&5
conftest.c:112:10: fatal error: 'sys/xattr.h' file not found
#include <sys/xattr.h>
         ^~~~~~~~~~~~~
1 error generated.
configure:10946: $? = 1
configure: failed program was:
| /* confdefs.h */
| #define _NETBSD_SOURCE 1
| #define __BSD_VISIBLE 1
| #define _DARWIN_C_SOURCE 1
| #define _PYTHONFRAMEWORK ""
| #define _XOPEN_SOURCE 700
| #define _XOPEN_SOURCE_EXTENDED 1
| #define _POSIX_C_SOURCE 200809L
| #define HAVE_STDIO_H 1
| #define HAVE_STDLIB_H 1
| #define HAVE_STRING_H 1
| #define HAVE_INTTYPES_H 1
| #define HAVE_STDINT_H 1
| #define HAVE_STRINGS_H 1
| #define HAVE_SYS_STAT_H 1
| #define HAVE_SYS_TYPES_H 1
| #define HAVE_UNISTD_H 1
| #define HAVE_WCHAR_H 1
| #define STDC_HEADERS 1
| #define _ALL_SOURCE 1
| #define _DARWIN_C_SOURCE 1
| #define _GNU_SOURCE 1
| #define _HPUX_ALT_XOPEN_SOCKET_API 1
| #define _NETBSD_SOURCE 1
| #define _OPENBSD_SOURCE 1
| #define _POSIX_PTHREAD_SEMANTICS 1
| #define __STDC_WANT_IEC_60559_ATTRIBS_EXT__ 1
| #define __STDC_WANT_IEC_60559_BFP_EXT__ 1
| #define __STDC_WANT_IEC_60559_DFP_EXT__ 1
| #define __STDC_WANT_IEC_60559_FUNCS_EXT__ 1
| #define __STDC_WANT_IEC_60559_TYPES_EXT__ 1
| #define __STDC_WANT_LIB_EXT2__ 1
| #define __STDC_WANT_MATH_SPEC_FUNCS__ 1
| #define _TANDEM_SOURCE 1
| #define __EXTENSIONS__ 1
| #define PY_SUPPORT_TIER 0
| #define Py_DEBUG 1
| #define STDC_HEADERS 1
| #define HAVE_BLUETOOTH_H 1
| #define HAVE_DLFCN_H 1
| #define HAVE_ENDIAN_H 1
| #define HAVE_ERRNO_H 1
| #define HAVE_FCNTL_H 1
| #define HAVE_GRP_H 1
| #define HAVE_IEEEFP_H 1
| #define HAVE_LANGINFO_H 1
| #define HAVE_LIBINTL_H 1
| #define HAVE_LIBUTIL_H 1
| #define HAVE_SYS_AUXV_H 1
| #define HAVE_NETDB_H 1
| #define HAVE_NET_ETHERNET_H 1
| #define HAVE_NETINET_IN_H 1
| #define HAVE_POLL_H 1
| #define HAVE_PTHREAD_H 1
| #define HAVE_SCHED_H 1
| #define HAVE_SETJMP_H 1
| #define HAVE_SIGNAL_H 1
| #define HAVE_SPAWN_H 1
| #define HAVE_SYS_ENDIAN_H 1
| #define HAVE_SYS_EVENT_H 1
| #define HAVE_SYS_EVENTFD_H 1
| #define HAVE_SYS_FILE_H 1
| #define HAVE_SYS_IOCTL_H 1
| #define HAVE_SYS_LOCK_H 1
| #define HAVE_SYS_MMAN_H 1
| #define HAVE_SYS_PARAM_H 1
| #define HAVE_SYS_POLL_H 1
| #define HAVE_SYS_RANDOM_H 1
| #define HAVE_SYS_RESOURCE_H 1
| #define HAVE_SYS_SELECT_H 1
| #define HAVE_SYS_SOCKET_H 1
| #define HAVE_SYS_SOUNDCARD_H 1
| #define HAVE_SYS_STAT_H 1
| #define HAVE_SYS_STATVFS_H 1
| #define HAVE_SYS_SYSCALL_H 1
| #define HAVE_SYS_TIME_H 1
| #define HAVE_SYS_TIMES_H 1
| #define HAVE_SYS_TYPES_H 1
| #define HAVE_SYS_UIO_H 1
| #define HAVE_SYS_UN_H 1
| #define HAVE_SYS_UTSNAME_H 1
| #define HAVE_SYS_WAIT_H 1
| /* end confdefs.h.  */
| #include <stddef.h>
| #ifdef HAVE_STDIO_H
| # include <stdio.h>
| #endif
| #ifdef HAVE_STDLIB_H
| # include <stdlib.h>
| #endif
| #ifdef HAVE_STRING_H
| # include <string.h>
| #endif
| #ifdef HAVE_INTTYPES_H
| # include <inttypes.h>
| #endif
| #ifdef HAVE_STDINT_H
| # include <stdint.h>
| #endif
| #ifdef HAVE_STRINGS_H
| # include <strings.h>
| #endif
| #ifdef HAVE_SYS_TYPES_H
| # include <sys/types.h>
| #endif
| #ifdef HAVE_SYS_STAT_H
| # include <sys/stat.h>
| #endif
| #ifdef HAVE_UNISTD_H
| # include <unistd.h>
| #endif
| #include <sys/xattr.h>
configure:10946: result: no
configure:10952: checking for sysexits.h
configure:10952: cc -c -mabi=purecap -I/usr/local/include -I/usr/include conftest.c >&5
configure:10952: $? = 0
configure:10952: result: yes
configure:10958: checking for syslog.h
configure:10958: cc -c -mabi=purecap -I/usr/local/include -I/usr/include conftest.c >&5
configure:10958: $? = 0
configure:10958: result: yes
configure:10964: checking for termios.h
configure:10964: cc -c -mabi=purecap -I/usr/local/include -I/usr/include conftest.c >&5
configure:10964: $? = 0
configure:10964: result: yes
configure:10970: checking for util.h
configure:10970: cc -c -mabi=purecap -I/usr/local/include -I/usr/include conftest.c >&5
conftest.c:115:10: fatal error: 'util.h' file not found
#include <util.h>
         ^~~~~~~~
1 error generated.
configure:10970: $? = 1
configure: failed program was:
| /* confdefs.h */
| #define _NETBSD_SOURCE 1
| #define __BSD_VISIBLE 1
| #define _DARWIN_C_SOURCE 1
| #define _PYTHONFRAMEWORK ""
| #define _XOPEN_SOURCE 700
| #define _XOPEN_SOURCE_EXTENDED 1
| #define _POSIX_C_SOURCE 200809L
| #define HAVE_STDIO_H 1
| #define HAVE_STDLIB_H 1
| #define HAVE_STRING_H 1
| #define HAVE_INTTYPES_H 1
| #define HAVE_STDINT_H 1
| #define HAVE_STRINGS_H 1
| #define HAVE_SYS_STAT_H 1
| #define HAVE_SYS_TYPES_H 1
| #define HAVE_UNISTD_H 1
| #define HAVE_WCHAR_H 1
| #define STDC_HEADERS 1
| #define _ALL_SOURCE 1
| #define _DARWIN_C_SOURCE 1
| #define _GNU_SOURCE 1
| #define _HPUX_ALT_XOPEN_SOCKET_API 1
| #define _NETBSD_SOURCE 1
| #define _OPENBSD_SOURCE 1
| #define _POSIX_PTHREAD_SEMANTICS 1
| #define __STDC_WANT_IEC_60559_ATTRIBS_EXT__ 1
| #define __STDC_WANT_IEC_60559_BFP_EXT__ 1
| #define __STDC_WANT_IEC_60559_DFP_EXT__ 1
| #define __STDC_WANT_IEC_60559_FUNCS_EXT__ 1
| #define __STDC_WANT_IEC_60559_TYPES_EXT__ 1
| #define __STDC_WANT_LIB_EXT2__ 1
| #define __STDC_WANT_MATH_SPEC_FUNCS__ 1
| #define _TANDEM_SOURCE 1
| #define __EXTENSIONS__ 1
| #define PY_SUPPORT_TIER 0
| #define Py_DEBUG 1
| #define STDC_HEADERS 1
| #define HAVE_BLUETOOTH_H 1
| #define HAVE_DLFCN_H 1
| #define HAVE_ENDIAN_H 1
| #define HAVE_ERRNO_H 1
| #define HAVE_FCNTL_H 1
| #define HAVE_GRP_H 1
| #define HAVE_IEEEFP_H 1
| #define HAVE_LANGINFO_H 1
| #define HAVE_LIBINTL_H 1
| #define HAVE_LIBUTIL_H 1
| #define HAVE_SYS_AUXV_H 1
| #define HAVE_NETDB_H 1
| #define HAVE_NET_ETHERNET_H 1
| #define HAVE_NETINET_IN_H 1
| #define HAVE_POLL_H 1
| #define HAVE_PTHREAD_H 1
| #define HAVE_SCHED_H 1
| #define HAVE_SETJMP_H 1
| #define HAVE_SIGNAL_H 1
| #define HAVE_SPAWN_H 1
| #define HAVE_SYS_ENDIAN_H 1
| #define HAVE_SYS_EVENT_H 1
| #define HAVE_SYS_EVENTFD_H 1
| #define HAVE_SYS_FILE_H 1
| #define HAVE_SYS_IOCTL_H 1
| #define HAVE_SYS_LOCK_H 1
| #define HAVE_SYS_MMAN_H 1
| #define HAVE_SYS_PARAM_H 1
| #define HAVE_SYS_POLL_H 1
| #define HAVE_SYS_RANDOM_H 1
| #define HAVE_SYS_RESOURCE_H 1
| #define HAVE_SYS_SELECT_H 1
| #define HAVE_SYS_SOCKET_H 1
| #define HAVE_SYS_SOUNDCARD_H 1
| #define HAVE_SYS_STAT_H 1
| #define HAVE_SYS_STATVFS_H 1
| #define HAVE_SYS_SYSCALL_H 1
| #define HAVE_SYS_TIME_H 1
| #define HAVE_SYS_TIMES_H 1
| #define HAVE_SYS_TYPES_H 1
| #define HAVE_SYS_UIO_H 1
| #define HAVE_SYS_UN_H 1
| #define HAVE_SYS_UTSNAME_H 1
| #define HAVE_SYS_WAIT_H 1
| #define HAVE_SYSEXITS_H 1
| #define HAVE_SYSLOG_H 1
| #define HAVE_TERMIOS_H 1
| /* end confdefs.h.  */
| #include <stddef.h>
| #ifdef HAVE_STDIO_H
| # include <stdio.h>
| #endif
| #ifdef HAVE_STDLIB_H
| # include <stdlib.h>
| #endif
| #ifdef HAVE_STRING_H
| # include <string.h>
| #endif
| #ifdef HAVE_INTTYPES_H
| # include <inttypes.h>
| #endif
| #ifdef HAVE_STDINT_H
| # include <stdint.h>
| #endif
| #ifdef HAVE_STRINGS_H
| # include <strings.h>
| #endif
| #ifdef HAVE_SYS_TYPES_H
| # include <sys/types.h>
| #endif
| #ifdef HAVE_SYS_STAT_H
| # include <sys/stat.h>
| #endif
| #ifdef HAVE_UNISTD_H
| # include <unistd.h>
| #endif
| #include <util.h>
configure:10970: result: no
configure:10976: checking for utime.h
configure:10976: cc -c -mabi=purecap -I/usr/local/include -I/usr/include conftest.c >&5
configure:10976: $? = 0
configure:10976: result: yes
configure:10982: checking for utmp.h
configure:10982: cc -c -mabi=purecap -I/usr/local/include -I/usr/include conftest.c >&5
conftest.c:116:10: fatal error: 'utmp.h' file not found
#include <utmp.h>
         ^~~~~~~~
1 error generated.
configure:10982: $? = 1
configure: failed program was:
| /* confdefs.h */
| #define _NETBSD_SOURCE 1
| #define __BSD_VISIBLE 1
| #define _DARWIN_C_SOURCE 1
| #define _PYTHONFRAMEWORK ""
| #define _XOPEN_SOURCE 700
| #define _XOPEN_SOURCE_EXTENDED 1
| #define _POSIX_C_SOURCE 200809L
| #define HAVE_STDIO_H 1
| #define HAVE_STDLIB_H 1
| #define HAVE_STRING_H 1
| #define HAVE_INTTYPES_H 1
| #define HAVE_STDINT_H 1
| #define HAVE_STRINGS_H 1
| #define HAVE_SYS_STAT_H 1
| #define HAVE_SYS_TYPES_H 1
| #define HAVE_UNISTD_H 1
| #define HAVE_WCHAR_H 1
| #define STDC_HEADERS 1
| #define _ALL_SOURCE 1
| #define _DARWIN_C_SOURCE 1
| #define _GNU_SOURCE 1
| #define _HPUX_ALT_XOPEN_SOCKET_API 1
| #define _NETBSD_SOURCE 1
| #define _OPENBSD_SOURCE 1
| #define _POSIX_PTHREAD_SEMANTICS 1
| #define __STDC_WANT_IEC_60559_ATTRIBS_EXT__ 1
| #define __STDC_WANT_IEC_60559_BFP_EXT__ 1
| #define __STDC_WANT_IEC_60559_DFP_EXT__ 1
| #define __STDC_WANT_IEC_60559_FUNCS_EXT__ 1
| #define __STDC_WANT_IEC_60559_TYPES_EXT__ 1
| #define __STDC_WANT_LIB_EXT2__ 1
| #define __STDC_WANT_MATH_SPEC_FUNCS__ 1
| #define _TANDEM_SOURCE 1
| #define __EXTENSIONS__ 1
| #define PY_SUPPORT_TIER 0
| #define Py_DEBUG 1
| #define STDC_HEADERS 1
| #define HAVE_BLUETOOTH_H 1
| #define HAVE_DLFCN_H 1
| #define HAVE_ENDIAN_H 1
| #define HAVE_ERRNO_H 1
| #define HAVE_FCNTL_H 1
| #define HAVE_GRP_H 1
| #define HAVE_IEEEFP_H 1
| #define HAVE_LANGINFO_H 1
| #define HAVE_LIBINTL_H 1
| #define HAVE_LIBUTIL_H 1
| #define HAVE_SYS_AUXV_H 1
| #define HAVE_NETDB_H 1
| #define HAVE_NET_ETHERNET_H 1
| #define HAVE_NETINET_IN_H 1
| #define HAVE_POLL_H 1
| #define HAVE_PTHREAD_H 1
| #define HAVE_SCHED_H 1
| #define HAVE_SETJMP_H 1
| #define HAVE_SIGNAL_H 1
| #define HAVE_SPAWN_H 1
| #define HAVE_SYS_ENDIAN_H 1
| #define HAVE_SYS_EVENT_H 1
| #define HAVE_SYS_EVENTFD_H 1
| #define HAVE_SYS_FILE_H 1
| #define HAVE_SYS_IOCTL_H 1
| #define HAVE_SYS_LOCK_H 1
| #define HAVE_SYS_MMAN_H 1
| #define HAVE_SYS_PARAM_H 1
| #define HAVE_SYS_POLL_H 1
| #define HAVE_SYS_RANDOM_H 1
| #define HAVE_SYS_RESOURCE_H 1
| #define HAVE_SYS_SELECT_H 1
| #define HAVE_SYS_SOCKET_H 1
| #define HAVE_SYS_SOUNDCARD_H 1
| #define HAVE_SYS_STAT_H 1
| #define HAVE_SYS_STATVFS_H 1
| #define HAVE_SYS_SYSCALL_H 1
| #define HAVE_SYS_TIME_H 1
| #define HAVE_SYS_TIMES_H 1
| #define HAVE_SYS_TYPES_H 1
| #define HAVE_SYS_UIO_H 1
| #define HAVE_SYS_UN_H 1
| #define HAVE_SYS_UTSNAME_H 1
| #define HAVE_SYS_WAIT_H 1
| #define HAVE_SYSEXITS_H 1
| #define HAVE_SYSLOG_H 1
| #define HAVE_TERMIOS_H 1
| #define HAVE_UTIME_H 1
| /* end confdefs.h.  */
| #include <stddef.h>
| #ifdef HAVE_STDIO_H
| # include <stdio.h>
| #endif
| #ifdef HAVE_STDLIB_H
| # include <stdlib.h>
| #endif
| #ifdef HAVE_STRING_H
| # include <string.h>
| #endif
| #ifdef HAVE_INTTYPES_H
| # include <inttypes.h>
| #endif
| #ifdef HAVE_STDINT_H
| # include <stdint.h>
| #endif
| #ifdef HAVE_STRINGS_H
| # include <strings.h>
| #endif
| #ifdef HAVE_SYS_TYPES_H
| # include <sys/types.h>
| #endif
| #ifdef HAVE_SYS_STAT_H
| # include <sys/stat.h>
| #endif
| #ifdef HAVE_UNISTD_H
| # include <unistd.h>
| #endif
| #include <utmp.h>
configure:10982: result: no
configure:10992: checking for dirent.h that defines DIR
configure:11012: cc -c -mabi=purecap -I/usr/local/include -I/usr/include conftest.c >&5
configure:11012: $? = 0
configure:11021: result: yes
configure:11035: checking for library containing opendir
configure:11065: cc -o conftest -mabi=purecap -I/usr/local/include -I/usr/include -mabi=purecap -L/usr/local/lib -L/usr/lib -lmd -lcheri_caprevoke conftest.c  >&5
configure:11065: $? = 0
configure:11085: result: none required
configure:11157: checking for sys/mkdev.h
configure:11157: result: no
configure:11166: checking for sys/sysmacros.h
configure:11166: result: no
configure:11181: checking for bluetooth/bluetooth.h
configure:11181: cc -c -std=c99 -mabi=purecap -I/usr/local/include -I/usr/include conftest.c >&5
conftest.c:117:10: fatal error: 'bluetooth/bluetooth.h' file not found
#include <bluetooth/bluetooth.h>
         ^~~~~~~~~~~~~~~~~~~~~~~
1 error generated.
configure:11181: $? = 1
configure: failed program was:
| /* confdefs.h */
| #define _NETBSD_SOURCE 1
| #define __BSD_VISIBLE 1
| #define _DARWIN_C_SOURCE 1
| #define _PYTHONFRAMEWORK ""
| #define _XOPEN_SOURCE 700
| #define _XOPEN_SOURCE_EXTENDED 1
| #define _POSIX_C_SOURCE 200809L
| #define HAVE_STDIO_H 1
| #define HAVE_STDLIB_H 1
| #define HAVE_STRING_H 1
| #define HAVE_INTTYPES_H 1
| #define HAVE_STDINT_H 1
| #define HAVE_STRINGS_H 1
| #define HAVE_SYS_STAT_H 1
| #define HAVE_SYS_TYPES_H 1
| #define HAVE_UNISTD_H 1
| #define HAVE_WCHAR_H 1
| #define STDC_HEADERS 1
| #define _ALL_SOURCE 1
| #define _DARWIN_C_SOURCE 1
| #define _GNU_SOURCE 1
| #define _HPUX_ALT_XOPEN_SOCKET_API 1
| #define _NETBSD_SOURCE 1
| #define _OPENBSD_SOURCE 1
| #define _POSIX_PTHREAD_SEMANTICS 1
| #define __STDC_WANT_IEC_60559_ATTRIBS_EXT__ 1
| #define __STDC_WANT_IEC_60559_BFP_EXT__ 1
| #define __STDC_WANT_IEC_60559_DFP_EXT__ 1
| #define __STDC_WANT_IEC_60559_FUNCS_EXT__ 1
| #define __STDC_WANT_IEC_60559_TYPES_EXT__ 1
| #define __STDC_WANT_LIB_EXT2__ 1
| #define __STDC_WANT_MATH_SPEC_FUNCS__ 1
| #define _TANDEM_SOURCE 1
| #define __EXTENSIONS__ 1
| #define PY_SUPPORT_TIER 0
| #define Py_DEBUG 1
| #define STDC_HEADERS 1
| #define HAVE_BLUETOOTH_H 1
| #define HAVE_DLFCN_H 1
| #define HAVE_ENDIAN_H 1
| #define HAVE_ERRNO_H 1
| #define HAVE_FCNTL_H 1
| #define HAVE_GRP_H 1
| #define HAVE_IEEEFP_H 1
| #define HAVE_LANGINFO_H 1
| #define HAVE_LIBINTL_H 1
| #define HAVE_LIBUTIL_H 1
| #define HAVE_SYS_AUXV_H 1
| #define HAVE_NETDB_H 1
| #define HAVE_NET_ETHERNET_H 1
| #define HAVE_NETINET_IN_H 1
| #define HAVE_POLL_H 1
| #define HAVE_PTHREAD_H 1
| #define HAVE_SCHED_H 1
| #define HAVE_SETJMP_H 1
| #define HAVE_SIGNAL_H 1
| #define HAVE_SPAWN_H 1
| #define HAVE_SYS_ENDIAN_H 1
| #define HAVE_SYS_EVENT_H 1
| #define HAVE_SYS_EVENTFD_H 1
| #define HAVE_SYS_FILE_H 1
| #define HAVE_SYS_IOCTL_H 1
| #define HAVE_SYS_LOCK_H 1
| #define HAVE_SYS_MMAN_H 1
| #define HAVE_SYS_PARAM_H 1
| #define HAVE_SYS_POLL_H 1
| #define HAVE_SYS_RANDOM_H 1
| #define HAVE_SYS_RESOURCE_H 1
| #define HAVE_SYS_SELECT_H 1
| #define HAVE_SYS_SOCKET_H 1
| #define HAVE_SYS_SOUNDCARD_H 1
| #define HAVE_SYS_STAT_H 1
| #define HAVE_SYS_STATVFS_H 1
| #define HAVE_SYS_SYSCALL_H 1
| #define HAVE_SYS_TIME_H 1
| #define HAVE_SYS_TIMES_H 1
| #define HAVE_SYS_TYPES_H 1
| #define HAVE_SYS_UIO_H 1
| #define HAVE_SYS_UN_H 1
| #define HAVE_SYS_UTSNAME_H 1
| #define HAVE_SYS_WAIT_H 1
| #define HAVE_SYSEXITS_H 1
| #define HAVE_SYSLOG_H 1
| #define HAVE_TERMIOS_H 1
| #define HAVE_UTIME_H 1
| #define HAVE_DIRENT_H 1
| /* end confdefs.h.  */
| #include <stddef.h>
| #ifdef HAVE_STDIO_H
| # include <stdio.h>
| #endif
| #ifdef HAVE_STDLIB_H
| # include <stdlib.h>
| #endif
| #ifdef HAVE_STRING_H
| # include <string.h>
| #endif
| #ifdef HAVE_INTTYPES_H
| # include <inttypes.h>
| #endif
| #ifdef HAVE_STDINT_H
| # include <stdint.h>
| #endif
| #ifdef HAVE_STRINGS_H
| # include <strings.h>
| #endif
| #ifdef HAVE_SYS_TYPES_H
| # include <sys/types.h>
| #endif
| #ifdef HAVE_SYS_STAT_H
| # include <sys/stat.h>
| #endif
| #ifdef HAVE_UNISTD_H
| # include <unistd.h>
| #endif
| #include <bluetooth/bluetooth.h>
configure:11181: result: no
configure:11191: checking for net/if.h
configure:11191: cc -c -mabi=purecap -I/usr/local/include -I/usr/include conftest.c >&5
configure:11191: $? = 0
configure:11191: result: yes
configure:11207: checking for linux/netlink.h
configure:11207: cc -c -mabi=purecap -I/usr/local/include -I/usr/include conftest.c >&5
conftest.c:99:10: fatal error: 'linux/netlink.h' file not found
#include <linux/netlink.h>
         ^~~~~~~~~~~~~~~~~
1 error generated.
configure:11207: $? = 1
configure: failed program was:
| /* confdefs.h */
| #define _NETBSD_SOURCE 1
| #define __BSD_VISIBLE 1
| #define _DARWIN_C_SOURCE 1
| #define _PYTHONFRAMEWORK ""
| #define _XOPEN_SOURCE 700
| #define _XOPEN_SOURCE_EXTENDED 1
| #define _POSIX_C_SOURCE 200809L
| #define HAVE_STDIO_H 1
| #define HAVE_STDLIB_H 1
| #define HAVE_STRING_H 1
| #define HAVE_INTTYPES_H 1
| #define HAVE_STDINT_H 1
| #define HAVE_STRINGS_H 1
| #define HAVE_SYS_STAT_H 1
| #define HAVE_SYS_TYPES_H 1
| #define HAVE_UNISTD_H 1
| #define HAVE_WCHAR_H 1
| #define STDC_HEADERS 1
| #define _ALL_SOURCE 1
| #define _DARWIN_C_SOURCE 1
| #define _GNU_SOURCE 1
| #define _HPUX_ALT_XOPEN_SOCKET_API 1
| #define _NETBSD_SOURCE 1
| #define _OPENBSD_SOURCE 1
| #define _POSIX_PTHREAD_SEMANTICS 1
| #define __STDC_WANT_IEC_60559_ATTRIBS_EXT__ 1
| #define __STDC_WANT_IEC_60559_BFP_EXT__ 1
| #define __STDC_WANT_IEC_60559_DFP_EXT__ 1
| #define __STDC_WANT_IEC_60559_FUNCS_EXT__ 1
| #define __STDC_WANT_IEC_60559_TYPES_EXT__ 1
| #define __STDC_WANT_LIB_EXT2__ 1
| #define __STDC_WANT_MATH_SPEC_FUNCS__ 1
| #define _TANDEM_SOURCE 1
| #define __EXTENSIONS__ 1
| #define PY_SUPPORT_TIER 0
| #define Py_DEBUG 1
| #define STDC_HEADERS 1
| #define HAVE_BLUETOOTH_H 1
| #define HAVE_DLFCN_H 1
| #define HAVE_ENDIAN_H 1
| #define HAVE_ERRNO_H 1
| #define HAVE_FCNTL_H 1
| #define HAVE_GRP_H 1
| #define HAVE_IEEEFP_H 1
| #define HAVE_LANGINFO_H 1
| #define HAVE_LIBINTL_H 1
| #define HAVE_LIBUTIL_H 1
| #define HAVE_SYS_AUXV_H 1
| #define HAVE_NETDB_H 1
| #define HAVE_NET_ETHERNET_H 1
| #define HAVE_NETINET_IN_H 1
| #define HAVE_POLL_H 1
| #define HAVE_PTHREAD_H 1
| #define HAVE_SCHED_H 1
| #define HAVE_SETJMP_H 1
| #define HAVE_SIGNAL_H 1
| #define HAVE_SPAWN_H 1
| #define HAVE_SYS_ENDIAN_H 1
| #define HAVE_SYS_EVENT_H 1
| #define HAVE_SYS_EVENTFD_H 1
| #define HAVE_SYS_FILE_H 1
| #define HAVE_SYS_IOCTL_H 1
| #define HAVE_SYS_LOCK_H 1
| #define HAVE_SYS_MMAN_H 1
| #define HAVE_SYS_PARAM_H 1
| #define HAVE_SYS_POLL_H 1
| #define HAVE_SYS_RANDOM_H 1
| #define HAVE_SYS_RESOURCE_H 1
| #define HAVE_SYS_SELECT_H 1
| #define HAVE_SYS_SOCKET_H 1
| #define HAVE_SYS_SOUNDCARD_H 1
| #define HAVE_SYS_STAT_H 1
| #define HAVE_SYS_STATVFS_H 1
| #define HAVE_SYS_SYSCALL_H 1
| #define HAVE_SYS_TIME_H 1
| #define HAVE_SYS_TIMES_H 1
| #define HAVE_SYS_TYPES_H 1
| #define HAVE_SYS_UIO_H 1
| #define HAVE_SYS_UN_H 1
| #define HAVE_SYS_UTSNAME_H 1
| #define HAVE_SYS_WAIT_H 1
| #define HAVE_SYSEXITS_H 1
| #define HAVE_SYSLOG_H 1
| #define HAVE_TERMIOS_H 1
| #define HAVE_UTIME_H 1
| #define HAVE_DIRENT_H 1
| #define HAVE_NET_IF_H 1
| /* end confdefs.h.  */
| 
| #ifdef HAVE_ASM_TYPES_H
| #include <asm/types.h>
| #endif
| #ifdef HAVE_SYS_SOCKET_H
| #include <sys/socket.h>
| #endif
| 
| 
| #include <linux/netlink.h>
configure:11207: result: no
configure:11224: checking for linux/qrtr.h
configure:11224: cc -c -mabi=purecap -I/usr/local/include -I/usr/include conftest.c >&5
conftest.c:99:10: fatal error: 'linux/qrtr.h' file not found
#include <linux/qrtr.h>
         ^~~~~~~~~~~~~~
1 error generated.
configure:11224: $? = 1
configure: failed program was:
| /* confdefs.h */
| #define _NETBSD_SOURCE 1
| #define __BSD_VISIBLE 1
| #define _DARWIN_C_SOURCE 1
| #define _PYTHONFRAMEWORK ""
| #define _XOPEN_SOURCE 700
| #define _XOPEN_SOURCE_EXTENDED 1
| #define _POSIX_C_SOURCE 200809L
| #define HAVE_STDIO_H 1
| #define HAVE_STDLIB_H 1
| #define HAVE_STRING_H 1
| #define HAVE_INTTYPES_H 1
| #define HAVE_STDINT_H 1
| #define HAVE_STRINGS_H 1
| #define HAVE_SYS_STAT_H 1
| #define HAVE_SYS_TYPES_H 1
| #define HAVE_UNISTD_H 1
| #define HAVE_WCHAR_H 1
| #define STDC_HEADERS 1
| #define _ALL_SOURCE 1
| #define _DARWIN_C_SOURCE 1
| #define _GNU_SOURCE 1
| #define _HPUX_ALT_XOPEN_SOCKET_API 1
| #define _NETBSD_SOURCE 1
| #define _OPENBSD_SOURCE 1
| #define _POSIX_PTHREAD_SEMANTICS 1
| #define __STDC_WANT_IEC_60559_ATTRIBS_EXT__ 1
| #define __STDC_WANT_IEC_60559_BFP_EXT__ 1
| #define __STDC_WANT_IEC_60559_DFP_EXT__ 1
| #define __STDC_WANT_IEC_60559_FUNCS_EXT__ 1
| #define __STDC_WANT_IEC_60559_TYPES_EXT__ 1
| #define __STDC_WANT_LIB_EXT2__ 1
| #define __STDC_WANT_MATH_SPEC_FUNCS__ 1
| #define _TANDEM_SOURCE 1
| #define __EXTENSIONS__ 1
| #define PY_SUPPORT_TIER 0
| #define Py_DEBUG 1
| #define STDC_HEADERS 1
| #define HAVE_BLUETOOTH_H 1
| #define HAVE_DLFCN_H 1
| #define HAVE_ENDIAN_H 1
| #define HAVE_ERRNO_H 1
| #define HAVE_FCNTL_H 1
| #define HAVE_GRP_H 1
| #define HAVE_IEEEFP_H 1
| #define HAVE_LANGINFO_H 1
| #define HAVE_LIBINTL_H 1
| #define HAVE_LIBUTIL_H 1
| #define HAVE_SYS_AUXV_H 1
| #define HAVE_NETDB_H 1
| #define HAVE_NET_ETHERNET_H 1
| #define HAVE_NETINET_IN_H 1
| #define HAVE_POLL_H 1
| #define HAVE_PTHREAD_H 1
| #define HAVE_SCHED_H 1
| #define HAVE_SETJMP_H 1
| #define HAVE_SIGNAL_H 1
| #define HAVE_SPAWN_H 1
| #define HAVE_SYS_ENDIAN_H 1
| #define HAVE_SYS_EVENT_H 1
| #define HAVE_SYS_EVENTFD_H 1
| #define HAVE_SYS_FILE_H 1
| #define HAVE_SYS_IOCTL_H 1
| #define HAVE_SYS_LOCK_H 1
| #define HAVE_SYS_MMAN_H 1
| #define HAVE_SYS_PARAM_H 1
| #define HAVE_SYS_POLL_H 1
| #define HAVE_SYS_RANDOM_H 1
| #define HAVE_SYS_RESOURCE_H 1
| #define HAVE_SYS_SELECT_H 1
| #define HAVE_SYS_SOCKET_H 1
| #define HAVE_SYS_SOUNDCARD_H 1
| #define HAVE_SYS_STAT_H 1
| #define HAVE_SYS_STATVFS_H 1
| #define HAVE_SYS_SYSCALL_H 1
| #define HAVE_SYS_TIME_H 1
| #define HAVE_SYS_TIMES_H 1
| #define HAVE_SYS_TYPES_H 1
| #define HAVE_SYS_UIO_H 1
| #define HAVE_SYS_UN_H 1
| #define HAVE_SYS_UTSNAME_H 1
| #define HAVE_SYS_WAIT_H 1
| #define HAVE_SYSEXITS_H 1
| #define HAVE_SYSLOG_H 1
| #define HAVE_TERMIOS_H 1
| #define HAVE_UTIME_H 1
| #define HAVE_DIRENT_H 1
| #define HAVE_NET_IF_H 1
| /* end confdefs.h.  */
| 
| #ifdef HAVE_ASM_TYPES_H
| #include <asm/types.h>
| #endif
| #ifdef HAVE_SYS_SOCKET_H
| #include <sys/socket.h>
| #endif
| 
| 
| #include <linux/qrtr.h>
configure:11224: result: no
configure:11240: checking for linux/vm_sockets.h
configure:11240: cc -c -mabi=purecap -I/usr/local/include -I/usr/include conftest.c >&5
conftest.c:96:10: fatal error: 'linux/vm_sockets.h' file not found
#include <linux/vm_sockets.h>
         ^~~~~~~~~~~~~~~~~~~~
1 error generated.
configure:11240: $? = 1
configure: failed program was:
| /* confdefs.h */
| #define _NETBSD_SOURCE 1
| #define __BSD_VISIBLE 1
| #define _DARWIN_C_SOURCE 1
| #define _PYTHONFRAMEWORK ""
| #define _XOPEN_SOURCE 700
| #define _XOPEN_SOURCE_EXTENDED 1
| #define _POSIX_C_SOURCE 200809L
| #define HAVE_STDIO_H 1
| #define HAVE_STDLIB_H 1
| #define HAVE_STRING_H 1
| #define HAVE_INTTYPES_H 1
| #define HAVE_STDINT_H 1
| #define HAVE_STRINGS_H 1
| #define HAVE_SYS_STAT_H 1
| #define HAVE_SYS_TYPES_H 1
| #define HAVE_UNISTD_H 1
| #define HAVE_WCHAR_H 1
| #define STDC_HEADERS 1
| #define _ALL_SOURCE 1
| #define _DARWIN_C_SOURCE 1
| #define _GNU_SOURCE 1
| #define _HPUX_ALT_XOPEN_SOCKET_API 1
| #define _NETBSD_SOURCE 1
| #define _OPENBSD_SOURCE 1
| #define _POSIX_PTHREAD_SEMANTICS 1
| #define __STDC_WANT_IEC_60559_ATTRIBS_EXT__ 1
| #define __STDC_WANT_IEC_60559_BFP_EXT__ 1
| #define __STDC_WANT_IEC_60559_DFP_EXT__ 1
| #define __STDC_WANT_IEC_60559_FUNCS_EXT__ 1
| #define __STDC_WANT_IEC_60559_TYPES_EXT__ 1
| #define __STDC_WANT_LIB_EXT2__ 1
| #define __STDC_WANT_MATH_SPEC_FUNCS__ 1
| #define _TANDEM_SOURCE 1
| #define __EXTENSIONS__ 1
| #define PY_SUPPORT_TIER 0
| #define Py_DEBUG 1
| #define STDC_HEADERS 1
| #define HAVE_BLUETOOTH_H 1
| #define HAVE_DLFCN_H 1
| #define HAVE_ENDIAN_H 1
| #define HAVE_ERRNO_H 1
| #define HAVE_FCNTL_H 1
| #define HAVE_GRP_H 1
| #define HAVE_IEEEFP_H 1
| #define HAVE_LANGINFO_H 1
| #define HAVE_LIBINTL_H 1
| #define HAVE_LIBUTIL_H 1
| #define HAVE_SYS_AUXV_H 1
| #define HAVE_NETDB_H 1
| #define HAVE_NET_ETHERNET_H 1
| #define HAVE_NETINET_IN_H 1
| #define HAVE_POLL_H 1
| #define HAVE_PTHREAD_H 1
| #define HAVE_SCHED_H 1
| #define HAVE_SETJMP_H 1
| #define HAVE_SIGNAL_H 1
| #define HAVE_SPAWN_H 1
| #define HAVE_SYS_ENDIAN_H 1
| #define HAVE_SYS_EVENT_H 1
| #define HAVE_SYS_EVENTFD_H 1
| #define HAVE_SYS_FILE_H 1
| #define HAVE_SYS_IOCTL_H 1
| #define HAVE_SYS_LOCK_H 1
| #define HAVE_SYS_MMAN_H 1
| #define HAVE_SYS_PARAM_H 1
| #define HAVE_SYS_POLL_H 1
| #define HAVE_SYS_RANDOM_H 1
| #define HAVE_SYS_RESOURCE_H 1
| #define HAVE_SYS_SELECT_H 1
| #define HAVE_SYS_SOCKET_H 1
| #define HAVE_SYS_SOUNDCARD_H 1
| #define HAVE_SYS_STAT_H 1
| #define HAVE_SYS_STATVFS_H 1
| #define HAVE_SYS_SYSCALL_H 1
| #define HAVE_SYS_TIME_H 1
| #define HAVE_SYS_TIMES_H 1
| #define HAVE_SYS_TYPES_H 1
| #define HAVE_SYS_UIO_H 1
| #define HAVE_SYS_UN_H 1
| #define HAVE_SYS_UTSNAME_H 1
| #define HAVE_SYS_WAIT_H 1
| #define HAVE_SYSEXITS_H 1
| #define HAVE_SYSLOG_H 1
| #define HAVE_TERMIOS_H 1
| #define HAVE_UTIME_H 1
| #define HAVE_DIRENT_H 1
| #define HAVE_NET_IF_H 1
| /* end confdefs.h.  */
| 
| #ifdef HAVE_SYS_SOCKET_H
| #include <sys/socket.h>
| #endif
| 
| 
| #include <linux/vm_sockets.h>
configure:11240: result: no
configure:11255: checking for linux/can.h
configure:11255: cc -c -mabi=purecap -I/usr/local/include -I/usr/include conftest.c >&5
conftest.c:96:10: fatal error: 'linux/can.h' file not found
#include <linux/can.h>
         ^~~~~~~~~~~~~
1 error generated.
configure:11255: $? = 1
configure: failed program was:
| /* confdefs.h */
| #define _NETBSD_SOURCE 1
| #define __BSD_VISIBLE 1
| #define _DARWIN_C_SOURCE 1
| #define _PYTHONFRAMEWORK ""
| #define _XOPEN_SOURCE 700
| #define _XOPEN_SOURCE_EXTENDED 1
| #define _POSIX_C_SOURCE 200809L
| #define HAVE_STDIO_H 1
| #define HAVE_STDLIB_H 1
| #define HAVE_STRING_H 1
| #define HAVE_INTTYPES_H 1
| #define HAVE_STDINT_H 1
| #define HAVE_STRINGS_H 1
| #define HAVE_SYS_STAT_H 1
| #define HAVE_SYS_TYPES_H 1
| #define HAVE_UNISTD_H 1
| #define HAVE_WCHAR_H 1
| #define STDC_HEADERS 1
| #define _ALL_SOURCE 1
| #define _DARWIN_C_SOURCE 1
| #define _GNU_SOURCE 1
| #define _HPUX_ALT_XOPEN_SOCKET_API 1
| #define _NETBSD_SOURCE 1
| #define _OPENBSD_SOURCE 1
| #define _POSIX_PTHREAD_SEMANTICS 1
| #define __STDC_WANT_IEC_60559_ATTRIBS_EXT__ 1
| #define __STDC_WANT_IEC_60559_BFP_EXT__ 1
| #define __STDC_WANT_IEC_60559_DFP_EXT__ 1
| #define __STDC_WANT_IEC_60559_FUNCS_EXT__ 1
| #define __STDC_WANT_IEC_60559_TYPES_EXT__ 1
| #define __STDC_WANT_LIB_EXT2__ 1
| #define __STDC_WANT_MATH_SPEC_FUNCS__ 1
| #define _TANDEM_SOURCE 1
| #define __EXTENSIONS__ 1
| #define PY_SUPPORT_TIER 0
| #define Py_DEBUG 1
| #define STDC_HEADERS 1
| #define HAVE_BLUETOOTH_H 1
| #define HAVE_DLFCN_H 1
| #define HAVE_ENDIAN_H 1
| #define HAVE_ERRNO_H 1
| #define HAVE_FCNTL_H 1
| #define HAVE_GRP_H 1
| #define HAVE_IEEEFP_H 1
| #define HAVE_LANGINFO_H 1
| #define HAVE_LIBINTL_H 1
| #define HAVE_LIBUTIL_H 1
| #define HAVE_SYS_AUXV_H 1
| #define HAVE_NETDB_H 1
| #define HAVE_NET_ETHERNET_H 1
| #define HAVE_NETINET_IN_H 1
| #define HAVE_POLL_H 1
| #define HAVE_PTHREAD_H 1
| #define HAVE_SCHED_H 1
| #define HAVE_SETJMP_H 1
| #define HAVE_SIGNAL_H 1
| #define HAVE_SPAWN_H 1
| #define HAVE_SYS_ENDIAN_H 1
| #define HAVE_SYS_EVENT_H 1
| #define HAVE_SYS_EVENTFD_H 1
| #define HAVE_SYS_FILE_H 1
| #define HAVE_SYS_IOCTL_H 1
| #define HAVE_SYS_LOCK_H 1
| #define HAVE_SYS_MMAN_H 1
| #define HAVE_SYS_PARAM_H 1
| #define HAVE_SYS_POLL_H 1
| #define HAVE_SYS_RANDOM_H 1
| #define HAVE_SYS_RESOURCE_H 1
| #define HAVE_SYS_SELECT_H 1
| #define HAVE_SYS_SOCKET_H 1
| #define HAVE_SYS_SOUNDCARD_H 1
| #define HAVE_SYS_STAT_H 1
| #define HAVE_SYS_STATVFS_H 1
| #define HAVE_SYS_SYSCALL_H 1
| #define HAVE_SYS_TIME_H 1
| #define HAVE_SYS_TIMES_H 1
| #define HAVE_SYS_TYPES_H 1
| #define HAVE_SYS_UIO_H 1
| #define HAVE_SYS_UN_H 1
| #define HAVE_SYS_UTSNAME_H 1
| #define HAVE_SYS_WAIT_H 1
| #define HAVE_SYSEXITS_H 1
| #define HAVE_SYSLOG_H 1
| #define HAVE_TERMIOS_H 1
| #define HAVE_UTIME_H 1
| #define HAVE_DIRENT_H 1
| #define HAVE_NET_IF_H 1
| /* end confdefs.h.  */
| 
| #ifdef HAVE_SYS_SOCKET_H
| #include <sys/socket.h>
| #endif
| 
| 
| #include <linux/can.h>
configure:11255: result: no
configure:11266: checking for linux/can/bcm.h
configure:11266: cc -c -mabi=purecap -I/usr/local/include -I/usr/include conftest.c >&5
conftest.c:96:10: fatal error: 'linux/can/bcm.h' file not found
#include <linux/can/bcm.h>
         ^~~~~~~~~~~~~~~~~
1 error generated.
configure:11266: $? = 1
configure: failed program was:
| /* confdefs.h */
| #define _NETBSD_SOURCE 1
| #define __BSD_VISIBLE 1
| #define _DARWIN_C_SOURCE 1
| #define _PYTHONFRAMEWORK ""
| #define _XOPEN_SOURCE 700
| #define _XOPEN_SOURCE_EXTENDED 1
| #define _POSIX_C_SOURCE 200809L
| #define HAVE_STDIO_H 1
| #define HAVE_STDLIB_H 1
| #define HAVE_STRING_H 1
| #define HAVE_INTTYPES_H 1
| #define HAVE_STDINT_H 1
| #define HAVE_STRINGS_H 1
| #define HAVE_SYS_STAT_H 1
| #define HAVE_SYS_TYPES_H 1
| #define HAVE_UNISTD_H 1
| #define HAVE_WCHAR_H 1
| #define STDC_HEADERS 1
| #define _ALL_SOURCE 1
| #define _DARWIN_C_SOURCE 1
| #define _GNU_SOURCE 1
| #define _HPUX_ALT_XOPEN_SOCKET_API 1
| #define _NETBSD_SOURCE 1
| #define _OPENBSD_SOURCE 1
| #define _POSIX_PTHREAD_SEMANTICS 1
| #define __STDC_WANT_IEC_60559_ATTRIBS_EXT__ 1
| #define __STDC_WANT_IEC_60559_BFP_EXT__ 1
| #define __STDC_WANT_IEC_60559_DFP_EXT__ 1
| #define __STDC_WANT_IEC_60559_FUNCS_EXT__ 1
| #define __STDC_WANT_IEC_60559_TYPES_EXT__ 1
| #define __STDC_WANT_LIB_EXT2__ 1
| #define __STDC_WANT_MATH_SPEC_FUNCS__ 1
| #define _TANDEM_SOURCE 1
| #define __EXTENSIONS__ 1
| #define PY_SUPPORT_TIER 0
| #define Py_DEBUG 1
| #define STDC_HEADERS 1
| #define HAVE_BLUETOOTH_H 1
| #define HAVE_DLFCN_H 1
| #define HAVE_ENDIAN_H 1
| #define HAVE_ERRNO_H 1
| #define HAVE_FCNTL_H 1
| #define HAVE_GRP_H 1
| #define HAVE_IEEEFP_H 1
| #define HAVE_LANGINFO_H 1
| #define HAVE_LIBINTL_H 1
| #define HAVE_LIBUTIL_H 1
| #define HAVE_SYS_AUXV_H 1
| #define HAVE_NETDB_H 1
| #define HAVE_NET_ETHERNET_H 1
| #define HAVE_NETINET_IN_H 1
| #define HAVE_POLL_H 1
| #define HAVE_PTHREAD_H 1
| #define HAVE_SCHED_H 1
| #define HAVE_SETJMP_H 1
| #define HAVE_SIGNAL_H 1
| #define HAVE_SPAWN_H 1
| #define HAVE_SYS_ENDIAN_H 1
| #define HAVE_SYS_EVENT_H 1
| #define HAVE_SYS_EVENTFD_H 1
| #define HAVE_SYS_FILE_H 1
| #define HAVE_SYS_IOCTL_H 1
| #define HAVE_SYS_LOCK_H 1
| #define HAVE_SYS_MMAN_H 1
| #define HAVE_SYS_PARAM_H 1
| #define HAVE_SYS_POLL_H 1
| #define HAVE_SYS_RANDOM_H 1
| #define HAVE_SYS_RESOURCE_H 1
| #define HAVE_SYS_SELECT_H 1
| #define HAVE_SYS_SOCKET_H 1
| #define HAVE_SYS_SOUNDCARD_H 1
| #define HAVE_SYS_STAT_H 1
| #define HAVE_SYS_STATVFS_H 1
| #define HAVE_SYS_SYSCALL_H 1
| #define HAVE_SYS_TIME_H 1
| #define HAVE_SYS_TIMES_H 1
| #define HAVE_SYS_TYPES_H 1
| #define HAVE_SYS_UIO_H 1
| #define HAVE_SYS_UN_H 1
| #define HAVE_SYS_UTSNAME_H 1
| #define HAVE_SYS_WAIT_H 1
| #define HAVE_SYSEXITS_H 1
| #define HAVE_SYSLOG_H 1
| #define HAVE_TERMIOS_H 1
| #define HAVE_UTIME_H 1
| #define HAVE_DIRENT_H 1
| #define HAVE_NET_IF_H 1
| /* end confdefs.h.  */
| 
| #ifdef HAVE_SYS_SOCKET_H
| #include <sys/socket.h>
| #endif
| 
| 
| #include <linux/can/bcm.h>
configure:11266: result: no
configure:11277: checking for linux/can/j1939.h
configure:11277: cc -c -mabi=purecap -I/usr/local/include -I/usr/include conftest.c >&5
conftest.c:96:10: fatal error: 'linux/can/j1939.h' file not found
#include <linux/can/j1939.h>
         ^~~~~~~~~~~~~~~~~~~
1 error generated.
configure:11277: $? = 1
configure: failed program was:
| /* confdefs.h */
| #define _NETBSD_SOURCE 1
| #define __BSD_VISIBLE 1
| #define _DARWIN_C_SOURCE 1
| #define _PYTHONFRAMEWORK ""
| #define _XOPEN_SOURCE 700
| #define _XOPEN_SOURCE_EXTENDED 1
| #define _POSIX_C_SOURCE 200809L
| #define HAVE_STDIO_H 1
| #define HAVE_STDLIB_H 1
| #define HAVE_STRING_H 1
| #define HAVE_INTTYPES_H 1
| #define HAVE_STDINT_H 1
| #define HAVE_STRINGS_H 1
| #define HAVE_SYS_STAT_H 1
| #define HAVE_SYS_TYPES_H 1
| #define HAVE_UNISTD_H 1
| #define HAVE_WCHAR_H 1
| #define STDC_HEADERS 1
| #define _ALL_SOURCE 1
| #define _DARWIN_C_SOURCE 1
| #define _GNU_SOURCE 1
| #define _HPUX_ALT_XOPEN_SOCKET_API 1
| #define _NETBSD_SOURCE 1
| #define _OPENBSD_SOURCE 1
| #define _POSIX_PTHREAD_SEMANTICS 1
| #define __STDC_WANT_IEC_60559_ATTRIBS_EXT__ 1
| #define __STDC_WANT_IEC_60559_BFP_EXT__ 1
| #define __STDC_WANT_IEC_60559_DFP_EXT__ 1
| #define __STDC_WANT_IEC_60559_FUNCS_EXT__ 1
| #define __STDC_WANT_IEC_60559_TYPES_EXT__ 1
| #define __STDC_WANT_LIB_EXT2__ 1
| #define __STDC_WANT_MATH_SPEC_FUNCS__ 1
| #define _TANDEM_SOURCE 1
| #define __EXTENSIONS__ 1
| #define PY_SUPPORT_TIER 0
| #define Py_DEBUG 1
| #define STDC_HEADERS 1
| #define HAVE_BLUETOOTH_H 1
| #define HAVE_DLFCN_H 1
| #define HAVE_ENDIAN_H 1
| #define HAVE_ERRNO_H 1
| #define HAVE_FCNTL_H 1
| #define HAVE_GRP_H 1
| #define HAVE_IEEEFP_H 1
| #define HAVE_LANGINFO_H 1
| #define HAVE_LIBINTL_H 1
| #define HAVE_LIBUTIL_H 1
| #define HAVE_SYS_AUXV_H 1
| #define HAVE_NETDB_H 1
| #define HAVE_NET_ETHERNET_H 1
| #define HAVE_NETINET_IN_H 1
| #define HAVE_POLL_H 1
| #define HAVE_PTHREAD_H 1
| #define HAVE_SCHED_H 1
| #define HAVE_SETJMP_H 1
| #define HAVE_SIGNAL_H 1
| #define HAVE_SPAWN_H 1
| #define HAVE_SYS_ENDIAN_H 1
| #define HAVE_SYS_EVENT_H 1
| #define HAVE_SYS_EVENTFD_H 1
| #define HAVE_SYS_FILE_H 1
| #define HAVE_SYS_IOCTL_H 1
| #define HAVE_SYS_LOCK_H 1
| #define HAVE_SYS_MMAN_H 1
| #define HAVE_SYS_PARAM_H 1
| #define HAVE_SYS_POLL_H 1
| #define HAVE_SYS_RANDOM_H 1
| #define HAVE_SYS_RESOURCE_H 1
| #define HAVE_SYS_SELECT_H 1
| #define HAVE_SYS_SOCKET_H 1
| #define HAVE_SYS_SOUNDCARD_H 1
| #define HAVE_SYS_STAT_H 1
| #define HAVE_SYS_STATVFS_H 1
| #define HAVE_SYS_SYSCALL_H 1
| #define HAVE_SYS_TIME_H 1
| #define HAVE_SYS_TIMES_H 1
| #define HAVE_SYS_TYPES_H 1
| #define HAVE_SYS_UIO_H 1
| #define HAVE_SYS_UN_H 1
| #define HAVE_SYS_UTSNAME_H 1
| #define HAVE_SYS_WAIT_H 1
| #define HAVE_SYSEXITS_H 1
| #define HAVE_SYSLOG_H 1
| #define HAVE_TERMIOS_H 1
| #define HAVE_UTIME_H 1
| #define HAVE_DIRENT_H 1
| #define HAVE_NET_IF_H 1
| /* end confdefs.h.  */
| 
| #ifdef HAVE_SYS_SOCKET_H
| #include <sys/socket.h>
| #endif
| 
| 
| #include <linux/can/j1939.h>
configure:11277: result: no
configure:11288: checking for linux/can/raw.h
configure:11288: cc -c -mabi=purecap -I/usr/local/include -I/usr/include conftest.c >&5
conftest.c:96:10: fatal error: 'linux/can/raw.h' file not found
#include <linux/can/raw.h>
         ^~~~~~~~~~~~~~~~~
1 error generated.
configure:11288: $? = 1
configure: failed program was:
| /* confdefs.h */
| #define _NETBSD_SOURCE 1
| #define __BSD_VISIBLE 1
| #define _DARWIN_C_SOURCE 1
| #define _PYTHONFRAMEWORK ""
| #define _XOPEN_SOURCE 700
| #define _XOPEN_SOURCE_EXTENDED 1
| #define _POSIX_C_SOURCE 200809L
| #define HAVE_STDIO_H 1
| #define HAVE_STDLIB_H 1
| #define HAVE_STRING_H 1
| #define HAVE_INTTYPES_H 1
| #define HAVE_STDINT_H 1
| #define HAVE_STRINGS_H 1
| #define HAVE_SYS_STAT_H 1
| #define HAVE_SYS_TYPES_H 1
| #define HAVE_UNISTD_H 1
| #define HAVE_WCHAR_H 1
| #define STDC_HEADERS 1
| #define _ALL_SOURCE 1
| #define _DARWIN_C_SOURCE 1
| #define _GNU_SOURCE 1
| #define _HPUX_ALT_XOPEN_SOCKET_API 1
| #define _NETBSD_SOURCE 1
| #define _OPENBSD_SOURCE 1
| #define _POSIX_PTHREAD_SEMANTICS 1
| #define __STDC_WANT_IEC_60559_ATTRIBS_EXT__ 1
| #define __STDC_WANT_IEC_60559_BFP_EXT__ 1
| #define __STDC_WANT_IEC_60559_DFP_EXT__ 1
| #define __STDC_WANT_IEC_60559_FUNCS_EXT__ 1
| #define __STDC_WANT_IEC_60559_TYPES_EXT__ 1
| #define __STDC_WANT_LIB_EXT2__ 1
| #define __STDC_WANT_MATH_SPEC_FUNCS__ 1
| #define _TANDEM_SOURCE 1
| #define __EXTENSIONS__ 1
| #define PY_SUPPORT_TIER 0
| #define Py_DEBUG 1
| #define STDC_HEADERS 1
| #define HAVE_BLUETOOTH_H 1
| #define HAVE_DLFCN_H 1
| #define HAVE_ENDIAN_H 1
| #define HAVE_ERRNO_H 1
| #define HAVE_FCNTL_H 1
| #define HAVE_GRP_H 1
| #define HAVE_IEEEFP_H 1
| #define HAVE_LANGINFO_H 1
| #define HAVE_LIBINTL_H 1
| #define HAVE_LIBUTIL_H 1
| #define HAVE_SYS_AUXV_H 1
| #define HAVE_NETDB_H 1
| #define HAVE_NET_ETHERNET_H 1
| #define HAVE_NETINET_IN_H 1
| #define HAVE_POLL_H 1
| #define HAVE_PTHREAD_H 1
| #define HAVE_SCHED_H 1
| #define HAVE_SETJMP_H 1
| #define HAVE_SIGNAL_H 1
| #define HAVE_SPAWN_H 1
| #define HAVE_SYS_ENDIAN_H 1
| #define HAVE_SYS_EVENT_H 1
| #define HAVE_SYS_EVENTFD_H 1
| #define HAVE_SYS_FILE_H 1
| #define HAVE_SYS_IOCTL_H 1
| #define HAVE_SYS_LOCK_H 1
| #define HAVE_SYS_MMAN_H 1
| #define HAVE_SYS_PARAM_H 1
| #define HAVE_SYS_POLL_H 1
| #define HAVE_SYS_RANDOM_H 1
| #define HAVE_SYS_RESOURCE_H 1
| #define HAVE_SYS_SELECT_H 1
| #define HAVE_SYS_SOCKET_H 1
| #define HAVE_SYS_SOUNDCARD_H 1
| #define HAVE_SYS_STAT_H 1
| #define HAVE_SYS_STATVFS_H 1
| #define HAVE_SYS_SYSCALL_H 1
| #define HAVE_SYS_TIME_H 1
| #define HAVE_SYS_TIMES_H 1
| #define HAVE_SYS_TYPES_H 1
| #define HAVE_SYS_UIO_H 1
| #define HAVE_SYS_UN_H 1
| #define HAVE_SYS_UTSNAME_H 1
| #define HAVE_SYS_WAIT_H 1
| #define HAVE_SYSEXITS_H 1
| #define HAVE_SYSLOG_H 1
| #define HAVE_TERMIOS_H 1
| #define HAVE_UTIME_H 1
| #define HAVE_DIRENT_H 1
| #define HAVE_NET_IF_H 1
| /* end confdefs.h.  */
| 
| #ifdef HAVE_SYS_SOCKET_H
| #include <sys/socket.h>
| #endif
| 
| 
| #include <linux/can/raw.h>
configure:11288: result: no
configure:11299: checking for netcan/can.h
configure:11299: cc -c -mabi=purecap -I/usr/local/include -I/usr/include conftest.c >&5
conftest.c:96:10: fatal error: 'netcan/can.h' file not found
#include <netcan/can.h>
         ^~~~~~~~~~~~~~
1 error generated.
configure:11299: $? = 1
configure: failed program was:
| /* confdefs.h */
| #define _NETBSD_SOURCE 1
| #define __BSD_VISIBLE 1
| #define _DARWIN_C_SOURCE 1
| #define _PYTHONFRAMEWORK ""
| #define _XOPEN_SOURCE 700
| #define _XOPEN_SOURCE_EXTENDED 1
| #define _POSIX_C_SOURCE 200809L
| #define HAVE_STDIO_H 1
| #define HAVE_STDLIB_H 1
| #define HAVE_STRING_H 1
| #define HAVE_INTTYPES_H 1
| #define HAVE_STDINT_H 1
| #define HAVE_STRINGS_H 1
| #define HAVE_SYS_STAT_H 1
| #define HAVE_SYS_TYPES_H 1
| #define HAVE_UNISTD_H 1
| #define HAVE_WCHAR_H 1
| #define STDC_HEADERS 1
| #define _ALL_SOURCE 1
| #define _DARWIN_C_SOURCE 1
| #define _GNU_SOURCE 1
| #define _HPUX_ALT_XOPEN_SOCKET_API 1
| #define _NETBSD_SOURCE 1
| #define _OPENBSD_SOURCE 1
| #define _POSIX_PTHREAD_SEMANTICS 1
| #define __STDC_WANT_IEC_60559_ATTRIBS_EXT__ 1
| #define __STDC_WANT_IEC_60559_BFP_EXT__ 1
| #define __STDC_WANT_IEC_60559_DFP_EXT__ 1
| #define __STDC_WANT_IEC_60559_FUNCS_EXT__ 1
| #define __STDC_WANT_IEC_60559_TYPES_EXT__ 1
| #define __STDC_WANT_LIB_EXT2__ 1
| #define __STDC_WANT_MATH_SPEC_FUNCS__ 1
| #define _TANDEM_SOURCE 1
| #define __EXTENSIONS__ 1
| #define PY_SUPPORT_TIER 0
| #define Py_DEBUG 1
| #define STDC_HEADERS 1
| #define HAVE_BLUETOOTH_H 1
| #define HAVE_DLFCN_H 1
| #define HAVE_ENDIAN_H 1
| #define HAVE_ERRNO_H 1
| #define HAVE_FCNTL_H 1
| #define HAVE_GRP_H 1
| #define HAVE_IEEEFP_H 1
| #define HAVE_LANGINFO_H 1
| #define HAVE_LIBINTL_H 1
| #define HAVE_LIBUTIL_H 1
| #define HAVE_SYS_AUXV_H 1
| #define HAVE_NETDB_H 1
| #define HAVE_NET_ETHERNET_H 1
| #define HAVE_NETINET_IN_H 1
| #define HAVE_POLL_H 1
| #define HAVE_PTHREAD_H 1
| #define HAVE_SCHED_H 1
| #define HAVE_SETJMP_H 1
| #define HAVE_SIGNAL_H 1
| #define HAVE_SPAWN_H 1
| #define HAVE_SYS_ENDIAN_H 1
| #define HAVE_SYS_EVENT_H 1
| #define HAVE_SYS_EVENTFD_H 1
| #define HAVE_SYS_FILE_H 1
| #define HAVE_SYS_IOCTL_H 1
| #define HAVE_SYS_LOCK_H 1
| #define HAVE_SYS_MMAN_H 1
| #define HAVE_SYS_PARAM_H 1
| #define HAVE_SYS_POLL_H 1
| #define HAVE_SYS_RANDOM_H 1
| #define HAVE_SYS_RESOURCE_H 1
| #define HAVE_SYS_SELECT_H 1
| #define HAVE_SYS_SOCKET_H 1
| #define HAVE_SYS_SOUNDCARD_H 1
| #define HAVE_SYS_STAT_H 1
| #define HAVE_SYS_STATVFS_H 1
| #define HAVE_SYS_SYSCALL_H 1
| #define HAVE_SYS_TIME_H 1
| #define HAVE_SYS_TIMES_H 1
| #define HAVE_SYS_TYPES_H 1
| #define HAVE_SYS_UIO_H 1
| #define HAVE_SYS_UN_H 1
| #define HAVE_SYS_UTSNAME_H 1
| #define HAVE_SYS_WAIT_H 1
| #define HAVE_SYSEXITS_H 1
| #define HAVE_SYSLOG_H 1
| #define HAVE_TERMIOS_H 1
| #define HAVE_UTIME_H 1
| #define HAVE_DIRENT_H 1
| #define HAVE_NET_IF_H 1
| /* end confdefs.h.  */
| 
| #ifdef HAVE_SYS_SOCKET_H
| #include <sys/socket.h>
| #endif
| 
| 
| #include <netcan/can.h>
configure:11299: result: no
configure:11314: checking for clock_t in time.h
configure:11337: result: yes
configure:11348: checking for makedev
configure:11376: cc -o conftest -mabi=purecap -I/usr/local/include -I/usr/include -mabi=purecap -L/usr/local/lib -L/usr/lib -lmd -lcheri_caprevoke conftest.c  >&5
configure:11376: $? = 0
configure:11386: result: yes
configure:11399: checking for le64toh
configure:11425: cc -o conftest -mabi=purecap -I/usr/local/include -I/usr/include -mabi=purecap -L/usr/local/lib -L/usr/lib -lmd -lcheri_caprevoke conftest.c  >&5
conftest.c:102:4: error: use of undeclared identifier 'uint64_t'
   le64toh(1)
   ^
/usr/include/sys/_endian.h:116:22: note: expanded from macro 'le64toh'
#define le64toh(x)      ((uint64_t)(x))
                          ^
1 error generated.
configure:11425: $? = 1
configure: failed program was:
| /* confdefs.h */
| #define _NETBSD_SOURCE 1
| #define __BSD_VISIBLE 1
| #define _DARWIN_C_SOURCE 1
| #define _PYTHONFRAMEWORK ""
| #define _XOPEN_SOURCE 700
| #define _XOPEN_SOURCE_EXTENDED 1
| #define _POSIX_C_SOURCE 200809L
| #define HAVE_STDIO_H 1
| #define HAVE_STDLIB_H 1
| #define HAVE_STRING_H 1
| #define HAVE_INTTYPES_H 1
| #define HAVE_STDINT_H 1
| #define HAVE_STRINGS_H 1
| #define HAVE_SYS_STAT_H 1
| #define HAVE_SYS_TYPES_H 1
| #define HAVE_UNISTD_H 1
| #define HAVE_WCHAR_H 1
| #define STDC_HEADERS 1
| #define _ALL_SOURCE 1
| #define _DARWIN_C_SOURCE 1
| #define _GNU_SOURCE 1
| #define _HPUX_ALT_XOPEN_SOCKET_API 1
| #define _NETBSD_SOURCE 1
| #define _OPENBSD_SOURCE 1
| #define _POSIX_PTHREAD_SEMANTICS 1
| #define __STDC_WANT_IEC_60559_ATTRIBS_EXT__ 1
| #define __STDC_WANT_IEC_60559_BFP_EXT__ 1
| #define __STDC_WANT_IEC_60559_DFP_EXT__ 1
| #define __STDC_WANT_IEC_60559_FUNCS_EXT__ 1
| #define __STDC_WANT_IEC_60559_TYPES_EXT__ 1
| #define __STDC_WANT_LIB_EXT2__ 1
| #define __STDC_WANT_MATH_SPEC_FUNCS__ 1
| #define _TANDEM_SOURCE 1
| #define __EXTENSIONS__ 1
| #define PY_SUPPORT_TIER 0
| #define Py_DEBUG 1
| #define STDC_HEADERS 1
| #define HAVE_BLUETOOTH_H 1
| #define HAVE_DLFCN_H 1
| #define HAVE_ENDIAN_H 1
| #define HAVE_ERRNO_H 1
| #define HAVE_FCNTL_H 1
| #define HAVE_GRP_H 1
| #define HAVE_IEEEFP_H 1
| #define HAVE_LANGINFO_H 1
| #define HAVE_LIBINTL_H 1
| #define HAVE_LIBUTIL_H 1
| #define HAVE_SYS_AUXV_H 1
| #define HAVE_NETDB_H 1
| #define HAVE_NET_ETHERNET_H 1
| #define HAVE_NETINET_IN_H 1
| #define HAVE_POLL_H 1
| #define HAVE_PTHREAD_H 1
| #define HAVE_SCHED_H 1
| #define HAVE_SETJMP_H 1
| #define HAVE_SIGNAL_H 1
| #define HAVE_SPAWN_H 1
| #define HAVE_SYS_ENDIAN_H 1
| #define HAVE_SYS_EVENT_H 1
| #define HAVE_SYS_EVENTFD_H 1
| #define HAVE_SYS_FILE_H 1
| #define HAVE_SYS_IOCTL_H 1
| #define HAVE_SYS_LOCK_H 1
| #define HAVE_SYS_MMAN_H 1
| #define HAVE_SYS_PARAM_H 1
| #define HAVE_SYS_POLL_H 1
| #define HAVE_SYS_RANDOM_H 1
| #define HAVE_SYS_RESOURCE_H 1
| #define HAVE_SYS_SELECT_H 1
| #define HAVE_SYS_SOCKET_H 1
| #define HAVE_SYS_SOUNDCARD_H 1
| #define HAVE_SYS_STAT_H 1
| #define HAVE_SYS_STATVFS_H 1
| #define HAVE_SYS_SYSCALL_H 1
| #define HAVE_SYS_TIME_H 1
| #define HAVE_SYS_TIMES_H 1
| #define HAVE_SYS_TYPES_H 1
| #define HAVE_SYS_UIO_H 1
| #define HAVE_SYS_UN_H 1
| #define HAVE_SYS_UTSNAME_H 1
| #define HAVE_SYS_WAIT_H 1
| #define HAVE_SYSEXITS_H 1
| #define HAVE_SYSLOG_H 1
| #define HAVE_TERMIOS_H 1
| #define HAVE_UTIME_H 1
| #define HAVE_DIRENT_H 1
| #define HAVE_NET_IF_H 1
| #define HAVE_MAKEDEV 1
| /* end confdefs.h.  */
| 
| #ifdef HAVE_ENDIAN_H
| #include <endian.h>
| #elif defined(HAVE_SYS_ENDIAN_H)
| #include <sys/endian.h>
| #endif
| 
| int
| main (void)
| {
| 
|    le64toh(1)
|   ;
|   return 0;
| }
| 
configure:11435: result: no
configure:11479: checking for mode_t
configure:11479: cc -c -mabi=purecap -I/usr/local/include -I/usr/include conftest.c >&5
configure:11479: $? = 0
configure:11479: cc -c -mabi=purecap -I/usr/local/include -I/usr/include conftest.c >&5
conftest.c:127:21: error: expected expression
if (sizeof ((mode_t)))
                    ^
1 error generated.
configure:11479: $? = 1
configure: failed program was:
| /* confdefs.h */
| #define _NETBSD_SOURCE 1
| #define __BSD_VISIBLE 1
| #define _DARWIN_C_SOURCE 1
| #define _PYTHONFRAMEWORK ""
| #define _XOPEN_SOURCE 700
| #define _XOPEN_SOURCE_EXTENDED 1
| #define _POSIX_C_SOURCE 200809L
| #define HAVE_STDIO_H 1
| #define HAVE_STDLIB_H 1
| #define HAVE_STRING_H 1
| #define HAVE_INTTYPES_H 1
| #define HAVE_STDINT_H 1
| #define HAVE_STRINGS_H 1
| #define HAVE_SYS_STAT_H 1
| #define HAVE_SYS_TYPES_H 1
| #define HAVE_UNISTD_H 1
| #define HAVE_WCHAR_H 1
| #define STDC_HEADERS 1
| #define _ALL_SOURCE 1
| #define _DARWIN_C_SOURCE 1
| #define _GNU_SOURCE 1
| #define _HPUX_ALT_XOPEN_SOCKET_API 1
| #define _NETBSD_SOURCE 1
| #define _OPENBSD_SOURCE 1
| #define _POSIX_PTHREAD_SEMANTICS 1
| #define __STDC_WANT_IEC_60559_ATTRIBS_EXT__ 1
| #define __STDC_WANT_IEC_60559_BFP_EXT__ 1
| #define __STDC_WANT_IEC_60559_DFP_EXT__ 1
| #define __STDC_WANT_IEC_60559_FUNCS_EXT__ 1
| #define __STDC_WANT_IEC_60559_TYPES_EXT__ 1
| #define __STDC_WANT_LIB_EXT2__ 1
| #define __STDC_WANT_MATH_SPEC_FUNCS__ 1
| #define _TANDEM_SOURCE 1
| #define __EXTENSIONS__ 1
| #define PY_SUPPORT_TIER 0
| #define Py_DEBUG 1
| #define STDC_HEADERS 1
| #define HAVE_BLUETOOTH_H 1
| #define HAVE_DLFCN_H 1
| #define HAVE_ENDIAN_H 1
| #define HAVE_ERRNO_H 1
| #define HAVE_FCNTL_H 1
| #define HAVE_GRP_H 1
| #define HAVE_IEEEFP_H 1
| #define HAVE_LANGINFO_H 1
| #define HAVE_LIBINTL_H 1
| #define HAVE_LIBUTIL_H 1
| #define HAVE_SYS_AUXV_H 1
| #define HAVE_NETDB_H 1
| #define HAVE_NET_ETHERNET_H 1
| #define HAVE_NETINET_IN_H 1
| #define HAVE_POLL_H 1
| #define HAVE_PTHREAD_H 1
| #define HAVE_SCHED_H 1
| #define HAVE_SETJMP_H 1
| #define HAVE_SIGNAL_H 1
| #define HAVE_SPAWN_H 1
| #define HAVE_SYS_ENDIAN_H 1
| #define HAVE_SYS_EVENT_H 1
| #define HAVE_SYS_EVENTFD_H 1
| #define HAVE_SYS_FILE_H 1
| #define HAVE_SYS_IOCTL_H 1
| #define HAVE_SYS_LOCK_H 1
| #define HAVE_SYS_MMAN_H 1
| #define HAVE_SYS_PARAM_H 1
| #define HAVE_SYS_POLL_H 1
| #define HAVE_SYS_RANDOM_H 1
| #define HAVE_SYS_RESOURCE_H 1
| #define HAVE_SYS_SELECT_H 1
| #define HAVE_SYS_SOCKET_H 1
| #define HAVE_SYS_SOUNDCARD_H 1
| #define HAVE_SYS_STAT_H 1
| #define HAVE_SYS_STATVFS_H 1
| #define HAVE_SYS_SYSCALL_H 1
| #define HAVE_SYS_TIME_H 1
| #define HAVE_SYS_TIMES_H 1
| #define HAVE_SYS_TYPES_H 1
| #define HAVE_SYS_UIO_H 1
| #define HAVE_SYS_UN_H 1
| #define HAVE_SYS_UTSNAME_H 1
| #define HAVE_SYS_WAIT_H 1
| #define HAVE_SYSEXITS_H 1
| #define HAVE_SYSLOG_H 1
| #define HAVE_TERMIOS_H 1
| #define HAVE_UTIME_H 1
| #define HAVE_DIRENT_H 1
| #define HAVE_NET_IF_H 1
| #define HAVE_MAKEDEV 1
| #define _LARGEFILE_SOURCE 1
| #define _FILE_OFFSET_BITS 64
| #if defined(SCO_DS)
| #undef _OFF_T
| #endif
| /* end confdefs.h.  */
| #include <stddef.h>
| #ifdef HAVE_STDIO_H
| # include <stdio.h>
| #endif
| #ifdef HAVE_STDLIB_H
| # include <stdlib.h>
| #endif
| #ifdef HAVE_STRING_H
| # include <string.h>
| #endif
| #ifdef HAVE_INTTYPES_H
| # include <inttypes.h>
| #endif
| #ifdef HAVE_STDINT_H
| # include <stdint.h>
| #endif
| #ifdef HAVE_STRINGS_H
| # include <strings.h>
| #endif
| #ifdef HAVE_SYS_TYPES_H
| # include <sys/types.h>
| #endif
| #ifdef HAVE_SYS_STAT_H
| # include <sys/stat.h>
| #endif
| #ifdef HAVE_UNISTD_H
| # include <unistd.h>
| #endif
| int
| main (void)
| {
| if (sizeof ((mode_t)))
| 	    return 0;
|   ;
|   return 0;
| }
configure:11479: result: yes
configure:11489: checking for off_t
configure:11489: cc -c -mabi=purecap -I/usr/local/include -I/usr/include conftest.c >&5
configure:11489: $? = 0
configure:11489: cc -c -mabi=purecap -I/usr/local/include -I/usr/include conftest.c >&5
conftest.c:127:20: error: expected expression
if (sizeof ((off_t)))
                   ^
1 error generated.
configure:11489: $? = 1
configure: failed program was:
| /* confdefs.h */
| #define _NETBSD_SOURCE 1
| #define __BSD_VISIBLE 1
| #define _DARWIN_C_SOURCE 1
| #define _PYTHONFRAMEWORK ""
| #define _XOPEN_SOURCE 700
| #define _XOPEN_SOURCE_EXTENDED 1
| #define _POSIX_C_SOURCE 200809L
| #define HAVE_STDIO_H 1
| #define HAVE_STDLIB_H 1
| #define HAVE_STRING_H 1
| #define HAVE_INTTYPES_H 1
| #define HAVE_STDINT_H 1
| #define HAVE_STRINGS_H 1
| #define HAVE_SYS_STAT_H 1
| #define HAVE_SYS_TYPES_H 1
| #define HAVE_UNISTD_H 1
| #define HAVE_WCHAR_H 1
| #define STDC_HEADERS 1
| #define _ALL_SOURCE 1
| #define _DARWIN_C_SOURCE 1
| #define _GNU_SOURCE 1
| #define _HPUX_ALT_XOPEN_SOCKET_API 1
| #define _NETBSD_SOURCE 1
| #define _OPENBSD_SOURCE 1
| #define _POSIX_PTHREAD_SEMANTICS 1
| #define __STDC_WANT_IEC_60559_ATTRIBS_EXT__ 1
| #define __STDC_WANT_IEC_60559_BFP_EXT__ 1
| #define __STDC_WANT_IEC_60559_DFP_EXT__ 1
| #define __STDC_WANT_IEC_60559_FUNCS_EXT__ 1
| #define __STDC_WANT_IEC_60559_TYPES_EXT__ 1
| #define __STDC_WANT_LIB_EXT2__ 1
| #define __STDC_WANT_MATH_SPEC_FUNCS__ 1
| #define _TANDEM_SOURCE 1
| #define __EXTENSIONS__ 1
| #define PY_SUPPORT_TIER 0
| #define Py_DEBUG 1
| #define STDC_HEADERS 1
| #define HAVE_BLUETOOTH_H 1
| #define HAVE_DLFCN_H 1
| #define HAVE_ENDIAN_H 1
| #define HAVE_ERRNO_H 1
| #define HAVE_FCNTL_H 1
| #define HAVE_GRP_H 1
| #define HAVE_IEEEFP_H 1
| #define HAVE_LANGINFO_H 1
| #define HAVE_LIBINTL_H 1
| #define HAVE_LIBUTIL_H 1
| #define HAVE_SYS_AUXV_H 1
| #define HAVE_NETDB_H 1
| #define HAVE_NET_ETHERNET_H 1
| #define HAVE_NETINET_IN_H 1
| #define HAVE_POLL_H 1
| #define HAVE_PTHREAD_H 1
| #define HAVE_SCHED_H 1
| #define HAVE_SETJMP_H 1
| #define HAVE_SIGNAL_H 1
| #define HAVE_SPAWN_H 1
| #define HAVE_SYS_ENDIAN_H 1
| #define HAVE_SYS_EVENT_H 1
| #define HAVE_SYS_EVENTFD_H 1
| #define HAVE_SYS_FILE_H 1
| #define HAVE_SYS_IOCTL_H 1
| #define HAVE_SYS_LOCK_H 1
| #define HAVE_SYS_MMAN_H 1
| #define HAVE_SYS_PARAM_H 1
| #define HAVE_SYS_POLL_H 1
| #define HAVE_SYS_RANDOM_H 1
| #define HAVE_SYS_RESOURCE_H 1
| #define HAVE_SYS_SELECT_H 1
| #define HAVE_SYS_SOCKET_H 1
| #define HAVE_SYS_SOUNDCARD_H 1
| #define HAVE_SYS_STAT_H 1
| #define HAVE_SYS_STATVFS_H 1
| #define HAVE_SYS_SYSCALL_H 1
| #define HAVE_SYS_TIME_H 1
| #define HAVE_SYS_TIMES_H 1
| #define HAVE_SYS_TYPES_H 1
| #define HAVE_SYS_UIO_H 1
| #define HAVE_SYS_UN_H 1
| #define HAVE_SYS_UTSNAME_H 1
| #define HAVE_SYS_WAIT_H 1
| #define HAVE_SYSEXITS_H 1
| #define HAVE_SYSLOG_H 1
| #define HAVE_TERMIOS_H 1
| #define HAVE_UTIME_H 1
| #define HAVE_DIRENT_H 1
| #define HAVE_NET_IF_H 1
| #define HAVE_MAKEDEV 1
| #define _LARGEFILE_SOURCE 1
| #define _FILE_OFFSET_BITS 64
| #if defined(SCO_DS)
| #undef _OFF_T
| #endif
| /* end confdefs.h.  */
| #include <stddef.h>
| #ifdef HAVE_STDIO_H
| # include <stdio.h>
| #endif
| #ifdef HAVE_STDLIB_H
| # include <stdlib.h>
| #endif
| #ifdef HAVE_STRING_H
| # include <string.h>
| #endif
| #ifdef HAVE_INTTYPES_H
| # include <inttypes.h>
| #endif
| #ifdef HAVE_STDINT_H
| # include <stdint.h>
| #endif
| #ifdef HAVE_STRINGS_H
| # include <strings.h>
| #endif
| #ifdef HAVE_SYS_TYPES_H
| # include <sys/types.h>
| #endif
| #ifdef HAVE_SYS_STAT_H
| # include <sys/stat.h>
| #endif
| #ifdef HAVE_UNISTD_H
| # include <unistd.h>
| #endif
| int
| main (void)
| {
| if (sizeof ((off_t)))
| 	    return 0;
|   ;
|   return 0;
| }
configure:11489: result: yes
configure:11500: checking for pid_t
configure:11500: cc -c -mabi=purecap -I/usr/local/include -I/usr/include conftest.c >&5
configure:11500: $? = 0
configure:11500: cc -c -mabi=purecap -I/usr/local/include -I/usr/include conftest.c >&5
conftest.c:128:20: error: expected expression
if (sizeof ((pid_t)))
                   ^
1 error generated.
configure:11500: $? = 1
configure: failed program was:
| /* confdefs.h */
| #define _NETBSD_SOURCE 1
| #define __BSD_VISIBLE 1
| #define _DARWIN_C_SOURCE 1
| #define _PYTHONFRAMEWORK ""
| #define _XOPEN_SOURCE 700
| #define _XOPEN_SOURCE_EXTENDED 1
| #define _POSIX_C_SOURCE 200809L
| #define HAVE_STDIO_H 1
| #define HAVE_STDLIB_H 1
| #define HAVE_STRING_H 1
| #define HAVE_INTTYPES_H 1
| #define HAVE_STDINT_H 1
| #define HAVE_STRINGS_H 1
| #define HAVE_SYS_STAT_H 1
| #define HAVE_SYS_TYPES_H 1
| #define HAVE_UNISTD_H 1
| #define HAVE_WCHAR_H 1
| #define STDC_HEADERS 1
| #define _ALL_SOURCE 1
| #define _DARWIN_C_SOURCE 1
| #define _GNU_SOURCE 1
| #define _HPUX_ALT_XOPEN_SOCKET_API 1
| #define _NETBSD_SOURCE 1
| #define _OPENBSD_SOURCE 1
| #define _POSIX_PTHREAD_SEMANTICS 1
| #define __STDC_WANT_IEC_60559_ATTRIBS_EXT__ 1
| #define __STDC_WANT_IEC_60559_BFP_EXT__ 1
| #define __STDC_WANT_IEC_60559_DFP_EXT__ 1
| #define __STDC_WANT_IEC_60559_FUNCS_EXT__ 1
| #define __STDC_WANT_IEC_60559_TYPES_EXT__ 1
| #define __STDC_WANT_LIB_EXT2__ 1
| #define __STDC_WANT_MATH_SPEC_FUNCS__ 1
| #define _TANDEM_SOURCE 1
| #define __EXTENSIONS__ 1
| #define PY_SUPPORT_TIER 0
| #define Py_DEBUG 1
| #define STDC_HEADERS 1
| #define HAVE_BLUETOOTH_H 1
| #define HAVE_DLFCN_H 1
| #define HAVE_ENDIAN_H 1
| #define HAVE_ERRNO_H 1
| #define HAVE_FCNTL_H 1
| #define HAVE_GRP_H 1
| #define HAVE_IEEEFP_H 1
| #define HAVE_LANGINFO_H 1
| #define HAVE_LIBINTL_H 1
| #define HAVE_LIBUTIL_H 1
| #define HAVE_SYS_AUXV_H 1
| #define HAVE_NETDB_H 1
| #define HAVE_NET_ETHERNET_H 1
| #define HAVE_NETINET_IN_H 1
| #define HAVE_POLL_H 1
| #define HAVE_PTHREAD_H 1
| #define HAVE_SCHED_H 1
| #define HAVE_SETJMP_H 1
| #define HAVE_SIGNAL_H 1
| #define HAVE_SPAWN_H 1
| #define HAVE_SYS_ENDIAN_H 1
| #define HAVE_SYS_EVENT_H 1
| #define HAVE_SYS_EVENTFD_H 1
| #define HAVE_SYS_FILE_H 1
| #define HAVE_SYS_IOCTL_H 1
| #define HAVE_SYS_LOCK_H 1
| #define HAVE_SYS_MMAN_H 1
| #define HAVE_SYS_PARAM_H 1
| #define HAVE_SYS_POLL_H 1
| #define HAVE_SYS_RANDOM_H 1
| #define HAVE_SYS_RESOURCE_H 1
| #define HAVE_SYS_SELECT_H 1
| #define HAVE_SYS_SOCKET_H 1
| #define HAVE_SYS_SOUNDCARD_H 1
| #define HAVE_SYS_STAT_H 1
| #define HAVE_SYS_STATVFS_H 1
| #define HAVE_SYS_SYSCALL_H 1
| #define HAVE_SYS_TIME_H 1
| #define HAVE_SYS_TIMES_H 1
| #define HAVE_SYS_TYPES_H 1
| #define HAVE_SYS_UIO_H 1
| #define HAVE_SYS_UN_H 1
| #define HAVE_SYS_UTSNAME_H 1
| #define HAVE_SYS_WAIT_H 1
| #define HAVE_SYSEXITS_H 1
| #define HAVE_SYSLOG_H 1
| #define HAVE_TERMIOS_H 1
| #define HAVE_UTIME_H 1
| #define HAVE_DIRENT_H 1
| #define HAVE_NET_IF_H 1
| #define HAVE_MAKEDEV 1
| #define _LARGEFILE_SOURCE 1
| #define _FILE_OFFSET_BITS 64
| #if defined(SCO_DS)
| #undef _OFF_T
| #endif
| /* end confdefs.h.  */
| #include <stddef.h>
| #ifdef HAVE_STDIO_H
| # include <stdio.h>
| #endif
| #ifdef HAVE_STDLIB_H
| # include <stdlib.h>
| #endif
| #ifdef HAVE_STRING_H
| # include <string.h>
| #endif
| #ifdef HAVE_INTTYPES_H
| # include <inttypes.h>
| #endif
| #ifdef HAVE_STDINT_H
| # include <stdint.h>
| #endif
| #ifdef HAVE_STRINGS_H
| # include <strings.h>
| #endif
| #ifdef HAVE_SYS_TYPES_H
| # include <sys/types.h>
| #endif
| #ifdef HAVE_SYS_STAT_H
| # include <sys/stat.h>
| #endif
| #ifdef HAVE_UNISTD_H
| # include <unistd.h>
| #endif
| 
| int
| main (void)
| {
| if (sizeof ((pid_t)))
| 	    return 0;
|   ;
|   return 0;
| }
configure:11500: result: yes
configure:11539: checking for size_t
configure:11539: cc -c -mabi=purecap -I/usr/local/include -I/usr/include conftest.c >&5
configure:11539: $? = 0
configure:11539: cc -c -mabi=purecap -I/usr/local/include -I/usr/include conftest.c >&5
conftest.c:128:21: error: expected expression
if (sizeof ((size_t)))
                    ^
1 error generated.
configure:11539: $? = 1
configure: failed program was:
| /* confdefs.h */
| #define _NETBSD_SOURCE 1
| #define __BSD_VISIBLE 1
| #define _DARWIN_C_SOURCE 1
| #define _PYTHONFRAMEWORK ""
| #define _XOPEN_SOURCE 700
| #define _XOPEN_SOURCE_EXTENDED 1
| #define _POSIX_C_SOURCE 200809L
| #define HAVE_STDIO_H 1
| #define HAVE_STDLIB_H 1
| #define HAVE_STRING_H 1
| #define HAVE_INTTYPES_H 1
| #define HAVE_STDINT_H 1
| #define HAVE_STRINGS_H 1
| #define HAVE_SYS_STAT_H 1
| #define HAVE_SYS_TYPES_H 1
| #define HAVE_UNISTD_H 1
| #define HAVE_WCHAR_H 1
| #define STDC_HEADERS 1
| #define _ALL_SOURCE 1
| #define _DARWIN_C_SOURCE 1
| #define _GNU_SOURCE 1
| #define _HPUX_ALT_XOPEN_SOCKET_API 1
| #define _NETBSD_SOURCE 1
| #define _OPENBSD_SOURCE 1
| #define _POSIX_PTHREAD_SEMANTICS 1
| #define __STDC_WANT_IEC_60559_ATTRIBS_EXT__ 1
| #define __STDC_WANT_IEC_60559_BFP_EXT__ 1
| #define __STDC_WANT_IEC_60559_DFP_EXT__ 1
| #define __STDC_WANT_IEC_60559_FUNCS_EXT__ 1
| #define __STDC_WANT_IEC_60559_TYPES_EXT__ 1
| #define __STDC_WANT_LIB_EXT2__ 1
| #define __STDC_WANT_MATH_SPEC_FUNCS__ 1
| #define _TANDEM_SOURCE 1
| #define __EXTENSIONS__ 1
| #define PY_SUPPORT_TIER 0
| #define Py_DEBUG 1
| #define STDC_HEADERS 1
| #define HAVE_BLUETOOTH_H 1
| #define HAVE_DLFCN_H 1
| #define HAVE_ENDIAN_H 1
| #define HAVE_ERRNO_H 1
| #define HAVE_FCNTL_H 1
| #define HAVE_GRP_H 1
| #define HAVE_IEEEFP_H 1
| #define HAVE_LANGINFO_H 1
| #define HAVE_LIBINTL_H 1
| #define HAVE_LIBUTIL_H 1
| #define HAVE_SYS_AUXV_H 1
| #define HAVE_NETDB_H 1
| #define HAVE_NET_ETHERNET_H 1
| #define HAVE_NETINET_IN_H 1
| #define HAVE_POLL_H 1
| #define HAVE_PTHREAD_H 1
| #define HAVE_SCHED_H 1
| #define HAVE_SETJMP_H 1
| #define HAVE_SIGNAL_H 1
| #define HAVE_SPAWN_H 1
| #define HAVE_SYS_ENDIAN_H 1
| #define HAVE_SYS_EVENT_H 1
| #define HAVE_SYS_EVENTFD_H 1
| #define HAVE_SYS_FILE_H 1
| #define HAVE_SYS_IOCTL_H 1
| #define HAVE_SYS_LOCK_H 1
| #define HAVE_SYS_MMAN_H 1
| #define HAVE_SYS_PARAM_H 1
| #define HAVE_SYS_POLL_H 1
| #define HAVE_SYS_RANDOM_H 1
| #define HAVE_SYS_RESOURCE_H 1
| #define HAVE_SYS_SELECT_H 1
| #define HAVE_SYS_SOCKET_H 1
| #define HAVE_SYS_SOUNDCARD_H 1
| #define HAVE_SYS_STAT_H 1
| #define HAVE_SYS_STATVFS_H 1
| #define HAVE_SYS_SYSCALL_H 1
| #define HAVE_SYS_TIME_H 1
| #define HAVE_SYS_TIMES_H 1
| #define HAVE_SYS_TYPES_H 1
| #define HAVE_SYS_UIO_H 1
| #define HAVE_SYS_UN_H 1
| #define HAVE_SYS_UTSNAME_H 1
| #define HAVE_SYS_WAIT_H 1
| #define HAVE_SYSEXITS_H 1
| #define HAVE_SYSLOG_H 1
| #define HAVE_TERMIOS_H 1
| #define HAVE_UTIME_H 1
| #define HAVE_DIRENT_H 1
| #define HAVE_NET_IF_H 1
| #define HAVE_MAKEDEV 1
| #define _LARGEFILE_SOURCE 1
| #define _FILE_OFFSET_BITS 64
| #if defined(SCO_DS)
| #undef _OFF_T
| #endif
| #define RETSIGTYPE void
| /* end confdefs.h.  */
| #include <stddef.h>
| #ifdef HAVE_STDIO_H
| # include <stdio.h>
| #endif
| #ifdef HAVE_STDLIB_H
| # include <stdlib.h>
| #endif
| #ifdef HAVE_STRING_H
| # include <string.h>
| #endif
| #ifdef HAVE_INTTYPES_H
| # include <inttypes.h>
| #endif
| #ifdef HAVE_STDINT_H
| # include <stdint.h>
| #endif
| #ifdef HAVE_STRINGS_H
| # include <strings.h>
| #endif
| #ifdef HAVE_SYS_TYPES_H
| # include <sys/types.h>
| #endif
| #ifdef HAVE_SYS_STAT_H
| # include <sys/stat.h>
| #endif
| #ifdef HAVE_UNISTD_H
| # include <unistd.h>
| #endif
| int
| main (void)
| {
| if (sizeof ((size_t)))
| 	    return 0;
|   ;
|   return 0;
| }
configure:11539: result: yes
configure:11549: checking for uid_t in sys/types.h
configure:11570: result: yes
configure:11582: checking for ssize_t
configure:11582: cc -c -mabi=purecap -I/usr/local/include -I/usr/include conftest.c >&5
configure:11582: $? = 0
configure:11582: cc -c -mabi=purecap -I/usr/local/include -I/usr/include conftest.c >&5
conftest.c:128:22: error: expected expression
if (sizeof ((ssize_t)))
                     ^
1 error generated.
configure:11582: $? = 1
configure: failed program was:
| /* confdefs.h */
| #define _NETBSD_SOURCE 1
| #define __BSD_VISIBLE 1
| #define _DARWIN_C_SOURCE 1
| #define _PYTHONFRAMEWORK ""
| #define _XOPEN_SOURCE 700
| #define _XOPEN_SOURCE_EXTENDED 1
| #define _POSIX_C_SOURCE 200809L
| #define HAVE_STDIO_H 1
| #define HAVE_STDLIB_H 1
| #define HAVE_STRING_H 1
| #define HAVE_INTTYPES_H 1
| #define HAVE_STDINT_H 1
| #define HAVE_STRINGS_H 1
| #define HAVE_SYS_STAT_H 1
| #define HAVE_SYS_TYPES_H 1
| #define HAVE_UNISTD_H 1
| #define HAVE_WCHAR_H 1
| #define STDC_HEADERS 1
| #define _ALL_SOURCE 1
| #define _DARWIN_C_SOURCE 1
| #define _GNU_SOURCE 1
| #define _HPUX_ALT_XOPEN_SOCKET_API 1
| #define _NETBSD_SOURCE 1
| #define _OPENBSD_SOURCE 1
| #define _POSIX_PTHREAD_SEMANTICS 1
| #define __STDC_WANT_IEC_60559_ATTRIBS_EXT__ 1
| #define __STDC_WANT_IEC_60559_BFP_EXT__ 1
| #define __STDC_WANT_IEC_60559_DFP_EXT__ 1
| #define __STDC_WANT_IEC_60559_FUNCS_EXT__ 1
| #define __STDC_WANT_IEC_60559_TYPES_EXT__ 1
| #define __STDC_WANT_LIB_EXT2__ 1
| #define __STDC_WANT_MATH_SPEC_FUNCS__ 1
| #define _TANDEM_SOURCE 1
| #define __EXTENSIONS__ 1
| #define PY_SUPPORT_TIER 0
| #define Py_DEBUG 1
| #define STDC_HEADERS 1
| #define HAVE_BLUETOOTH_H 1
| #define HAVE_DLFCN_H 1
| #define HAVE_ENDIAN_H 1
| #define HAVE_ERRNO_H 1
| #define HAVE_FCNTL_H 1
| #define HAVE_GRP_H 1
| #define HAVE_IEEEFP_H 1
| #define HAVE_LANGINFO_H 1
| #define HAVE_LIBINTL_H 1
| #define HAVE_LIBUTIL_H 1
| #define HAVE_SYS_AUXV_H 1
| #define HAVE_NETDB_H 1
| #define HAVE_NET_ETHERNET_H 1
| #define HAVE_NETINET_IN_H 1
| #define HAVE_POLL_H 1
| #define HAVE_PTHREAD_H 1
| #define HAVE_SCHED_H 1
| #define HAVE_SETJMP_H 1
| #define HAVE_SIGNAL_H 1
| #define HAVE_SPAWN_H 1
| #define HAVE_SYS_ENDIAN_H 1
| #define HAVE_SYS_EVENT_H 1
| #define HAVE_SYS_EVENTFD_H 1
| #define HAVE_SYS_FILE_H 1
| #define HAVE_SYS_IOCTL_H 1
| #define HAVE_SYS_LOCK_H 1
| #define HAVE_SYS_MMAN_H 1
| #define HAVE_SYS_PARAM_H 1
| #define HAVE_SYS_POLL_H 1
| #define HAVE_SYS_RANDOM_H 1
| #define HAVE_SYS_RESOURCE_H 1
| #define HAVE_SYS_SELECT_H 1
| #define HAVE_SYS_SOCKET_H 1
| #define HAVE_SYS_SOUNDCARD_H 1
| #define HAVE_SYS_STAT_H 1
| #define HAVE_SYS_STATVFS_H 1
| #define HAVE_SYS_SYSCALL_H 1
| #define HAVE_SYS_TIME_H 1
| #define HAVE_SYS_TIMES_H 1
| #define HAVE_SYS_TYPES_H 1
| #define HAVE_SYS_UIO_H 1
| #define HAVE_SYS_UN_H 1
| #define HAVE_SYS_UTSNAME_H 1
| #define HAVE_SYS_WAIT_H 1
| #define HAVE_SYSEXITS_H 1
| #define HAVE_SYSLOG_H 1
| #define HAVE_TERMIOS_H 1
| #define HAVE_UTIME_H 1
| #define HAVE_DIRENT_H 1
| #define HAVE_NET_IF_H 1
| #define HAVE_MAKEDEV 1
| #define _LARGEFILE_SOURCE 1
| #define _FILE_OFFSET_BITS 64
| #if defined(SCO_DS)
| #undef _OFF_T
| #endif
| #define RETSIGTYPE void
| /* end confdefs.h.  */
| #include <stddef.h>
| #ifdef HAVE_STDIO_H
| # include <stdio.h>
| #endif
| #ifdef HAVE_STDLIB_H
| # include <stdlib.h>
| #endif
| #ifdef HAVE_STRING_H
| # include <string.h>
| #endif
| #ifdef HAVE_INTTYPES_H
| # include <inttypes.h>
| #endif
| #ifdef HAVE_STDINT_H
| # include <stdint.h>
| #endif
| #ifdef HAVE_STRINGS_H
| # include <strings.h>
| #endif
| #ifdef HAVE_SYS_TYPES_H
| # include <sys/types.h>
| #endif
| #ifdef HAVE_SYS_STAT_H
| # include <sys/stat.h>
| #endif
| #ifdef HAVE_UNISTD_H
| # include <unistd.h>
| #endif
| int
| main (void)
| {
| if (sizeof ((ssize_t)))
| 	    return 0;
|   ;
|   return 0;
| }
configure:11582: result: yes
configure:11590: checking for __uint128_t
configure:11590: cc -c -mabi=purecap -I/usr/local/include -I/usr/include conftest.c >&5
configure:11590: $? = 0
configure:11590: cc -c -mabi=purecap -I/usr/local/include -I/usr/include conftest.c >&5
conftest.c:129:26: error: expected expression
if (sizeof ((__uint128_t)))
                         ^
1 error generated.
configure:11590: $? = 1
configure: failed program was:
| /* confdefs.h */
| #define _NETBSD_SOURCE 1
| #define __BSD_VISIBLE 1
| #define _DARWIN_C_SOURCE 1
| #define _PYTHONFRAMEWORK ""
| #define _XOPEN_SOURCE 700
| #define _XOPEN_SOURCE_EXTENDED 1
| #define _POSIX_C_SOURCE 200809L
| #define HAVE_STDIO_H 1
| #define HAVE_STDLIB_H 1
| #define HAVE_STRING_H 1
| #define HAVE_INTTYPES_H 1
| #define HAVE_STDINT_H 1
| #define HAVE_STRINGS_H 1
| #define HAVE_SYS_STAT_H 1
| #define HAVE_SYS_TYPES_H 1
| #define HAVE_UNISTD_H 1
| #define HAVE_WCHAR_H 1
| #define STDC_HEADERS 1
| #define _ALL_SOURCE 1
| #define _DARWIN_C_SOURCE 1
| #define _GNU_SOURCE 1
| #define _HPUX_ALT_XOPEN_SOCKET_API 1
| #define _NETBSD_SOURCE 1
| #define _OPENBSD_SOURCE 1
| #define _POSIX_PTHREAD_SEMANTICS 1
| #define __STDC_WANT_IEC_60559_ATTRIBS_EXT__ 1
| #define __STDC_WANT_IEC_60559_BFP_EXT__ 1
| #define __STDC_WANT_IEC_60559_DFP_EXT__ 1
| #define __STDC_WANT_IEC_60559_FUNCS_EXT__ 1
| #define __STDC_WANT_IEC_60559_TYPES_EXT__ 1
| #define __STDC_WANT_LIB_EXT2__ 1
| #define __STDC_WANT_MATH_SPEC_FUNCS__ 1
| #define _TANDEM_SOURCE 1
| #define __EXTENSIONS__ 1
| #define PY_SUPPORT_TIER 0
| #define Py_DEBUG 1
| #define STDC_HEADERS 1
| #define HAVE_BLUETOOTH_H 1
| #define HAVE_DLFCN_H 1
| #define HAVE_ENDIAN_H 1
| #define HAVE_ERRNO_H 1
| #define HAVE_FCNTL_H 1
| #define HAVE_GRP_H 1
| #define HAVE_IEEEFP_H 1
| #define HAVE_LANGINFO_H 1
| #define HAVE_LIBINTL_H 1
| #define HAVE_LIBUTIL_H 1
| #define HAVE_SYS_AUXV_H 1
| #define HAVE_NETDB_H 1
| #define HAVE_NET_ETHERNET_H 1
| #define HAVE_NETINET_IN_H 1
| #define HAVE_POLL_H 1
| #define HAVE_PTHREAD_H 1
| #define HAVE_SCHED_H 1
| #define HAVE_SETJMP_H 1
| #define HAVE_SIGNAL_H 1
| #define HAVE_SPAWN_H 1
| #define HAVE_SYS_ENDIAN_H 1
| #define HAVE_SYS_EVENT_H 1
| #define HAVE_SYS_EVENTFD_H 1
| #define HAVE_SYS_FILE_H 1
| #define HAVE_SYS_IOCTL_H 1
| #define HAVE_SYS_LOCK_H 1
| #define HAVE_SYS_MMAN_H 1
| #define HAVE_SYS_PARAM_H 1
| #define HAVE_SYS_POLL_H 1
| #define HAVE_SYS_RANDOM_H 1
| #define HAVE_SYS_RESOURCE_H 1
| #define HAVE_SYS_SELECT_H 1
| #define HAVE_SYS_SOCKET_H 1
| #define HAVE_SYS_SOUNDCARD_H 1
| #define HAVE_SYS_STAT_H 1
| #define HAVE_SYS_STATVFS_H 1
| #define HAVE_SYS_SYSCALL_H 1
| #define HAVE_SYS_TIME_H 1
| #define HAVE_SYS_TIMES_H 1
| #define HAVE_SYS_TYPES_H 1
| #define HAVE_SYS_UIO_H 1
| #define HAVE_SYS_UN_H 1
| #define HAVE_SYS_UTSNAME_H 1
| #define HAVE_SYS_WAIT_H 1
| #define HAVE_SYSEXITS_H 1
| #define HAVE_SYSLOG_H 1
| #define HAVE_TERMIOS_H 1
| #define HAVE_UTIME_H 1
| #define HAVE_DIRENT_H 1
| #define HAVE_NET_IF_H 1
| #define HAVE_MAKEDEV 1
| #define _LARGEFILE_SOURCE 1
| #define _FILE_OFFSET_BITS 64
| #if defined(SCO_DS)
| #undef _OFF_T
| #endif
| #define RETSIGTYPE void
| #define HAVE_SSIZE_T 1
| /* end confdefs.h.  */
| #include <stddef.h>
| #ifdef HAVE_STDIO_H
| # include <stdio.h>
| #endif
| #ifdef HAVE_STDLIB_H
| # include <stdlib.h>
| #endif
| #ifdef HAVE_STRING_H
| # include <string.h>
| #endif
| #ifdef HAVE_INTTYPES_H
| # include <inttypes.h>
| #endif
| #ifdef HAVE_STDINT_H
| # include <stdint.h>
| #endif
| #ifdef HAVE_STRINGS_H
| # include <strings.h>
| #endif
| #ifdef HAVE_SYS_TYPES_H
| # include <sys/types.h>
| #endif
| #ifdef HAVE_SYS_STAT_H
| # include <sys/stat.h>
| #endif
| #ifdef HAVE_UNISTD_H
| # include <unistd.h>
| #endif
| int
| main (void)
| {
| if (sizeof ((__uint128_t)))
| 	    return 0;
|   ;
|   return 0;
| }
configure:11590: result: yes
configure:11605: checking size of int
configure:11611: cc -o conftest -mabi=purecap -I/usr/local/include -I/usr/include -mabi=purecap -L/usr/local/lib -L/usr/lib -lmd -lcheri_caprevoke conftest.c  >&5
configure:11611: $? = 0
configure:11611: ./conftest
configure:11611: $? = 0
configure:11626: result: 4
configure:11638: checking size of long
configure:11644: cc -o conftest -mabi=purecap -I/usr/local/include -I/usr/include -mabi=purecap -L/usr/local/lib -L/usr/lib -lmd -lcheri_caprevoke conftest.c  >&5
configure:11644: $? = 0
configure:11644: ./conftest
configure:11644: $? = 0
configure:11659: result: 8
configure:11669: checking alignment of long
configure:11675: cc -o conftest -mabi=purecap -I/usr/local/include -I/usr/include -mabi=purecap -L/usr/local/lib -L/usr/lib -lmd -lcheri_caprevoke conftest.c  >&5
configure:11675: $? = 0
configure:11675: ./conftest
configure:11675: $? = 0
configure:11691: result: 8
configure:11703: checking size of long long
configure:11709: cc -o conftest -mabi=purecap -I/usr/local/include -I/usr/include -mabi=purecap -L/usr/local/lib -L/usr/lib -lmd -lcheri_caprevoke conftest.c  >&5
configure:11709: $? = 0
configure:11709: ./conftest
configure:11709: $? = 0
configure:11724: result: 8
configure:11736: checking size of void *
configure:11742: cc -o conftest -mabi=purecap -I/usr/local/include -I/usr/include -mabi=purecap -L/usr/local/lib -L/usr/lib -lmd -lcheri_caprevoke conftest.c  >&5
configure:11742: $? = 0
configure:11742: ./conftest
configure:11742: $? = 0
configure:11757: result: 16
configure:11769: checking size of short
configure:11775: cc -o conftest -mabi=purecap -I/usr/local/include -I/usr/include -mabi=purecap -L/usr/local/lib -L/usr/lib -lmd -lcheri_caprevoke conftest.c  >&5
configure:11775: $? = 0
configure:11775: ./conftest
configure:11775: $? = 0
configure:11790: result: 2
configure:11802: checking size of float
configure:11808: cc -o conftest -mabi=purecap -I/usr/local/include -I/usr/include -mabi=purecap -L/usr/local/lib -L/usr/lib -lmd -lcheri_caprevoke conftest.c  >&5
configure:11808: $? = 0
configure:11808: ./conftest
configure:11808: $? = 0
configure:11823: result: 4
configure:11835: checking size of double
configure:11841: cc -o conftest -mabi=purecap -I/usr/local/include -I/usr/include -mabi=purecap -L/usr/local/lib -L/usr/lib -lmd -lcheri_caprevoke conftest.c  >&5
configure:11841: $? = 0
configure:11841: ./conftest
configure:11841: $? = 0
configure:11856: result: 8
configure:11868: checking size of fpos_t
configure:11874: cc -o conftest -mabi=purecap -I/usr/local/include -I/usr/include -mabi=purecap -L/usr/local/lib -L/usr/lib -lmd -lcheri_caprevoke conftest.c  >&5
configure:11874: $? = 0
configure:11874: ./conftest
configure:11874: $? = 0
configure:11889: result: 8
configure:11901: checking size of size_t
configure:11907: cc -o conftest -mabi=purecap -I/usr/local/include -I/usr/include -mabi=purecap -L/usr/local/lib -L/usr/lib -lmd -lcheri_caprevoke conftest.c  >&5
configure:11907: $? = 0
configure:11907: ./conftest
configure:11907: $? = 0
configure:11922: result: 8
configure:11932: checking alignment of size_t
configure:11938: cc -o conftest -mabi=purecap -I/usr/local/include -I/usr/include -mabi=purecap -L/usr/local/lib -L/usr/lib -lmd -lcheri_caprevoke conftest.c  >&5
configure:11938: $? = 0
configure:11938: ./conftest
configure:11938: $? = 0
configure:11954: result: 8
configure:11966: checking size of pid_t
configure:11972: cc -o conftest -mabi=purecap -I/usr/local/include -I/usr/include -mabi=purecap -L/usr/local/lib -L/usr/lib -lmd -lcheri_caprevoke conftest.c  >&5
configure:11972: $? = 0
configure:11972: ./conftest
configure:11972: $? = 0
configure:11987: result: 4
configure:11999: checking size of uintptr_t
configure:12005: cc -o conftest -mabi=purecap -I/usr/local/include -I/usr/include -mabi=purecap -L/usr/local/lib -L/usr/lib -lmd -lcheri_caprevoke conftest.c  >&5
configure:12005: $? = 0
configure:12005: ./conftest
configure:12005: $? = 0
configure:12020: result: 16
configure:12030: checking alignment of max_align_t
configure:12036: cc -o conftest -mabi=purecap -I/usr/local/include -I/usr/include -mabi=purecap -L/usr/local/lib -L/usr/lib -lmd -lcheri_caprevoke conftest.c  >&5
configure:12036: $? = 0
configure:12036: ./conftest
configure:12036: $? = 0
configure:12052: result: 16
configure:12062: checking for long double
configure:12097: result: yes
configure:12109: checking size of long double
configure:12115: cc -o conftest -mabi=purecap -I/usr/local/include -I/usr/include -mabi=purecap -L/usr/local/lib -L/usr/lib -lmd -lcheri_caprevoke conftest.c  >&5
configure:12115: $? = 0
configure:12115: ./conftest
configure:12115: $? = 0
configure:12130: result: 16
configure:12143: checking size of _Bool
configure:12149: cc -o conftest -mabi=purecap -I/usr/local/include -I/usr/include -mabi=purecap -L/usr/local/lib -L/usr/lib -lmd -lcheri_caprevoke conftest.c  >&5
configure:12149: $? = 0
configure:12149: ./conftest
configure:12149: $? = 0
configure:12164: result: 1
configure:12177: checking size of off_t
configure:12183: cc -o conftest -mabi=purecap -I/usr/local/include -I/usr/include -mabi=purecap -L/usr/local/lib -L/usr/lib -lmd -lcheri_caprevoke conftest.c  >&5
configure:12183: $? = 0
configure:12183: ./conftest
configure:12183: $? = 0
configure:12203: result: 8
configure:12212: checking whether to enable large file support
configure:12238: result: no
configure:12247: checking size of time_t
configure:12253: cc -o conftest -mabi=purecap -I/usr/local/include -I/usr/include -mabi=purecap -L/usr/local/lib -L/usr/lib -lmd -lcheri_caprevoke conftest.c  >&5
configure:12253: $? = 0
configure:12253: ./conftest
configure:12253: $? = 0
configure:12276: result: 8
configure:12295: checking for pthread_t
configure:12315: cc -pthread -c -mabi=purecap -I/usr/local/include -I/usr/include conftest.c >&5
conftest.c:123:18: warning: indirection of non-volatile null pointer will be deleted, not trap [-Wnull-dereference]
pthread_t x; x = *(pthread_t*)0;
                 ^~~~~~~~~~~~~~
conftest.c:123:18: note: consider using __builtin_trap() or qualifying pointer with 'volatile'
1 warning generated.
configure:12315: $? = 0
configure:12324: result: yes
configure:12333: checking size of pthread_t
configure:12339: cc -pthread -o conftest -mabi=purecap -I/usr/local/include -I/usr/include -mabi=purecap -L/usr/local/lib -L/usr/lib -lmd -lcheri_caprevoke conftest.c  >&5
configure:12339: $? = 0
configure:12339: ./conftest
configure:12339: $? = 0
configure:12359: result: 16
configure:12376: checking size of pthread_key_t
configure:12382: cc -pthread -o conftest -mabi=purecap -I/usr/local/include -I/usr/include -mabi=purecap -L/usr/local/lib -L/usr/lib -lmd -lcheri_caprevoke conftest.c  >&5
configure:12382: $? = 0
configure:12382: ./conftest
configure:12382: $? = 0
configure:12398: result: 4
configure:12406: checking whether pthread_key_t is compatible with int
configure:12425: cc -pthread -c -mabi=purecap -I/usr/local/include -I/usr/include conftest.c >&5
conftest.c:124:20: warning: expression result unused [-Wunused-value]
pthread_key_t k; k * 1;
                 ~ ^ ~
1 warning generated.
configure:12425: $? = 0
configure:12438: result: yes
configure:12451: checking for --enable-framework
configure:12468: result: no
configure:12477: checking for --with-dsymutil
configure:12496: result: no
configure:12553: checking for dyld
configure:12564: result: no
configure:12569: checking for --with-address-sanitizer
configure:12584: result: no
configure:12589: checking for --with-memory-sanitizer
configure:12643: result: no
configure:12648: checking for --with-undefined-behavior-sanitizer
configure:12663: result: no
configure:12680: checking the extension of shared libraries
configure:12694: result: .so
configure:12701: checking LDSHARED
configure:12834: result: $(CC) -shared
configure:12838: checking BLDSHARED flags
configure:12841: result: $(CC) -shared
configure:12846: checking CCSHARED
configure:12886: result: -fPIC
configure:12890: checking LINKFORSHARED
configure:12957: result: -Wl,--export-dynamic
configure:12962: checking CFLAGSFORSHARED
configure:12983: result: 
configure:12995: checking SHLIBS
configure:13001: result: $(LIBS)
configure:13004: checking perf trampoline
configure:13015: result: no
configure:13037: checking for sendfile in -lsendfile
configure:13060: cc -o conftest -mabi=purecap -I/usr/local/include -I/usr/include -mabi=purecap -L/usr/local/lib -L/usr/lib -lmd -lcheri_caprevoke conftest.c -lsendfile   >&5
ld: error: unable to find library -lsendfile
clang-14: error: linker command failed with exit code 1 (use -v to see invocation)
configure:13060: $? = 1
configure: failed program was:
| /* confdefs.h */
| #define _NETBSD_SOURCE 1
| #define __BSD_VISIBLE 1
| #define _DARWIN_C_SOURCE 1
| #define _PYTHONFRAMEWORK ""
| #define _XOPEN_SOURCE 700
| #define _XOPEN_SOURCE_EXTENDED 1
| #define _POSIX_C_SOURCE 200809L
| #define HAVE_STDIO_H 1
| #define HAVE_STDLIB_H 1
| #define HAVE_STRING_H 1
| #define HAVE_INTTYPES_H 1
| #define HAVE_STDINT_H 1
| #define HAVE_STRINGS_H 1
| #define HAVE_SYS_STAT_H 1
| #define HAVE_SYS_TYPES_H 1
| #define HAVE_UNISTD_H 1
| #define HAVE_WCHAR_H 1
| #define STDC_HEADERS 1
| #define _ALL_SOURCE 1
| #define _DARWIN_C_SOURCE 1
| #define _GNU_SOURCE 1
| #define _HPUX_ALT_XOPEN_SOCKET_API 1
| #define _NETBSD_SOURCE 1
| #define _OPENBSD_SOURCE 1
| #define _POSIX_PTHREAD_SEMANTICS 1
| #define __STDC_WANT_IEC_60559_ATTRIBS_EXT__ 1
| #define __STDC_WANT_IEC_60559_BFP_EXT__ 1
| #define __STDC_WANT_IEC_60559_DFP_EXT__ 1
| #define __STDC_WANT_IEC_60559_FUNCS_EXT__ 1
| #define __STDC_WANT_IEC_60559_TYPES_EXT__ 1
| #define __STDC_WANT_LIB_EXT2__ 1
| #define __STDC_WANT_MATH_SPEC_FUNCS__ 1
| #define _TANDEM_SOURCE 1
| #define __EXTENSIONS__ 1
| #define PY_SUPPORT_TIER 0
| #define Py_DEBUG 1
| #define STDC_HEADERS 1
| #define HAVE_BLUETOOTH_H 1
| #define HAVE_DLFCN_H 1
| #define HAVE_ENDIAN_H 1
| #define HAVE_ERRNO_H 1
| #define HAVE_FCNTL_H 1
| #define HAVE_GRP_H 1
| #define HAVE_IEEEFP_H 1
| #define HAVE_LANGINFO_H 1
| #define HAVE_LIBINTL_H 1
| #define HAVE_LIBUTIL_H 1
| #define HAVE_SYS_AUXV_H 1
| #define HAVE_NETDB_H 1
| #define HAVE_NET_ETHERNET_H 1
| #define HAVE_NETINET_IN_H 1
| #define HAVE_POLL_H 1
| #define HAVE_PTHREAD_H 1
| #define HAVE_SCHED_H 1
| #define HAVE_SETJMP_H 1
| #define HAVE_SIGNAL_H 1
| #define HAVE_SPAWN_H 1
| #define HAVE_SYS_ENDIAN_H 1
| #define HAVE_SYS_EVENT_H 1
| #define HAVE_SYS_EVENTFD_H 1
| #define HAVE_SYS_FILE_H 1
| #define HAVE_SYS_IOCTL_H 1
| #define HAVE_SYS_LOCK_H 1
| #define HAVE_SYS_MMAN_H 1
| #define HAVE_SYS_PARAM_H 1
| #define HAVE_SYS_POLL_H 1
| #define HAVE_SYS_RANDOM_H 1
| #define HAVE_SYS_RESOURCE_H 1
| #define HAVE_SYS_SELECT_H 1
| #define HAVE_SYS_SOCKET_H 1
| #define HAVE_SYS_SOUNDCARD_H 1
| #define HAVE_SYS_STAT_H 1
| #define HAVE_SYS_STATVFS_H 1
| #define HAVE_SYS_SYSCALL_H 1
| #define HAVE_SYS_TIME_H 1
| #define HAVE_SYS_TIMES_H 1
| #define HAVE_SYS_TYPES_H 1
| #define HAVE_SYS_UIO_H 1
| #define HAVE_SYS_UN_H 1
| #define HAVE_SYS_UTSNAME_H 1
| #define HAVE_SYS_WAIT_H 1
| #define HAVE_SYSEXITS_H 1
| #define HAVE_SYSLOG_H 1
| #define HAVE_TERMIOS_H 1
| #define HAVE_UTIME_H 1
| #define HAVE_DIRENT_H 1
| #define HAVE_NET_IF_H 1
| #define HAVE_MAKEDEV 1
| #define _LARGEFILE_SOURCE 1
| #define _FILE_OFFSET_BITS 64
| #if defined(SCO_DS)
| #undef _OFF_T
| #endif
| #define RETSIGTYPE void
| #define HAVE_SSIZE_T 1
| #define HAVE_GCC_UINT128_T 1
| #define SIZEOF_INT 4
| #define SIZEOF_LONG 8
| #define ALIGNOF_LONG 8
| #define SIZEOF_LONG_LONG 8
| #define SIZEOF_VOID_P 16
| #define SIZEOF_SHORT 2
| #define SIZEOF_FLOAT 4
| #define SIZEOF_DOUBLE 8
| #define SIZEOF_FPOS_T 8
| #define SIZEOF_SIZE_T 8
| #define ALIGNOF_SIZE_T 8
| #define SIZEOF_PID_T 4
| #define SIZEOF_UINTPTR_T 16
| #define ALIGNOF_MAX_ALIGN_T 16
| #define HAVE_LONG_DOUBLE 1
| #define SIZEOF_LONG_DOUBLE 16
| #define SIZEOF__BOOL 1
| #define SIZEOF_OFF_T 8
| #define SIZEOF_TIME_T 8
| #define SIZEOF_PTHREAD_T 16
| #define SIZEOF_PTHREAD_KEY_T 4
| #define PTHREAD_KEY_T_IS_COMPATIBLE_WITH_INT 1
| /* end confdefs.h.  */
| 
| /* Override any GCC internal prototype to avoid an error.
|    Use char because int might match the return type of a GCC
|    builtin and then its argument prototype would still apply.  */
| char sendfile ();
| int
| main (void)
| {
| return sendfile ();
|   ;
|   return 0;
| }
configure:13070: result: no
configure:13080: checking for dlopen in -ldl
configure:13103: cc -o conftest -mabi=purecap -I/usr/local/include -I/usr/include -mabi=purecap -L/usr/local/lib -L/usr/lib -lmd -lcheri_caprevoke conftest.c -ldl   >&5
configure:13103: $? = 0
configure:13113: result: yes
configure:13123: checking for shl_load in -ldld
configure:13146: cc -o conftest -mabi=purecap -I/usr/local/include -I/usr/include -mabi=purecap -L/usr/local/lib -L/usr/lib -lmd -lcheri_caprevoke conftest.c -ldld  -ldl  >&5
ld: error: unable to find library -ldld
clang-14: error: linker command failed with exit code 1 (use -v to see invocation)
configure:13146: $? = 1
configure: failed program was:
| /* confdefs.h */
| #define _NETBSD_SOURCE 1
| #define __BSD_VISIBLE 1
| #define _DARWIN_C_SOURCE 1
| #define _PYTHONFRAMEWORK ""
| #define _XOPEN_SOURCE 700
| #define _XOPEN_SOURCE_EXTENDED 1
| #define _POSIX_C_SOURCE 200809L
| #define HAVE_STDIO_H 1
| #define HAVE_STDLIB_H 1
| #define HAVE_STRING_H 1
| #define HAVE_INTTYPES_H 1
| #define HAVE_STDINT_H 1
| #define HAVE_STRINGS_H 1
| #define HAVE_SYS_STAT_H 1
| #define HAVE_SYS_TYPES_H 1
| #define HAVE_UNISTD_H 1
| #define HAVE_WCHAR_H 1
| #define STDC_HEADERS 1
| #define _ALL_SOURCE 1
| #define _DARWIN_C_SOURCE 1
| #define _GNU_SOURCE 1
| #define _HPUX_ALT_XOPEN_SOCKET_API 1
| #define _NETBSD_SOURCE 1
| #define _OPENBSD_SOURCE 1
| #define _POSIX_PTHREAD_SEMANTICS 1
| #define __STDC_WANT_IEC_60559_ATTRIBS_EXT__ 1
| #define __STDC_WANT_IEC_60559_BFP_EXT__ 1
| #define __STDC_WANT_IEC_60559_DFP_EXT__ 1
| #define __STDC_WANT_IEC_60559_FUNCS_EXT__ 1
| #define __STDC_WANT_IEC_60559_TYPES_EXT__ 1
| #define __STDC_WANT_LIB_EXT2__ 1
| #define __STDC_WANT_MATH_SPEC_FUNCS__ 1
| #define _TANDEM_SOURCE 1
| #define __EXTENSIONS__ 1
| #define PY_SUPPORT_TIER 0
| #define Py_DEBUG 1
| #define STDC_HEADERS 1
| #define HAVE_BLUETOOTH_H 1
| #define HAVE_DLFCN_H 1
| #define HAVE_ENDIAN_H 1
| #define HAVE_ERRNO_H 1
| #define HAVE_FCNTL_H 1
| #define HAVE_GRP_H 1
| #define HAVE_IEEEFP_H 1
| #define HAVE_LANGINFO_H 1
| #define HAVE_LIBINTL_H 1
| #define HAVE_LIBUTIL_H 1
| #define HAVE_SYS_AUXV_H 1
| #define HAVE_NETDB_H 1
| #define HAVE_NET_ETHERNET_H 1
| #define HAVE_NETINET_IN_H 1
| #define HAVE_POLL_H 1
| #define HAVE_PTHREAD_H 1
| #define HAVE_SCHED_H 1
| #define HAVE_SETJMP_H 1
| #define HAVE_SIGNAL_H 1
| #define HAVE_SPAWN_H 1
| #define HAVE_SYS_ENDIAN_H 1
| #define HAVE_SYS_EVENT_H 1
| #define HAVE_SYS_EVENTFD_H 1
| #define HAVE_SYS_FILE_H 1
| #define HAVE_SYS_IOCTL_H 1
| #define HAVE_SYS_LOCK_H 1
| #define HAVE_SYS_MMAN_H 1
| #define HAVE_SYS_PARAM_H 1
| #define HAVE_SYS_POLL_H 1
| #define HAVE_SYS_RANDOM_H 1
| #define HAVE_SYS_RESOURCE_H 1
| #define HAVE_SYS_SELECT_H 1
| #define HAVE_SYS_SOCKET_H 1
| #define HAVE_SYS_SOUNDCARD_H 1
| #define HAVE_SYS_STAT_H 1
| #define HAVE_SYS_STATVFS_H 1
| #define HAVE_SYS_SYSCALL_H 1
| #define HAVE_SYS_TIME_H 1
| #define HAVE_SYS_TIMES_H 1
| #define HAVE_SYS_TYPES_H 1
| #define HAVE_SYS_UIO_H 1
| #define HAVE_SYS_UN_H 1
| #define HAVE_SYS_UTSNAME_H 1
| #define HAVE_SYS_WAIT_H 1
| #define HAVE_SYSEXITS_H 1
| #define HAVE_SYSLOG_H 1
| #define HAVE_TERMIOS_H 1
| #define HAVE_UTIME_H 1
| #define HAVE_DIRENT_H 1
| #define HAVE_NET_IF_H 1
| #define HAVE_MAKEDEV 1
| #define _LARGEFILE_SOURCE 1
| #define _FILE_OFFSET_BITS 64
| #if defined(SCO_DS)
| #undef _OFF_T
| #endif
| #define RETSIGTYPE void
| #define HAVE_SSIZE_T 1
| #define HAVE_GCC_UINT128_T 1
| #define SIZEOF_INT 4
| #define SIZEOF_LONG 8
| #define ALIGNOF_LONG 8
| #define SIZEOF_LONG_LONG 8
| #define SIZEOF_VOID_P 16
| #define SIZEOF_SHORT 2
| #define SIZEOF_FLOAT 4
| #define SIZEOF_DOUBLE 8
| #define SIZEOF_FPOS_T 8
| #define SIZEOF_SIZE_T 8
| #define ALIGNOF_SIZE_T 8
| #define SIZEOF_PID_T 4
| #define SIZEOF_UINTPTR_T 16
| #define ALIGNOF_MAX_ALIGN_T 16
| #define HAVE_LONG_DOUBLE 1
| #define SIZEOF_LONG_DOUBLE 16
| #define SIZEOF__BOOL 1
| #define SIZEOF_OFF_T 8
| #define SIZEOF_TIME_T 8
| #define SIZEOF_PTHREAD_T 16
| #define SIZEOF_PTHREAD_KEY_T 4
| #define PTHREAD_KEY_T_IS_COMPATIBLE_WITH_INT 1
| #define HAVE_LIBDL 1
| /* end confdefs.h.  */
| 
| /* Override any GCC internal prototype to avoid an error.
|    Use char because int might match the return type of a GCC
|    builtin and then its argument prototype would still apply.  */
| char shl_load ();
| int
| main (void)
| {
| return shl_load ();
|   ;
|   return 0;
| }
configure:13156: result: no
configure:13175: checking for uuid.h
configure:13175: cc -c -mabi=purecap -I/usr/local/include -I/usr/include conftest.c >&5
configure:13175: $? = 0
configure:13175: result: yes
configure:13183: checking for uuid_create
configure:13183: cc -o conftest -mabi=purecap -I/usr/local/include -I/usr/include -mabi=purecap -L/usr/local/lib -L/usr/lib -lmd -lcheri_caprevoke conftest.c -ldl  >&5
configure:13183: $? = 0
configure:13183: result: yes
configure:13183: checking for uuid_enc_be
configure:13183: cc -o conftest -mabi=purecap -I/usr/local/include -I/usr/include -mabi=purecap -L/usr/local/lib -L/usr/lib -lmd -lcheri_caprevoke conftest.c -ldl  >&5
configure:13183: $? = 0
configure:13183: result: yes
configure:13562: checking for library containing sem_init
configure:13592: cc -o conftest -mabi=purecap -I/usr/local/include -I/usr/include -mabi=purecap -L/usr/local/lib -L/usr/lib -lmd -lcheri_caprevoke conftest.c -ldl  >&5
configure:13592: $? = 0
configure:13612: result: none required
configure:13623: checking for textdomain in -lintl
configure:13646: cc -o conftest -mabi=purecap -I/usr/local/include -I/usr/include -mabi=purecap -L/usr/local/lib -L/usr/lib -lmd -lcheri_caprevoke conftest.c -lintl  -ldl  >&5
configure:13646: $? = 0
configure:13656: result: yes
configure:13717: checking aligned memory access is required
configure:13743: cc -o conftest -mabi=purecap -I/usr/local/include -I/usr/include -mabi=purecap -L/usr/local/lib -L/usr/lib -lmd -lcheri_caprevoke conftest.c -lintl -ldl  >&5
configure:13743: $? = 0
configure:13743: ./conftest
configure:13743: $? = 0
configure:13755: result: no
configure:13766: checking for --with-hash-algorithm
configure:13794: result: default
configure:13814: checking for --with-tzpath
configure:13835: result: "/usr/share/zoneinfo:/usr/lib/zoneinfo:/usr/share/lib/zoneinfo:/etc/zoneinfo"
configure:13842: checking for t_open in -lnsl
configure:13865: cc -o conftest -mabi=purecap -I/usr/local/include -I/usr/include -mabi=purecap -L/usr/local/lib -L/usr/lib -lmd -lcheri_caprevoke conftest.c -lnsl  -lintl -ldl  >&5
ld: error: unable to find library -lnsl
clang-14: error: linker command failed with exit code 1 (use -v to see invocation)
configure:13865: $? = 1
configure: failed program was:
| /* confdefs.h */
| #define _NETBSD_SOURCE 1
| #define __BSD_VISIBLE 1
| #define _DARWIN_C_SOURCE 1
| #define _PYTHONFRAMEWORK ""
| #define _XOPEN_SOURCE 700
| #define _XOPEN_SOURCE_EXTENDED 1
| #define _POSIX_C_SOURCE 200809L
| #define HAVE_STDIO_H 1
| #define HAVE_STDLIB_H 1
| #define HAVE_STRING_H 1
| #define HAVE_INTTYPES_H 1
| #define HAVE_STDINT_H 1
| #define HAVE_STRINGS_H 1
| #define HAVE_SYS_STAT_H 1
| #define HAVE_SYS_TYPES_H 1
| #define HAVE_UNISTD_H 1
| #define HAVE_WCHAR_H 1
| #define STDC_HEADERS 1
| #define _ALL_SOURCE 1
| #define _DARWIN_C_SOURCE 1
| #define _GNU_SOURCE 1
| #define _HPUX_ALT_XOPEN_SOCKET_API 1
| #define _NETBSD_SOURCE 1
| #define _OPENBSD_SOURCE 1
| #define _POSIX_PTHREAD_SEMANTICS 1
| #define __STDC_WANT_IEC_60559_ATTRIBS_EXT__ 1
| #define __STDC_WANT_IEC_60559_BFP_EXT__ 1
| #define __STDC_WANT_IEC_60559_DFP_EXT__ 1
| #define __STDC_WANT_IEC_60559_FUNCS_EXT__ 1
| #define __STDC_WANT_IEC_60559_TYPES_EXT__ 1
| #define __STDC_WANT_LIB_EXT2__ 1
| #define __STDC_WANT_MATH_SPEC_FUNCS__ 1
| #define _TANDEM_SOURCE 1
| #define __EXTENSIONS__ 1
| #define PY_SUPPORT_TIER 0
| #define Py_DEBUG 1
| #define STDC_HEADERS 1
| #define HAVE_BLUETOOTH_H 1
| #define HAVE_DLFCN_H 1
| #define HAVE_ENDIAN_H 1
| #define HAVE_ERRNO_H 1
| #define HAVE_FCNTL_H 1
| #define HAVE_GRP_H 1
| #define HAVE_IEEEFP_H 1
| #define HAVE_LANGINFO_H 1
| #define HAVE_LIBINTL_H 1
| #define HAVE_LIBUTIL_H 1
| #define HAVE_SYS_AUXV_H 1
| #define HAVE_NETDB_H 1
| #define HAVE_NET_ETHERNET_H 1
| #define HAVE_NETINET_IN_H 1
| #define HAVE_POLL_H 1
| #define HAVE_PTHREAD_H 1
| #define HAVE_SCHED_H 1
| #define HAVE_SETJMP_H 1
| #define HAVE_SIGNAL_H 1
| #define HAVE_SPAWN_H 1
| #define HAVE_SYS_ENDIAN_H 1
| #define HAVE_SYS_EVENT_H 1
| #define HAVE_SYS_EVENTFD_H 1
| #define HAVE_SYS_FILE_H 1
| #define HAVE_SYS_IOCTL_H 1
| #define HAVE_SYS_LOCK_H 1
| #define HAVE_SYS_MMAN_H 1
| #define HAVE_SYS_PARAM_H 1
| #define HAVE_SYS_POLL_H 1
| #define HAVE_SYS_RANDOM_H 1
| #define HAVE_SYS_RESOURCE_H 1
| #define HAVE_SYS_SELECT_H 1
| #define HAVE_SYS_SOCKET_H 1
| #define HAVE_SYS_SOUNDCARD_H 1
| #define HAVE_SYS_STAT_H 1
| #define HAVE_SYS_STATVFS_H 1
| #define HAVE_SYS_SYSCALL_H 1
| #define HAVE_SYS_TIME_H 1
| #define HAVE_SYS_TIMES_H 1
| #define HAVE_SYS_TYPES_H 1
| #define HAVE_SYS_UIO_H 1
| #define HAVE_SYS_UN_H 1
| #define HAVE_SYS_UTSNAME_H 1
| #define HAVE_SYS_WAIT_H 1
| #define HAVE_SYSEXITS_H 1
| #define HAVE_SYSLOG_H 1
| #define HAVE_TERMIOS_H 1
| #define HAVE_UTIME_H 1
| #define HAVE_DIRENT_H 1
| #define HAVE_NET_IF_H 1
| #define HAVE_MAKEDEV 1
| #define _LARGEFILE_SOURCE 1
| #define _FILE_OFFSET_BITS 64
| #if defined(SCO_DS)
| #undef _OFF_T
| #endif
| #define RETSIGTYPE void
| #define HAVE_SSIZE_T 1
| #define HAVE_GCC_UINT128_T 1
| #define SIZEOF_INT 4
| #define SIZEOF_LONG 8
| #define ALIGNOF_LONG 8
| #define SIZEOF_LONG_LONG 8
| #define SIZEOF_VOID_P 16
| #define SIZEOF_SHORT 2
| #define SIZEOF_FLOAT 4
| #define SIZEOF_DOUBLE 8
| #define SIZEOF_FPOS_T 8
| #define SIZEOF_SIZE_T 8
| #define ALIGNOF_SIZE_T 8
| #define SIZEOF_PID_T 4
| #define SIZEOF_UINTPTR_T 16
| #define ALIGNOF_MAX_ALIGN_T 16
| #define HAVE_LONG_DOUBLE 1
| #define SIZEOF_LONG_DOUBLE 16
| #define SIZEOF__BOOL 1
| #define SIZEOF_OFF_T 8
| #define SIZEOF_TIME_T 8
| #define SIZEOF_PTHREAD_T 16
| #define SIZEOF_PTHREAD_KEY_T 4
| #define PTHREAD_KEY_T_IS_COMPATIBLE_WITH_INT 1
| #define HAVE_LIBDL 1
| #define HAVE_UUID_H 1
| #define HAVE_UUID_CREATE 1
| #define HAVE_UUID_ENC_BE 1
| #define WITH_LIBINTL 1
| /* end confdefs.h.  */
| 
| /* Override any GCC internal prototype to avoid an error.
|    Use char because int might match the return type of a GCC
|    builtin and then its argument prototype would still apply.  */
| char t_open ();
| int
| main (void)
| {
| return t_open ();
|   ;
|   return 0;
| }
configure:13875: result: no
configure:13882: checking for socket in -lsocket
configure:13905: cc -o conftest -mabi=purecap -I/usr/local/include -I/usr/include -mabi=purecap -L/usr/local/lib -L/usr/lib -lmd -lcheri_caprevoke conftest.c -lsocket -lintl -ldl  -lintl -ldl  >&5
ld: error: unable to find library -lsocket
clang-14: error: linker command failed with exit code 1 (use -v to see invocation)
configure:13905: $? = 1
configure: failed program was:
| /* confdefs.h */
| #define _NETBSD_SOURCE 1
| #define __BSD_VISIBLE 1
| #define _DARWIN_C_SOURCE 1
| #define _PYTHONFRAMEWORK ""
| #define _XOPEN_SOURCE 700
| #define _XOPEN_SOURCE_EXTENDED 1
| #define _POSIX_C_SOURCE 200809L
| #define HAVE_STDIO_H 1
| #define HAVE_STDLIB_H 1
| #define HAVE_STRING_H 1
| #define HAVE_INTTYPES_H 1
| #define HAVE_STDINT_H 1
| #define HAVE_STRINGS_H 1
| #define HAVE_SYS_STAT_H 1
| #define HAVE_SYS_TYPES_H 1
| #define HAVE_UNISTD_H 1
| #define HAVE_WCHAR_H 1
| #define STDC_HEADERS 1
| #define _ALL_SOURCE 1
| #define _DARWIN_C_SOURCE 1
| #define _GNU_SOURCE 1
| #define _HPUX_ALT_XOPEN_SOCKET_API 1
| #define _NETBSD_SOURCE 1
| #define _OPENBSD_SOURCE 1
| #define _POSIX_PTHREAD_SEMANTICS 1
| #define __STDC_WANT_IEC_60559_ATTRIBS_EXT__ 1
| #define __STDC_WANT_IEC_60559_BFP_EXT__ 1
| #define __STDC_WANT_IEC_60559_DFP_EXT__ 1
| #define __STDC_WANT_IEC_60559_FUNCS_EXT__ 1
| #define __STDC_WANT_IEC_60559_TYPES_EXT__ 1
| #define __STDC_WANT_LIB_EXT2__ 1
| #define __STDC_WANT_MATH_SPEC_FUNCS__ 1
| #define _TANDEM_SOURCE 1
| #define __EXTENSIONS__ 1
| #define PY_SUPPORT_TIER 0
| #define Py_DEBUG 1
| #define STDC_HEADERS 1
| #define HAVE_BLUETOOTH_H 1
| #define HAVE_DLFCN_H 1
| #define HAVE_ENDIAN_H 1
| #define HAVE_ERRNO_H 1
| #define HAVE_FCNTL_H 1
| #define HAVE_GRP_H 1
| #define HAVE_IEEEFP_H 1
| #define HAVE_LANGINFO_H 1
| #define HAVE_LIBINTL_H 1
| #define HAVE_LIBUTIL_H 1
| #define HAVE_SYS_AUXV_H 1
| #define HAVE_NETDB_H 1
| #define HAVE_NET_ETHERNET_H 1
| #define HAVE_NETINET_IN_H 1
| #define HAVE_POLL_H 1
| #define HAVE_PTHREAD_H 1
| #define HAVE_SCHED_H 1
| #define HAVE_SETJMP_H 1
| #define HAVE_SIGNAL_H 1
| #define HAVE_SPAWN_H 1
| #define HAVE_SYS_ENDIAN_H 1
| #define HAVE_SYS_EVENT_H 1
| #define HAVE_SYS_EVENTFD_H 1
| #define HAVE_SYS_FILE_H 1
| #define HAVE_SYS_IOCTL_H 1
| #define HAVE_SYS_LOCK_H 1
| #define HAVE_SYS_MMAN_H 1
| #define HAVE_SYS_PARAM_H 1
| #define HAVE_SYS_POLL_H 1
| #define HAVE_SYS_RANDOM_H 1
| #define HAVE_SYS_RESOURCE_H 1
| #define HAVE_SYS_SELECT_H 1
| #define HAVE_SYS_SOCKET_H 1
| #define HAVE_SYS_SOUNDCARD_H 1
| #define HAVE_SYS_STAT_H 1
| #define HAVE_SYS_STATVFS_H 1
| #define HAVE_SYS_SYSCALL_H 1
| #define HAVE_SYS_TIME_H 1
| #define HAVE_SYS_TIMES_H 1
| #define HAVE_SYS_TYPES_H 1
| #define HAVE_SYS_UIO_H 1
| #define HAVE_SYS_UN_H 1
| #define HAVE_SYS_UTSNAME_H 1
| #define HAVE_SYS_WAIT_H 1
| #define HAVE_SYSEXITS_H 1
| #define HAVE_SYSLOG_H 1
| #define HAVE_TERMIOS_H 1
| #define HAVE_UTIME_H 1
| #define HAVE_DIRENT_H 1
| #define HAVE_NET_IF_H 1
| #define HAVE_MAKEDEV 1
| #define _LARGEFILE_SOURCE 1
| #define _FILE_OFFSET_BITS 64
| #if defined(SCO_DS)
| #undef _OFF_T
| #endif
| #define RETSIGTYPE void
| #define HAVE_SSIZE_T 1
| #define HAVE_GCC_UINT128_T 1
| #define SIZEOF_INT 4
| #define SIZEOF_LONG 8
| #define ALIGNOF_LONG 8
| #define SIZEOF_LONG_LONG 8
| #define SIZEOF_VOID_P 16
| #define SIZEOF_SHORT 2
| #define SIZEOF_FLOAT 4
| #define SIZEOF_DOUBLE 8
| #define SIZEOF_FPOS_T 8
| #define SIZEOF_SIZE_T 8
| #define ALIGNOF_SIZE_T 8
| #define SIZEOF_PID_T 4
| #define SIZEOF_UINTPTR_T 16
| #define ALIGNOF_MAX_ALIGN_T 16
| #define HAVE_LONG_DOUBLE 1
| #define SIZEOF_LONG_DOUBLE 16
| #define SIZEOF__BOOL 1
| #define SIZEOF_OFF_T 8
| #define SIZEOF_TIME_T 8
| #define SIZEOF_PTHREAD_T 16
| #define SIZEOF_PTHREAD_KEY_T 4
| #define PTHREAD_KEY_T_IS_COMPATIBLE_WITH_INT 1
| #define HAVE_LIBDL 1
| #define HAVE_UUID_H 1
| #define HAVE_UUID_CREATE 1
| #define HAVE_UUID_ENC_BE 1
| #define WITH_LIBINTL 1
| /* end confdefs.h.  */
| 
| /* Override any GCC internal prototype to avoid an error.
|    Use char because int might match the return type of a GCC
|    builtin and then its argument prototype would still apply.  */
| char socket ();
| int
| main (void)
| {
| return socket ();
|   ;
|   return 0;
| }
configure:13915: result: no
configure:13968: checking for --with-libs
configure:13980: result: no
configure:13986: checking for --with-system-expat
configure:13998: result: no
configure:14095: checking for libffi
configure:14102: $PKG_CONFIG --exists --print-errors "libffi"
configure:14105: $? = 0
configure:14119: $PKG_CONFIG --exists --print-errors "libffi"
configure:14122: $? = 0
configure:14298: result: yes
configure:14345: checking for ffi_prep_cif_var
configure:14362: cc -c -I/usr/local/include  -mabi=purecap -I/usr/local/include -I/usr/include conftest.c >&5
In file included from conftest.c:126:
/usr/local/include/ffi.h:351:3: warning: alignment (8) of 'ffi_closure' is less than the required capability alignment (16) [-Wcheri-capability-misuse]
} ffi_closure
  ^
/usr/local/include/ffi.h:351:3: note: If you are certain that this is correct you can silence the warning by adding __attribute__((annotate("underaligned_capability")))
1 warning generated.
configure:14362: $? = 0
configure:14371: result: yes
configure:14384: checking for ffi_prep_closure_loc
configure:14401: cc -c -I/usr/local/include  -mabi=purecap -I/usr/local/include -I/usr/include conftest.c >&5
In file included from conftest.c:127:
/usr/local/include/ffi.h:351:3: warning: alignment (8) of 'ffi_closure' is less than the required capability alignment (16) [-Wcheri-capability-misuse]
} ffi_closure
  ^
/usr/local/include/ffi.h:351:3: note: If you are certain that this is correct you can silence the warning by adding __attribute__((annotate("underaligned_capability")))
1 warning generated.
configure:14401: $? = 0
configure:14410: result: yes
configure:14423: checking for ffi_closure_alloc
configure:14440: cc -c -I/usr/local/include  -mabi=purecap -I/usr/local/include -I/usr/include conftest.c >&5
In file included from conftest.c:128:
/usr/local/include/ffi.h:351:3: warning: alignment (8) of 'ffi_closure' is less than the required capability alignment (16) [-Wcheri-capability-misuse]
} ffi_closure
  ^
/usr/local/include/ffi.h:351:3: note: If you are certain that this is correct you can silence the warning by adding __attribute__((annotate("underaligned_capability")))
1 warning generated.
configure:14440: $? = 0
configure:14449: result: yes
configure:14471: checking for --with-system-libmpdec
configure:14482: result: no
configure:14511: checking for --with-decimal-contextvar
configure:14530: result: yes
configure:14534: checking for decimal libmpdec machine
configure:14574: result: uint128
configure:14613: checking for libnsl
configure:14620: $PKG_CONFIG --exists --print-errors "libnsl"
Package libnsl was not found in the pkg-config search path.
Perhaps you should add the directory containing `libnsl.pc'
to the PKG_CONFIG_PATH environment variable
Package 'libnsl', required by 'virtual:world', not found
configure:14623: $? = 1
configure:14637: $PKG_CONFIG --exists --print-errors "libnsl"
Package libnsl was not found in the pkg-config search path.
Perhaps you should add the directory containing `libnsl.pc'
to the PKG_CONFIG_PATH environment variable
Package 'libnsl', required by 'virtual:world', not found
configure:14640: $? = 1
configure:14654: result: no
Package 'libnsl', required by 'virtual:world', not found
configure:14678: checking for library containing yp_match
configure:14708: cc -o conftest -mabi=purecap -I/usr/local/include -I/usr/include -mabi=purecap -L/usr/local/lib -L/usr/lib -lmd -lcheri_caprevoke conftest.c -lintl -ldl  >&5
configure:14708: $? = 0
configure:14728: result: none required
configure:14865: checking for rpc/rpc.h
configure:14865: cc -c -mabi=purecap -I/usr/local/include -I/usr/include  conftest.c >&5
configure:14865: $? = 0
configure:14865: result: yes
configure:14906: checking for sqlite3 >= 3.7.15
configure:14913: $PKG_CONFIG --exists --print-errors "sqlite3 >= 3.7.15"
configure:14916: $? = 0
configure:14930: $PKG_CONFIG --exists --print-errors "sqlite3 >= 3.7.15"
configure:14933: $? = 0
configure:14979: result: yes
configure:14996: checking for sqlite3.h
configure:14996: cc -c -mabi=purecap -I/usr/local/include -I/usr/include -I/usr/local/include  -I$(srcdir)/Modules/_sqlite conftest.c >&5
configure:14996: $? = 0
configure:14996: result: yes
configure:15020: cc -c -mabi=purecap -I/usr/local/include -I/usr/include -I/usr/local/include  -I$(srcdir)/Modules/_sqlite conftest.c >&5
configure:15020: $? = 0
configure:15025: checking for sqlite3_bind_double in -lsqlite3
configure:15048: cc -o conftest -mabi=purecap -I/usr/local/include -I/usr/include -I/usr/local/include  -I$(srcdir)/Modules/_sqlite -L/usr/local/lib -lsqlite3  -mabi=purecap -L/usr/local/lib -L/usr/lib -lmd -lcheri_caprevoke conftest.c -lsqlite3  -lintl -ldl  >&5
configure:15048: $? = 0
configure:15058: result: yes
configure:15074: checking for sqlite3_column_decltype in -lsqlite3
configure:15097: cc -o conftest -mabi=purecap -I/usr/local/include -I/usr/include -I/usr/local/include  -I$(srcdir)/Modules/_sqlite -L/usr/local/lib -lsqlite3  -mabi=purecap -L/usr/local/lib -L/usr/lib -lmd -lcheri_caprevoke conftest.c -lsqlite3  -lsqlite3 -lintl -ldl  >&5
configure:15097: $? = 0
configure:15107: result: yes
configure:15123: checking for sqlite3_column_double in -lsqlite3
configure:15146: cc -o conftest -mabi=purecap -I/usr/local/include -I/usr/include -I/usr/local/include  -I$(srcdir)/Modules/_sqlite -L/usr/local/lib -lsqlite3  -mabi=purecap -L/usr/local/lib -L/usr/lib -lmd -lcheri_caprevoke conftest.c -lsqlite3  -lsqlite3 -lsqlite3 -lintl -ldl  >&5
configure:15146: $? = 0
configure:15156: result: yes
configure:15172: checking for sqlite3_complete in -lsqlite3
configure:15195: cc -o conftest -mabi=purecap -I/usr/local/include -I/usr/include -I/usr/local/include  -I$(srcdir)/Modules/_sqlite -L/usr/local/lib -lsqlite3  -mabi=purecap -L/usr/local/lib -L/usr/lib -lmd -lcheri_caprevoke conftest.c -lsqlite3  -lsqlite3 -lsqlite3 -lsqlite3 -lintl -ldl  >&5
configure:15195: $? = 0
configure:15205: result: yes
configure:15221: checking for sqlite3_progress_handler in -lsqlite3
configure:15244: cc -o conftest -mabi=purecap -I/usr/local/include -I/usr/include -I/usr/local/include  -I$(srcdir)/Modules/_sqlite -L/usr/local/lib -lsqlite3  -mabi=purecap -L/usr/local/lib -L/usr/lib -lmd -lcheri_caprevoke conftest.c -lsqlite3  -lsqlite3 -lsqlite3 -lsqlite3 -lsqlite3 -lintl -ldl  >&5
configure:15244: $? = 0
configure:15254: result: yes
configure:15270: checking for sqlite3_result_double in -lsqlite3
configure:15293: cc -o conftest -mabi=purecap -I/usr/local/include -I/usr/include -I/usr/local/include  -I$(srcdir)/Modules/_sqlite -L/usr/local/lib -lsqlite3  -mabi=purecap -L/usr/local/lib -L/usr/lib -lmd -lcheri_caprevoke conftest.c -lsqlite3  -lsqlite3 -lsqlite3 -lsqlite3 -lsqlite3 -lsqlite3 -lintl -ldl  >&5
configure:15293: $? = 0
configure:15303: result: yes
configure:15319: checking for sqlite3_set_authorizer in -lsqlite3
configure:15342: cc -o conftest -mabi=purecap -I/usr/local/include -I/usr/include -I/usr/local/include  -I$(srcdir)/Modules/_sqlite -L/usr/local/lib -lsqlite3  -mabi=purecap -L/usr/local/lib -L/usr/lib -lmd -lcheri_caprevoke conftest.c -lsqlite3  -lsqlite3 -lsqlite3 -lsqlite3 -lsqlite3 -lsqlite3 -lsqlite3 -lintl -ldl  >&5
configure:15342: $? = 0
configure:15352: result: yes
configure:15368: checking for sqlite3_trace_v2 in -lsqlite3
configure:15391: cc -o conftest -mabi=purecap -I/usr/local/include -I/usr/include -I/usr/local/include  -I$(srcdir)/Modules/_sqlite -L/usr/local/lib -lsqlite3  -mabi=purecap -L/usr/local/lib -L/usr/lib -lmd -lcheri_caprevoke conftest.c -lsqlite3  -lsqlite3 -lsqlite3 -lsqlite3 -lsqlite3 -lsqlite3 -lsqlite3 -lsqlite3 -lintl -ldl  >&5
configure:15391: $? = 0
configure:15401: result: yes
configure:15467: checking for sqlite3_value_double in -lsqlite3
configure:15490: cc -o conftest -mabi=purecap -I/usr/local/include -I/usr/include -I/usr/local/include  -I$(srcdir)/Modules/_sqlite -L/usr/local/lib -lsqlite3  -mabi=purecap -L/usr/local/lib -L/usr/lib -lmd -lcheri_caprevoke conftest.c -lsqlite3  -lsqlite3 -lsqlite3 -lsqlite3 -lsqlite3 -lsqlite3 -lsqlite3 -lsqlite3 -lsqlite3 -lintl -ldl  >&5
configure:15490: $? = 0
configure:15500: result: yes
configure:15515: checking for sqlite3_load_extension in -lsqlite3
configure:15538: cc -o conftest -mabi=purecap -I/usr/local/include -I/usr/include -I/usr/local/include  -I$(srcdir)/Modules/_sqlite -L/usr/local/lib -lsqlite3  -mabi=purecap -L/usr/local/lib -L/usr/lib -lmd -lcheri_caprevoke conftest.c -lsqlite3  -lsqlite3 -lsqlite3 -lsqlite3 -lsqlite3 -lsqlite3 -lsqlite3 -lsqlite3 -lsqlite3 -lsqlite3 -lintl -ldl  >&5
configure:15538: $? = 0
configure:15548: result: yes
configure:15558: checking for sqlite3_serialize in -lsqlite3
configure:15581: cc -o conftest -mabi=purecap -I/usr/local/include -I/usr/include -I/usr/local/include  -I$(srcdir)/Modules/_sqlite -L/usr/local/lib -lsqlite3  -mabi=purecap -L/usr/local/lib -L/usr/lib -lmd -lcheri_caprevoke conftest.c -lsqlite3  -lsqlite3 -lsqlite3 -lsqlite3 -lsqlite3 -lsqlite3 -lsqlite3 -lsqlite3 -lsqlite3 -lsqlite3 -lintl -ldl  >&5
configure:15581: $? = 0
configure:15591: result: yes
configure:15620: checking for --enable-loadable-sqlite-extensions
configure:15646: result: no
configure:15662: $PKG_CONFIG --exists --print-errors "$_QUERY"
configure:15665: $? = 0
configure:15670: checking for tcl >= 8.5.12 tk >= 8.5.12
configure:15677: $PKG_CONFIG --exists --print-errors "$_QUERY"
configure:15680: $? = 0
configure:15694: $PKG_CONFIG --exists --print-errors "$_QUERY"
configure:15697: $? = 0
configure:15735: result: yes
configure:15759: $PKG_CONFIG --exists --print-errors "x11"
configure:15762: $? = 0
configure:15767: checking for x11
configure:15774: $PKG_CONFIG --exists --print-errors "x11"
configure:15777: $? = 0
configure:15791: $PKG_CONFIG --exists --print-errors "x11"
configure:15794: $? = 0
configure:15852: result: yes
configure:15910: cc -o conftest -mabi=purecap -I/usr/local/include -I/usr/include -I/usr/local/include/tcl8.6 -I/usr/local/include  -I/usr/local/include -D_THREAD_SAFE  -mabi=purecap -L/usr/local/lib -L/usr/lib -lmd -lcheri_caprevoke conftest.c -L/usr/local/lib -ltk8.6 -ltkstub8.6 -ltcl86 -ltclstub86  -L/usr/local/lib -lX11  -mabi=purecap -L/usr/local/lib -L/usr/lib -lmd -lcheri_caprevoke >&5
configure:15910: $? = 0
configure:15943: checking for gdbm.h
configure:15943: cc -c -mabi=purecap -I/usr/local/include -I/usr/include  conftest.c >&5
configure:15943: $? = 0
configure:15943: result: yes
configure:15948: checking for gdbm_open in -lgdbm
configure:15971: cc -o conftest -mabi=purecap -I/usr/local/include -I/usr/include   -mabi=purecap -L/usr/local/lib -L/usr/lib -lmd -lcheri_caprevoke conftest.c -lgdbm  -lintl -ldl  >&5
configure:15971: $? = 0
configure:15981: result: yes
configure:16009: checking for ndbm.h
configure:16009: cc -c -mabi=purecap -I/usr/local/include -I/usr/include conftest.c >&5
configure:16009: $? = 0
configure:16009: result: yes
configure:16020: checking for library containing dbm_open
configure:16050: cc -o conftest -mabi=purecap -I/usr/local/include -I/usr/include -mabi=purecap -L/usr/local/lib -L/usr/lib -lmd -lcheri_caprevoke conftest.c -lintl -ldl  >&5
configure:16050: $? = 0
configure:16070: result: none required
configure:16091: checking for ndbm presence and linker args
configure:16110: result: yes ()
configure:16119: checking for gdbm/ndbm.h
configure:16119: cc -c -mabi=purecap -I/usr/local/include -I/usr/include conftest.c >&5
conftest.c:171:10: fatal error: 'gdbm/ndbm.h' file not found
#include <gdbm/ndbm.h>
         ^~~~~~~~~~~~~
1 error generated.
configure:16119: $? = 1
configure: failed program was:
| /* confdefs.h */
| #define _NETBSD_SOURCE 1
| #define __BSD_VISIBLE 1
| #define _DARWIN_C_SOURCE 1
| #define _PYTHONFRAMEWORK ""
| #define _XOPEN_SOURCE 700
| #define _XOPEN_SOURCE_EXTENDED 1
| #define _POSIX_C_SOURCE 200809L
| #define HAVE_STDIO_H 1
| #define HAVE_STDLIB_H 1
| #define HAVE_STRING_H 1
| #define HAVE_INTTYPES_H 1
| #define HAVE_STDINT_H 1
| #define HAVE_STRINGS_H 1
| #define HAVE_SYS_STAT_H 1
| #define HAVE_SYS_TYPES_H 1
| #define HAVE_UNISTD_H 1
| #define HAVE_WCHAR_H 1
| #define STDC_HEADERS 1
| #define _ALL_SOURCE 1
| #define _DARWIN_C_SOURCE 1
| #define _GNU_SOURCE 1
| #define _HPUX_ALT_XOPEN_SOCKET_API 1
| #define _NETBSD_SOURCE 1
| #define _OPENBSD_SOURCE 1
| #define _POSIX_PTHREAD_SEMANTICS 1
| #define __STDC_WANT_IEC_60559_ATTRIBS_EXT__ 1
| #define __STDC_WANT_IEC_60559_BFP_EXT__ 1
| #define __STDC_WANT_IEC_60559_DFP_EXT__ 1
| #define __STDC_WANT_IEC_60559_FUNCS_EXT__ 1
| #define __STDC_WANT_IEC_60559_TYPES_EXT__ 1
| #define __STDC_WANT_LIB_EXT2__ 1
| #define __STDC_WANT_MATH_SPEC_FUNCS__ 1
| #define _TANDEM_SOURCE 1
| #define __EXTENSIONS__ 1
| #define PY_SUPPORT_TIER 0
| #define Py_DEBUG 1
| #define STDC_HEADERS 1
| #define HAVE_BLUETOOTH_H 1
| #define HAVE_DLFCN_H 1
| #define HAVE_ENDIAN_H 1
| #define HAVE_ERRNO_H 1
| #define HAVE_FCNTL_H 1
| #define HAVE_GRP_H 1
| #define HAVE_IEEEFP_H 1
| #define HAVE_LANGINFO_H 1
| #define HAVE_LIBINTL_H 1
| #define HAVE_LIBUTIL_H 1
| #define HAVE_SYS_AUXV_H 1
| #define HAVE_NETDB_H 1
| #define HAVE_NET_ETHERNET_H 1
| #define HAVE_NETINET_IN_H 1
| #define HAVE_POLL_H 1
| #define HAVE_PTHREAD_H 1
| #define HAVE_SCHED_H 1
| #define HAVE_SETJMP_H 1
| #define HAVE_SIGNAL_H 1
| #define HAVE_SPAWN_H 1
| #define HAVE_SYS_ENDIAN_H 1
| #define HAVE_SYS_EVENT_H 1
| #define HAVE_SYS_EVENTFD_H 1
| #define HAVE_SYS_FILE_H 1
| #define HAVE_SYS_IOCTL_H 1
| #define HAVE_SYS_LOCK_H 1
| #define HAVE_SYS_MMAN_H 1
| #define HAVE_SYS_PARAM_H 1
| #define HAVE_SYS_POLL_H 1
| #define HAVE_SYS_RANDOM_H 1
| #define HAVE_SYS_RESOURCE_H 1
| #define HAVE_SYS_SELECT_H 1
| #define HAVE_SYS_SOCKET_H 1
| #define HAVE_SYS_SOUNDCARD_H 1
| #define HAVE_SYS_STAT_H 1
| #define HAVE_SYS_STATVFS_H 1
| #define HAVE_SYS_SYSCALL_H 1
| #define HAVE_SYS_TIME_H 1
| #define HAVE_SYS_TIMES_H 1
| #define HAVE_SYS_TYPES_H 1
| #define HAVE_SYS_UIO_H 1
| #define HAVE_SYS_UN_H 1
| #define HAVE_SYS_UTSNAME_H 1
| #define HAVE_SYS_WAIT_H 1
| #define HAVE_SYSEXITS_H 1
| #define HAVE_SYSLOG_H 1
| #define HAVE_TERMIOS_H 1
| #define HAVE_UTIME_H 1
| #define HAVE_DIRENT_H 1
| #define HAVE_NET_IF_H 1
| #define HAVE_MAKEDEV 1
| #define _LARGEFILE_SOURCE 1
| #define _FILE_OFFSET_BITS 64
| #if defined(SCO_DS)
| #undef _OFF_T
| #endif
| #define RETSIGTYPE void
| #define HAVE_SSIZE_T 1
| #define HAVE_GCC_UINT128_T 1
| #define SIZEOF_INT 4
| #define SIZEOF_LONG 8
| #define ALIGNOF_LONG 8
| #define SIZEOF_LONG_LONG 8
| #define SIZEOF_VOID_P 16
| #define SIZEOF_SHORT 2
| #define SIZEOF_FLOAT 4
| #define SIZEOF_DOUBLE 8
| #define SIZEOF_FPOS_T 8
| #define SIZEOF_SIZE_T 8
| #define ALIGNOF_SIZE_T 8
| #define SIZEOF_PID_T 4
| #define SIZEOF_UINTPTR_T 16
| #define ALIGNOF_MAX_ALIGN_T 16
| #define HAVE_LONG_DOUBLE 1
| #define SIZEOF_LONG_DOUBLE 16
| #define SIZEOF__BOOL 1
| #define SIZEOF_OFF_T 8
| #define SIZEOF_TIME_T 8
| #define SIZEOF_PTHREAD_T 16
| #define SIZEOF_PTHREAD_KEY_T 4
| #define PTHREAD_KEY_T_IS_COMPATIBLE_WITH_INT 1
| #define HAVE_LIBDL 1
| #define HAVE_UUID_H 1
| #define HAVE_UUID_CREATE 1
| #define HAVE_UUID_ENC_BE 1
| #define WITH_LIBINTL 1
| #define HAVE_FFI_PREP_CIF_VAR 1
| #define HAVE_FFI_PREP_CLOSURE_LOC 1
| #define HAVE_FFI_CLOSURE_ALLOC 1
| #define WITH_DECIMAL_CONTEXTVAR 1
| #define HAVE_RPC_RPC_H 1
| #define HAVE_LIBSQLITE3 1
| #define HAVE_LIBSQLITE3 1
| #define HAVE_LIBSQLITE3 1
| #define HAVE_LIBSQLITE3 1
| #define HAVE_LIBSQLITE3 1
| #define HAVE_LIBSQLITE3 1
| #define HAVE_LIBSQLITE3 1
| #define HAVE_LIBSQLITE3 1
| #define HAVE_LIBSQLITE3 1
| #define PY_SQLITE_HAVE_SERIALIZE 1
| #define HAVE_GDBM_H 1
| #define HAVE_NDBM_H 1
| /* end confdefs.h.  */
| #include <stddef.h>
| #ifdef HAVE_STDIO_H
| # include <stdio.h>
| #endif
| #ifdef HAVE_STDLIB_H
| # include <stdlib.h>
| #endif
| #ifdef HAVE_STRING_H
| # include <string.h>
| #endif
| #ifdef HAVE_INTTYPES_H
| # include <inttypes.h>
| #endif
| #ifdef HAVE_STDINT_H
| # include <stdint.h>
| #endif
| #ifdef HAVE_STRINGS_H
| # include <strings.h>
| #endif
| #ifdef HAVE_SYS_TYPES_H
| # include <sys/types.h>
| #endif
| #ifdef HAVE_SYS_STAT_H
| # include <sys/stat.h>
| #endif
| #ifdef HAVE_UNISTD_H
| # include <unistd.h>
| #endif
| #include <gdbm/ndbm.h>
configure:16119: result: no
configure:16146: checking for gdbm-ndbm.h
configure:16146: cc -c -mabi=purecap -I/usr/local/include -I/usr/include conftest.c >&5
conftest.c:171:10: fatal error: 'gdbm-ndbm.h' file not found
#include <gdbm-ndbm.h>
         ^~~~~~~~~~~~~
1 error generated.
configure:16146: $? = 1
configure: failed program was:
| /* confdefs.h */
| #define _NETBSD_SOURCE 1
| #define __BSD_VISIBLE 1
| #define _DARWIN_C_SOURCE 1
| #define _PYTHONFRAMEWORK ""
| #define _XOPEN_SOURCE 700
| #define _XOPEN_SOURCE_EXTENDED 1
| #define _POSIX_C_SOURCE 200809L
| #define HAVE_STDIO_H 1
| #define HAVE_STDLIB_H 1
| #define HAVE_STRING_H 1
| #define HAVE_INTTYPES_H 1
| #define HAVE_STDINT_H 1
| #define HAVE_STRINGS_H 1
| #define HAVE_SYS_STAT_H 1
| #define HAVE_SYS_TYPES_H 1
| #define HAVE_UNISTD_H 1
| #define HAVE_WCHAR_H 1
| #define STDC_HEADERS 1
| #define _ALL_SOURCE 1
| #define _DARWIN_C_SOURCE 1
| #define _GNU_SOURCE 1
| #define _HPUX_ALT_XOPEN_SOCKET_API 1
| #define _NETBSD_SOURCE 1
| #define _OPENBSD_SOURCE 1
| #define _POSIX_PTHREAD_SEMANTICS 1
| #define __STDC_WANT_IEC_60559_ATTRIBS_EXT__ 1
| #define __STDC_WANT_IEC_60559_BFP_EXT__ 1
| #define __STDC_WANT_IEC_60559_DFP_EXT__ 1
| #define __STDC_WANT_IEC_60559_FUNCS_EXT__ 1
| #define __STDC_WANT_IEC_60559_TYPES_EXT__ 1
| #define __STDC_WANT_LIB_EXT2__ 1
| #define __STDC_WANT_MATH_SPEC_FUNCS__ 1
| #define _TANDEM_SOURCE 1
| #define __EXTENSIONS__ 1
| #define PY_SUPPORT_TIER 0
| #define Py_DEBUG 1
| #define STDC_HEADERS 1
| #define HAVE_BLUETOOTH_H 1
| #define HAVE_DLFCN_H 1
| #define HAVE_ENDIAN_H 1
| #define HAVE_ERRNO_H 1
| #define HAVE_FCNTL_H 1
| #define HAVE_GRP_H 1
| #define HAVE_IEEEFP_H 1
| #define HAVE_LANGINFO_H 1
| #define HAVE_LIBINTL_H 1
| #define HAVE_LIBUTIL_H 1
| #define HAVE_SYS_AUXV_H 1
| #define HAVE_NETDB_H 1
| #define HAVE_NET_ETHERNET_H 1
| #define HAVE_NETINET_IN_H 1
| #define HAVE_POLL_H 1
| #define HAVE_PTHREAD_H 1
| #define HAVE_SCHED_H 1
| #define HAVE_SETJMP_H 1
| #define HAVE_SIGNAL_H 1
| #define HAVE_SPAWN_H 1
| #define HAVE_SYS_ENDIAN_H 1
| #define HAVE_SYS_EVENT_H 1
| #define HAVE_SYS_EVENTFD_H 1
| #define HAVE_SYS_FILE_H 1
| #define HAVE_SYS_IOCTL_H 1
| #define HAVE_SYS_LOCK_H 1
| #define HAVE_SYS_MMAN_H 1
| #define HAVE_SYS_PARAM_H 1
| #define HAVE_SYS_POLL_H 1
| #define HAVE_SYS_RANDOM_H 1
| #define HAVE_SYS_RESOURCE_H 1
| #define HAVE_SYS_SELECT_H 1
| #define HAVE_SYS_SOCKET_H 1
| #define HAVE_SYS_SOUNDCARD_H 1
| #define HAVE_SYS_STAT_H 1
| #define HAVE_SYS_STATVFS_H 1
| #define HAVE_SYS_SYSCALL_H 1
| #define HAVE_SYS_TIME_H 1
| #define HAVE_SYS_TIMES_H 1
| #define HAVE_SYS_TYPES_H 1
| #define HAVE_SYS_UIO_H 1
| #define HAVE_SYS_UN_H 1
| #define HAVE_SYS_UTSNAME_H 1
| #define HAVE_SYS_WAIT_H 1
| #define HAVE_SYSEXITS_H 1
| #define HAVE_SYSLOG_H 1
| #define HAVE_TERMIOS_H 1
| #define HAVE_UTIME_H 1
| #define HAVE_DIRENT_H 1
| #define HAVE_NET_IF_H 1
| #define HAVE_MAKEDEV 1
| #define _LARGEFILE_SOURCE 1
| #define _FILE_OFFSET_BITS 64
| #if defined(SCO_DS)
| #undef _OFF_T
| #endif
| #define RETSIGTYPE void
| #define HAVE_SSIZE_T 1
| #define HAVE_GCC_UINT128_T 1
| #define SIZEOF_INT 4
| #define SIZEOF_LONG 8
| #define ALIGNOF_LONG 8
| #define SIZEOF_LONG_LONG 8
| #define SIZEOF_VOID_P 16
| #define SIZEOF_SHORT 2
| #define SIZEOF_FLOAT 4
| #define SIZEOF_DOUBLE 8
| #define SIZEOF_FPOS_T 8
| #define SIZEOF_SIZE_T 8
| #define ALIGNOF_SIZE_T 8
| #define SIZEOF_PID_T 4
| #define SIZEOF_UINTPTR_T 16
| #define ALIGNOF_MAX_ALIGN_T 16
| #define HAVE_LONG_DOUBLE 1
| #define SIZEOF_LONG_DOUBLE 16
| #define SIZEOF__BOOL 1
| #define SIZEOF_OFF_T 8
| #define SIZEOF_TIME_T 8
| #define SIZEOF_PTHREAD_T 16
| #define SIZEOF_PTHREAD_KEY_T 4
| #define PTHREAD_KEY_T_IS_COMPATIBLE_WITH_INT 1
| #define HAVE_LIBDL 1
| #define HAVE_UUID_H 1
| #define HAVE_UUID_CREATE 1
| #define HAVE_UUID_ENC_BE 1
| #define WITH_LIBINTL 1
| #define HAVE_FFI_PREP_CIF_VAR 1
| #define HAVE_FFI_PREP_CLOSURE_LOC 1
| #define HAVE_FFI_CLOSURE_ALLOC 1
| #define WITH_DECIMAL_CONTEXTVAR 1
| #define HAVE_RPC_RPC_H 1
| #define HAVE_LIBSQLITE3 1
| #define HAVE_LIBSQLITE3 1
| #define HAVE_LIBSQLITE3 1
| #define HAVE_LIBSQLITE3 1
| #define HAVE_LIBSQLITE3 1
| #define HAVE_LIBSQLITE3 1
| #define HAVE_LIBSQLITE3 1
| #define HAVE_LIBSQLITE3 1
| #define HAVE_LIBSQLITE3 1
| #define PY_SQLITE_HAVE_SERIALIZE 1
| #define HAVE_GDBM_H 1
| #define HAVE_NDBM_H 1
| /* end confdefs.h.  */
| #include <stddef.h>
| #ifdef HAVE_STDIO_H
| # include <stdio.h>
| #endif
| #ifdef HAVE_STDLIB_H
| # include <stdlib.h>
| #endif
| #ifdef HAVE_STRING_H
| # include <string.h>
| #endif
| #ifdef HAVE_INTTYPES_H
| # include <inttypes.h>
| #endif
| #ifdef HAVE_STDINT_H
| # include <stdint.h>
| #endif
| #ifdef HAVE_STRINGS_H
| # include <strings.h>
| #endif
| #ifdef HAVE_SYS_TYPES_H
| # include <sys/types.h>
| #endif
| #ifdef HAVE_SYS_STAT_H
| # include <sys/stat.h>
| #endif
| #ifdef HAVE_UNISTD_H
| # include <unistd.h>
| #endif
| #include <gdbm-ndbm.h>
configure:16146: result: no
configure:16250: checking for db.h
configure:16250: cc -c -mabi=purecap -I/usr/local/include -I/usr/include conftest.c >&5
configure:16250: $? = 0
configure:16250: result: yes
configure:16255: checking for libdb
configure:16287: cc -o conftest -mabi=purecap -I/usr/local/include -I/usr/include -mabi=purecap -L/usr/local/lib -L/usr/lib -lmd -lcheri_caprevoke conftest.c -lintl -ldl  -ldb >&5
conftest.c:148:12: error: "dh.h: DB_VERSION_MAJOR < 5 is not supported."
          #error "dh.h: DB_VERSION_MAJOR < 5 is not supported."
           ^
conftest.c:154:12: warning: implicit declaration of function 'dbm_open' is invalid in C99 [-Wimplicit-function-declaration]
DBM *dbm = dbm_open(NULL, 0, 0)
           ^
conftest.c:154:12: warning: call to function 'dbm_open' with no prototype may lead to run-time stack corruption [-Wcheri-prototypes]
DBM *dbm = dbm_open(NULL, 0, 0)
           ^~~~~~~~
conftest.c:154:12: note: candidate function declaration needs parameter types
conftest.c:154:12: note: Calling functions without prototypes is dangerous because on some architectures (e.g. pure-capability MIPS) integer and pointer arguments are passed in different registers. If the call includes a parameter that does not match the function definition, the function will read uninitialized values from the argument registers.
conftest.c:154:1: error: use of undeclared identifier 'DBM'
DBM *dbm = dbm_open(NULL, 0, 0)
^
conftest.c:154:6: error: use of undeclared identifier 'dbm'
DBM *dbm = dbm_open(NULL, 0, 0)
     ^
conftest.c:154:21: error: use of undeclared identifier 'NULL'
DBM *dbm = dbm_open(NULL, 0, 0)
                    ^
conftest.c:154:12: warning: call to function 'dbm_open' with no prototype may lead to run-time stack corruption [-Wcheri-prototypes]
DBM *dbm = dbm_open(NULL, 0, 0)
           ^~~~~~~~
conftest.c:154:12: note: candidate function declaration needs parameter types
conftest.c:154:12: note: Calling functions without prototypes is dangerous because on some architectures (e.g. pure-capability MIPS) integer and pointer arguments are passed in different registers. If the call includes a parameter that does not match the function definition, the function will read uninitialized values from the argument registers.
3 warnings and 4 errors generated.
configure:16287: $? = 1
configure: failed program was:
| /* confdefs.h */
| #define _NETBSD_SOURCE 1
| #define __BSD_VISIBLE 1
| #define _DARWIN_C_SOURCE 1
| #define _PYTHONFRAMEWORK ""
| #define _XOPEN_SOURCE 700
| #define _XOPEN_SOURCE_EXTENDED 1
| #define _POSIX_C_SOURCE 200809L
| #define HAVE_STDIO_H 1
| #define HAVE_STDLIB_H 1
| #define HAVE_STRING_H 1
| #define HAVE_INTTYPES_H 1
| #define HAVE_STDINT_H 1
| #define HAVE_STRINGS_H 1
| #define HAVE_SYS_STAT_H 1
| #define HAVE_SYS_TYPES_H 1
| #define HAVE_UNISTD_H 1
| #define HAVE_WCHAR_H 1
| #define STDC_HEADERS 1
| #define _ALL_SOURCE 1
| #define _DARWIN_C_SOURCE 1
| #define _GNU_SOURCE 1
| #define _HPUX_ALT_XOPEN_SOCKET_API 1
| #define _NETBSD_SOURCE 1
| #define _OPENBSD_SOURCE 1
| #define _POSIX_PTHREAD_SEMANTICS 1
| #define __STDC_WANT_IEC_60559_ATTRIBS_EXT__ 1
| #define __STDC_WANT_IEC_60559_BFP_EXT__ 1
| #define __STDC_WANT_IEC_60559_DFP_EXT__ 1
| #define __STDC_WANT_IEC_60559_FUNCS_EXT__ 1
| #define __STDC_WANT_IEC_60559_TYPES_EXT__ 1
| #define __STDC_WANT_LIB_EXT2__ 1
| #define __STDC_WANT_MATH_SPEC_FUNCS__ 1
| #define _TANDEM_SOURCE 1
| #define __EXTENSIONS__ 1
| #define PY_SUPPORT_TIER 0
| #define Py_DEBUG 1
| #define STDC_HEADERS 1
| #define HAVE_BLUETOOTH_H 1
| #define HAVE_DLFCN_H 1
| #define HAVE_ENDIAN_H 1
| #define HAVE_ERRNO_H 1
| #define HAVE_FCNTL_H 1
| #define HAVE_GRP_H 1
| #define HAVE_IEEEFP_H 1
| #define HAVE_LANGINFO_H 1
| #define HAVE_LIBINTL_H 1
| #define HAVE_LIBUTIL_H 1
| #define HAVE_SYS_AUXV_H 1
| #define HAVE_NETDB_H 1
| #define HAVE_NET_ETHERNET_H 1
| #define HAVE_NETINET_IN_H 1
| #define HAVE_POLL_H 1
| #define HAVE_PTHREAD_H 1
| #define HAVE_SCHED_H 1
| #define HAVE_SETJMP_H 1
| #define HAVE_SIGNAL_H 1
| #define HAVE_SPAWN_H 1
| #define HAVE_SYS_ENDIAN_H 1
| #define HAVE_SYS_EVENT_H 1
| #define HAVE_SYS_EVENTFD_H 1
| #define HAVE_SYS_FILE_H 1
| #define HAVE_SYS_IOCTL_H 1
| #define HAVE_SYS_LOCK_H 1
| #define HAVE_SYS_MMAN_H 1
| #define HAVE_SYS_PARAM_H 1
| #define HAVE_SYS_POLL_H 1
| #define HAVE_SYS_RANDOM_H 1
| #define HAVE_SYS_RESOURCE_H 1
| #define HAVE_SYS_SELECT_H 1
| #define HAVE_SYS_SOCKET_H 1
| #define HAVE_SYS_SOUNDCARD_H 1
| #define HAVE_SYS_STAT_H 1
| #define HAVE_SYS_STATVFS_H 1
| #define HAVE_SYS_SYSCALL_H 1
| #define HAVE_SYS_TIME_H 1
| #define HAVE_SYS_TIMES_H 1
| #define HAVE_SYS_TYPES_H 1
| #define HAVE_SYS_UIO_H 1
| #define HAVE_SYS_UN_H 1
| #define HAVE_SYS_UTSNAME_H 1
| #define HAVE_SYS_WAIT_H 1
| #define HAVE_SYSEXITS_H 1
| #define HAVE_SYSLOG_H 1
| #define HAVE_TERMIOS_H 1
| #define HAVE_UTIME_H 1
| #define HAVE_DIRENT_H 1
| #define HAVE_NET_IF_H 1
| #define HAVE_MAKEDEV 1
| #define _LARGEFILE_SOURCE 1
| #define _FILE_OFFSET_BITS 64
| #if defined(SCO_DS)
| #undef _OFF_T
| #endif
| #define RETSIGTYPE void
| #define HAVE_SSIZE_T 1
| #define HAVE_GCC_UINT128_T 1
| #define SIZEOF_INT 4
| #define SIZEOF_LONG 8
| #define ALIGNOF_LONG 8
| #define SIZEOF_LONG_LONG 8
| #define SIZEOF_VOID_P 16
| #define SIZEOF_SHORT 2
| #define SIZEOF_FLOAT 4
| #define SIZEOF_DOUBLE 8
| #define SIZEOF_FPOS_T 8
| #define SIZEOF_SIZE_T 8
| #define ALIGNOF_SIZE_T 8
| #define SIZEOF_PID_T 4
| #define SIZEOF_UINTPTR_T 16
| #define ALIGNOF_MAX_ALIGN_T 16
| #define HAVE_LONG_DOUBLE 1
| #define SIZEOF_LONG_DOUBLE 16
| #define SIZEOF__BOOL 1
| #define SIZEOF_OFF_T 8
| #define SIZEOF_TIME_T 8
| #define SIZEOF_PTHREAD_T 16
| #define SIZEOF_PTHREAD_KEY_T 4
| #define PTHREAD_KEY_T_IS_COMPATIBLE_WITH_INT 1
| #define HAVE_LIBDL 1
| #define HAVE_UUID_H 1
| #define HAVE_UUID_CREATE 1
| #define HAVE_UUID_ENC_BE 1
| #define WITH_LIBINTL 1
| #define HAVE_FFI_PREP_CIF_VAR 1
| #define HAVE_FFI_PREP_CLOSURE_LOC 1
| #define HAVE_FFI_CLOSURE_ALLOC 1
| #define WITH_DECIMAL_CONTEXTVAR 1
| #define HAVE_RPC_RPC_H 1
| #define HAVE_LIBSQLITE3 1
| #define HAVE_LIBSQLITE3 1
| #define HAVE_LIBSQLITE3 1
| #define HAVE_LIBSQLITE3 1
| #define HAVE_LIBSQLITE3 1
| #define HAVE_LIBSQLITE3 1
| #define HAVE_LIBSQLITE3 1
| #define HAVE_LIBSQLITE3 1
| #define HAVE_LIBSQLITE3 1
| #define PY_SQLITE_HAVE_SERIALIZE 1
| #define HAVE_GDBM_H 1
| #define HAVE_NDBM_H 1
| #define HAVE_DB_H 1
| /* end confdefs.h.  */
| 
|         #define DB_DBM_HSEARCH 1
|         #include <db.h>
|         #if DB_VERSION_MAJOR < 5
|           #error "dh.h: DB_VERSION_MAJOR < 5 is not supported."
|         #endif
| 
| int
| main (void)
| {
| DBM *dbm = dbm_open(NULL, 0, 0)
|   ;
|   return 0;
| }
| 
configure:16304: result: no
configure:16320: checking for --with-dbmliborder
configure:16355: result: gdbm:ndbm:bdb
configure:16358: checking for _dbm module CFLAGS and LIBS
configure:16392: result: -DUSE_NDBM 
configure:16770: checking if PTHREAD_SCOPE_SYSTEM is supported
configure:16797: cc -pthread -o conftest -mabi=purecap -I/usr/local/include -I/usr/include -mabi=purecap -L/usr/local/lib -L/usr/lib -lmd -lcheri_caprevoke conftest.c -lintl -ldl  >&5
configure:16797: $? = 0
configure:16797: ./conftest
configure:16797: $? = 0
configure:16809: result: yes
configure:16819: checking for pthread_sigmask
configure:16819: cc -pthread -o conftest -mabi=purecap -I/usr/local/include -I/usr/include -mabi=purecap -L/usr/local/lib -L/usr/lib -lmd -lcheri_caprevoke conftest.c -lintl -ldl  >&5
configure:16819: $? = 0
configure:16819: result: yes
configure:16833: checking for pthread_getcpuclockid
configure:16833: cc -pthread -o conftest -mabi=purecap -I/usr/local/include -I/usr/include -mabi=purecap -L/usr/local/lib -L/usr/lib -lmd -lcheri_caprevoke conftest.c -lintl -ldl  >&5
configure:16833: $? = 0
configure:16833: result: yes
configure:16853: checking if --enable-ipv6 is specified
configure:16886: cc -pthread -c -mabi=purecap -I/usr/local/include -I/usr/include conftest.c >&5
configure:16886: $? = 0
configure:16906: result: yes
configure:16910: checking if RFC2553 API is available
configure:16927: cc -pthread -c -mabi=purecap -I/usr/local/include -I/usr/include conftest.c >&5
conftest.c:154:10: warning: expression result unused [-Wunused-value]
                            x.sin6_scope_id;
                            ~ ^~~~~~~~~~~~~
1 warning generated.
configure:16927: $? = 0
configure:16930: result: yes
configure:16957: checking ipv6 stack type
configure:17096: result: kame
configure:17109: using libc
configure:17121: checking CAN_RAW_FD_FRAMES
configure:17140: cc -pthread -c -mabi=purecap -I/usr/local/include -I/usr/include conftest.c >&5
conftest.c:149:10: fatal error: 'linux/can/raw.h' file not found
#include <linux/can/raw.h>
         ^~~~~~~~~~~~~~~~~
1 error generated.
configure:17140: $? = 1
configure: failed program was:
| /* confdefs.h */
| #define _NETBSD_SOURCE 1
| #define __BSD_VISIBLE 1
| #define _DARWIN_C_SOURCE 1
| #define _PYTHONFRAMEWORK ""
| #define _XOPEN_SOURCE 700
| #define _XOPEN_SOURCE_EXTENDED 1
| #define _POSIX_C_SOURCE 200809L
| #define HAVE_STDIO_H 1
| #define HAVE_STDLIB_H 1
| #define HAVE_STRING_H 1
| #define HAVE_INTTYPES_H 1
| #define HAVE_STDINT_H 1
| #define HAVE_STRINGS_H 1
| #define HAVE_SYS_STAT_H 1
| #define HAVE_SYS_TYPES_H 1
| #define HAVE_UNISTD_H 1
| #define HAVE_WCHAR_H 1
| #define STDC_HEADERS 1
| #define _ALL_SOURCE 1
| #define _DARWIN_C_SOURCE 1
| #define _GNU_SOURCE 1
| #define _HPUX_ALT_XOPEN_SOCKET_API 1
| #define _NETBSD_SOURCE 1
| #define _OPENBSD_SOURCE 1
| #define _POSIX_PTHREAD_SEMANTICS 1
| #define __STDC_WANT_IEC_60559_ATTRIBS_EXT__ 1
| #define __STDC_WANT_IEC_60559_BFP_EXT__ 1
| #define __STDC_WANT_IEC_60559_DFP_EXT__ 1
| #define __STDC_WANT_IEC_60559_FUNCS_EXT__ 1
| #define __STDC_WANT_IEC_60559_TYPES_EXT__ 1
| #define __STDC_WANT_LIB_EXT2__ 1
| #define __STDC_WANT_MATH_SPEC_FUNCS__ 1
| #define _TANDEM_SOURCE 1
| #define __EXTENSIONS__ 1
| #define PY_SUPPORT_TIER 0
| #define Py_DEBUG 1
| #define STDC_HEADERS 1
| #define HAVE_BLUETOOTH_H 1
| #define HAVE_DLFCN_H 1
| #define HAVE_ENDIAN_H 1
| #define HAVE_ERRNO_H 1
| #define HAVE_FCNTL_H 1
| #define HAVE_GRP_H 1
| #define HAVE_IEEEFP_H 1
| #define HAVE_LANGINFO_H 1
| #define HAVE_LIBINTL_H 1
| #define HAVE_LIBUTIL_H 1
| #define HAVE_SYS_AUXV_H 1
| #define HAVE_NETDB_H 1
| #define HAVE_NET_ETHERNET_H 1
| #define HAVE_NETINET_IN_H 1
| #define HAVE_POLL_H 1
| #define HAVE_PTHREAD_H 1
| #define HAVE_SCHED_H 1
| #define HAVE_SETJMP_H 1
| #define HAVE_SIGNAL_H 1
| #define HAVE_SPAWN_H 1
| #define HAVE_SYS_ENDIAN_H 1
| #define HAVE_SYS_EVENT_H 1
| #define HAVE_SYS_EVENTFD_H 1
| #define HAVE_SYS_FILE_H 1
| #define HAVE_SYS_IOCTL_H 1
| #define HAVE_SYS_LOCK_H 1
| #define HAVE_SYS_MMAN_H 1
| #define HAVE_SYS_PARAM_H 1
| #define HAVE_SYS_POLL_H 1
| #define HAVE_SYS_RANDOM_H 1
| #define HAVE_SYS_RESOURCE_H 1
| #define HAVE_SYS_SELECT_H 1
| #define HAVE_SYS_SOCKET_H 1
| #define HAVE_SYS_SOUNDCARD_H 1
| #define HAVE_SYS_STAT_H 1
| #define HAVE_SYS_STATVFS_H 1
| #define HAVE_SYS_SYSCALL_H 1
| #define HAVE_SYS_TIME_H 1
| #define HAVE_SYS_TIMES_H 1
| #define HAVE_SYS_TYPES_H 1
| #define HAVE_SYS_UIO_H 1
| #define HAVE_SYS_UN_H 1
| #define HAVE_SYS_UTSNAME_H 1
| #define HAVE_SYS_WAIT_H 1
| #define HAVE_SYSEXITS_H 1
| #define HAVE_SYSLOG_H 1
| #define HAVE_TERMIOS_H 1
| #define HAVE_UTIME_H 1
| #define HAVE_DIRENT_H 1
| #define HAVE_NET_IF_H 1
| #define HAVE_MAKEDEV 1
| #define _LARGEFILE_SOURCE 1
| #define _FILE_OFFSET_BITS 64
| #if defined(SCO_DS)
| #undef _OFF_T
| #endif
| #define RETSIGTYPE void
| #define HAVE_SSIZE_T 1
| #define HAVE_GCC_UINT128_T 1
| #define SIZEOF_INT 4
| #define SIZEOF_LONG 8
| #define ALIGNOF_LONG 8
| #define SIZEOF_LONG_LONG 8
| #define SIZEOF_VOID_P 16
| #define SIZEOF_SHORT 2
| #define SIZEOF_FLOAT 4
| #define SIZEOF_DOUBLE 8
| #define SIZEOF_FPOS_T 8
| #define SIZEOF_SIZE_T 8
| #define ALIGNOF_SIZE_T 8
| #define SIZEOF_PID_T 4
| #define SIZEOF_UINTPTR_T 16
| #define ALIGNOF_MAX_ALIGN_T 16
| #define HAVE_LONG_DOUBLE 1
| #define SIZEOF_LONG_DOUBLE 16
| #define SIZEOF__BOOL 1
| #define SIZEOF_OFF_T 8
| #define SIZEOF_TIME_T 8
| #define SIZEOF_PTHREAD_T 16
| #define SIZEOF_PTHREAD_KEY_T 4
| #define PTHREAD_KEY_T_IS_COMPATIBLE_WITH_INT 1
| #define HAVE_LIBDL 1
| #define HAVE_UUID_H 1
| #define HAVE_UUID_CREATE 1
| #define HAVE_UUID_ENC_BE 1
| #define WITH_LIBINTL 1
| #define HAVE_FFI_PREP_CIF_VAR 1
| #define HAVE_FFI_PREP_CLOSURE_LOC 1
| #define HAVE_FFI_CLOSURE_ALLOC 1
| #define WITH_DECIMAL_CONTEXTVAR 1
| #define HAVE_RPC_RPC_H 1
| #define HAVE_LIBSQLITE3 1
| #define HAVE_LIBSQLITE3 1
| #define HAVE_LIBSQLITE3 1
| #define HAVE_LIBSQLITE3 1
| #define HAVE_LIBSQLITE3 1
| #define HAVE_LIBSQLITE3 1
| #define HAVE_LIBSQLITE3 1
| #define HAVE_LIBSQLITE3 1
| #define HAVE_LIBSQLITE3 1
| #define PY_SQLITE_HAVE_SERIALIZE 1
| #define HAVE_GDBM_H 1
| #define HAVE_NDBM_H 1
| #define HAVE_DB_H 1
| #define PTHREAD_SYSTEM_SCHED_SUPPORTED 1
| #define HAVE_PTHREAD_SIGMASK 1
| #define HAVE_PTHREAD_GETCPUCLOCKID 1
| #define ENABLE_IPV6 1
| /* end confdefs.h.  */
|  /* CAN_RAW_FD_FRAMES available check */
| #include <linux/can/raw.h>
| int
| main (void)
| {
| int can_raw_fd_frames = CAN_RAW_FD_FRAMES;
|   ;
|   return 0;
| }
configure:17149: result: no
configure:17160: checking for CAN_RAW_JOIN_FILTERS
configure:17179: cc -pthread -c -mabi=purecap -I/usr/local/include -I/usr/include conftest.c >&5
conftest.c:149:10: fatal error: 'linux/can/raw.h' file not found
#include <linux/can/raw.h>
         ^~~~~~~~~~~~~~~~~
1 error generated.
configure:17179: $? = 1
configure: failed program was:
| /* confdefs.h */
| #define _NETBSD_SOURCE 1
| #define __BSD_VISIBLE 1
| #define _DARWIN_C_SOURCE 1
| #define _PYTHONFRAMEWORK ""
| #define _XOPEN_SOURCE 700
| #define _XOPEN_SOURCE_EXTENDED 1
| #define _POSIX_C_SOURCE 200809L
| #define HAVE_STDIO_H 1
| #define HAVE_STDLIB_H 1
| #define HAVE_STRING_H 1
| #define HAVE_INTTYPES_H 1
| #define HAVE_STDINT_H 1
| #define HAVE_STRINGS_H 1
| #define HAVE_SYS_STAT_H 1
| #define HAVE_SYS_TYPES_H 1
| #define HAVE_UNISTD_H 1
| #define HAVE_WCHAR_H 1
| #define STDC_HEADERS 1
| #define _ALL_SOURCE 1
| #define _DARWIN_C_SOURCE 1
| #define _GNU_SOURCE 1
| #define _HPUX_ALT_XOPEN_SOCKET_API 1
| #define _NETBSD_SOURCE 1
| #define _OPENBSD_SOURCE 1
| #define _POSIX_PTHREAD_SEMANTICS 1
| #define __STDC_WANT_IEC_60559_ATTRIBS_EXT__ 1
| #define __STDC_WANT_IEC_60559_BFP_EXT__ 1
| #define __STDC_WANT_IEC_60559_DFP_EXT__ 1
| #define __STDC_WANT_IEC_60559_FUNCS_EXT__ 1
| #define __STDC_WANT_IEC_60559_TYPES_EXT__ 1
| #define __STDC_WANT_LIB_EXT2__ 1
| #define __STDC_WANT_MATH_SPEC_FUNCS__ 1
| #define _TANDEM_SOURCE 1
| #define __EXTENSIONS__ 1
| #define PY_SUPPORT_TIER 0
| #define Py_DEBUG 1
| #define STDC_HEADERS 1
| #define HAVE_BLUETOOTH_H 1
| #define HAVE_DLFCN_H 1
| #define HAVE_ENDIAN_H 1
| #define HAVE_ERRNO_H 1
| #define HAVE_FCNTL_H 1
| #define HAVE_GRP_H 1
| #define HAVE_IEEEFP_H 1
| #define HAVE_LANGINFO_H 1
| #define HAVE_LIBINTL_H 1
| #define HAVE_LIBUTIL_H 1
| #define HAVE_SYS_AUXV_H 1
| #define HAVE_NETDB_H 1
| #define HAVE_NET_ETHERNET_H 1
| #define HAVE_NETINET_IN_H 1
| #define HAVE_POLL_H 1
| #define HAVE_PTHREAD_H 1
| #define HAVE_SCHED_H 1
| #define HAVE_SETJMP_H 1
| #define HAVE_SIGNAL_H 1
| #define HAVE_SPAWN_H 1
| #define HAVE_SYS_ENDIAN_H 1
| #define HAVE_SYS_EVENT_H 1
| #define HAVE_SYS_EVENTFD_H 1
| #define HAVE_SYS_FILE_H 1
| #define HAVE_SYS_IOCTL_H 1
| #define HAVE_SYS_LOCK_H 1
| #define HAVE_SYS_MMAN_H 1
| #define HAVE_SYS_PARAM_H 1
| #define HAVE_SYS_POLL_H 1
| #define HAVE_SYS_RANDOM_H 1
| #define HAVE_SYS_RESOURCE_H 1
| #define HAVE_SYS_SELECT_H 1
| #define HAVE_SYS_SOCKET_H 1
| #define HAVE_SYS_SOUNDCARD_H 1
| #define HAVE_SYS_STAT_H 1
| #define HAVE_SYS_STATVFS_H 1
| #define HAVE_SYS_SYSCALL_H 1
| #define HAVE_SYS_TIME_H 1
| #define HAVE_SYS_TIMES_H 1
| #define HAVE_SYS_TYPES_H 1
| #define HAVE_SYS_UIO_H 1
| #define HAVE_SYS_UN_H 1
| #define HAVE_SYS_UTSNAME_H 1
| #define HAVE_SYS_WAIT_H 1
| #define HAVE_SYSEXITS_H 1
| #define HAVE_SYSLOG_H 1
| #define HAVE_TERMIOS_H 1
| #define HAVE_UTIME_H 1
| #define HAVE_DIRENT_H 1
| #define HAVE_NET_IF_H 1
| #define HAVE_MAKEDEV 1
| #define _LARGEFILE_SOURCE 1
| #define _FILE_OFFSET_BITS 64
| #if defined(SCO_DS)
| #undef _OFF_T
| #endif
| #define RETSIGTYPE void
| #define HAVE_SSIZE_T 1
| #define HAVE_GCC_UINT128_T 1
| #define SIZEOF_INT 4
| #define SIZEOF_LONG 8
| #define ALIGNOF_LONG 8
| #define SIZEOF_LONG_LONG 8
| #define SIZEOF_VOID_P 16
| #define SIZEOF_SHORT 2
| #define SIZEOF_FLOAT 4
| #define SIZEOF_DOUBLE 8
| #define SIZEOF_FPOS_T 8
| #define SIZEOF_SIZE_T 8
| #define ALIGNOF_SIZE_T 8
| #define SIZEOF_PID_T 4
| #define SIZEOF_UINTPTR_T 16
| #define ALIGNOF_MAX_ALIGN_T 16
| #define HAVE_LONG_DOUBLE 1
| #define SIZEOF_LONG_DOUBLE 16
| #define SIZEOF__BOOL 1
| #define SIZEOF_OFF_T 8
| #define SIZEOF_TIME_T 8
| #define SIZEOF_PTHREAD_T 16
| #define SIZEOF_PTHREAD_KEY_T 4
| #define PTHREAD_KEY_T_IS_COMPATIBLE_WITH_INT 1
| #define HAVE_LIBDL 1
| #define HAVE_UUID_H 1
| #define HAVE_UUID_CREATE 1
| #define HAVE_UUID_ENC_BE 1
| #define WITH_LIBINTL 1
| #define HAVE_FFI_PREP_CIF_VAR 1
| #define HAVE_FFI_PREP_CLOSURE_LOC 1
| #define HAVE_FFI_CLOSURE_ALLOC 1
| #define WITH_DECIMAL_CONTEXTVAR 1
| #define HAVE_RPC_RPC_H 1
| #define HAVE_LIBSQLITE3 1
| #define HAVE_LIBSQLITE3 1
| #define HAVE_LIBSQLITE3 1
| #define HAVE_LIBSQLITE3 1
| #define HAVE_LIBSQLITE3 1
| #define HAVE_LIBSQLITE3 1
| #define HAVE_LIBSQLITE3 1
| #define HAVE_LIBSQLITE3 1
| #define HAVE_LIBSQLITE3 1
| #define PY_SQLITE_HAVE_SERIALIZE 1
| #define HAVE_GDBM_H 1
| #define HAVE_NDBM_H 1
| #define HAVE_DB_H 1
| #define PTHREAD_SYSTEM_SCHED_SUPPORTED 1
| #define HAVE_PTHREAD_SIGMASK 1
| #define HAVE_PTHREAD_GETCPUCLOCKID 1
| #define ENABLE_IPV6 1
| /* end confdefs.h.  */
| 
| #include <linux/can/raw.h>
| int
| main (void)
| {
| int can_raw_join_filters = CAN_RAW_JOIN_FILTERS;
|   ;
|   return 0;
| }
configure:17188: result: no
configure:17200: checking for --with-doc-strings
configure:17219: result: yes
configure:17223: checking for --with-pymalloc
configure:17251: result: yes
configure:17256: checking for --with-freelists
configure:17276: result: yes
configure:17280: checking for --with-c-locale-coercion
configure:17300: result: yes
configure:17304: checking for --with-valgrind
configure:17316: result: no
configure:17334: checking for --with-dtrace
configure:17345: result: no
configure:17456: checking for dlopen
configure:17456: cc -pthread -o conftest -mabi=purecap -I/usr/local/include -I/usr/include -mabi=purecap -L/usr/local/lib -L/usr/lib -lmd -lcheri_caprevoke conftest.c -lintl -ldl  >&5
configure:17456: $? = 0
configure:17456: result: yes
configure:17467: checking DYNLOADFILE
configure:17483: result: dynload_shlib.o
configure:17495: checking MACHDEP_OBJS
configure:17504: result: none
configure:17512: checking for accept4
configure:17512: cc -pthread -o conftest -mabi=purecap -I/usr/local/include -I/usr/include -mabi=purecap -L/usr/local/lib -L/usr/lib -lmd -lcheri_caprevoke conftest.c -lintl -ldl  >&5
configure:17512: $? = 0
configure:17512: result: yes
configure:17518: checking for alarm
configure:17518: cc -pthread -o conftest -mabi=purecap -I/usr/local/include -I/usr/include -mabi=purecap -L/usr/local/lib -L/usr/lib -lmd -lcheri_caprevoke conftest.c -lintl -ldl  >&5
configure:17518: $? = 0
configure:17518: result: yes
configure:17524: checking for bind_textdomain_codeset
configure:17524: cc -pthread -o conftest -mabi=purecap -I/usr/local/include -I/usr/include -mabi=purecap -L/usr/local/lib -L/usr/lib -lmd -lcheri_caprevoke conftest.c -lintl -ldl  >&5
configure:17524: $? = 0
configure:17524: result: yes
configure:17530: checking for chmod
configure:17530: cc -pthread -o conftest -mabi=purecap -I/usr/local/include -I/usr/include -mabi=purecap -L/usr/local/lib -L/usr/lib -lmd -lcheri_caprevoke conftest.c -lintl -ldl  >&5
configure:17530: $? = 0
configure:17530: result: yes
configure:17536: checking for chown
configure:17536: cc -pthread -o conftest -mabi=purecap -I/usr/local/include -I/usr/include -mabi=purecap -L/usr/local/lib -L/usr/lib -lmd -lcheri_caprevoke conftest.c -lintl -ldl  >&5
configure:17536: $? = 0
configure:17536: result: yes
configure:17542: checking for clock
configure:17542: cc -pthread -o conftest -mabi=purecap -I/usr/local/include -I/usr/include -mabi=purecap -L/usr/local/lib -L/usr/lib -lmd -lcheri_caprevoke conftest.c -lintl -ldl  >&5
configure:17542: $? = 0
configure:17542: result: yes
configure:17548: checking for close_range
configure:17548: cc -pthread -o conftest -mabi=purecap -I/usr/local/include -I/usr/include -mabi=purecap -L/usr/local/lib -L/usr/lib -lmd -lcheri_caprevoke conftest.c -lintl -ldl  >&5
configure:17548: $? = 0
configure:17548: result: yes
configure:17554: checking for confstr
configure:17554: cc -pthread -o conftest -mabi=purecap -I/usr/local/include -I/usr/include -mabi=purecap -L/usr/local/lib -L/usr/lib -lmd -lcheri_caprevoke conftest.c -lintl -ldl  >&5
configure:17554: $? = 0
configure:17554: result: yes
configure:17560: checking for copy_file_range
configure:17560: cc -pthread -o conftest -mabi=purecap -I/usr/local/include -I/usr/include -mabi=purecap -L/usr/local/lib -L/usr/lib -lmd -lcheri_caprevoke conftest.c -lintl -ldl  >&5
configure:17560: $? = 0
configure:17560: result: yes
configure:17566: checking for ctermid
configure:17566: cc -pthread -o conftest -mabi=purecap -I/usr/local/include -I/usr/include -mabi=purecap -L/usr/local/lib -L/usr/lib -lmd -lcheri_caprevoke conftest.c -lintl -ldl  >&5
configure:17566: $? = 0
configure:17566: result: yes
configure:17572: checking for dup
configure:17572: cc -pthread -o conftest -mabi=purecap -I/usr/local/include -I/usr/include -mabi=purecap -L/usr/local/lib -L/usr/lib -lmd -lcheri_caprevoke conftest.c -lintl -ldl  >&5
configure:17572: $? = 0
configure:17572: result: yes
configure:17578: checking for dup3
configure:17578: cc -pthread -o conftest -mabi=purecap -I/usr/local/include -I/usr/include -mabi=purecap -L/usr/local/lib -L/usr/lib -lmd -lcheri_caprevoke conftest.c -lintl -ldl  >&5
configure:17578: $? = 0
configure:17578: result: yes
configure:17584: checking for execv
configure:17584: cc -pthread -o conftest -mabi=purecap -I/usr/local/include -I/usr/include -mabi=purecap -L/usr/local/lib -L/usr/lib -lmd -lcheri_caprevoke conftest.c -lintl -ldl  >&5
configure:17584: $? = 0
configure:17584: result: yes
configure:17590: checking for explicit_bzero
configure:17590: cc -pthread -o conftest -mabi=purecap -I/usr/local/include -I/usr/include -mabi=purecap -L/usr/local/lib -L/usr/lib -lmd -lcheri_caprevoke conftest.c -lintl -ldl  >&5
configure:17590: $? = 0
configure:17590: result: yes
configure:17596: checking for explicit_memset
configure:17596: cc -pthread -o conftest -mabi=purecap -I/usr/local/include -I/usr/include -mabi=purecap -L/usr/local/lib -L/usr/lib -lmd -lcheri_caprevoke conftest.c -lintl -ldl  >&5
ld: error: undefined symbol: explicit_memset
>>> referenced by conftest.c
>>>               /tmp/conftest-933724.o:(main)
clang-14: error: linker command failed with exit code 1 (use -v to see invocation)
configure:17596: $? = 1
configure: failed program was:
| /* confdefs.h */
| #define _NETBSD_SOURCE 1
| #define __BSD_VISIBLE 1
| #define _DARWIN_C_SOURCE 1
| #define _PYTHONFRAMEWORK ""
| #define _XOPEN_SOURCE 700
| #define _XOPEN_SOURCE_EXTENDED 1
| #define _POSIX_C_SOURCE 200809L
| #define HAVE_STDIO_H 1
| #define HAVE_STDLIB_H 1
| #define HAVE_STRING_H 1
| #define HAVE_INTTYPES_H 1
| #define HAVE_STDINT_H 1
| #define HAVE_STRINGS_H 1
| #define HAVE_SYS_STAT_H 1
| #define HAVE_SYS_TYPES_H 1
| #define HAVE_UNISTD_H 1
| #define HAVE_WCHAR_H 1
| #define STDC_HEADERS 1
| #define _ALL_SOURCE 1
| #define _DARWIN_C_SOURCE 1
| #define _GNU_SOURCE 1
| #define _HPUX_ALT_XOPEN_SOCKET_API 1
| #define _NETBSD_SOURCE 1
| #define _OPENBSD_SOURCE 1
| #define _POSIX_PTHREAD_SEMANTICS 1
| #define __STDC_WANT_IEC_60559_ATTRIBS_EXT__ 1
| #define __STDC_WANT_IEC_60559_BFP_EXT__ 1
| #define __STDC_WANT_IEC_60559_DFP_EXT__ 1
| #define __STDC_WANT_IEC_60559_FUNCS_EXT__ 1
| #define __STDC_WANT_IEC_60559_TYPES_EXT__ 1
| #define __STDC_WANT_LIB_EXT2__ 1
| #define __STDC_WANT_MATH_SPEC_FUNCS__ 1
| #define _TANDEM_SOURCE 1
| #define __EXTENSIONS__ 1
| #define PY_SUPPORT_TIER 0
| #define Py_DEBUG 1
| #define STDC_HEADERS 1
| #define HAVE_BLUETOOTH_H 1
| #define HAVE_DLFCN_H 1
| #define HAVE_ENDIAN_H 1
| #define HAVE_ERRNO_H 1
| #define HAVE_FCNTL_H 1
| #define HAVE_GRP_H 1
| #define HAVE_IEEEFP_H 1
| #define HAVE_LANGINFO_H 1
| #define HAVE_LIBINTL_H 1
| #define HAVE_LIBUTIL_H 1
| #define HAVE_SYS_AUXV_H 1
| #define HAVE_NETDB_H 1
| #define HAVE_NET_ETHERNET_H 1
| #define HAVE_NETINET_IN_H 1
| #define HAVE_POLL_H 1
| #define HAVE_PTHREAD_H 1
| #define HAVE_SCHED_H 1
| #define HAVE_SETJMP_H 1
| #define HAVE_SIGNAL_H 1
| #define HAVE_SPAWN_H 1
| #define HAVE_SYS_ENDIAN_H 1
| #define HAVE_SYS_EVENT_H 1
| #define HAVE_SYS_EVENTFD_H 1
| #define HAVE_SYS_FILE_H 1
| #define HAVE_SYS_IOCTL_H 1
| #define HAVE_SYS_LOCK_H 1
| #define HAVE_SYS_MMAN_H 1
| #define HAVE_SYS_PARAM_H 1
| #define HAVE_SYS_POLL_H 1
| #define HAVE_SYS_RANDOM_H 1
| #define HAVE_SYS_RESOURCE_H 1
| #define HAVE_SYS_SELECT_H 1
| #define HAVE_SYS_SOCKET_H 1
| #define HAVE_SYS_SOUNDCARD_H 1
| #define HAVE_SYS_STAT_H 1
| #define HAVE_SYS_STATVFS_H 1
| #define HAVE_SYS_SYSCALL_H 1
| #define HAVE_SYS_TIME_H 1
| #define HAVE_SYS_TIMES_H 1
| #define HAVE_SYS_TYPES_H 1
| #define HAVE_SYS_UIO_H 1
| #define HAVE_SYS_UN_H 1
| #define HAVE_SYS_UTSNAME_H 1
| #define HAVE_SYS_WAIT_H 1
| #define HAVE_SYSEXITS_H 1
| #define HAVE_SYSLOG_H 1
| #define HAVE_TERMIOS_H 1
| #define HAVE_UTIME_H 1
| #define HAVE_DIRENT_H 1
| #define HAVE_NET_IF_H 1
| #define HAVE_MAKEDEV 1
| #define _LARGEFILE_SOURCE 1
| #define _FILE_OFFSET_BITS 64
| #if defined(SCO_DS)
| #undef _OFF_T
| #endif
| #define RETSIGTYPE void
| #define HAVE_SSIZE_T 1
| #define HAVE_GCC_UINT128_T 1
| #define SIZEOF_INT 4
| #define SIZEOF_LONG 8
| #define ALIGNOF_LONG 8
| #define SIZEOF_LONG_LONG 8
| #define SIZEOF_VOID_P 16
| #define SIZEOF_SHORT 2
| #define SIZEOF_FLOAT 4
| #define SIZEOF_DOUBLE 8
| #define SIZEOF_FPOS_T 8
| #define SIZEOF_SIZE_T 8
| #define ALIGNOF_SIZE_T 8
| #define SIZEOF_PID_T 4
| #define SIZEOF_UINTPTR_T 16
| #define ALIGNOF_MAX_ALIGN_T 16
| #define HAVE_LONG_DOUBLE 1
| #define SIZEOF_LONG_DOUBLE 16
| #define SIZEOF__BOOL 1
| #define SIZEOF_OFF_T 8
| #define SIZEOF_TIME_T 8
| #define SIZEOF_PTHREAD_T 16
| #define SIZEOF_PTHREAD_KEY_T 4
| #define PTHREAD_KEY_T_IS_COMPATIBLE_WITH_INT 1
| #define HAVE_LIBDL 1
| #define HAVE_UUID_H 1
| #define HAVE_UUID_CREATE 1
| #define HAVE_UUID_ENC_BE 1
| #define WITH_LIBINTL 1
| #define HAVE_FFI_PREP_CIF_VAR 1
| #define HAVE_FFI_PREP_CLOSURE_LOC 1
| #define HAVE_FFI_CLOSURE_ALLOC 1
| #define WITH_DECIMAL_CONTEXTVAR 1
| #define HAVE_RPC_RPC_H 1
| #define HAVE_LIBSQLITE3 1
| #define HAVE_LIBSQLITE3 1
| #define HAVE_LIBSQLITE3 1
| #define HAVE_LIBSQLITE3 1
| #define HAVE_LIBSQLITE3 1
| #define HAVE_LIBSQLITE3 1
| #define HAVE_LIBSQLITE3 1
| #define HAVE_LIBSQLITE3 1
| #define HAVE_LIBSQLITE3 1
| #define PY_SQLITE_HAVE_SERIALIZE 1
| #define HAVE_GDBM_H 1
| #define HAVE_NDBM_H 1
| #define HAVE_DB_H 1
| #define PTHREAD_SYSTEM_SCHED_SUPPORTED 1
| #define HAVE_PTHREAD_SIGMASK 1
| #define HAVE_PTHREAD_GETCPUCLOCKID 1
| #define ENABLE_IPV6 1
| #define WITH_DOC_STRINGS 1
| #define WITH_PYMALLOC 1
| #define WITH_FREELISTS 1
| #define PY_COERCE_C_LOCALE 1
| #define HAVE_DLOPEN 1
| #define HAVE_DYNAMIC_LOADING 1
| #define HAVE_ACCEPT4 1
| #define HAVE_ALARM 1
| #define HAVE_BIND_TEXTDOMAIN_CODESET 1
| #define HAVE_CHMOD 1
| #define HAVE_CHOWN 1
| #define HAVE_CLOCK 1
| #define HAVE_CLOSE_RANGE 1
| #define HAVE_CONFSTR 1
| #define HAVE_COPY_FILE_RANGE 1
| #define HAVE_CTERMID 1
| #define HAVE_DUP 1
| #define HAVE_DUP3 1
| #define HAVE_EXECV 1
| #define HAVE_EXPLICIT_BZERO 1
| /* end confdefs.h.  */
| /* Define explicit_memset to an innocuous variant, in case <limits.h> declares explicit_memset.
|    For example, HP-UX 11i <limits.h> declares gettimeofday.  */
| #define explicit_memset innocuous_explicit_memset
| 
| /* System header to define __stub macros and hopefully few prototypes,
|    which can conflict with char explicit_memset (); below.  */
| 
| #include <limits.h>
| #undef explicit_memset
| 
| /* Override any GCC internal prototype to avoid an error.
|    Use char because int might match the return type of a GCC
|    builtin and then its argument prototype would still apply.  */
| #ifdef __cplusplus
| extern "C"
| #endif
| char explicit_memset ();
| /* The GNU C library defines this for functions which it implements
|     to always fail with ENOSYS.  Some functions are actually named
|     something starting with __ and the normal name is an alias.  */
| #if defined __stub_explicit_memset || defined __stub___explicit_memset
| choke me
| #endif
| 
| int
| main (void)
| {
| return explicit_memset ();
|   ;
|   return 0;
| }
configure:17596: result: no
configure:17602: checking for faccessat
configure:17602: cc -pthread -o conftest -mabi=purecap -I/usr/local/include -I/usr/include -mabi=purecap -L/usr/local/lib -L/usr/lib -lmd -lcheri_caprevoke conftest.c -lintl -ldl  >&5
configure:17602: $? = 0
configure:17602: result: yes
configure:17608: checking for fchmod
configure:17608: cc -pthread -o conftest -mabi=purecap -I/usr/local/include -I/usr/include -mabi=purecap -L/usr/local/lib -L/usr/lib -lmd -lcheri_caprevoke conftest.c -lintl -ldl  >&5
configure:17608: $? = 0
configure:17608: result: yes
configure:17614: checking for fchmodat
configure:17614: cc -pthread -o conftest -mabi=purecap -I/usr/local/include -I/usr/include -mabi=purecap -L/usr/local/lib -L/usr/lib -lmd -lcheri_caprevoke conftest.c -lintl -ldl  >&5
configure:17614: $? = 0
configure:17614: result: yes
configure:17620: checking for fchown
configure:17620: cc -pthread -o conftest -mabi=purecap -I/usr/local/include -I/usr/include -mabi=purecap -L/usr/local/lib -L/usr/lib -lmd -lcheri_caprevoke conftest.c -lintl -ldl  >&5
configure:17620: $? = 0
configure:17620: result: yes
configure:17626: checking for fchownat
configure:17626: cc -pthread -o conftest -mabi=purecap -I/usr/local/include -I/usr/include -mabi=purecap -L/usr/local/lib -L/usr/lib -lmd -lcheri_caprevoke conftest.c -lintl -ldl  >&5
configure:17626: $? = 0
configure:17626: result: yes
configure:17632: checking for fdopendir
configure:17632: cc -pthread -o conftest -mabi=purecap -I/usr/local/include -I/usr/include -mabi=purecap -L/usr/local/lib -L/usr/lib -lmd -lcheri_caprevoke conftest.c -lintl -ldl  >&5
configure:17632: $? = 0
configure:17632: result: yes
configure:17638: checking for fdwalk
configure:17638: cc -pthread -o conftest -mabi=purecap -I/usr/local/include -I/usr/include -mabi=purecap -L/usr/local/lib -L/usr/lib -lmd -lcheri_caprevoke conftest.c -lintl -ldl  >&5
ld: error: undefined symbol: fdwalk
>>> referenced by conftest.c
>>>               /tmp/conftest-9561bb.o:(main)
clang-14: error: linker command failed with exit code 1 (use -v to see invocation)
configure:17638: $? = 1
configure: failed program was:
| /* confdefs.h */
| #define _NETBSD_SOURCE 1
| #define __BSD_VISIBLE 1
| #define _DARWIN_C_SOURCE 1
| #define _PYTHONFRAMEWORK ""
| #define _XOPEN_SOURCE 700
| #define _XOPEN_SOURCE_EXTENDED 1
| #define _POSIX_C_SOURCE 200809L
| #define HAVE_STDIO_H 1
| #define HAVE_STDLIB_H 1
| #define HAVE_STRING_H 1
| #define HAVE_INTTYPES_H 1
| #define HAVE_STDINT_H 1
| #define HAVE_STRINGS_H 1
| #define HAVE_SYS_STAT_H 1
| #define HAVE_SYS_TYPES_H 1
| #define HAVE_UNISTD_H 1
| #define HAVE_WCHAR_H 1
| #define STDC_HEADERS 1
| #define _ALL_SOURCE 1
| #define _DARWIN_C_SOURCE 1
| #define _GNU_SOURCE 1
| #define _HPUX_ALT_XOPEN_SOCKET_API 1
| #define _NETBSD_SOURCE 1
| #define _OPENBSD_SOURCE 1
| #define _POSIX_PTHREAD_SEMANTICS 1
| #define __STDC_WANT_IEC_60559_ATTRIBS_EXT__ 1
| #define __STDC_WANT_IEC_60559_BFP_EXT__ 1
| #define __STDC_WANT_IEC_60559_DFP_EXT__ 1
| #define __STDC_WANT_IEC_60559_FUNCS_EXT__ 1
| #define __STDC_WANT_IEC_60559_TYPES_EXT__ 1
| #define __STDC_WANT_LIB_EXT2__ 1
| #define __STDC_WANT_MATH_SPEC_FUNCS__ 1
| #define _TANDEM_SOURCE 1
| #define __EXTENSIONS__ 1
| #define PY_SUPPORT_TIER 0
| #define Py_DEBUG 1
| #define STDC_HEADERS 1
| #define HAVE_BLUETOOTH_H 1
| #define HAVE_DLFCN_H 1
| #define HAVE_ENDIAN_H 1
| #define HAVE_ERRNO_H 1
| #define HAVE_FCNTL_H 1
| #define HAVE_GRP_H 1
| #define HAVE_IEEEFP_H 1
| #define HAVE_LANGINFO_H 1
| #define HAVE_LIBINTL_H 1
| #define HAVE_LIBUTIL_H 1
| #define HAVE_SYS_AUXV_H 1
| #define HAVE_NETDB_H 1
| #define HAVE_NET_ETHERNET_H 1
| #define HAVE_NETINET_IN_H 1
| #define HAVE_POLL_H 1
| #define HAVE_PTHREAD_H 1
| #define HAVE_SCHED_H 1
| #define HAVE_SETJMP_H 1
| #define HAVE_SIGNAL_H 1
| #define HAVE_SPAWN_H 1
| #define HAVE_SYS_ENDIAN_H 1
| #define HAVE_SYS_EVENT_H 1
| #define HAVE_SYS_EVENTFD_H 1
| #define HAVE_SYS_FILE_H 1
| #define HAVE_SYS_IOCTL_H 1
| #define HAVE_SYS_LOCK_H 1
| #define HAVE_SYS_MMAN_H 1
| #define HAVE_SYS_PARAM_H 1
| #define HAVE_SYS_POLL_H 1
| #define HAVE_SYS_RANDOM_H 1
| #define HAVE_SYS_RESOURCE_H 1
| #define HAVE_SYS_SELECT_H 1
| #define HAVE_SYS_SOCKET_H 1
| #define HAVE_SYS_SOUNDCARD_H 1
| #define HAVE_SYS_STAT_H 1
| #define HAVE_SYS_STATVFS_H 1
| #define HAVE_SYS_SYSCALL_H 1
| #define HAVE_SYS_TIME_H 1
| #define HAVE_SYS_TIMES_H 1
| #define HAVE_SYS_TYPES_H 1
| #define HAVE_SYS_UIO_H 1
| #define HAVE_SYS_UN_H 1
| #define HAVE_SYS_UTSNAME_H 1
| #define HAVE_SYS_WAIT_H 1
| #define HAVE_SYSEXITS_H 1
| #define HAVE_SYSLOG_H 1
| #define HAVE_TERMIOS_H 1
| #define HAVE_UTIME_H 1
| #define HAVE_DIRENT_H 1
| #define HAVE_NET_IF_H 1
| #define HAVE_MAKEDEV 1
| #define _LARGEFILE_SOURCE 1
| #define _FILE_OFFSET_BITS 64
| #if defined(SCO_DS)
| #undef _OFF_T
| #endif
| #define RETSIGTYPE void
| #define HAVE_SSIZE_T 1
| #define HAVE_GCC_UINT128_T 1
| #define SIZEOF_INT 4
| #define SIZEOF_LONG 8
| #define ALIGNOF_LONG 8
| #define SIZEOF_LONG_LONG 8
| #define SIZEOF_VOID_P 16
| #define SIZEOF_SHORT 2
| #define SIZEOF_FLOAT 4
| #define SIZEOF_DOUBLE 8
| #define SIZEOF_FPOS_T 8
| #define SIZEOF_SIZE_T 8
| #define ALIGNOF_SIZE_T 8
| #define SIZEOF_PID_T 4
| #define SIZEOF_UINTPTR_T 16
| #define ALIGNOF_MAX_ALIGN_T 16
| #define HAVE_LONG_DOUBLE 1
| #define SIZEOF_LONG_DOUBLE 16
| #define SIZEOF__BOOL 1
| #define SIZEOF_OFF_T 8
| #define SIZEOF_TIME_T 8
| #define SIZEOF_PTHREAD_T 16
| #define SIZEOF_PTHREAD_KEY_T 4
| #define PTHREAD_KEY_T_IS_COMPATIBLE_WITH_INT 1
| #define HAVE_LIBDL 1
| #define HAVE_UUID_H 1
| #define HAVE_UUID_CREATE 1
| #define HAVE_UUID_ENC_BE 1
| #define WITH_LIBINTL 1
| #define HAVE_FFI_PREP_CIF_VAR 1
| #define HAVE_FFI_PREP_CLOSURE_LOC 1
| #define HAVE_FFI_CLOSURE_ALLOC 1
| #define WITH_DECIMAL_CONTEXTVAR 1
| #define HAVE_RPC_RPC_H 1
| #define HAVE_LIBSQLITE3 1
| #define HAVE_LIBSQLITE3 1
| #define HAVE_LIBSQLITE3 1
| #define HAVE_LIBSQLITE3 1
| #define HAVE_LIBSQLITE3 1
| #define HAVE_LIBSQLITE3 1
| #define HAVE_LIBSQLITE3 1
| #define HAVE_LIBSQLITE3 1
| #define HAVE_LIBSQLITE3 1
| #define PY_SQLITE_HAVE_SERIALIZE 1
| #define HAVE_GDBM_H 1
| #define HAVE_NDBM_H 1
| #define HAVE_DB_H 1
| #define PTHREAD_SYSTEM_SCHED_SUPPORTED 1
| #define HAVE_PTHREAD_SIGMASK 1
| #define HAVE_PTHREAD_GETCPUCLOCKID 1
| #define ENABLE_IPV6 1
| #define WITH_DOC_STRINGS 1
| #define WITH_PYMALLOC 1
| #define WITH_FREELISTS 1
| #define PY_COERCE_C_LOCALE 1
| #define HAVE_DLOPEN 1
| #define HAVE_DYNAMIC_LOADING 1
| #define HAVE_ACCEPT4 1
| #define HAVE_ALARM 1
| #define HAVE_BIND_TEXTDOMAIN_CODESET 1
| #define HAVE_CHMOD 1
| #define HAVE_CHOWN 1
| #define HAVE_CLOCK 1
| #define HAVE_CLOSE_RANGE 1
| #define HAVE_CONFSTR 1
| #define HAVE_COPY_FILE_RANGE 1
| #define HAVE_CTERMID 1
| #define HAVE_DUP 1
| #define HAVE_DUP3 1
| #define HAVE_EXECV 1
| #define HAVE_EXPLICIT_BZERO 1
| #define HAVE_FACCESSAT 1
| #define HAVE_FCHMOD 1
| #define HAVE_FCHMODAT 1
| #define HAVE_FCHOWN 1
| #define HAVE_FCHOWNAT 1
| #define HAVE_FDOPENDIR 1
| /* end confdefs.h.  */
| /* Define fdwalk to an innocuous variant, in case <limits.h> declares fdwalk.
|    For example, HP-UX 11i <limits.h> declares gettimeofday.  */
| #define fdwalk innocuous_fdwalk
| 
| /* System header to define __stub macros and hopefully few prototypes,
|    which can conflict with char fdwalk (); below.  */
| 
| #include <limits.h>
| #undef fdwalk
| 
| /* Override any GCC internal prototype to avoid an error.
|    Use char because int might match the return type of a GCC
|    builtin and then its argument prototype would still apply.  */
| #ifdef __cplusplus
| extern "C"
| #endif
| char fdwalk ();
| /* The GNU C library defines this for functions which it implements
|     to always fail with ENOSYS.  Some functions are actually named
|     something starting with __ and the normal name is an alias.  */
| #if defined __stub_fdwalk || defined __stub___fdwalk
| choke me
| #endif
| 
| int
| main (void)
| {
| return fdwalk ();
|   ;
|   return 0;
| }
configure:17638: result: no
configure:17644: checking for fexecve
configure:17644: cc -pthread -o conftest -mabi=purecap -I/usr/local/include -I/usr/include -mabi=purecap -L/usr/local/lib -L/usr/lib -lmd -lcheri_caprevoke conftest.c -lintl -ldl  >&5
configure:17644: $? = 0
configure:17644: result: yes
configure:17650: checking for fork
configure:17650: cc -pthread -o conftest -mabi=purecap -I/usr/local/include -I/usr/include -mabi=purecap -L/usr/local/lib -L/usr/lib -lmd -lcheri_caprevoke conftest.c -lintl -ldl  >&5
configure:17650: $? = 0
configure:17650: result: yes
configure:17656: checking for fork1
configure:17656: cc -pthread -o conftest -mabi=purecap -I/usr/local/include -I/usr/include -mabi=purecap -L/usr/local/lib -L/usr/lib -lmd -lcheri_caprevoke conftest.c -lintl -ldl  >&5
ld: error: undefined symbol: fork1
>>> referenced by conftest.c
>>>               /tmp/conftest-048153.o:(main)
>>> did you mean: fork
>>> defined in: /lib/libc.so.7
clang-14: error: linker command failed with exit code 1 (use -v to see invocation)
configure:17656: $? = 1
configure: failed program was:
| /* confdefs.h */
| #define _NETBSD_SOURCE 1
| #define __BSD_VISIBLE 1
| #define _DARWIN_C_SOURCE 1
| #define _PYTHONFRAMEWORK ""
| #define _XOPEN_SOURCE 700
| #define _XOPEN_SOURCE_EXTENDED 1
| #define _POSIX_C_SOURCE 200809L
| #define HAVE_STDIO_H 1
| #define HAVE_STDLIB_H 1
| #define HAVE_STRING_H 1
| #define HAVE_INTTYPES_H 1
| #define HAVE_STDINT_H 1
| #define HAVE_STRINGS_H 1
| #define HAVE_SYS_STAT_H 1
| #define HAVE_SYS_TYPES_H 1
| #define HAVE_UNISTD_H 1
| #define HAVE_WCHAR_H 1
| #define STDC_HEADERS 1
| #define _ALL_SOURCE 1
| #define _DARWIN_C_SOURCE 1
| #define _GNU_SOURCE 1
| #define _HPUX_ALT_XOPEN_SOCKET_API 1
| #define _NETBSD_SOURCE 1
| #define _OPENBSD_SOURCE 1
| #define _POSIX_PTHREAD_SEMANTICS 1
| #define __STDC_WANT_IEC_60559_ATTRIBS_EXT__ 1
| #define __STDC_WANT_IEC_60559_BFP_EXT__ 1
| #define __STDC_WANT_IEC_60559_DFP_EXT__ 1
| #define __STDC_WANT_IEC_60559_FUNCS_EXT__ 1
| #define __STDC_WANT_IEC_60559_TYPES_EXT__ 1
| #define __STDC_WANT_LIB_EXT2__ 1
| #define __STDC_WANT_MATH_SPEC_FUNCS__ 1
| #define _TANDEM_SOURCE 1
| #define __EXTENSIONS__ 1
| #define PY_SUPPORT_TIER 0
| #define Py_DEBUG 1
| #define STDC_HEADERS 1
| #define HAVE_BLUETOOTH_H 1
| #define HAVE_DLFCN_H 1
| #define HAVE_ENDIAN_H 1
| #define HAVE_ERRNO_H 1
| #define HAVE_FCNTL_H 1
| #define HAVE_GRP_H 1
| #define HAVE_IEEEFP_H 1
| #define HAVE_LANGINFO_H 1
| #define HAVE_LIBINTL_H 1
| #define HAVE_LIBUTIL_H 1
| #define HAVE_SYS_AUXV_H 1
| #define HAVE_NETDB_H 1
| #define HAVE_NET_ETHERNET_H 1
| #define HAVE_NETINET_IN_H 1
| #define HAVE_POLL_H 1
| #define HAVE_PTHREAD_H 1
| #define HAVE_SCHED_H 1
| #define HAVE_SETJMP_H 1
| #define HAVE_SIGNAL_H 1
| #define HAVE_SPAWN_H 1
| #define HAVE_SYS_ENDIAN_H 1
| #define HAVE_SYS_EVENT_H 1
| #define HAVE_SYS_EVENTFD_H 1
| #define HAVE_SYS_FILE_H 1
| #define HAVE_SYS_IOCTL_H 1
| #define HAVE_SYS_LOCK_H 1
| #define HAVE_SYS_MMAN_H 1
| #define HAVE_SYS_PARAM_H 1
| #define HAVE_SYS_POLL_H 1
| #define HAVE_SYS_RANDOM_H 1
| #define HAVE_SYS_RESOURCE_H 1
| #define HAVE_SYS_SELECT_H 1
| #define HAVE_SYS_SOCKET_H 1
| #define HAVE_SYS_SOUNDCARD_H 1
| #define HAVE_SYS_STAT_H 1
| #define HAVE_SYS_STATVFS_H 1
| #define HAVE_SYS_SYSCALL_H 1
| #define HAVE_SYS_TIME_H 1
| #define HAVE_SYS_TIMES_H 1
| #define HAVE_SYS_TYPES_H 1
| #define HAVE_SYS_UIO_H 1
| #define HAVE_SYS_UN_H 1
| #define HAVE_SYS_UTSNAME_H 1
| #define HAVE_SYS_WAIT_H 1
| #define HAVE_SYSEXITS_H 1
| #define HAVE_SYSLOG_H 1
| #define HAVE_TERMIOS_H 1
| #define HAVE_UTIME_H 1
| #define HAVE_DIRENT_H 1
| #define HAVE_NET_IF_H 1
| #define HAVE_MAKEDEV 1
| #define _LARGEFILE_SOURCE 1
| #define _FILE_OFFSET_BITS 64
| #if defined(SCO_DS)
| #undef _OFF_T
| #endif
| #define RETSIGTYPE void
| #define HAVE_SSIZE_T 1
| #define HAVE_GCC_UINT128_T 1
| #define SIZEOF_INT 4
| #define SIZEOF_LONG 8
| #define ALIGNOF_LONG 8
| #define SIZEOF_LONG_LONG 8
| #define SIZEOF_VOID_P 16
| #define SIZEOF_SHORT 2
| #define SIZEOF_FLOAT 4
| #define SIZEOF_DOUBLE 8
| #define SIZEOF_FPOS_T 8
| #define SIZEOF_SIZE_T 8
| #define ALIGNOF_SIZE_T 8
| #define SIZEOF_PID_T 4
| #define SIZEOF_UINTPTR_T 16
| #define ALIGNOF_MAX_ALIGN_T 16
| #define HAVE_LONG_DOUBLE 1
| #define SIZEOF_LONG_DOUBLE 16
| #define SIZEOF__BOOL 1
| #define SIZEOF_OFF_T 8
| #define SIZEOF_TIME_T 8
| #define SIZEOF_PTHREAD_T 16
| #define SIZEOF_PTHREAD_KEY_T 4
| #define PTHREAD_KEY_T_IS_COMPATIBLE_WITH_INT 1
| #define HAVE_LIBDL 1
| #define HAVE_UUID_H 1
| #define HAVE_UUID_CREATE 1
| #define HAVE_UUID_ENC_BE 1
| #define WITH_LIBINTL 1
| #define HAVE_FFI_PREP_CIF_VAR 1
| #define HAVE_FFI_PREP_CLOSURE_LOC 1
| #define HAVE_FFI_CLOSURE_ALLOC 1
| #define WITH_DECIMAL_CONTEXTVAR 1
| #define HAVE_RPC_RPC_H 1
| #define HAVE_LIBSQLITE3 1
| #define HAVE_LIBSQLITE3 1
| #define HAVE_LIBSQLITE3 1
| #define HAVE_LIBSQLITE3 1
| #define HAVE_LIBSQLITE3 1
| #define HAVE_LIBSQLITE3 1
| #define HAVE_LIBSQLITE3 1
| #define HAVE_LIBSQLITE3 1
| #define HAVE_LIBSQLITE3 1
| #define PY_SQLITE_HAVE_SERIALIZE 1
| #define HAVE_GDBM_H 1
| #define HAVE_NDBM_H 1
| #define HAVE_DB_H 1
| #define PTHREAD_SYSTEM_SCHED_SUPPORTED 1
| #define HAVE_PTHREAD_SIGMASK 1
| #define HAVE_PTHREAD_GETCPUCLOCKID 1
| #define ENABLE_IPV6 1
| #define WITH_DOC_STRINGS 1
| #define WITH_PYMALLOC 1
| #define WITH_FREELISTS 1
| #define PY_COERCE_C_LOCALE 1
| #define HAVE_DLOPEN 1
| #define HAVE_DYNAMIC_LOADING 1
| #define HAVE_ACCEPT4 1
| #define HAVE_ALARM 1
| #define HAVE_BIND_TEXTDOMAIN_CODESET 1
| #define HAVE_CHMOD 1
| #define HAVE_CHOWN 1
| #define HAVE_CLOCK 1
| #define HAVE_CLOSE_RANGE 1
| #define HAVE_CONFSTR 1
| #define HAVE_COPY_FILE_RANGE 1
| #define HAVE_CTERMID 1
| #define HAVE_DUP 1
| #define HAVE_DUP3 1
| #define HAVE_EXECV 1
| #define HAVE_EXPLICIT_BZERO 1
| #define HAVE_FACCESSAT 1
| #define HAVE_FCHMOD 1
| #define HAVE_FCHMODAT 1
| #define HAVE_FCHOWN 1
| #define HAVE_FCHOWNAT 1
| #define HAVE_FDOPENDIR 1
| #define HAVE_FEXECVE 1
| #define HAVE_FORK 1
| /* end confdefs.h.  */
| /* Define fork1 to an innocuous variant, in case <limits.h> declares fork1.
|    For example, HP-UX 11i <limits.h> declares gettimeofday.  */
| #define fork1 innocuous_fork1
| 
| /* System header to define __stub macros and hopefully few prototypes,
|    which can conflict with char fork1 (); below.  */
| 
| #include <limits.h>
| #undef fork1
| 
| /* Override any GCC internal prototype to avoid an error.
|    Use char because int might match the return type of a GCC
|    builtin and then its argument prototype would still apply.  */
| #ifdef __cplusplus
| extern "C"
| #endif
| char fork1 ();
| /* The GNU C library defines this for functions which it implements
|     to always fail with ENOSYS.  Some functions are actually named
|     something starting with __ and the normal name is an alias.  */
| #if defined __stub_fork1 || defined __stub___fork1
| choke me
| #endif
| 
| int
| main (void)
| {
| return fork1 ();
|   ;
|   return 0;
| }
configure:17656: result: no
configure:17662: checking for fpathconf
configure:17662: cc -pthread -o conftest -mabi=purecap -I/usr/local/include -I/usr/include -mabi=purecap -L/usr/local/lib -L/usr/lib -lmd -lcheri_caprevoke conftest.c -lintl -ldl  >&5
configure:17662: $? = 0
configure:17662: result: yes
configure:17668: checking for fstatat
configure:17668: cc -pthread -o conftest -mabi=purecap -I/usr/local/include -I/usr/include -mabi=purecap -L/usr/local/lib -L/usr/lib -lmd -lcheri_caprevoke conftest.c -lintl -ldl  >&5
configure:17668: $? = 0
configure:17668: result: yes
configure:17674: checking for ftime
configure:17674: cc -pthread -o conftest -mabi=purecap -I/usr/local/include -I/usr/include -mabi=purecap -L/usr/local/lib -L/usr/lib -lmd -lcheri_caprevoke conftest.c -lintl -ldl  >&5
ld: error: undefined symbol: ftime
>>> referenced by conftest.c
>>>               /tmp/conftest-13ee22.o:(main)
>>> did you mean: ctime
>>> defined in: /lib/libc.so.7
clang-14: error: linker command failed with exit code 1 (use -v to see invocation)
configure:17674: $? = 1
configure: failed program was:
| /* confdefs.h */
| #define _NETBSD_SOURCE 1
| #define __BSD_VISIBLE 1
| #define _DARWIN_C_SOURCE 1
| #define _PYTHONFRAMEWORK ""
| #define _XOPEN_SOURCE 700
| #define _XOPEN_SOURCE_EXTENDED 1
| #define _POSIX_C_SOURCE 200809L
| #define HAVE_STDIO_H 1
| #define HAVE_STDLIB_H 1
| #define HAVE_STRING_H 1
| #define HAVE_INTTYPES_H 1
| #define HAVE_STDINT_H 1
| #define HAVE_STRINGS_H 1
| #define HAVE_SYS_STAT_H 1
| #define HAVE_SYS_TYPES_H 1
| #define HAVE_UNISTD_H 1
| #define HAVE_WCHAR_H 1
| #define STDC_HEADERS 1
| #define _ALL_SOURCE 1
| #define _DARWIN_C_SOURCE 1
| #define _GNU_SOURCE 1
| #define _HPUX_ALT_XOPEN_SOCKET_API 1
| #define _NETBSD_SOURCE 1
| #define _OPENBSD_SOURCE 1
| #define _POSIX_PTHREAD_SEMANTICS 1
| #define __STDC_WANT_IEC_60559_ATTRIBS_EXT__ 1
| #define __STDC_WANT_IEC_60559_BFP_EXT__ 1
| #define __STDC_WANT_IEC_60559_DFP_EXT__ 1
| #define __STDC_WANT_IEC_60559_FUNCS_EXT__ 1
| #define __STDC_WANT_IEC_60559_TYPES_EXT__ 1
| #define __STDC_WANT_LIB_EXT2__ 1
| #define __STDC_WANT_MATH_SPEC_FUNCS__ 1
| #define _TANDEM_SOURCE 1
| #define __EXTENSIONS__ 1
| #define PY_SUPPORT_TIER 0
| #define Py_DEBUG 1
| #define STDC_HEADERS 1
| #define HAVE_BLUETOOTH_H 1
| #define HAVE_DLFCN_H 1
| #define HAVE_ENDIAN_H 1
| #define HAVE_ERRNO_H 1
| #define HAVE_FCNTL_H 1
| #define HAVE_GRP_H 1
| #define HAVE_IEEEFP_H 1
| #define HAVE_LANGINFO_H 1
| #define HAVE_LIBINTL_H 1
| #define HAVE_LIBUTIL_H 1
| #define HAVE_SYS_AUXV_H 1
| #define HAVE_NETDB_H 1
| #define HAVE_NET_ETHERNET_H 1
| #define HAVE_NETINET_IN_H 1
| #define HAVE_POLL_H 1
| #define HAVE_PTHREAD_H 1
| #define HAVE_SCHED_H 1
| #define HAVE_SETJMP_H 1
| #define HAVE_SIGNAL_H 1
| #define HAVE_SPAWN_H 1
| #define HAVE_SYS_ENDIAN_H 1
| #define HAVE_SYS_EVENT_H 1
| #define HAVE_SYS_EVENTFD_H 1
| #define HAVE_SYS_FILE_H 1
| #define HAVE_SYS_IOCTL_H 1
| #define HAVE_SYS_LOCK_H 1
| #define HAVE_SYS_MMAN_H 1
| #define HAVE_SYS_PARAM_H 1
| #define HAVE_SYS_POLL_H 1
| #define HAVE_SYS_RANDOM_H 1
| #define HAVE_SYS_RESOURCE_H 1
| #define HAVE_SYS_SELECT_H 1
| #define HAVE_SYS_SOCKET_H 1
| #define HAVE_SYS_SOUNDCARD_H 1
| #define HAVE_SYS_STAT_H 1
| #define HAVE_SYS_STATVFS_H 1
| #define HAVE_SYS_SYSCALL_H 1
| #define HAVE_SYS_TIME_H 1
| #define HAVE_SYS_TIMES_H 1
| #define HAVE_SYS_TYPES_H 1
| #define HAVE_SYS_UIO_H 1
| #define HAVE_SYS_UN_H 1
| #define HAVE_SYS_UTSNAME_H 1
| #define HAVE_SYS_WAIT_H 1
| #define HAVE_SYSEXITS_H 1
| #define HAVE_SYSLOG_H 1
| #define HAVE_TERMIOS_H 1
| #define HAVE_UTIME_H 1
| #define HAVE_DIRENT_H 1
| #define HAVE_NET_IF_H 1
| #define HAVE_MAKEDEV 1
| #define _LARGEFILE_SOURCE 1
| #define _FILE_OFFSET_BITS 64
| #if defined(SCO_DS)
| #undef _OFF_T
| #endif
| #define RETSIGTYPE void
| #define HAVE_SSIZE_T 1
| #define HAVE_GCC_UINT128_T 1
| #define SIZEOF_INT 4
| #define SIZEOF_LONG 8
| #define ALIGNOF_LONG 8
| #define SIZEOF_LONG_LONG 8
| #define SIZEOF_VOID_P 16
| #define SIZEOF_SHORT 2
| #define SIZEOF_FLOAT 4
| #define SIZEOF_DOUBLE 8
| #define SIZEOF_FPOS_T 8
| #define SIZEOF_SIZE_T 8
| #define ALIGNOF_SIZE_T 8
| #define SIZEOF_PID_T 4
| #define SIZEOF_UINTPTR_T 16
| #define ALIGNOF_MAX_ALIGN_T 16
| #define HAVE_LONG_DOUBLE 1
| #define SIZEOF_LONG_DOUBLE 16
| #define SIZEOF__BOOL 1
| #define SIZEOF_OFF_T 8
| #define SIZEOF_TIME_T 8
| #define SIZEOF_PTHREAD_T 16
| #define SIZEOF_PTHREAD_KEY_T 4
| #define PTHREAD_KEY_T_IS_COMPATIBLE_WITH_INT 1
| #define HAVE_LIBDL 1
| #define HAVE_UUID_H 1
| #define HAVE_UUID_CREATE 1
| #define HAVE_UUID_ENC_BE 1
| #define WITH_LIBINTL 1
| #define HAVE_FFI_PREP_CIF_VAR 1
| #define HAVE_FFI_PREP_CLOSURE_LOC 1
| #define HAVE_FFI_CLOSURE_ALLOC 1
| #define WITH_DECIMAL_CONTEXTVAR 1
| #define HAVE_RPC_RPC_H 1
| #define HAVE_LIBSQLITE3 1
| #define HAVE_LIBSQLITE3 1
| #define HAVE_LIBSQLITE3 1
| #define HAVE_LIBSQLITE3 1
| #define HAVE_LIBSQLITE3 1
| #define HAVE_LIBSQLITE3 1
| #define HAVE_LIBSQLITE3 1
| #define HAVE_LIBSQLITE3 1
| #define HAVE_LIBSQLITE3 1
| #define PY_SQLITE_HAVE_SERIALIZE 1
| #define HAVE_GDBM_H 1
| #define HAVE_NDBM_H 1
| #define HAVE_DB_H 1
| #define PTHREAD_SYSTEM_SCHED_SUPPORTED 1
| #define HAVE_PTHREAD_SIGMASK 1
| #define HAVE_PTHREAD_GETCPUCLOCKID 1
| #define ENABLE_IPV6 1
| #define WITH_DOC_STRINGS 1
| #define WITH_PYMALLOC 1
| #define WITH_FREELISTS 1
| #define PY_COERCE_C_LOCALE 1
| #define HAVE_DLOPEN 1
| #define HAVE_DYNAMIC_LOADING 1
| #define HAVE_ACCEPT4 1
| #define HAVE_ALARM 1
| #define HAVE_BIND_TEXTDOMAIN_CODESET 1
| #define HAVE_CHMOD 1
| #define HAVE_CHOWN 1
| #define HAVE_CLOCK 1
| #define HAVE_CLOSE_RANGE 1
| #define HAVE_CONFSTR 1
| #define HAVE_COPY_FILE_RANGE 1
| #define HAVE_CTERMID 1
| #define HAVE_DUP 1
| #define HAVE_DUP3 1
| #define HAVE_EXECV 1
| #define HAVE_EXPLICIT_BZERO 1
| #define HAVE_FACCESSAT 1
| #define HAVE_FCHMOD 1
| #define HAVE_FCHMODAT 1
| #define HAVE_FCHOWN 1
| #define HAVE_FCHOWNAT 1
| #define HAVE_FDOPENDIR 1
| #define HAVE_FEXECVE 1
| #define HAVE_FORK 1
| #define HAVE_FPATHCONF 1
| #define HAVE_FSTATAT 1
| /* end confdefs.h.  */
| /* Define ftime to an innocuous variant, in case <limits.h> declares ftime.
|    For example, HP-UX 11i <limits.h> declares gettimeofday.  */
| #define ftime innocuous_ftime
| 
| /* System header to define __stub macros and hopefully few prototypes,
|    which can conflict with char ftime (); below.  */
| 
| #include <limits.h>
| #undef ftime
| 
| /* Override any GCC internal prototype to avoid an error.
|    Use char because int might match the return type of a GCC
|    builtin and then its argument prototype would still apply.  */
| #ifdef __cplusplus
| extern "C"
| #endif
| char ftime ();
| /* The GNU C library defines this for functions which it implements
|     to always fail with ENOSYS.  Some functions are actually named
|     something starting with __ and the normal name is an alias.  */
| #if defined __stub_ftime || defined __stub___ftime
| choke me
| #endif
| 
| int
| main (void)
| {
| return ftime ();
|   ;
|   return 0;
| }
configure:17674: result: no
configure:17680: checking for ftruncate
configure:17680: cc -pthread -o conftest -mabi=purecap -I/usr/local/include -I/usr/include -mabi=purecap -L/usr/local/lib -L/usr/lib -lmd -lcheri_caprevoke conftest.c -lintl -ldl  >&5
configure:17680: $? = 0
configure:17680: result: yes
configure:17686: checking for futimens
configure:17686: cc -pthread -o conftest -mabi=purecap -I/usr/local/include -I/usr/include -mabi=purecap -L/usr/local/lib -L/usr/lib -lmd -lcheri_caprevoke conftest.c -lintl -ldl  >&5
configure:17686: $? = 0
configure:17686: result: yes
configure:17692: checking for futimes
configure:17692: cc -pthread -o conftest -mabi=purecap -I/usr/local/include -I/usr/include -mabi=purecap -L/usr/local/lib -L/usr/lib -lmd -lcheri_caprevoke conftest.c -lintl -ldl  >&5
configure:17692: $? = 0
configure:17692: result: yes
configure:17698: checking for futimesat
configure:17698: cc -pthread -o conftest -mabi=purecap -I/usr/local/include -I/usr/include -mabi=purecap -L/usr/local/lib -L/usr/lib -lmd -lcheri_caprevoke conftest.c -lintl -ldl  >&5
configure:17698: $? = 0
configure:17698: result: yes
configure:17704: checking for gai_strerror
configure:17704: cc -pthread -o conftest -mabi=purecap -I/usr/local/include -I/usr/include -mabi=purecap -L/usr/local/lib -L/usr/lib -lmd -lcheri_caprevoke conftest.c -lintl -ldl  >&5
configure:17704: $? = 0
configure:17704: result: yes
configure:17710: checking for getegid
configure:17710: cc -pthread -o conftest -mabi=purecap -I/usr/local/include -I/usr/include -mabi=purecap -L/usr/local/lib -L/usr/lib -lmd -lcheri_caprevoke conftest.c -lintl -ldl  >&5
configure:17710: $? = 0
configure:17710: result: yes
configure:17716: checking for getentropy
configure:17716: cc -pthread -o conftest -mabi=purecap -I/usr/local/include -I/usr/include -mabi=purecap -L/usr/local/lib -L/usr/lib -lmd -lcheri_caprevoke conftest.c -lintl -ldl  >&5
configure:17716: $? = 0
configure:17716: result: yes
configure:17722: checking for geteuid
configure:17722: cc -pthread -o conftest -mabi=purecap -I/usr/local/include -I/usr/include -mabi=purecap -L/usr/local/lib -L/usr/lib -lmd -lcheri_caprevoke conftest.c -lintl -ldl  >&5
configure:17722: $? = 0
configure:17722: result: yes
configure:17728: checking for getgid
configure:17728: cc -pthread -o conftest -mabi=purecap -I/usr/local/include -I/usr/include -mabi=purecap -L/usr/local/lib -L/usr/lib -lmd -lcheri_caprevoke conftest.c -lintl -ldl  >&5
configure:17728: $? = 0
configure:17728: result: yes
configure:17734: checking for getgrgid
configure:17734: cc -pthread -o conftest -mabi=purecap -I/usr/local/include -I/usr/include -mabi=purecap -L/usr/local/lib -L/usr/lib -lmd -lcheri_caprevoke conftest.c -lintl -ldl  >&5
configure:17734: $? = 0
configure:17734: result: yes
configure:17740: checking for getgrgid_r
configure:17740: cc -pthread -o conftest -mabi=purecap -I/usr/local/include -I/usr/include -mabi=purecap -L/usr/local/lib -L/usr/lib -lmd -lcheri_caprevoke conftest.c -lintl -ldl  >&5
configure:17740: $? = 0
configure:17740: result: yes
configure:17746: checking for getgrnam_r
configure:17746: cc -pthread -o conftest -mabi=purecap -I/usr/local/include -I/usr/include -mabi=purecap -L/usr/local/lib -L/usr/lib -lmd -lcheri_caprevoke conftest.c -lintl -ldl  >&5
configure:17746: $? = 0
configure:17746: result: yes
configure:17752: checking for getgrouplist
configure:17752: cc -pthread -o conftest -mabi=purecap -I/usr/local/include -I/usr/include -mabi=purecap -L/usr/local/lib -L/usr/lib -lmd -lcheri_caprevoke conftest.c -lintl -ldl  >&5
configure:17752: $? = 0
configure:17752: result: yes
configure:17758: checking for getgroups
configure:17758: cc -pthread -o conftest -mabi=purecap -I/usr/local/include -I/usr/include -mabi=purecap -L/usr/local/lib -L/usr/lib -lmd -lcheri_caprevoke conftest.c -lintl -ldl  >&5
configure:17758: $? = 0
configure:17758: result: yes
configure:17764: checking for gethostname
configure:17764: cc -pthread -o conftest -mabi=purecap -I/usr/local/include -I/usr/include -mabi=purecap -L/usr/local/lib -L/usr/lib -lmd -lcheri_caprevoke conftest.c -lintl -ldl  >&5
configure:17764: $? = 0
configure:17764: result: yes
configure:17770: checking for getitimer
configure:17770: cc -pthread -o conftest -mabi=purecap -I/usr/local/include -I/usr/include -mabi=purecap -L/usr/local/lib -L/usr/lib -lmd -lcheri_caprevoke conftest.c -lintl -ldl  >&5
configure:17770: $? = 0
configure:17770: result: yes
configure:17776: checking for getloadavg
configure:17776: cc -pthread -o conftest -mabi=purecap -I/usr/local/include -I/usr/include -mabi=purecap -L/usr/local/lib -L/usr/lib -lmd -lcheri_caprevoke conftest.c -lintl -ldl  >&5
configure:17776: $? = 0
configure:17776: result: yes
configure:17782: checking for getlogin
configure:17782: cc -pthread -o conftest -mabi=purecap -I/usr/local/include -I/usr/include -mabi=purecap -L/usr/local/lib -L/usr/lib -lmd -lcheri_caprevoke conftest.c -lintl -ldl  >&5
configure:17782: $? = 0
configure:17782: result: yes
configure:17788: checking for getpeername
configure:17788: cc -pthread -o conftest -mabi=purecap -I/usr/local/include -I/usr/include -mabi=purecap -L/usr/local/lib -L/usr/lib -lmd -lcheri_caprevoke conftest.c -lintl -ldl  >&5
configure:17788: $? = 0
configure:17788: result: yes
configure:17794: checking for getpgid
configure:17794: cc -pthread -o conftest -mabi=purecap -I/usr/local/include -I/usr/include -mabi=purecap -L/usr/local/lib -L/usr/lib -lmd -lcheri_caprevoke conftest.c -lintl -ldl  >&5
configure:17794: $? = 0
configure:17794: result: yes
configure:17800: checking for getpid
configure:17800: cc -pthread -o conftest -mabi=purecap -I/usr/local/include -I/usr/include -mabi=purecap -L/usr/local/lib -L/usr/lib -lmd -lcheri_caprevoke conftest.c -lintl -ldl  >&5
configure:17800: $? = 0
configure:17800: result: yes
configure:17806: checking for getppid
configure:17806: cc -pthread -o conftest -mabi=purecap -I/usr/local/include -I/usr/include -mabi=purecap -L/usr/local/lib -L/usr/lib -lmd -lcheri_caprevoke conftest.c -lintl -ldl  >&5
configure:17806: $? = 0
configure:17806: result: yes
configure:17812: checking for getpriority
configure:17812: cc -pthread -o conftest -mabi=purecap -I/usr/local/include -I/usr/include -mabi=purecap -L/usr/local/lib -L/usr/lib -lmd -lcheri_caprevoke conftest.c -lintl -ldl  >&5
configure:17812: $? = 0
configure:17812: result: yes
configure:17818: checking for _getpty
configure:17818: cc -pthread -o conftest -mabi=purecap -I/usr/local/include -I/usr/include -mabi=purecap -L/usr/local/lib -L/usr/lib -lmd -lcheri_caprevoke conftest.c -lintl -ldl  >&5
ld: error: undefined symbol: _getpty
>>> referenced by conftest.c
>>>               /tmp/conftest-b2d73f.o:(main)
clang-14: error: linker command failed with exit code 1 (use -v to see invocation)
configure:17818: $? = 1
configure: failed program was:
| /* confdefs.h */
| #define _NETBSD_SOURCE 1
| #define __BSD_VISIBLE 1
| #define _DARWIN_C_SOURCE 1
| #define _PYTHONFRAMEWORK ""
| #define _XOPEN_SOURCE 700
| #define _XOPEN_SOURCE_EXTENDED 1
| #define _POSIX_C_SOURCE 200809L
| #define HAVE_STDIO_H 1
| #define HAVE_STDLIB_H 1
| #define HAVE_STRING_H 1
| #define HAVE_INTTYPES_H 1
| #define HAVE_STDINT_H 1
| #define HAVE_STRINGS_H 1
| #define HAVE_SYS_STAT_H 1
| #define HAVE_SYS_TYPES_H 1
| #define HAVE_UNISTD_H 1
| #define HAVE_WCHAR_H 1
| #define STDC_HEADERS 1
| #define _ALL_SOURCE 1
| #define _DARWIN_C_SOURCE 1
| #define _GNU_SOURCE 1
| #define _HPUX_ALT_XOPEN_SOCKET_API 1
| #define _NETBSD_SOURCE 1
| #define _OPENBSD_SOURCE 1
| #define _POSIX_PTHREAD_SEMANTICS 1
| #define __STDC_WANT_IEC_60559_ATTRIBS_EXT__ 1
| #define __STDC_WANT_IEC_60559_BFP_EXT__ 1
| #define __STDC_WANT_IEC_60559_DFP_EXT__ 1
| #define __STDC_WANT_IEC_60559_FUNCS_EXT__ 1
| #define __STDC_WANT_IEC_60559_TYPES_EXT__ 1
| #define __STDC_WANT_LIB_EXT2__ 1
| #define __STDC_WANT_MATH_SPEC_FUNCS__ 1
| #define _TANDEM_SOURCE 1
| #define __EXTENSIONS__ 1
| #define PY_SUPPORT_TIER 0
| #define Py_DEBUG 1
| #define STDC_HEADERS 1
| #define HAVE_BLUETOOTH_H 1
| #define HAVE_DLFCN_H 1
| #define HAVE_ENDIAN_H 1
| #define HAVE_ERRNO_H 1
| #define HAVE_FCNTL_H 1
| #define HAVE_GRP_H 1
| #define HAVE_IEEEFP_H 1
| #define HAVE_LANGINFO_H 1
| #define HAVE_LIBINTL_H 1
| #define HAVE_LIBUTIL_H 1
| #define HAVE_SYS_AUXV_H 1
| #define HAVE_NETDB_H 1
| #define HAVE_NET_ETHERNET_H 1
| #define HAVE_NETINET_IN_H 1
| #define HAVE_POLL_H 1
| #define HAVE_PTHREAD_H 1
| #define HAVE_SCHED_H 1
| #define HAVE_SETJMP_H 1
| #define HAVE_SIGNAL_H 1
| #define HAVE_SPAWN_H 1
| #define HAVE_SYS_ENDIAN_H 1
| #define HAVE_SYS_EVENT_H 1
| #define HAVE_SYS_EVENTFD_H 1
| #define HAVE_SYS_FILE_H 1
| #define HAVE_SYS_IOCTL_H 1
| #define HAVE_SYS_LOCK_H 1
| #define HAVE_SYS_MMAN_H 1
| #define HAVE_SYS_PARAM_H 1
| #define HAVE_SYS_POLL_H 1
| #define HAVE_SYS_RANDOM_H 1
| #define HAVE_SYS_RESOURCE_H 1
| #define HAVE_SYS_SELECT_H 1
| #define HAVE_SYS_SOCKET_H 1
| #define HAVE_SYS_SOUNDCARD_H 1
| #define HAVE_SYS_STAT_H 1
| #define HAVE_SYS_STATVFS_H 1
| #define HAVE_SYS_SYSCALL_H 1
| #define HAVE_SYS_TIME_H 1
| #define HAVE_SYS_TIMES_H 1
| #define HAVE_SYS_TYPES_H 1
| #define HAVE_SYS_UIO_H 1
| #define HAVE_SYS_UN_H 1
| #define HAVE_SYS_UTSNAME_H 1
| #define HAVE_SYS_WAIT_H 1
| #define HAVE_SYSEXITS_H 1
| #define HAVE_SYSLOG_H 1
| #define HAVE_TERMIOS_H 1
| #define HAVE_UTIME_H 1
| #define HAVE_DIRENT_H 1
| #define HAVE_NET_IF_H 1
| #define HAVE_MAKEDEV 1
| #define _LARGEFILE_SOURCE 1
| #define _FILE_OFFSET_BITS 64
| #if defined(SCO_DS)
| #undef _OFF_T
| #endif
| #define RETSIGTYPE void
| #define HAVE_SSIZE_T 1
| #define HAVE_GCC_UINT128_T 1
| #define SIZEOF_INT 4
| #define SIZEOF_LONG 8
| #define ALIGNOF_LONG 8
| #define SIZEOF_LONG_LONG 8
| #define SIZEOF_VOID_P 16
| #define SIZEOF_SHORT 2
| #define SIZEOF_FLOAT 4
| #define SIZEOF_DOUBLE 8
| #define SIZEOF_FPOS_T 8
| #define SIZEOF_SIZE_T 8
| #define ALIGNOF_SIZE_T 8
| #define SIZEOF_PID_T 4
| #define SIZEOF_UINTPTR_T 16
| #define ALIGNOF_MAX_ALIGN_T 16
| #define HAVE_LONG_DOUBLE 1
| #define SIZEOF_LONG_DOUBLE 16
| #define SIZEOF__BOOL 1
| #define SIZEOF_OFF_T 8
| #define SIZEOF_TIME_T 8
| #define SIZEOF_PTHREAD_T 16
| #define SIZEOF_PTHREAD_KEY_T 4
| #define PTHREAD_KEY_T_IS_COMPATIBLE_WITH_INT 1
| #define HAVE_LIBDL 1
| #define HAVE_UUID_H 1
| #define HAVE_UUID_CREATE 1
| #define HAVE_UUID_ENC_BE 1
| #define WITH_LIBINTL 1
| #define HAVE_FFI_PREP_CIF_VAR 1
| #define HAVE_FFI_PREP_CLOSURE_LOC 1
| #define HAVE_FFI_CLOSURE_ALLOC 1
| #define WITH_DECIMAL_CONTEXTVAR 1
| #define HAVE_RPC_RPC_H 1
| #define HAVE_LIBSQLITE3 1
| #define HAVE_LIBSQLITE3 1
| #define HAVE_LIBSQLITE3 1
| #define HAVE_LIBSQLITE3 1
| #define HAVE_LIBSQLITE3 1
| #define HAVE_LIBSQLITE3 1
| #define HAVE_LIBSQLITE3 1
| #define HAVE_LIBSQLITE3 1
| #define HAVE_LIBSQLITE3 1
| #define PY_SQLITE_HAVE_SERIALIZE 1
| #define HAVE_GDBM_H 1
| #define HAVE_NDBM_H 1
| #define HAVE_DB_H 1
| #define PTHREAD_SYSTEM_SCHED_SUPPORTED 1
| #define HAVE_PTHREAD_SIGMASK 1
| #define HAVE_PTHREAD_GETCPUCLOCKID 1
| #define ENABLE_IPV6 1
| #define WITH_DOC_STRINGS 1
| #define WITH_PYMALLOC 1
| #define WITH_FREELISTS 1
| #define PY_COERCE_C_LOCALE 1
| #define HAVE_DLOPEN 1
| #define HAVE_DYNAMIC_LOADING 1
| #define HAVE_ACCEPT4 1
| #define HAVE_ALARM 1
| #define HAVE_BIND_TEXTDOMAIN_CODESET 1
| #define HAVE_CHMOD 1
| #define HAVE_CHOWN 1
| #define HAVE_CLOCK 1
| #define HAVE_CLOSE_RANGE 1
| #define HAVE_CONFSTR 1
| #define HAVE_COPY_FILE_RANGE 1
| #define HAVE_CTERMID 1
| #define HAVE_DUP 1
| #define HAVE_DUP3 1
| #define HAVE_EXECV 1
| #define HAVE_EXPLICIT_BZERO 1
| #define HAVE_FACCESSAT 1
| #define HAVE_FCHMOD 1
| #define HAVE_FCHMODAT 1
| #define HAVE_FCHOWN 1
| #define HAVE_FCHOWNAT 1
| #define HAVE_FDOPENDIR 1
| #define HAVE_FEXECVE 1
| #define HAVE_FORK 1
| #define HAVE_FPATHCONF 1
| #define HAVE_FSTATAT 1
| #define HAVE_FTRUNCATE 1
| #define HAVE_FUTIMENS 1
| #define HAVE_FUTIMES 1
| #define HAVE_FUTIMESAT 1
| #define HAVE_GAI_STRERROR 1
| #define HAVE_GETEGID 1
| #define HAVE_GETENTROPY 1
| #define HAVE_GETEUID 1
| #define HAVE_GETGID 1
| #define HAVE_GETGRGID 1
| #define HAVE_GETGRGID_R 1
| #define HAVE_GETGRNAM_R 1
| #define HAVE_GETGROUPLIST 1
| #define HAVE_GETGROUPS 1
| #define HAVE_GETHOSTNAME 1
| #define HAVE_GETITIMER 1
| #define HAVE_GETLOADAVG 1
| #define HAVE_GETLOGIN 1
| #define HAVE_GETPEERNAME 1
| #define HAVE_GETPGID 1
| #define HAVE_GETPID 1
| #define HAVE_GETPPID 1
| #define HAVE_GETPRIORITY 1
| /* end confdefs.h.  */
| /* Define _getpty to an innocuous variant, in case <limits.h> declares _getpty.
|    For example, HP-UX 11i <limits.h> declares gettimeofday.  */
| #define _getpty innocuous__getpty
| 
| /* System header to define __stub macros and hopefully few prototypes,
|    which can conflict with char _getpty (); below.  */
| 
| #include <limits.h>
| #undef _getpty
| 
| /* Override any GCC internal prototype to avoid an error.
|    Use char because int might match the return type of a GCC
|    builtin and then its argument prototype would still apply.  */
| #ifdef __cplusplus
| extern "C"
| #endif
| char _getpty ();
| /* The GNU C library defines this for functions which it implements
|     to always fail with ENOSYS.  Some functions are actually named
|     something starting with __ and the normal name is an alias.  */
| #if defined __stub__getpty || defined __stub____getpty
| choke me
| #endif
| 
| int
| main (void)
| {
| return _getpty ();
|   ;
|   return 0;
| }
configure:17818: result: no
configure:17824: checking for getpwent
configure:17824: cc -pthread -o conftest -mabi=purecap -I/usr/local/include -I/usr/include -mabi=purecap -L/usr/local/lib -L/usr/lib -lmd -lcheri_caprevoke conftest.c -lintl -ldl  >&5
configure:17824: $? = 0
configure:17824: result: yes
configure:17830: checking for getpwnam_r
configure:17830: cc -pthread -o conftest -mabi=purecap -I/usr/local/include -I/usr/include -mabi=purecap -L/usr/local/lib -L/usr/lib -lmd -lcheri_caprevoke conftest.c -lintl -ldl  >&5
configure:17830: $? = 0
configure:17830: result: yes
configure:17836: checking for getpwuid
configure:17836: cc -pthread -o conftest -mabi=purecap -I/usr/local/include -I/usr/include -mabi=purecap -L/usr/local/lib -L/usr/lib -lmd -lcheri_caprevoke conftest.c -lintl -ldl  >&5
configure:17836: $? = 0
configure:17836: result: yes
configure:17842: checking for getpwuid_r
configure:17842: cc -pthread -o conftest -mabi=purecap -I/usr/local/include -I/usr/include -mabi=purecap -L/usr/local/lib -L/usr/lib -lmd -lcheri_caprevoke conftest.c -lintl -ldl  >&5
configure:17842: $? = 0
configure:17842: result: yes
configure:17848: checking for getresgid
configure:17848: cc -pthread -o conftest -mabi=purecap -I/usr/local/include -I/usr/include -mabi=purecap -L/usr/local/lib -L/usr/lib -lmd -lcheri_caprevoke conftest.c -lintl -ldl  >&5
configure:17848: $? = 0
configure:17848: result: yes
configure:17854: checking for getresuid
configure:17854: cc -pthread -o conftest -mabi=purecap -I/usr/local/include -I/usr/include -mabi=purecap -L/usr/local/lib -L/usr/lib -lmd -lcheri_caprevoke conftest.c -lintl -ldl  >&5
configure:17854: $? = 0
configure:17854: result: yes
configure:17860: checking for getrusage
configure:17860: cc -pthread -o conftest -mabi=purecap -I/usr/local/include -I/usr/include -mabi=purecap -L/usr/local/lib -L/usr/lib -lmd -lcheri_caprevoke conftest.c -lintl -ldl  >&5
configure:17860: $? = 0
configure:17860: result: yes
configure:17866: checking for getsid
configure:17866: cc -pthread -o conftest -mabi=purecap -I/usr/local/include -I/usr/include -mabi=purecap -L/usr/local/lib -L/usr/lib -lmd -lcheri_caprevoke conftest.c -lintl -ldl  >&5
configure:17866: $? = 0
configure:17866: result: yes
configure:17872: checking for getspent
configure:17872: cc -pthread -o conftest -mabi=purecap -I/usr/local/include -I/usr/include -mabi=purecap -L/usr/local/lib -L/usr/lib -lmd -lcheri_caprevoke conftest.c -lintl -ldl  >&5
ld: error: undefined symbol: getspent
>>> referenced by conftest.c
>>>               /tmp/conftest-4eb244.o:(main)
clang-14: error: linker command failed with exit code 1 (use -v to see invocation)
configure:17872: $? = 1
configure: failed program was:
| /* confdefs.h */
| #define _NETBSD_SOURCE 1
| #define __BSD_VISIBLE 1
| #define _DARWIN_C_SOURCE 1
| #define _PYTHONFRAMEWORK ""
| #define _XOPEN_SOURCE 700
| #define _XOPEN_SOURCE_EXTENDED 1
| #define _POSIX_C_SOURCE 200809L
| #define HAVE_STDIO_H 1
| #define HAVE_STDLIB_H 1
| #define HAVE_STRING_H 1
| #define HAVE_INTTYPES_H 1
| #define HAVE_STDINT_H 1
| #define HAVE_STRINGS_H 1
| #define HAVE_SYS_STAT_H 1
| #define HAVE_SYS_TYPES_H 1
| #define HAVE_UNISTD_H 1
| #define HAVE_WCHAR_H 1
| #define STDC_HEADERS 1
| #define _ALL_SOURCE 1
| #define _DARWIN_C_SOURCE 1
| #define _GNU_SOURCE 1
| #define _HPUX_ALT_XOPEN_SOCKET_API 1
| #define _NETBSD_SOURCE 1
| #define _OPENBSD_SOURCE 1
| #define _POSIX_PTHREAD_SEMANTICS 1
| #define __STDC_WANT_IEC_60559_ATTRIBS_EXT__ 1
| #define __STDC_WANT_IEC_60559_BFP_EXT__ 1
| #define __STDC_WANT_IEC_60559_DFP_EXT__ 1
| #define __STDC_WANT_IEC_60559_FUNCS_EXT__ 1
| #define __STDC_WANT_IEC_60559_TYPES_EXT__ 1
| #define __STDC_WANT_LIB_EXT2__ 1
| #define __STDC_WANT_MATH_SPEC_FUNCS__ 1
| #define _TANDEM_SOURCE 1
| #define __EXTENSIONS__ 1
| #define PY_SUPPORT_TIER 0
| #define Py_DEBUG 1
| #define STDC_HEADERS 1
| #define HAVE_BLUETOOTH_H 1
| #define HAVE_DLFCN_H 1
| #define HAVE_ENDIAN_H 1
| #define HAVE_ERRNO_H 1
| #define HAVE_FCNTL_H 1
| #define HAVE_GRP_H 1
| #define HAVE_IEEEFP_H 1
| #define HAVE_LANGINFO_H 1
| #define HAVE_LIBINTL_H 1
| #define HAVE_LIBUTIL_H 1
| #define HAVE_SYS_AUXV_H 1
| #define HAVE_NETDB_H 1
| #define HAVE_NET_ETHERNET_H 1
| #define HAVE_NETINET_IN_H 1
| #define HAVE_POLL_H 1
| #define HAVE_PTHREAD_H 1
| #define HAVE_SCHED_H 1
| #define HAVE_SETJMP_H 1
| #define HAVE_SIGNAL_H 1
| #define HAVE_SPAWN_H 1
| #define HAVE_SYS_ENDIAN_H 1
| #define HAVE_SYS_EVENT_H 1
| #define HAVE_SYS_EVENTFD_H 1
| #define HAVE_SYS_FILE_H 1
| #define HAVE_SYS_IOCTL_H 1
| #define HAVE_SYS_LOCK_H 1
| #define HAVE_SYS_MMAN_H 1
| #define HAVE_SYS_PARAM_H 1
| #define HAVE_SYS_POLL_H 1
| #define HAVE_SYS_RANDOM_H 1
| #define HAVE_SYS_RESOURCE_H 1
| #define HAVE_SYS_SELECT_H 1
| #define HAVE_SYS_SOCKET_H 1
| #define HAVE_SYS_SOUNDCARD_H 1
| #define HAVE_SYS_STAT_H 1
| #define HAVE_SYS_STATVFS_H 1
| #define HAVE_SYS_SYSCALL_H 1
| #define HAVE_SYS_TIME_H 1
| #define HAVE_SYS_TIMES_H 1
| #define HAVE_SYS_TYPES_H 1
| #define HAVE_SYS_UIO_H 1
| #define HAVE_SYS_UN_H 1
| #define HAVE_SYS_UTSNAME_H 1
| #define HAVE_SYS_WAIT_H 1
| #define HAVE_SYSEXITS_H 1
| #define HAVE_SYSLOG_H 1
| #define HAVE_TERMIOS_H 1
| #define HAVE_UTIME_H 1
| #define HAVE_DIRENT_H 1
| #define HAVE_NET_IF_H 1
| #define HAVE_MAKEDEV 1
| #define _LARGEFILE_SOURCE 1
| #define _FILE_OFFSET_BITS 64
| #if defined(SCO_DS)
| #undef _OFF_T
| #endif
| #define RETSIGTYPE void
| #define HAVE_SSIZE_T 1
| #define HAVE_GCC_UINT128_T 1
| #define SIZEOF_INT 4
| #define SIZEOF_LONG 8
| #define ALIGNOF_LONG 8
| #define SIZEOF_LONG_LONG 8
| #define SIZEOF_VOID_P 16
| #define SIZEOF_SHORT 2
| #define SIZEOF_FLOAT 4
| #define SIZEOF_DOUBLE 8
| #define SIZEOF_FPOS_T 8
| #define SIZEOF_SIZE_T 8
| #define ALIGNOF_SIZE_T 8
| #define SIZEOF_PID_T 4
| #define SIZEOF_UINTPTR_T 16
| #define ALIGNOF_MAX_ALIGN_T 16
| #define HAVE_LONG_DOUBLE 1
| #define SIZEOF_LONG_DOUBLE 16
| #define SIZEOF__BOOL 1
| #define SIZEOF_OFF_T 8
| #define SIZEOF_TIME_T 8
| #define SIZEOF_PTHREAD_T 16
| #define SIZEOF_PTHREAD_KEY_T 4
| #define PTHREAD_KEY_T_IS_COMPATIBLE_WITH_INT 1
| #define HAVE_LIBDL 1
| #define HAVE_UUID_H 1
| #define HAVE_UUID_CREATE 1
| #define HAVE_UUID_ENC_BE 1
| #define WITH_LIBINTL 1
| #define HAVE_FFI_PREP_CIF_VAR 1
| #define HAVE_FFI_PREP_CLOSURE_LOC 1
| #define HAVE_FFI_CLOSURE_ALLOC 1
| #define WITH_DECIMAL_CONTEXTVAR 1
| #define HAVE_RPC_RPC_H 1
| #define HAVE_LIBSQLITE3 1
| #define HAVE_LIBSQLITE3 1
| #define HAVE_LIBSQLITE3 1
| #define HAVE_LIBSQLITE3 1
| #define HAVE_LIBSQLITE3 1
| #define HAVE_LIBSQLITE3 1
| #define HAVE_LIBSQLITE3 1
| #define HAVE_LIBSQLITE3 1
| #define HAVE_LIBSQLITE3 1
| #define PY_SQLITE_HAVE_SERIALIZE 1
| #define HAVE_GDBM_H 1
| #define HAVE_NDBM_H 1
| #define HAVE_DB_H 1
| #define PTHREAD_SYSTEM_SCHED_SUPPORTED 1
| #define HAVE_PTHREAD_SIGMASK 1
| #define HAVE_PTHREAD_GETCPUCLOCKID 1
| #define ENABLE_IPV6 1
| #define WITH_DOC_STRINGS 1
| #define WITH_PYMALLOC 1
| #define WITH_FREELISTS 1
| #define PY_COERCE_C_LOCALE 1
| #define HAVE_DLOPEN 1
| #define HAVE_DYNAMIC_LOADING 1
| #define HAVE_ACCEPT4 1
| #define HAVE_ALARM 1
| #define HAVE_BIND_TEXTDOMAIN_CODESET 1
| #define HAVE_CHMOD 1
| #define HAVE_CHOWN 1
| #define HAVE_CLOCK 1
| #define HAVE_CLOSE_RANGE 1
| #define HAVE_CONFSTR 1
| #define HAVE_COPY_FILE_RANGE 1
| #define HAVE_CTERMID 1
| #define HAVE_DUP 1
| #define HAVE_DUP3 1
| #define HAVE_EXECV 1
| #define HAVE_EXPLICIT_BZERO 1
| #define HAVE_FACCESSAT 1
| #define HAVE_FCHMOD 1
| #define HAVE_FCHMODAT 1
| #define HAVE_FCHOWN 1
| #define HAVE_FCHOWNAT 1
| #define HAVE_FDOPENDIR 1
| #define HAVE_FEXECVE 1
| #define HAVE_FORK 1
| #define HAVE_FPATHCONF 1
| #define HAVE_FSTATAT 1
| #define HAVE_FTRUNCATE 1
| #define HAVE_FUTIMENS 1
| #define HAVE_FUTIMES 1
| #define HAVE_FUTIMESAT 1
| #define HAVE_GAI_STRERROR 1
| #define HAVE_GETEGID 1
| #define HAVE_GETENTROPY 1
| #define HAVE_GETEUID 1
| #define HAVE_GETGID 1
| #define HAVE_GETGRGID 1
| #define HAVE_GETGRGID_R 1
| #define HAVE_GETGRNAM_R 1
| #define HAVE_GETGROUPLIST 1
| #define HAVE_GETGROUPS 1
| #define HAVE_GETHOSTNAME 1
| #define HAVE_GETITIMER 1
| #define HAVE_GETLOADAVG 1
| #define HAVE_GETLOGIN 1
| #define HAVE_GETPEERNAME 1
| #define HAVE_GETPGID 1
| #define HAVE_GETPID 1
| #define HAVE_GETPPID 1
| #define HAVE_GETPRIORITY 1
| #define HAVE_GETPWENT 1
| #define HAVE_GETPWNAM_R 1
| #define HAVE_GETPWUID 1
| #define HAVE_GETPWUID_R 1
| #define HAVE_GETRESGID 1
| #define HAVE_GETRESUID 1
| #define HAVE_GETRUSAGE 1
| #define HAVE_GETSID 1
| /* end confdefs.h.  */
| /* Define getspent to an innocuous variant, in case <limits.h> declares getspent.
|    For example, HP-UX 11i <limits.h> declares gettimeofday.  */
| #define getspent innocuous_getspent
| 
| /* System header to define __stub macros and hopefully few prototypes,
|    which can conflict with char getspent (); below.  */
| 
| #include <limits.h>
| #undef getspent
| 
| /* Override any GCC internal prototype to avoid an error.
|    Use char because int might match the return type of a GCC
|    builtin and then its argument prototype would still apply.  */
| #ifdef __cplusplus
| extern "C"
| #endif
| char getspent ();
| /* The GNU C library defines this for functions which it implements
|     to always fail with ENOSYS.  Some functions are actually named
|     something starting with __ and the normal name is an alias.  */
| #if defined __stub_getspent || defined __stub___getspent
| choke me
| #endif
| 
| int
| main (void)
| {
| return getspent ();
|   ;
|   return 0;
| }
configure:17872: result: no
configure:17878: checking for getspnam
configure:17878: cc -pthread -o conftest -mabi=purecap -I/usr/local/include -I/usr/include -mabi=purecap -L/usr/local/lib -L/usr/lib -lmd -lcheri_caprevoke conftest.c -lintl -ldl  >&5
ld: error: undefined symbol: getspnam
>>> referenced by conftest.c
>>>               /tmp/conftest-73e994.o:(main)
clang-14: error: linker command failed with exit code 1 (use -v to see invocation)
configure:17878: $? = 1
configure: failed program was:
| /* confdefs.h */
| #define _NETBSD_SOURCE 1
| #define __BSD_VISIBLE 1
| #define _DARWIN_C_SOURCE 1
| #define _PYTHONFRAMEWORK ""
| #define _XOPEN_SOURCE 700
| #define _XOPEN_SOURCE_EXTENDED 1
| #define _POSIX_C_SOURCE 200809L
| #define HAVE_STDIO_H 1
| #define HAVE_STDLIB_H 1
| #define HAVE_STRING_H 1
| #define HAVE_INTTYPES_H 1
| #define HAVE_STDINT_H 1
| #define HAVE_STRINGS_H 1
| #define HAVE_SYS_STAT_H 1
| #define HAVE_SYS_TYPES_H 1
| #define HAVE_UNISTD_H 1
| #define HAVE_WCHAR_H 1
| #define STDC_HEADERS 1
| #define _ALL_SOURCE 1
| #define _DARWIN_C_SOURCE 1
| #define _GNU_SOURCE 1
| #define _HPUX_ALT_XOPEN_SOCKET_API 1
| #define _NETBSD_SOURCE 1
| #define _OPENBSD_SOURCE 1
| #define _POSIX_PTHREAD_SEMANTICS 1
| #define __STDC_WANT_IEC_60559_ATTRIBS_EXT__ 1
| #define __STDC_WANT_IEC_60559_BFP_EXT__ 1
| #define __STDC_WANT_IEC_60559_DFP_EXT__ 1
| #define __STDC_WANT_IEC_60559_FUNCS_EXT__ 1
| #define __STDC_WANT_IEC_60559_TYPES_EXT__ 1
| #define __STDC_WANT_LIB_EXT2__ 1
| #define __STDC_WANT_MATH_SPEC_FUNCS__ 1
| #define _TANDEM_SOURCE 1
| #define __EXTENSIONS__ 1
| #define PY_SUPPORT_TIER 0
| #define Py_DEBUG 1
| #define STDC_HEADERS 1
| #define HAVE_BLUETOOTH_H 1
| #define HAVE_DLFCN_H 1
| #define HAVE_ENDIAN_H 1
| #define HAVE_ERRNO_H 1
| #define HAVE_FCNTL_H 1
| #define HAVE_GRP_H 1
| #define HAVE_IEEEFP_H 1
| #define HAVE_LANGINFO_H 1
| #define HAVE_LIBINTL_H 1
| #define HAVE_LIBUTIL_H 1
| #define HAVE_SYS_AUXV_H 1
| #define HAVE_NETDB_H 1
| #define HAVE_NET_ETHERNET_H 1
| #define HAVE_NETINET_IN_H 1
| #define HAVE_POLL_H 1
| #define HAVE_PTHREAD_H 1
| #define HAVE_SCHED_H 1
| #define HAVE_SETJMP_H 1
| #define HAVE_SIGNAL_H 1
| #define HAVE_SPAWN_H 1
| #define HAVE_SYS_ENDIAN_H 1
| #define HAVE_SYS_EVENT_H 1
| #define HAVE_SYS_EVENTFD_H 1
| #define HAVE_SYS_FILE_H 1
| #define HAVE_SYS_IOCTL_H 1
| #define HAVE_SYS_LOCK_H 1
| #define HAVE_SYS_MMAN_H 1
| #define HAVE_SYS_PARAM_H 1
| #define HAVE_SYS_POLL_H 1
| #define HAVE_SYS_RANDOM_H 1
| #define HAVE_SYS_RESOURCE_H 1
| #define HAVE_SYS_SELECT_H 1
| #define HAVE_SYS_SOCKET_H 1
| #define HAVE_SYS_SOUNDCARD_H 1
| #define HAVE_SYS_STAT_H 1
| #define HAVE_SYS_STATVFS_H 1
| #define HAVE_SYS_SYSCALL_H 1
| #define HAVE_SYS_TIME_H 1
| #define HAVE_SYS_TIMES_H 1
| #define HAVE_SYS_TYPES_H 1
| #define HAVE_SYS_UIO_H 1
| #define HAVE_SYS_UN_H 1
| #define HAVE_SYS_UTSNAME_H 1
| #define HAVE_SYS_WAIT_H 1
| #define HAVE_SYSEXITS_H 1
| #define HAVE_SYSLOG_H 1
| #define HAVE_TERMIOS_H 1
| #define HAVE_UTIME_H 1
| #define HAVE_DIRENT_H 1
| #define HAVE_NET_IF_H 1
| #define HAVE_MAKEDEV 1
| #define _LARGEFILE_SOURCE 1
| #define _FILE_OFFSET_BITS 64
| #if defined(SCO_DS)
| #undef _OFF_T
| #endif
| #define RETSIGTYPE void
| #define HAVE_SSIZE_T 1
| #define HAVE_GCC_UINT128_T 1
| #define SIZEOF_INT 4
| #define SIZEOF_LONG 8
| #define ALIGNOF_LONG 8
| #define SIZEOF_LONG_LONG 8
| #define SIZEOF_VOID_P 16
| #define SIZEOF_SHORT 2
| #define SIZEOF_FLOAT 4
| #define SIZEOF_DOUBLE 8
| #define SIZEOF_FPOS_T 8
| #define SIZEOF_SIZE_T 8
| #define ALIGNOF_SIZE_T 8
| #define SIZEOF_PID_T 4
| #define SIZEOF_UINTPTR_T 16
| #define ALIGNOF_MAX_ALIGN_T 16
| #define HAVE_LONG_DOUBLE 1
| #define SIZEOF_LONG_DOUBLE 16
| #define SIZEOF__BOOL 1
| #define SIZEOF_OFF_T 8
| #define SIZEOF_TIME_T 8
| #define SIZEOF_PTHREAD_T 16
| #define SIZEOF_PTHREAD_KEY_T 4
| #define PTHREAD_KEY_T_IS_COMPATIBLE_WITH_INT 1
| #define HAVE_LIBDL 1
| #define HAVE_UUID_H 1
| #define HAVE_UUID_CREATE 1
| #define HAVE_UUID_ENC_BE 1
| #define WITH_LIBINTL 1
| #define HAVE_FFI_PREP_CIF_VAR 1
| #define HAVE_FFI_PREP_CLOSURE_LOC 1
| #define HAVE_FFI_CLOSURE_ALLOC 1
| #define WITH_DECIMAL_CONTEXTVAR 1
| #define HAVE_RPC_RPC_H 1
| #define HAVE_LIBSQLITE3 1
| #define HAVE_LIBSQLITE3 1
| #define HAVE_LIBSQLITE3 1
| #define HAVE_LIBSQLITE3 1
| #define HAVE_LIBSQLITE3 1
| #define HAVE_LIBSQLITE3 1
| #define HAVE_LIBSQLITE3 1
| #define HAVE_LIBSQLITE3 1
| #define HAVE_LIBSQLITE3 1
| #define PY_SQLITE_HAVE_SERIALIZE 1
| #define HAVE_GDBM_H 1
| #define HAVE_NDBM_H 1
| #define HAVE_DB_H 1
| #define PTHREAD_SYSTEM_SCHED_SUPPORTED 1
| #define HAVE_PTHREAD_SIGMASK 1
| #define HAVE_PTHREAD_GETCPUCLOCKID 1
| #define ENABLE_IPV6 1
| #define WITH_DOC_STRINGS 1
| #define WITH_PYMALLOC 1
| #define WITH_FREELISTS 1
| #define PY_COERCE_C_LOCALE 1
| #define HAVE_DLOPEN 1
| #define HAVE_DYNAMIC_LOADING 1
| #define HAVE_ACCEPT4 1
| #define HAVE_ALARM 1
| #define HAVE_BIND_TEXTDOMAIN_CODESET 1
| #define HAVE_CHMOD 1
| #define HAVE_CHOWN 1
| #define HAVE_CLOCK 1
| #define HAVE_CLOSE_RANGE 1
| #define HAVE_CONFSTR 1
| #define HAVE_COPY_FILE_RANGE 1
| #define HAVE_CTERMID 1
| #define HAVE_DUP 1
| #define HAVE_DUP3 1
| #define HAVE_EXECV 1
| #define HAVE_EXPLICIT_BZERO 1
| #define HAVE_FACCESSAT 1
| #define HAVE_FCHMOD 1
| #define HAVE_FCHMODAT 1
| #define HAVE_FCHOWN 1
| #define HAVE_FCHOWNAT 1
| #define HAVE_FDOPENDIR 1
| #define HAVE_FEXECVE 1
| #define HAVE_FORK 1
| #define HAVE_FPATHCONF 1
| #define HAVE_FSTATAT 1
| #define HAVE_FTRUNCATE 1
| #define HAVE_FUTIMENS 1
| #define HAVE_FUTIMES 1
| #define HAVE_FUTIMESAT 1
| #define HAVE_GAI_STRERROR 1
| #define HAVE_GETEGID 1
| #define HAVE_GETENTROPY 1
| #define HAVE_GETEUID 1
| #define HAVE_GETGID 1
| #define HAVE_GETGRGID 1
| #define HAVE_GETGRGID_R 1
| #define HAVE_GETGRNAM_R 1
| #define HAVE_GETGROUPLIST 1
| #define HAVE_GETGROUPS 1
| #define HAVE_GETHOSTNAME 1
| #define HAVE_GETITIMER 1
| #define HAVE_GETLOADAVG 1
| #define HAVE_GETLOGIN 1
| #define HAVE_GETPEERNAME 1
| #define HAVE_GETPGID 1
| #define HAVE_GETPID 1
| #define HAVE_GETPPID 1
| #define HAVE_GETPRIORITY 1
| #define HAVE_GETPWENT 1
| #define HAVE_GETPWNAM_R 1
| #define HAVE_GETPWUID 1
| #define HAVE_GETPWUID_R 1
| #define HAVE_GETRESGID 1
| #define HAVE_GETRESUID 1
| #define HAVE_GETRUSAGE 1
| #define HAVE_GETSID 1
| /* end confdefs.h.  */
| /* Define getspnam to an innocuous variant, in case <limits.h> declares getspnam.
|    For example, HP-UX 11i <limits.h> declares gettimeofday.  */
| #define getspnam innocuous_getspnam
| 
| /* System header to define __stub macros and hopefully few prototypes,
|    which can conflict with char getspnam (); below.  */
| 
| #include <limits.h>
| #undef getspnam
| 
| /* Override any GCC internal prototype to avoid an error.
|    Use char because int might match the return type of a GCC
|    builtin and then its argument prototype would still apply.  */
| #ifdef __cplusplus
| extern "C"
| #endif
| char getspnam ();
| /* The GNU C library defines this for functions which it implements
|     to always fail with ENOSYS.  Some functions are actually named
|     something starting with __ and the normal name is an alias.  */
| #if defined __stub_getspnam || defined __stub___getspnam
| choke me
| #endif
| 
| int
| main (void)
| {
| return getspnam ();
|   ;
|   return 0;
| }
configure:17878: result: no
configure:17884: checking for getuid
configure:17884: cc -pthread -o conftest -mabi=purecap -I/usr/local/include -I/usr/include -mabi=purecap -L/usr/local/lib -L/usr/lib -lmd -lcheri_caprevoke conftest.c -lintl -ldl  >&5
configure:17884: $? = 0
configure:17884: result: yes
configure:17890: checking for getwd
configure:17890: cc -pthread -o conftest -mabi=purecap -I/usr/local/include -I/usr/include -mabi=purecap -L/usr/local/lib -L/usr/lib -lmd -lcheri_caprevoke conftest.c -lintl -ldl  >&5
configure:17890: $? = 0
configure:17890: result: yes
configure:17896: checking for if_nameindex
configure:17896: cc -pthread -o conftest -mabi=purecap -I/usr/local/include -I/usr/include -mabi=purecap -L/usr/local/lib -L/usr/lib -lmd -lcheri_caprevoke conftest.c -lintl -ldl  >&5
configure:17896: $? = 0
configure:17896: result: yes
configure:17902: checking for initgroups
configure:17902: cc -pthread -o conftest -mabi=purecap -I/usr/local/include -I/usr/include -mabi=purecap -L/usr/local/lib -L/usr/lib -lmd -lcheri_caprevoke conftest.c -lintl -ldl  >&5
configure:17902: $? = 0
configure:17902: result: yes
configure:17908: checking for kill
configure:17908: cc -pthread -o conftest -mabi=purecap -I/usr/local/include -I/usr/include -mabi=purecap -L/usr/local/lib -L/usr/lib -lmd -lcheri_caprevoke conftest.c -lintl -ldl  >&5
configure:17908: $? = 0
configure:17908: result: yes
configure:17914: checking for killpg
configure:17914: cc -pthread -o conftest -mabi=purecap -I/usr/local/include -I/usr/include -mabi=purecap -L/usr/local/lib -L/usr/lib -lmd -lcheri_caprevoke conftest.c -lintl -ldl  >&5
configure:17914: $? = 0
configure:17914: result: yes
configure:17920: checking for lchown
configure:17920: cc -pthread -o conftest -mabi=purecap -I/usr/local/include -I/usr/include -mabi=purecap -L/usr/local/lib -L/usr/lib -lmd -lcheri_caprevoke conftest.c -lintl -ldl  >&5
configure:17920: $? = 0
configure:17920: result: yes
configure:17926: checking for linkat
configure:17926: cc -pthread -o conftest -mabi=purecap -I/usr/local/include -I/usr/include -mabi=purecap -L/usr/local/lib -L/usr/lib -lmd -lcheri_caprevoke conftest.c -lintl -ldl  >&5
configure:17926: $? = 0
configure:17926: result: yes
configure:17932: checking for lockf
configure:17932: cc -pthread -o conftest -mabi=purecap -I/usr/local/include -I/usr/include -mabi=purecap -L/usr/local/lib -L/usr/lib -lmd -lcheri_caprevoke conftest.c -lintl -ldl  >&5
configure:17932: $? = 0
configure:17932: result: yes
configure:17938: checking for lstat
configure:17938: cc -pthread -o conftest -mabi=purecap -I/usr/local/include -I/usr/include -mabi=purecap -L/usr/local/lib -L/usr/lib -lmd -lcheri_caprevoke conftest.c -lintl -ldl  >&5
configure:17938: $? = 0
configure:17938: result: yes
configure:17944: checking for lutimes
configure:17944: cc -pthread -o conftest -mabi=purecap -I/usr/local/include -I/usr/include -mabi=purecap -L/usr/local/lib -L/usr/lib -lmd -lcheri_caprevoke conftest.c -lintl -ldl  >&5
configure:17944: $? = 0
configure:17944: result: yes
configure:17950: checking for madvise
configure:17950: cc -pthread -o conftest -mabi=purecap -I/usr/local/include -I/usr/include -mabi=purecap -L/usr/local/lib -L/usr/lib -lmd -lcheri_caprevoke conftest.c -lintl -ldl  >&5
configure:17950: $? = 0
configure:17950: result: yes
configure:17956: checking for mbrtowc
configure:17956: cc -pthread -o conftest -mabi=purecap -I/usr/local/include -I/usr/include -mabi=purecap -L/usr/local/lib -L/usr/lib -lmd -lcheri_caprevoke conftest.c -lintl -ldl  >&5
configure:17956: $? = 0
configure:17956: result: yes
configure:17962: checking for memrchr
configure:17962: cc -pthread -o conftest -mabi=purecap -I/usr/local/include -I/usr/include -mabi=purecap -L/usr/local/lib -L/usr/lib -lmd -lcheri_caprevoke conftest.c -lintl -ldl  >&5
configure:17962: $? = 0
configure:17962: result: yes
configure:17968: checking for mkdirat
configure:17968: cc -pthread -o conftest -mabi=purecap -I/usr/local/include -I/usr/include -mabi=purecap -L/usr/local/lib -L/usr/lib -lmd -lcheri_caprevoke conftest.c -lintl -ldl  >&5
configure:17968: $? = 0
configure:17968: result: yes
configure:17974: checking for mkfifo
configure:17974: cc -pthread -o conftest -mabi=purecap -I/usr/local/include -I/usr/include -mabi=purecap -L/usr/local/lib -L/usr/lib -lmd -lcheri_caprevoke conftest.c -lintl -ldl  >&5
configure:17974: $? = 0
configure:17974: result: yes
configure:17980: checking for mkfifoat
configure:17980: cc -pthread -o conftest -mabi=purecap -I/usr/local/include -I/usr/include -mabi=purecap -L/usr/local/lib -L/usr/lib -lmd -lcheri_caprevoke conftest.c -lintl -ldl  >&5
configure:17980: $? = 0
configure:17980: result: yes
configure:17986: checking for mknod
configure:17986: cc -pthread -o conftest -mabi=purecap -I/usr/local/include -I/usr/include -mabi=purecap -L/usr/local/lib -L/usr/lib -lmd -lcheri_caprevoke conftest.c -lintl -ldl  >&5
configure:17986: $? = 0
configure:17986: result: yes
configure:17992: checking for mknodat
configure:17992: cc -pthread -o conftest -mabi=purecap -I/usr/local/include -I/usr/include -mabi=purecap -L/usr/local/lib -L/usr/lib -lmd -lcheri_caprevoke conftest.c -lintl -ldl  >&5
configure:17992: $? = 0
configure:17992: result: yes
configure:17998: checking for mktime
configure:17998: cc -pthread -o conftest -mabi=purecap -I/usr/local/include -I/usr/include -mabi=purecap -L/usr/local/lib -L/usr/lib -lmd -lcheri_caprevoke conftest.c -lintl -ldl  >&5
configure:17998: $? = 0
configure:17998: result: yes
configure:18004: checking for mmap
configure:18004: cc -pthread -o conftest -mabi=purecap -I/usr/local/include -I/usr/include -mabi=purecap -L/usr/local/lib -L/usr/lib -lmd -lcheri_caprevoke conftest.c -lintl -ldl  >&5
configure:18004: $? = 0
configure:18004: result: yes
configure:18010: checking for mremap
configure:18010: cc -pthread -o conftest -mabi=purecap -I/usr/local/include -I/usr/include -mabi=purecap -L/usr/local/lib -L/usr/lib -lmd -lcheri_caprevoke conftest.c -lintl -ldl  >&5
ld: error: undefined symbol: mremap
>>> referenced by conftest.c
>>>               /tmp/conftest-07f2e7.o:(main)
clang-14: error: linker command failed with exit code 1 (use -v to see invocation)
configure:18010: $? = 1
configure: failed program was:
| /* confdefs.h */
| #define _NETBSD_SOURCE 1
| #define __BSD_VISIBLE 1
| #define _DARWIN_C_SOURCE 1
| #define _PYTHONFRAMEWORK ""
| #define _XOPEN_SOURCE 700
| #define _XOPEN_SOURCE_EXTENDED 1
| #define _POSIX_C_SOURCE 200809L
| #define HAVE_STDIO_H 1
| #define HAVE_STDLIB_H 1
| #define HAVE_STRING_H 1
| #define HAVE_INTTYPES_H 1
| #define HAVE_STDINT_H 1
| #define HAVE_STRINGS_H 1
| #define HAVE_SYS_STAT_H 1
| #define HAVE_SYS_TYPES_H 1
| #define HAVE_UNISTD_H 1
| #define HAVE_WCHAR_H 1
| #define STDC_HEADERS 1
| #define _ALL_SOURCE 1
| #define _DARWIN_C_SOURCE 1
| #define _GNU_SOURCE 1
| #define _HPUX_ALT_XOPEN_SOCKET_API 1
| #define _NETBSD_SOURCE 1
| #define _OPENBSD_SOURCE 1
| #define _POSIX_PTHREAD_SEMANTICS 1
| #define __STDC_WANT_IEC_60559_ATTRIBS_EXT__ 1
| #define __STDC_WANT_IEC_60559_BFP_EXT__ 1
| #define __STDC_WANT_IEC_60559_DFP_EXT__ 1
| #define __STDC_WANT_IEC_60559_FUNCS_EXT__ 1
| #define __STDC_WANT_IEC_60559_TYPES_EXT__ 1
| #define __STDC_WANT_LIB_EXT2__ 1
| #define __STDC_WANT_MATH_SPEC_FUNCS__ 1
| #define _TANDEM_SOURCE 1
| #define __EXTENSIONS__ 1
| #define PY_SUPPORT_TIER 0
| #define Py_DEBUG 1
| #define STDC_HEADERS 1
| #define HAVE_BLUETOOTH_H 1
| #define HAVE_DLFCN_H 1
| #define HAVE_ENDIAN_H 1
| #define HAVE_ERRNO_H 1
| #define HAVE_FCNTL_H 1
| #define HAVE_GRP_H 1
| #define HAVE_IEEEFP_H 1
| #define HAVE_LANGINFO_H 1
| #define HAVE_LIBINTL_H 1
| #define HAVE_LIBUTIL_H 1
| #define HAVE_SYS_AUXV_H 1
| #define HAVE_NETDB_H 1
| #define HAVE_NET_ETHERNET_H 1
| #define HAVE_NETINET_IN_H 1
| #define HAVE_POLL_H 1
| #define HAVE_PTHREAD_H 1
| #define HAVE_SCHED_H 1
| #define HAVE_SETJMP_H 1
| #define HAVE_SIGNAL_H 1
| #define HAVE_SPAWN_H 1
| #define HAVE_SYS_ENDIAN_H 1
| #define HAVE_SYS_EVENT_H 1
| #define HAVE_SYS_EVENTFD_H 1
| #define HAVE_SYS_FILE_H 1
| #define HAVE_SYS_IOCTL_H 1
| #define HAVE_SYS_LOCK_H 1
| #define HAVE_SYS_MMAN_H 1
| #define HAVE_SYS_PARAM_H 1
| #define HAVE_SYS_POLL_H 1
| #define HAVE_SYS_RANDOM_H 1
| #define HAVE_SYS_RESOURCE_H 1
| #define HAVE_SYS_SELECT_H 1
| #define HAVE_SYS_SOCKET_H 1
| #define HAVE_SYS_SOUNDCARD_H 1
| #define HAVE_SYS_STAT_H 1
| #define HAVE_SYS_STATVFS_H 1
| #define HAVE_SYS_SYSCALL_H 1
| #define HAVE_SYS_TIME_H 1
| #define HAVE_SYS_TIMES_H 1
| #define HAVE_SYS_TYPES_H 1
| #define HAVE_SYS_UIO_H 1
| #define HAVE_SYS_UN_H 1
| #define HAVE_SYS_UTSNAME_H 1
| #define HAVE_SYS_WAIT_H 1
| #define HAVE_SYSEXITS_H 1
| #define HAVE_SYSLOG_H 1
| #define HAVE_TERMIOS_H 1
| #define HAVE_UTIME_H 1
| #define HAVE_DIRENT_H 1
| #define HAVE_NET_IF_H 1
| #define HAVE_MAKEDEV 1
| #define _LARGEFILE_SOURCE 1
| #define _FILE_OFFSET_BITS 64
| #if defined(SCO_DS)
| #undef _OFF_T
| #endif
| #define RETSIGTYPE void
| #define HAVE_SSIZE_T 1
| #define HAVE_GCC_UINT128_T 1
| #define SIZEOF_INT 4
| #define SIZEOF_LONG 8
| #define ALIGNOF_LONG 8
| #define SIZEOF_LONG_LONG 8
| #define SIZEOF_VOID_P 16
| #define SIZEOF_SHORT 2
| #define SIZEOF_FLOAT 4
| #define SIZEOF_DOUBLE 8
| #define SIZEOF_FPOS_T 8
| #define SIZEOF_SIZE_T 8
| #define ALIGNOF_SIZE_T 8
| #define SIZEOF_PID_T 4
| #define SIZEOF_UINTPTR_T 16
| #define ALIGNOF_MAX_ALIGN_T 16
| #define HAVE_LONG_DOUBLE 1
| #define SIZEOF_LONG_DOUBLE 16
| #define SIZEOF__BOOL 1
| #define SIZEOF_OFF_T 8
| #define SIZEOF_TIME_T 8
| #define SIZEOF_PTHREAD_T 16
| #define SIZEOF_PTHREAD_KEY_T 4
| #define PTHREAD_KEY_T_IS_COMPATIBLE_WITH_INT 1
| #define HAVE_LIBDL 1
| #define HAVE_UUID_H 1
| #define HAVE_UUID_CREATE 1
| #define HAVE_UUID_ENC_BE 1
| #define WITH_LIBINTL 1
| #define HAVE_FFI_PREP_CIF_VAR 1
| #define HAVE_FFI_PREP_CLOSURE_LOC 1
| #define HAVE_FFI_CLOSURE_ALLOC 1
| #define WITH_DECIMAL_CONTEXTVAR 1
| #define HAVE_RPC_RPC_H 1
| #define HAVE_LIBSQLITE3 1
| #define HAVE_LIBSQLITE3 1
| #define HAVE_LIBSQLITE3 1
| #define HAVE_LIBSQLITE3 1
| #define HAVE_LIBSQLITE3 1
| #define HAVE_LIBSQLITE3 1
| #define HAVE_LIBSQLITE3 1
| #define HAVE_LIBSQLITE3 1
| #define HAVE_LIBSQLITE3 1
| #define PY_SQLITE_HAVE_SERIALIZE 1
| #define HAVE_GDBM_H 1
| #define HAVE_NDBM_H 1
| #define HAVE_DB_H 1
| #define PTHREAD_SYSTEM_SCHED_SUPPORTED 1
| #define HAVE_PTHREAD_SIGMASK 1
| #define HAVE_PTHREAD_GETCPUCLOCKID 1
| #define ENABLE_IPV6 1
| #define WITH_DOC_STRINGS 1
| #define WITH_PYMALLOC 1
| #define WITH_FREELISTS 1
| #define PY_COERCE_C_LOCALE 1
| #define HAVE_DLOPEN 1
| #define HAVE_DYNAMIC_LOADING 1
| #define HAVE_ACCEPT4 1
| #define HAVE_ALARM 1
| #define HAVE_BIND_TEXTDOMAIN_CODESET 1
| #define HAVE_CHMOD 1
| #define HAVE_CHOWN 1
| #define HAVE_CLOCK 1
| #define HAVE_CLOSE_RANGE 1
| #define HAVE_CONFSTR 1
| #define HAVE_COPY_FILE_RANGE 1
| #define HAVE_CTERMID 1
| #define HAVE_DUP 1
| #define HAVE_DUP3 1
| #define HAVE_EXECV 1
| #define HAVE_EXPLICIT_BZERO 1
| #define HAVE_FACCESSAT 1
| #define HAVE_FCHMOD 1
| #define HAVE_FCHMODAT 1
| #define HAVE_FCHOWN 1
| #define HAVE_FCHOWNAT 1
| #define HAVE_FDOPENDIR 1
| #define HAVE_FEXECVE 1
| #define HAVE_FORK 1
| #define HAVE_FPATHCONF 1
| #define HAVE_FSTATAT 1
| #define HAVE_FTRUNCATE 1
| #define HAVE_FUTIMENS 1
| #define HAVE_FUTIMES 1
| #define HAVE_FUTIMESAT 1
| #define HAVE_GAI_STRERROR 1
| #define HAVE_GETEGID 1
| #define HAVE_GETENTROPY 1
| #define HAVE_GETEUID 1
| #define HAVE_GETGID 1
| #define HAVE_GETGRGID 1
| #define HAVE_GETGRGID_R 1
| #define HAVE_GETGRNAM_R 1
| #define HAVE_GETGROUPLIST 1
| #define HAVE_GETGROUPS 1
| #define HAVE_GETHOSTNAME 1
| #define HAVE_GETITIMER 1
| #define HAVE_GETLOADAVG 1
| #define HAVE_GETLOGIN 1
| #define HAVE_GETPEERNAME 1
| #define HAVE_GETPGID 1
| #define HAVE_GETPID 1
| #define HAVE_GETPPID 1
| #define HAVE_GETPRIORITY 1
| #define HAVE_GETPWENT 1
| #define HAVE_GETPWNAM_R 1
| #define HAVE_GETPWUID 1
| #define HAVE_GETPWUID_R 1
| #define HAVE_GETRESGID 1
| #define HAVE_GETRESUID 1
| #define HAVE_GETRUSAGE 1
| #define HAVE_GETSID 1
| #define HAVE_GETUID 1
| #define HAVE_GETWD 1
| #define HAVE_IF_NAMEINDEX 1
| #define HAVE_INITGROUPS 1
| #define HAVE_KILL 1
| #define HAVE_KILLPG 1
| #define HAVE_LCHOWN 1
| #define HAVE_LINKAT 1
| #define HAVE_LOCKF 1
| #define HAVE_LSTAT 1
| #define HAVE_LUTIMES 1
| #define HAVE_MADVISE 1
| #define HAVE_MBRTOWC 1
| #define HAVE_MEMRCHR 1
| #define HAVE_MKDIRAT 1
| #define HAVE_MKFIFO 1
| #define HAVE_MKFIFOAT 1
| #define HAVE_MKNOD 1
| #define HAVE_MKNODAT 1
| #define HAVE_MKTIME 1
| #define HAVE_MMAP 1
| /* end confdefs.h.  */
| /* Define mremap to an innocuous variant, in case <limits.h> declares mremap.
|    For example, HP-UX 11i <limits.h> declares gettimeofday.  */
| #define mremap innocuous_mremap
| 
| /* System header to define __stub macros and hopefully few prototypes,
|    which can conflict with char mremap (); below.  */
| 
| #include <limits.h>
| #undef mremap
| 
| /* Override any GCC internal prototype to avoid an error.
|    Use char because int might match the return type of a GCC
|    builtin and then its argument prototype would still apply.  */
| #ifdef __cplusplus
| extern "C"
| #endif
| char mremap ();
| /* The GNU C library defines this for functions which it implements
|     to always fail with ENOSYS.  Some functions are actually named
|     something starting with __ and the normal name is an alias.  */
| #if defined __stub_mremap || defined __stub___mremap
| choke me
| #endif
| 
| int
| main (void)
| {
| return mremap ();
|   ;
|   return 0;
| }
configure:18010: result: no
configure:18016: checking for nice
configure:18016: cc -pthread -o conftest -mabi=purecap -I/usr/local/include -I/usr/include -mabi=purecap -L/usr/local/lib -L/usr/lib -lmd -lcheri_caprevoke conftest.c -lintl -ldl  >&5
configure:18016: $? = 0
configure:18016: result: yes
configure:18022: checking for openat
configure:18022: cc -pthread -o conftest -mabi=purecap -I/usr/local/include -I/usr/include -mabi=purecap -L/usr/local/lib -L/usr/lib -lmd -lcheri_caprevoke conftest.c -lintl -ldl  >&5
configure:18022: $? = 0
configure:18022: result: yes
configure:18028: checking for opendir
configure:18028: cc -pthread -o conftest -mabi=purecap -I/usr/local/include -I/usr/include -mabi=purecap -L/usr/local/lib -L/usr/lib -lmd -lcheri_caprevoke conftest.c -lintl -ldl  >&5
configure:18028: $? = 0
configure:18028: result: yes
configure:18034: checking for pathconf
configure:18034: cc -pthread -o conftest -mabi=purecap -I/usr/local/include -I/usr/include -mabi=purecap -L/usr/local/lib -L/usr/lib -lmd -lcheri_caprevoke conftest.c -lintl -ldl  >&5
configure:18034: $? = 0
configure:18034: result: yes
configure:18040: checking for pause
configure:18040: cc -pthread -o conftest -mabi=purecap -I/usr/local/include -I/usr/include -mabi=purecap -L/usr/local/lib -L/usr/lib -lmd -lcheri_caprevoke conftest.c -lintl -ldl  >&5
configure:18040: $? = 0
configure:18040: result: yes
configure:18046: checking for pipe
configure:18046: cc -pthread -o conftest -mabi=purecap -I/usr/local/include -I/usr/include -mabi=purecap -L/usr/local/lib -L/usr/lib -lmd -lcheri_caprevoke conftest.c -lintl -ldl  >&5
configure:18046: $? = 0
configure:18046: result: yes
configure:18052: checking for pipe2
configure:18052: cc -pthread -o conftest -mabi=purecap -I/usr/local/include -I/usr/include -mabi=purecap -L/usr/local/lib -L/usr/lib -lmd -lcheri_caprevoke conftest.c -lintl -ldl  >&5
configure:18052: $? = 0
configure:18052: result: yes
configure:18058: checking for plock
configure:18058: cc -pthread -o conftest -mabi=purecap -I/usr/local/include -I/usr/include -mabi=purecap -L/usr/local/lib -L/usr/lib -lmd -lcheri_caprevoke conftest.c -lintl -ldl  >&5
ld: error: undefined symbol: plock
>>> referenced by conftest.c
>>>               /tmp/conftest-7c48ab.o:(main)
>>> did you mean: clock
>>> defined in: /lib/libc.so.7
clang-14: error: linker command failed with exit code 1 (use -v to see invocation)
configure:18058: $? = 1
configure: failed program was:
| /* confdefs.h */
| #define _NETBSD_SOURCE 1
| #define __BSD_VISIBLE 1
| #define _DARWIN_C_SOURCE 1
| #define _PYTHONFRAMEWORK ""
| #define _XOPEN_SOURCE 700
| #define _XOPEN_SOURCE_EXTENDED 1
| #define _POSIX_C_SOURCE 200809L
| #define HAVE_STDIO_H 1
| #define HAVE_STDLIB_H 1
| #define HAVE_STRING_H 1
| #define HAVE_INTTYPES_H 1
| #define HAVE_STDINT_H 1
| #define HAVE_STRINGS_H 1
| #define HAVE_SYS_STAT_H 1
| #define HAVE_SYS_TYPES_H 1
| #define HAVE_UNISTD_H 1
| #define HAVE_WCHAR_H 1
| #define STDC_HEADERS 1
| #define _ALL_SOURCE 1
| #define _DARWIN_C_SOURCE 1
| #define _GNU_SOURCE 1
| #define _HPUX_ALT_XOPEN_SOCKET_API 1
| #define _NETBSD_SOURCE 1
| #define _OPENBSD_SOURCE 1
| #define _POSIX_PTHREAD_SEMANTICS 1
| #define __STDC_WANT_IEC_60559_ATTRIBS_EXT__ 1
| #define __STDC_WANT_IEC_60559_BFP_EXT__ 1
| #define __STDC_WANT_IEC_60559_DFP_EXT__ 1
| #define __STDC_WANT_IEC_60559_FUNCS_EXT__ 1
| #define __STDC_WANT_IEC_60559_TYPES_EXT__ 1
| #define __STDC_WANT_LIB_EXT2__ 1
| #define __STDC_WANT_MATH_SPEC_FUNCS__ 1
| #define _TANDEM_SOURCE 1
| #define __EXTENSIONS__ 1
| #define PY_SUPPORT_TIER 0
| #define Py_DEBUG 1
| #define STDC_HEADERS 1
| #define HAVE_BLUETOOTH_H 1
| #define HAVE_DLFCN_H 1
| #define HAVE_ENDIAN_H 1
| #define HAVE_ERRNO_H 1
| #define HAVE_FCNTL_H 1
| #define HAVE_GRP_H 1
| #define HAVE_IEEEFP_H 1
| #define HAVE_LANGINFO_H 1
| #define HAVE_LIBINTL_H 1
| #define HAVE_LIBUTIL_H 1
| #define HAVE_SYS_AUXV_H 1
| #define HAVE_NETDB_H 1
| #define HAVE_NET_ETHERNET_H 1
| #define HAVE_NETINET_IN_H 1
| #define HAVE_POLL_H 1
| #define HAVE_PTHREAD_H 1
| #define HAVE_SCHED_H 1
| #define HAVE_SETJMP_H 1
| #define HAVE_SIGNAL_H 1
| #define HAVE_SPAWN_H 1
| #define HAVE_SYS_ENDIAN_H 1
| #define HAVE_SYS_EVENT_H 1
| #define HAVE_SYS_EVENTFD_H 1
| #define HAVE_SYS_FILE_H 1
| #define HAVE_SYS_IOCTL_H 1
| #define HAVE_SYS_LOCK_H 1
| #define HAVE_SYS_MMAN_H 1
| #define HAVE_SYS_PARAM_H 1
| #define HAVE_SYS_POLL_H 1
| #define HAVE_SYS_RANDOM_H 1
| #define HAVE_SYS_RESOURCE_H 1
| #define HAVE_SYS_SELECT_H 1
| #define HAVE_SYS_SOCKET_H 1
| #define HAVE_SYS_SOUNDCARD_H 1
| #define HAVE_SYS_STAT_H 1
| #define HAVE_SYS_STATVFS_H 1
| #define HAVE_SYS_SYSCALL_H 1
| #define HAVE_SYS_TIME_H 1
| #define HAVE_SYS_TIMES_H 1
| #define HAVE_SYS_TYPES_H 1
| #define HAVE_SYS_UIO_H 1
| #define HAVE_SYS_UN_H 1
| #define HAVE_SYS_UTSNAME_H 1
| #define HAVE_SYS_WAIT_H 1
| #define HAVE_SYSEXITS_H 1
| #define HAVE_SYSLOG_H 1
| #define HAVE_TERMIOS_H 1
| #define HAVE_UTIME_H 1
| #define HAVE_DIRENT_H 1
| #define HAVE_NET_IF_H 1
| #define HAVE_MAKEDEV 1
| #define _LARGEFILE_SOURCE 1
| #define _FILE_OFFSET_BITS 64
| #if defined(SCO_DS)
| #undef _OFF_T
| #endif
| #define RETSIGTYPE void
| #define HAVE_SSIZE_T 1
| #define HAVE_GCC_UINT128_T 1
| #define SIZEOF_INT 4
| #define SIZEOF_LONG 8
| #define ALIGNOF_LONG 8
| #define SIZEOF_LONG_LONG 8
| #define SIZEOF_VOID_P 16
| #define SIZEOF_SHORT 2
| #define SIZEOF_FLOAT 4
| #define SIZEOF_DOUBLE 8
| #define SIZEOF_FPOS_T 8
| #define SIZEOF_SIZE_T 8
| #define ALIGNOF_SIZE_T 8
| #define SIZEOF_PID_T 4
| #define SIZEOF_UINTPTR_T 16
| #define ALIGNOF_MAX_ALIGN_T 16
| #define HAVE_LONG_DOUBLE 1
| #define SIZEOF_LONG_DOUBLE 16
| #define SIZEOF__BOOL 1
| #define SIZEOF_OFF_T 8
| #define SIZEOF_TIME_T 8
| #define SIZEOF_PTHREAD_T 16
| #define SIZEOF_PTHREAD_KEY_T 4
| #define PTHREAD_KEY_T_IS_COMPATIBLE_WITH_INT 1
| #define HAVE_LIBDL 1
| #define HAVE_UUID_H 1
| #define HAVE_UUID_CREATE 1
| #define HAVE_UUID_ENC_BE 1
| #define WITH_LIBINTL 1
| #define HAVE_FFI_PREP_CIF_VAR 1
| #define HAVE_FFI_PREP_CLOSURE_LOC 1
| #define HAVE_FFI_CLOSURE_ALLOC 1
| #define WITH_DECIMAL_CONTEXTVAR 1
| #define HAVE_RPC_RPC_H 1
| #define HAVE_LIBSQLITE3 1
| #define HAVE_LIBSQLITE3 1
| #define HAVE_LIBSQLITE3 1
| #define HAVE_LIBSQLITE3 1
| #define HAVE_LIBSQLITE3 1
| #define HAVE_LIBSQLITE3 1
| #define HAVE_LIBSQLITE3 1
| #define HAVE_LIBSQLITE3 1
| #define HAVE_LIBSQLITE3 1
| #define PY_SQLITE_HAVE_SERIALIZE 1
| #define HAVE_GDBM_H 1
| #define HAVE_NDBM_H 1
| #define HAVE_DB_H 1
| #define PTHREAD_SYSTEM_SCHED_SUPPORTED 1
| #define HAVE_PTHREAD_SIGMASK 1
| #define HAVE_PTHREAD_GETCPUCLOCKID 1
| #define ENABLE_IPV6 1
| #define WITH_DOC_STRINGS 1
| #define WITH_PYMALLOC 1
| #define WITH_FREELISTS 1
| #define PY_COERCE_C_LOCALE 1
| #define HAVE_DLOPEN 1
| #define HAVE_DYNAMIC_LOADING 1
| #define HAVE_ACCEPT4 1
| #define HAVE_ALARM 1
| #define HAVE_BIND_TEXTDOMAIN_CODESET 1
| #define HAVE_CHMOD 1
| #define HAVE_CHOWN 1
| #define HAVE_CLOCK 1
| #define HAVE_CLOSE_RANGE 1
| #define HAVE_CONFSTR 1
| #define HAVE_COPY_FILE_RANGE 1
| #define HAVE_CTERMID 1
| #define HAVE_DUP 1
| #define HAVE_DUP3 1
| #define HAVE_EXECV 1
| #define HAVE_EXPLICIT_BZERO 1
| #define HAVE_FACCESSAT 1
| #define HAVE_FCHMOD 1
| #define HAVE_FCHMODAT 1
| #define HAVE_FCHOWN 1
| #define HAVE_FCHOWNAT 1
| #define HAVE_FDOPENDIR 1
| #define HAVE_FEXECVE 1
| #define HAVE_FORK 1
| #define HAVE_FPATHCONF 1
| #define HAVE_FSTATAT 1
| #define HAVE_FTRUNCATE 1
| #define HAVE_FUTIMENS 1
| #define HAVE_FUTIMES 1
| #define HAVE_FUTIMESAT 1
| #define HAVE_GAI_STRERROR 1
| #define HAVE_GETEGID 1
| #define HAVE_GETENTROPY 1
| #define HAVE_GETEUID 1
| #define HAVE_GETGID 1
| #define HAVE_GETGRGID 1
| #define HAVE_GETGRGID_R 1
| #define HAVE_GETGRNAM_R 1
| #define HAVE_GETGROUPLIST 1
| #define HAVE_GETGROUPS 1
| #define HAVE_GETHOSTNAME 1
| #define HAVE_GETITIMER 1
| #define HAVE_GETLOADAVG 1
| #define HAVE_GETLOGIN 1
| #define HAVE_GETPEERNAME 1
| #define HAVE_GETPGID 1
| #define HAVE_GETPID 1
| #define HAVE_GETPPID 1
| #define HAVE_GETPRIORITY 1
| #define HAVE_GETPWENT 1
| #define HAVE_GETPWNAM_R 1
| #define HAVE_GETPWUID 1
| #define HAVE_GETPWUID_R 1
| #define HAVE_GETRESGID 1
| #define HAVE_GETRESUID 1
| #define HAVE_GETRUSAGE 1
| #define HAVE_GETSID 1
| #define HAVE_GETUID 1
| #define HAVE_GETWD 1
| #define HAVE_IF_NAMEINDEX 1
| #define HAVE_INITGROUPS 1
| #define HAVE_KILL 1
| #define HAVE_KILLPG 1
| #define HAVE_LCHOWN 1
| #define HAVE_LINKAT 1
| #define HAVE_LOCKF 1
| #define HAVE_LSTAT 1
| #define HAVE_LUTIMES 1
| #define HAVE_MADVISE 1
| #define HAVE_MBRTOWC 1
| #define HAVE_MEMRCHR 1
| #define HAVE_MKDIRAT 1
| #define HAVE_MKFIFO 1
| #define HAVE_MKFIFOAT 1
| #define HAVE_MKNOD 1
| #define HAVE_MKNODAT 1
| #define HAVE_MKTIME 1
| #define HAVE_MMAP 1
| #define HAVE_NICE 1
| #define HAVE_OPENAT 1
| #define HAVE_OPENDIR 1
| #define HAVE_PATHCONF 1
| #define HAVE_PAUSE 1
| #define HAVE_PIPE 1
| #define HAVE_PIPE2 1
| /* end confdefs.h.  */
| /* Define plock to an innocuous variant, in case <limits.h> declares plock.
|    For example, HP-UX 11i <limits.h> declares gettimeofday.  */
| #define plock innocuous_plock
| 
| /* System header to define __stub macros and hopefully few prototypes,
|    which can conflict with char plock (); below.  */
| 
| #include <limits.h>
| #undef plock
| 
| /* Override any GCC internal prototype to avoid an error.
|    Use char because int might match the return type of a GCC
|    builtin and then its argument prototype would still apply.  */
| #ifdef __cplusplus
| extern "C"
| #endif
| char plock ();
| /* The GNU C library defines this for functions which it implements
|     to always fail with ENOSYS.  Some functions are actually named
|     something starting with __ and the normal name is an alias.  */
| #if defined __stub_plock || defined __stub___plock
| choke me
| #endif
| 
| int
| main (void)
| {
| return plock ();
|   ;
|   return 0;
| }
configure:18058: result: no
configure:18064: checking for poll
configure:18064: cc -pthread -o conftest -mabi=purecap -I/usr/local/include -I/usr/include -mabi=purecap -L/usr/local/lib -L/usr/lib -lmd -lcheri_caprevoke conftest.c -lintl -ldl  >&5
configure:18064: $? = 0
configure:18064: result: yes
configure:18070: checking for posix_fadvise
configure:18070: cc -pthread -o conftest -mabi=purecap -I/usr/local/include -I/usr/include -mabi=purecap -L/usr/local/lib -L/usr/lib -lmd -lcheri_caprevoke conftest.c -lintl -ldl  >&5
configure:18070: $? = 0
configure:18070: result: yes
configure:18076: checking for posix_fallocate
configure:18076: cc -pthread -o conftest -mabi=purecap -I/usr/local/include -I/usr/include -mabi=purecap -L/usr/local/lib -L/usr/lib -lmd -lcheri_caprevoke conftest.c -lintl -ldl  >&5
configure:18076: $? = 0
configure:18076: result: yes
configure:18082: checking for posix_spawn
configure:18082: cc -pthread -o conftest -mabi=purecap -I/usr/local/include -I/usr/include -mabi=purecap -L/usr/local/lib -L/usr/lib -lmd -lcheri_caprevoke conftest.c -lintl -ldl  >&5
configure:18082: $? = 0
configure:18082: result: yes
configure:18088: checking for posix_spawnp
configure:18088: cc -pthread -o conftest -mabi=purecap -I/usr/local/include -I/usr/include -mabi=purecap -L/usr/local/lib -L/usr/lib -lmd -lcheri_caprevoke conftest.c -lintl -ldl  >&5
configure:18088: $? = 0
configure:18088: result: yes
configure:18094: checking for pread
configure:18094: cc -pthread -o conftest -mabi=purecap -I/usr/local/include -I/usr/include -mabi=purecap -L/usr/local/lib -L/usr/lib -lmd -lcheri_caprevoke conftest.c -lintl -ldl  >&5
configure:18094: $? = 0
configure:18094: result: yes
configure:18100: checking for preadv
configure:18100: cc -pthread -o conftest -mabi=purecap -I/usr/local/include -I/usr/include -mabi=purecap -L/usr/local/lib -L/usr/lib -lmd -lcheri_caprevoke conftest.c -lintl -ldl  >&5
configure:18100: $? = 0
configure:18100: result: yes
configure:18106: checking for preadv2
configure:18106: cc -pthread -o conftest -mabi=purecap -I/usr/local/include -I/usr/include -mabi=purecap -L/usr/local/lib -L/usr/lib -lmd -lcheri_caprevoke conftest.c -lintl -ldl  >&5
ld: error: undefined symbol: preadv2
>>> referenced by conftest.c
>>>               /tmp/conftest-6caf18.o:(main)
>>> did you mean: preadv
>>> defined in: /lib/libc.so.7
clang-14: error: linker command failed with exit code 1 (use -v to see invocation)
configure:18106: $? = 1
configure: failed program was:
| /* confdefs.h */
| #define _NETBSD_SOURCE 1
| #define __BSD_VISIBLE 1
| #define _DARWIN_C_SOURCE 1
| #define _PYTHONFRAMEWORK ""
| #define _XOPEN_SOURCE 700
| #define _XOPEN_SOURCE_EXTENDED 1
| #define _POSIX_C_SOURCE 200809L
| #define HAVE_STDIO_H 1
| #define HAVE_STDLIB_H 1
| #define HAVE_STRING_H 1
| #define HAVE_INTTYPES_H 1
| #define HAVE_STDINT_H 1
| #define HAVE_STRINGS_H 1
| #define HAVE_SYS_STAT_H 1
| #define HAVE_SYS_TYPES_H 1
| #define HAVE_UNISTD_H 1
| #define HAVE_WCHAR_H 1
| #define STDC_HEADERS 1
| #define _ALL_SOURCE 1
| #define _DARWIN_C_SOURCE 1
| #define _GNU_SOURCE 1
| #define _HPUX_ALT_XOPEN_SOCKET_API 1
| #define _NETBSD_SOURCE 1
| #define _OPENBSD_SOURCE 1
| #define _POSIX_PTHREAD_SEMANTICS 1
| #define __STDC_WANT_IEC_60559_ATTRIBS_EXT__ 1
| #define __STDC_WANT_IEC_60559_BFP_EXT__ 1
| #define __STDC_WANT_IEC_60559_DFP_EXT__ 1
| #define __STDC_WANT_IEC_60559_FUNCS_EXT__ 1
| #define __STDC_WANT_IEC_60559_TYPES_EXT__ 1
| #define __STDC_WANT_LIB_EXT2__ 1
| #define __STDC_WANT_MATH_SPEC_FUNCS__ 1
| #define _TANDEM_SOURCE 1
| #define __EXTENSIONS__ 1
| #define PY_SUPPORT_TIER 0
| #define Py_DEBUG 1
| #define STDC_HEADERS 1
| #define HAVE_BLUETOOTH_H 1
| #define HAVE_DLFCN_H 1
| #define HAVE_ENDIAN_H 1
| #define HAVE_ERRNO_H 1
| #define HAVE_FCNTL_H 1
| #define HAVE_GRP_H 1
| #define HAVE_IEEEFP_H 1
| #define HAVE_LANGINFO_H 1
| #define HAVE_LIBINTL_H 1
| #define HAVE_LIBUTIL_H 1
| #define HAVE_SYS_AUXV_H 1
| #define HAVE_NETDB_H 1
| #define HAVE_NET_ETHERNET_H 1
| #define HAVE_NETINET_IN_H 1
| #define HAVE_POLL_H 1
| #define HAVE_PTHREAD_H 1
| #define HAVE_SCHED_H 1
| #define HAVE_SETJMP_H 1
| #define HAVE_SIGNAL_H 1
| #define HAVE_SPAWN_H 1
| #define HAVE_SYS_ENDIAN_H 1
| #define HAVE_SYS_EVENT_H 1
| #define HAVE_SYS_EVENTFD_H 1
| #define HAVE_SYS_FILE_H 1
| #define HAVE_SYS_IOCTL_H 1
| #define HAVE_SYS_LOCK_H 1
| #define HAVE_SYS_MMAN_H 1
| #define HAVE_SYS_PARAM_H 1
| #define HAVE_SYS_POLL_H 1
| #define HAVE_SYS_RANDOM_H 1
| #define HAVE_SYS_RESOURCE_H 1
| #define HAVE_SYS_SELECT_H 1
| #define HAVE_SYS_SOCKET_H 1
| #define HAVE_SYS_SOUNDCARD_H 1
| #define HAVE_SYS_STAT_H 1
| #define HAVE_SYS_STATVFS_H 1
| #define HAVE_SYS_SYSCALL_H 1
| #define HAVE_SYS_TIME_H 1
| #define HAVE_SYS_TIMES_H 1
| #define HAVE_SYS_TYPES_H 1
| #define HAVE_SYS_UIO_H 1
| #define HAVE_SYS_UN_H 1
| #define HAVE_SYS_UTSNAME_H 1
| #define HAVE_SYS_WAIT_H 1
| #define HAVE_SYSEXITS_H 1
| #define HAVE_SYSLOG_H 1
| #define HAVE_TERMIOS_H 1
| #define HAVE_UTIME_H 1
| #define HAVE_DIRENT_H 1
| #define HAVE_NET_IF_H 1
| #define HAVE_MAKEDEV 1
| #define _LARGEFILE_SOURCE 1
| #define _FILE_OFFSET_BITS 64
| #if defined(SCO_DS)
| #undef _OFF_T
| #endif
| #define RETSIGTYPE void
| #define HAVE_SSIZE_T 1
| #define HAVE_GCC_UINT128_T 1
| #define SIZEOF_INT 4
| #define SIZEOF_LONG 8
| #define ALIGNOF_LONG 8
| #define SIZEOF_LONG_LONG 8
| #define SIZEOF_VOID_P 16
| #define SIZEOF_SHORT 2
| #define SIZEOF_FLOAT 4
| #define SIZEOF_DOUBLE 8
| #define SIZEOF_FPOS_T 8
| #define SIZEOF_SIZE_T 8
| #define ALIGNOF_SIZE_T 8
| #define SIZEOF_PID_T 4
| #define SIZEOF_UINTPTR_T 16
| #define ALIGNOF_MAX_ALIGN_T 16
| #define HAVE_LONG_DOUBLE 1
| #define SIZEOF_LONG_DOUBLE 16
| #define SIZEOF__BOOL 1
| #define SIZEOF_OFF_T 8
| #define SIZEOF_TIME_T 8
| #define SIZEOF_PTHREAD_T 16
| #define SIZEOF_PTHREAD_KEY_T 4
| #define PTHREAD_KEY_T_IS_COMPATIBLE_WITH_INT 1
| #define HAVE_LIBDL 1
| #define HAVE_UUID_H 1
| #define HAVE_UUID_CREATE 1
| #define HAVE_UUID_ENC_BE 1
| #define WITH_LIBINTL 1
| #define HAVE_FFI_PREP_CIF_VAR 1
| #define HAVE_FFI_PREP_CLOSURE_LOC 1
| #define HAVE_FFI_CLOSURE_ALLOC 1
| #define WITH_DECIMAL_CONTEXTVAR 1
| #define HAVE_RPC_RPC_H 1
| #define HAVE_LIBSQLITE3 1
| #define HAVE_LIBSQLITE3 1
| #define HAVE_LIBSQLITE3 1
| #define HAVE_LIBSQLITE3 1
| #define HAVE_LIBSQLITE3 1
| #define HAVE_LIBSQLITE3 1
| #define HAVE_LIBSQLITE3 1
| #define HAVE_LIBSQLITE3 1
| #define HAVE_LIBSQLITE3 1
| #define PY_SQLITE_HAVE_SERIALIZE 1
| #define HAVE_GDBM_H 1
| #define HAVE_NDBM_H 1
| #define HAVE_DB_H 1
| #define PTHREAD_SYSTEM_SCHED_SUPPORTED 1
| #define HAVE_PTHREAD_SIGMASK 1
| #define HAVE_PTHREAD_GETCPUCLOCKID 1
| #define ENABLE_IPV6 1
| #define WITH_DOC_STRINGS 1
| #define WITH_PYMALLOC 1
| #define WITH_FREELISTS 1
| #define PY_COERCE_C_LOCALE 1
| #define HAVE_DLOPEN 1
| #define HAVE_DYNAMIC_LOADING 1
| #define HAVE_ACCEPT4 1
| #define HAVE_ALARM 1
| #define HAVE_BIND_TEXTDOMAIN_CODESET 1
| #define HAVE_CHMOD 1
| #define HAVE_CHOWN 1
| #define HAVE_CLOCK 1
| #define HAVE_CLOSE_RANGE 1
| #define HAVE_CONFSTR 1
| #define HAVE_COPY_FILE_RANGE 1
| #define HAVE_CTERMID 1
| #define HAVE_DUP 1
| #define HAVE_DUP3 1
| #define HAVE_EXECV 1
| #define HAVE_EXPLICIT_BZERO 1
| #define HAVE_FACCESSAT 1
| #define HAVE_FCHMOD 1
| #define HAVE_FCHMODAT 1
| #define HAVE_FCHOWN 1
| #define HAVE_FCHOWNAT 1
| #define HAVE_FDOPENDIR 1
| #define HAVE_FEXECVE 1
| #define HAVE_FORK 1
| #define HAVE_FPATHCONF 1
| #define HAVE_FSTATAT 1
| #define HAVE_FTRUNCATE 1
| #define HAVE_FUTIMENS 1
| #define HAVE_FUTIMES 1
| #define HAVE_FUTIMESAT 1
| #define HAVE_GAI_STRERROR 1
| #define HAVE_GETEGID 1
| #define HAVE_GETENTROPY 1
| #define HAVE_GETEUID 1
| #define HAVE_GETGID 1
| #define HAVE_GETGRGID 1
| #define HAVE_GETGRGID_R 1
| #define HAVE_GETGRNAM_R 1
| #define HAVE_GETGROUPLIST 1
| #define HAVE_GETGROUPS 1
| #define HAVE_GETHOSTNAME 1
| #define HAVE_GETITIMER 1
| #define HAVE_GETLOADAVG 1
| #define HAVE_GETLOGIN 1
| #define HAVE_GETPEERNAME 1
| #define HAVE_GETPGID 1
| #define HAVE_GETPID 1
| #define HAVE_GETPPID 1
| #define HAVE_GETPRIORITY 1
| #define HAVE_GETPWENT 1
| #define HAVE_GETPWNAM_R 1
| #define HAVE_GETPWUID 1
| #define HAVE_GETPWUID_R 1
| #define HAVE_GETRESGID 1
| #define HAVE_GETRESUID 1
| #define HAVE_GETRUSAGE 1
| #define HAVE_GETSID 1
| #define HAVE_GETUID 1
| #define HAVE_GETWD 1
| #define HAVE_IF_NAMEINDEX 1
| #define HAVE_INITGROUPS 1
| #define HAVE_KILL 1
| #define HAVE_KILLPG 1
| #define HAVE_LCHOWN 1
| #define HAVE_LINKAT 1
| #define HAVE_LOCKF 1
| #define HAVE_LSTAT 1
| #define HAVE_LUTIMES 1
| #define HAVE_MADVISE 1
| #define HAVE_MBRTOWC 1
| #define HAVE_MEMRCHR 1
| #define HAVE_MKDIRAT 1
| #define HAVE_MKFIFO 1
| #define HAVE_MKFIFOAT 1
| #define HAVE_MKNOD 1
| #define HAVE_MKNODAT 1
| #define HAVE_MKTIME 1
| #define HAVE_MMAP 1
| #define HAVE_NICE 1
| #define HAVE_OPENAT 1
| #define HAVE_OPENDIR 1
| #define HAVE_PATHCONF 1
| #define HAVE_PAUSE 1
| #define HAVE_PIPE 1
| #define HAVE_PIPE2 1
| #define HAVE_POLL 1
| #define HAVE_POSIX_FADVISE 1
| #define HAVE_POSIX_FALLOCATE 1
| #define HAVE_POSIX_SPAWN 1
| #define HAVE_POSIX_SPAWNP 1
| #define HAVE_PREAD 1
| #define HAVE_PREADV 1
| /* end confdefs.h.  */
| /* Define preadv2 to an innocuous variant, in case <limits.h> declares preadv2.
|    For example, HP-UX 11i <limits.h> declares gettimeofday.  */
| #define preadv2 innocuous_preadv2
| 
| /* System header to define __stub macros and hopefully few prototypes,
|    which can conflict with char preadv2 (); below.  */
| 
| #include <limits.h>
| #undef preadv2
| 
| /* Override any GCC internal prototype to avoid an error.
|    Use char because int might match the return type of a GCC
|    builtin and then its argument prototype would still apply.  */
| #ifdef __cplusplus
| extern "C"
| #endif
| char preadv2 ();
| /* The GNU C library defines this for functions which it implements
|     to always fail with ENOSYS.  Some functions are actually named
|     something starting with __ and the normal name is an alias.  */
| #if defined __stub_preadv2 || defined __stub___preadv2
| choke me
| #endif
| 
| int
| main (void)
| {
| return preadv2 ();
|   ;
|   return 0;
| }
configure:18106: result: no
configure:18112: checking for pthread_condattr_setclock
configure:18112: cc -pthread -o conftest -mabi=purecap -I/usr/local/include -I/usr/include -mabi=purecap -L/usr/local/lib -L/usr/lib -lmd -lcheri_caprevoke conftest.c -lintl -ldl  >&5
configure:18112: $? = 0
configure:18112: result: yes
configure:18118: checking for pthread_init
configure:18118: cc -pthread -o conftest -mabi=purecap -I/usr/local/include -I/usr/include -mabi=purecap -L/usr/local/lib -L/usr/lib -lmd -lcheri_caprevoke conftest.c -lintl -ldl  >&5
ld: error: undefined symbol: pthread_init
>>> referenced by conftest.c
>>>               /tmp/conftest-2bc5f8.o:(main)
clang-14: error: linker command failed with exit code 1 (use -v to see invocation)
configure:18118: $? = 1
configure: failed program was:
| /* confdefs.h */
| #define _NETBSD_SOURCE 1
| #define __BSD_VISIBLE 1
| #define _DARWIN_C_SOURCE 1
| #define _PYTHONFRAMEWORK ""
| #define _XOPEN_SOURCE 700
| #define _XOPEN_SOURCE_EXTENDED 1
| #define _POSIX_C_SOURCE 200809L
| #define HAVE_STDIO_H 1
| #define HAVE_STDLIB_H 1
| #define HAVE_STRING_H 1
| #define HAVE_INTTYPES_H 1
| #define HAVE_STDINT_H 1
| #define HAVE_STRINGS_H 1
| #define HAVE_SYS_STAT_H 1
| #define HAVE_SYS_TYPES_H 1
| #define HAVE_UNISTD_H 1
| #define HAVE_WCHAR_H 1
| #define STDC_HEADERS 1
| #define _ALL_SOURCE 1
| #define _DARWIN_C_SOURCE 1
| #define _GNU_SOURCE 1
| #define _HPUX_ALT_XOPEN_SOCKET_API 1
| #define _NETBSD_SOURCE 1
| #define _OPENBSD_SOURCE 1
| #define _POSIX_PTHREAD_SEMANTICS 1
| #define __STDC_WANT_IEC_60559_ATTRIBS_EXT__ 1
| #define __STDC_WANT_IEC_60559_BFP_EXT__ 1
| #define __STDC_WANT_IEC_60559_DFP_EXT__ 1
| #define __STDC_WANT_IEC_60559_FUNCS_EXT__ 1
| #define __STDC_WANT_IEC_60559_TYPES_EXT__ 1
| #define __STDC_WANT_LIB_EXT2__ 1
| #define __STDC_WANT_MATH_SPEC_FUNCS__ 1
| #define _TANDEM_SOURCE 1
| #define __EXTENSIONS__ 1
| #define PY_SUPPORT_TIER 0
| #define Py_DEBUG 1
| #define STDC_HEADERS 1
| #define HAVE_BLUETOOTH_H 1
| #define HAVE_DLFCN_H 1
| #define HAVE_ENDIAN_H 1
| #define HAVE_ERRNO_H 1
| #define HAVE_FCNTL_H 1
| #define HAVE_GRP_H 1
| #define HAVE_IEEEFP_H 1
| #define HAVE_LANGINFO_H 1
| #define HAVE_LIBINTL_H 1
| #define HAVE_LIBUTIL_H 1
| #define HAVE_SYS_AUXV_H 1
| #define HAVE_NETDB_H 1
| #define HAVE_NET_ETHERNET_H 1
| #define HAVE_NETINET_IN_H 1
| #define HAVE_POLL_H 1
| #define HAVE_PTHREAD_H 1
| #define HAVE_SCHED_H 1
| #define HAVE_SETJMP_H 1
| #define HAVE_SIGNAL_H 1
| #define HAVE_SPAWN_H 1
| #define HAVE_SYS_ENDIAN_H 1
| #define HAVE_SYS_EVENT_H 1
| #define HAVE_SYS_EVENTFD_H 1
| #define HAVE_SYS_FILE_H 1
| #define HAVE_SYS_IOCTL_H 1
| #define HAVE_SYS_LOCK_H 1
| #define HAVE_SYS_MMAN_H 1
| #define HAVE_SYS_PARAM_H 1
| #define HAVE_SYS_POLL_H 1
| #define HAVE_SYS_RANDOM_H 1
| #define HAVE_SYS_RESOURCE_H 1
| #define HAVE_SYS_SELECT_H 1
| #define HAVE_SYS_SOCKET_H 1
| #define HAVE_SYS_SOUNDCARD_H 1
| #define HAVE_SYS_STAT_H 1
| #define HAVE_SYS_STATVFS_H 1
| #define HAVE_SYS_SYSCALL_H 1
| #define HAVE_SYS_TIME_H 1
| #define HAVE_SYS_TIMES_H 1
| #define HAVE_SYS_TYPES_H 1
| #define HAVE_SYS_UIO_H 1
| #define HAVE_SYS_UN_H 1
| #define HAVE_SYS_UTSNAME_H 1
| #define HAVE_SYS_WAIT_H 1
| #define HAVE_SYSEXITS_H 1
| #define HAVE_SYSLOG_H 1
| #define HAVE_TERMIOS_H 1
| #define HAVE_UTIME_H 1
| #define HAVE_DIRENT_H 1
| #define HAVE_NET_IF_H 1
| #define HAVE_MAKEDEV 1
| #define _LARGEFILE_SOURCE 1
| #define _FILE_OFFSET_BITS 64
| #if defined(SCO_DS)
| #undef _OFF_T
| #endif
| #define RETSIGTYPE void
| #define HAVE_SSIZE_T 1
| #define HAVE_GCC_UINT128_T 1
| #define SIZEOF_INT 4
| #define SIZEOF_LONG 8
| #define ALIGNOF_LONG 8
| #define SIZEOF_LONG_LONG 8
| #define SIZEOF_VOID_P 16
| #define SIZEOF_SHORT 2
| #define SIZEOF_FLOAT 4
| #define SIZEOF_DOUBLE 8
| #define SIZEOF_FPOS_T 8
| #define SIZEOF_SIZE_T 8
| #define ALIGNOF_SIZE_T 8
| #define SIZEOF_PID_T 4
| #define SIZEOF_UINTPTR_T 16
| #define ALIGNOF_MAX_ALIGN_T 16
| #define HAVE_LONG_DOUBLE 1
| #define SIZEOF_LONG_DOUBLE 16
| #define SIZEOF__BOOL 1
| #define SIZEOF_OFF_T 8
| #define SIZEOF_TIME_T 8
| #define SIZEOF_PTHREAD_T 16
| #define SIZEOF_PTHREAD_KEY_T 4
| #define PTHREAD_KEY_T_IS_COMPATIBLE_WITH_INT 1
| #define HAVE_LIBDL 1
| #define HAVE_UUID_H 1
| #define HAVE_UUID_CREATE 1
| #define HAVE_UUID_ENC_BE 1
| #define WITH_LIBINTL 1
| #define HAVE_FFI_PREP_CIF_VAR 1
| #define HAVE_FFI_PREP_CLOSURE_LOC 1
| #define HAVE_FFI_CLOSURE_ALLOC 1
| #define WITH_DECIMAL_CONTEXTVAR 1
| #define HAVE_RPC_RPC_H 1
| #define HAVE_LIBSQLITE3 1
| #define HAVE_LIBSQLITE3 1
| #define HAVE_LIBSQLITE3 1
| #define HAVE_LIBSQLITE3 1
| #define HAVE_LIBSQLITE3 1
| #define HAVE_LIBSQLITE3 1
| #define HAVE_LIBSQLITE3 1
| #define HAVE_LIBSQLITE3 1
| #define HAVE_LIBSQLITE3 1
| #define PY_SQLITE_HAVE_SERIALIZE 1
| #define HAVE_GDBM_H 1
| #define HAVE_NDBM_H 1
| #define HAVE_DB_H 1
| #define PTHREAD_SYSTEM_SCHED_SUPPORTED 1
| #define HAVE_PTHREAD_SIGMASK 1
| #define HAVE_PTHREAD_GETCPUCLOCKID 1
| #define ENABLE_IPV6 1
| #define WITH_DOC_STRINGS 1
| #define WITH_PYMALLOC 1
| #define WITH_FREELISTS 1
| #define PY_COERCE_C_LOCALE 1
| #define HAVE_DLOPEN 1
| #define HAVE_DYNAMIC_LOADING 1
| #define HAVE_ACCEPT4 1
| #define HAVE_ALARM 1
| #define HAVE_BIND_TEXTDOMAIN_CODESET 1
| #define HAVE_CHMOD 1
| #define HAVE_CHOWN 1
| #define HAVE_CLOCK 1
| #define HAVE_CLOSE_RANGE 1
| #define HAVE_CONFSTR 1
| #define HAVE_COPY_FILE_RANGE 1
| #define HAVE_CTERMID 1
| #define HAVE_DUP 1
| #define HAVE_DUP3 1
| #define HAVE_EXECV 1
| #define HAVE_EXPLICIT_BZERO 1
| #define HAVE_FACCESSAT 1
| #define HAVE_FCHMOD 1
| #define HAVE_FCHMODAT 1
| #define HAVE_FCHOWN 1
| #define HAVE_FCHOWNAT 1
| #define HAVE_FDOPENDIR 1
| #define HAVE_FEXECVE 1
| #define HAVE_FORK 1
| #define HAVE_FPATHCONF 1
| #define HAVE_FSTATAT 1
| #define HAVE_FTRUNCATE 1
| #define HAVE_FUTIMENS 1
| #define HAVE_FUTIMES 1
| #define HAVE_FUTIMESAT 1
| #define HAVE_GAI_STRERROR 1
| #define HAVE_GETEGID 1
| #define HAVE_GETENTROPY 1
| #define HAVE_GETEUID 1
| #define HAVE_GETGID 1
| #define HAVE_GETGRGID 1
| #define HAVE_GETGRGID_R 1
| #define HAVE_GETGRNAM_R 1
| #define HAVE_GETGROUPLIST 1
| #define HAVE_GETGROUPS 1
| #define HAVE_GETHOSTNAME 1
| #define HAVE_GETITIMER 1
| #define HAVE_GETLOADAVG 1
| #define HAVE_GETLOGIN 1
| #define HAVE_GETPEERNAME 1
| #define HAVE_GETPGID 1
| #define HAVE_GETPID 1
| #define HAVE_GETPPID 1
| #define HAVE_GETPRIORITY 1
| #define HAVE_GETPWENT 1
| #define HAVE_GETPWNAM_R 1
| #define HAVE_GETPWUID 1
| #define HAVE_GETPWUID_R 1
| #define HAVE_GETRESGID 1
| #define HAVE_GETRESUID 1
| #define HAVE_GETRUSAGE 1
| #define HAVE_GETSID 1
| #define HAVE_GETUID 1
| #define HAVE_GETWD 1
| #define HAVE_IF_NAMEINDEX 1
| #define HAVE_INITGROUPS 1
| #define HAVE_KILL 1
| #define HAVE_KILLPG 1
| #define HAVE_LCHOWN 1
| #define HAVE_LINKAT 1
| #define HAVE_LOCKF 1
| #define HAVE_LSTAT 1
| #define HAVE_LUTIMES 1
| #define HAVE_MADVISE 1
| #define HAVE_MBRTOWC 1
| #define HAVE_MEMRCHR 1
| #define HAVE_MKDIRAT 1
| #define HAVE_MKFIFO 1
| #define HAVE_MKFIFOAT 1
| #define HAVE_MKNOD 1
| #define HAVE_MKNODAT 1
| #define HAVE_MKTIME 1
| #define HAVE_MMAP 1
| #define HAVE_NICE 1
| #define HAVE_OPENAT 1
| #define HAVE_OPENDIR 1
| #define HAVE_PATHCONF 1
| #define HAVE_PAUSE 1
| #define HAVE_PIPE 1
| #define HAVE_PIPE2 1
| #define HAVE_POLL 1
| #define HAVE_POSIX_FADVISE 1
| #define HAVE_POSIX_FALLOCATE 1
| #define HAVE_POSIX_SPAWN 1
| #define HAVE_POSIX_SPAWNP 1
| #define HAVE_PREAD 1
| #define HAVE_PREADV 1
| #define HAVE_PTHREAD_CONDATTR_SETCLOCK 1
| /* end confdefs.h.  */
| /* Define pthread_init to an innocuous variant, in case <limits.h> declares pthread_init.
|    For example, HP-UX 11i <limits.h> declares gettimeofday.  */
| #define pthread_init innocuous_pthread_init
| 
| /* System header to define __stub macros and hopefully few prototypes,
|    which can conflict with char pthread_init (); below.  */
| 
| #include <limits.h>
| #undef pthread_init
| 
| /* Override any GCC internal prototype to avoid an error.
|    Use char because int might match the return type of a GCC
|    builtin and then its argument prototype would still apply.  */
| #ifdef __cplusplus
| extern "C"
| #endif
| char pthread_init ();
| /* The GNU C library defines this for functions which it implements
|     to always fail with ENOSYS.  Some functions are actually named
|     something starting with __ and the normal name is an alias.  */
| #if defined __stub_pthread_init || defined __stub___pthread_init
| choke me
| #endif
| 
| int
| main (void)
| {
| return pthread_init ();
|   ;
|   return 0;
| }
configure:18118: result: no
configure:18124: checking for pthread_kill
configure:18124: cc -pthread -o conftest -mabi=purecap -I/usr/local/include -I/usr/include -mabi=purecap -L/usr/local/lib -L/usr/lib -lmd -lcheri_caprevoke conftest.c -lintl -ldl  >&5
configure:18124: $? = 0
configure:18124: result: yes
configure:18130: checking for pwrite
configure:18130: cc -pthread -o conftest -mabi=purecap -I/usr/local/include -I/usr/include -mabi=purecap -L/usr/local/lib -L/usr/lib -lmd -lcheri_caprevoke conftest.c -lintl -ldl  >&5
configure:18130: $? = 0
configure:18130: result: yes
configure:18136: checking for pwritev
configure:18136: cc -pthread -o conftest -mabi=purecap -I/usr/local/include -I/usr/include -mabi=purecap -L/usr/local/lib -L/usr/lib -lmd -lcheri_caprevoke conftest.c -lintl -ldl  >&5
configure:18136: $? = 0
configure:18136: result: yes
configure:18142: checking for pwritev2
configure:18142: cc -pthread -o conftest -mabi=purecap -I/usr/local/include -I/usr/include -mabi=purecap -L/usr/local/lib -L/usr/lib -lmd -lcheri_caprevoke conftest.c -lintl -ldl  >&5
ld: error: undefined symbol: pwritev2
>>> referenced by conftest.c
>>>               /tmp/conftest-7b5854.o:(main)
>>> did you mean: pwritev
>>> defined in: /lib/libc.so.7
clang-14: error: linker command failed with exit code 1 (use -v to see invocation)
configure:18142: $? = 1
configure: failed program was:
| /* confdefs.h */
| #define _NETBSD_SOURCE 1
| #define __BSD_VISIBLE 1
| #define _DARWIN_C_SOURCE 1
| #define _PYTHONFRAMEWORK ""
| #define _XOPEN_SOURCE 700
| #define _XOPEN_SOURCE_EXTENDED 1
| #define _POSIX_C_SOURCE 200809L
| #define HAVE_STDIO_H 1
| #define HAVE_STDLIB_H 1
| #define HAVE_STRING_H 1
| #define HAVE_INTTYPES_H 1
| #define HAVE_STDINT_H 1
| #define HAVE_STRINGS_H 1
| #define HAVE_SYS_STAT_H 1
| #define HAVE_SYS_TYPES_H 1
| #define HAVE_UNISTD_H 1
| #define HAVE_WCHAR_H 1
| #define STDC_HEADERS 1
| #define _ALL_SOURCE 1
| #define _DARWIN_C_SOURCE 1
| #define _GNU_SOURCE 1
| #define _HPUX_ALT_XOPEN_SOCKET_API 1
| #define _NETBSD_SOURCE 1
| #define _OPENBSD_SOURCE 1
| #define _POSIX_PTHREAD_SEMANTICS 1
| #define __STDC_WANT_IEC_60559_ATTRIBS_EXT__ 1
| #define __STDC_WANT_IEC_60559_BFP_EXT__ 1
| #define __STDC_WANT_IEC_60559_DFP_EXT__ 1
| #define __STDC_WANT_IEC_60559_FUNCS_EXT__ 1
| #define __STDC_WANT_IEC_60559_TYPES_EXT__ 1
| #define __STDC_WANT_LIB_EXT2__ 1
| #define __STDC_WANT_MATH_SPEC_FUNCS__ 1
| #define _TANDEM_SOURCE 1
| #define __EXTENSIONS__ 1
| #define PY_SUPPORT_TIER 0
| #define Py_DEBUG 1
| #define STDC_HEADERS 1
| #define HAVE_BLUETOOTH_H 1
| #define HAVE_DLFCN_H 1
| #define HAVE_ENDIAN_H 1
| #define HAVE_ERRNO_H 1
| #define HAVE_FCNTL_H 1
| #define HAVE_GRP_H 1
| #define HAVE_IEEEFP_H 1
| #define HAVE_LANGINFO_H 1
| #define HAVE_LIBINTL_H 1
| #define HAVE_LIBUTIL_H 1
| #define HAVE_SYS_AUXV_H 1
| #define HAVE_NETDB_H 1
| #define HAVE_NET_ETHERNET_H 1
| #define HAVE_NETINET_IN_H 1
| #define HAVE_POLL_H 1
| #define HAVE_PTHREAD_H 1
| #define HAVE_SCHED_H 1
| #define HAVE_SETJMP_H 1
| #define HAVE_SIGNAL_H 1
| #define HAVE_SPAWN_H 1
| #define HAVE_SYS_ENDIAN_H 1
| #define HAVE_SYS_EVENT_H 1
| #define HAVE_SYS_EVENTFD_H 1
| #define HAVE_SYS_FILE_H 1
| #define HAVE_SYS_IOCTL_H 1
| #define HAVE_SYS_LOCK_H 1
| #define HAVE_SYS_MMAN_H 1
| #define HAVE_SYS_PARAM_H 1
| #define HAVE_SYS_POLL_H 1
| #define HAVE_SYS_RANDOM_H 1
| #define HAVE_SYS_RESOURCE_H 1
| #define HAVE_SYS_SELECT_H 1
| #define HAVE_SYS_SOCKET_H 1
| #define HAVE_SYS_SOUNDCARD_H 1
| #define HAVE_SYS_STAT_H 1
| #define HAVE_SYS_STATVFS_H 1
| #define HAVE_SYS_SYSCALL_H 1
| #define HAVE_SYS_TIME_H 1
| #define HAVE_SYS_TIMES_H 1
| #define HAVE_SYS_TYPES_H 1
| #define HAVE_SYS_UIO_H 1
| #define HAVE_SYS_UN_H 1
| #define HAVE_SYS_UTSNAME_H 1
| #define HAVE_SYS_WAIT_H 1
| #define HAVE_SYSEXITS_H 1
| #define HAVE_SYSLOG_H 1
| #define HAVE_TERMIOS_H 1
| #define HAVE_UTIME_H 1
| #define HAVE_DIRENT_H 1
| #define HAVE_NET_IF_H 1
| #define HAVE_MAKEDEV 1
| #define _LARGEFILE_SOURCE 1
| #define _FILE_OFFSET_BITS 64
| #if defined(SCO_DS)
| #undef _OFF_T
| #endif
| #define RETSIGTYPE void
| #define HAVE_SSIZE_T 1
| #define HAVE_GCC_UINT128_T 1
| #define SIZEOF_INT 4
| #define SIZEOF_LONG 8
| #define ALIGNOF_LONG 8
| #define SIZEOF_LONG_LONG 8
| #define SIZEOF_VOID_P 16
| #define SIZEOF_SHORT 2
| #define SIZEOF_FLOAT 4
| #define SIZEOF_DOUBLE 8
| #define SIZEOF_FPOS_T 8
| #define SIZEOF_SIZE_T 8
| #define ALIGNOF_SIZE_T 8
| #define SIZEOF_PID_T 4
| #define SIZEOF_UINTPTR_T 16
| #define ALIGNOF_MAX_ALIGN_T 16
| #define HAVE_LONG_DOUBLE 1
| #define SIZEOF_LONG_DOUBLE 16
| #define SIZEOF__BOOL 1
| #define SIZEOF_OFF_T 8
| #define SIZEOF_TIME_T 8
| #define SIZEOF_PTHREAD_T 16
| #define SIZEOF_PTHREAD_KEY_T 4
| #define PTHREAD_KEY_T_IS_COMPATIBLE_WITH_INT 1
| #define HAVE_LIBDL 1
| #define HAVE_UUID_H 1
| #define HAVE_UUID_CREATE 1
| #define HAVE_UUID_ENC_BE 1
| #define WITH_LIBINTL 1
| #define HAVE_FFI_PREP_CIF_VAR 1
| #define HAVE_FFI_PREP_CLOSURE_LOC 1
| #define HAVE_FFI_CLOSURE_ALLOC 1
| #define WITH_DECIMAL_CONTEXTVAR 1
| #define HAVE_RPC_RPC_H 1
| #define HAVE_LIBSQLITE3 1
| #define HAVE_LIBSQLITE3 1
| #define HAVE_LIBSQLITE3 1
| #define HAVE_LIBSQLITE3 1
| #define HAVE_LIBSQLITE3 1
| #define HAVE_LIBSQLITE3 1
| #define HAVE_LIBSQLITE3 1
| #define HAVE_LIBSQLITE3 1
| #define HAVE_LIBSQLITE3 1
| #define PY_SQLITE_HAVE_SERIALIZE 1
| #define HAVE_GDBM_H 1
| #define HAVE_NDBM_H 1
| #define HAVE_DB_H 1
| #define PTHREAD_SYSTEM_SCHED_SUPPORTED 1
| #define HAVE_PTHREAD_SIGMASK 1
| #define HAVE_PTHREAD_GETCPUCLOCKID 1
| #define ENABLE_IPV6 1
| #define WITH_DOC_STRINGS 1
| #define WITH_PYMALLOC 1
| #define WITH_FREELISTS 1
| #define PY_COERCE_C_LOCALE 1
| #define HAVE_DLOPEN 1
| #define HAVE_DYNAMIC_LOADING 1
| #define HAVE_ACCEPT4 1
| #define HAVE_ALARM 1
| #define HAVE_BIND_TEXTDOMAIN_CODESET 1
| #define HAVE_CHMOD 1
| #define HAVE_CHOWN 1
| #define HAVE_CLOCK 1
| #define HAVE_CLOSE_RANGE 1
| #define HAVE_CONFSTR 1
| #define HAVE_COPY_FILE_RANGE 1
| #define HAVE_CTERMID 1
| #define HAVE_DUP 1
| #define HAVE_DUP3 1
| #define HAVE_EXECV 1
| #define HAVE_EXPLICIT_BZERO 1
| #define HAVE_FACCESSAT 1
| #define HAVE_FCHMOD 1
| #define HAVE_FCHMODAT 1
| #define HAVE_FCHOWN 1
| #define HAVE_FCHOWNAT 1
| #define HAVE_FDOPENDIR 1
| #define HAVE_FEXECVE 1
| #define HAVE_FORK 1
| #define HAVE_FPATHCONF 1
| #define HAVE_FSTATAT 1
| #define HAVE_FTRUNCATE 1
| #define HAVE_FUTIMENS 1
| #define HAVE_FUTIMES 1
| #define HAVE_FUTIMESAT 1
| #define HAVE_GAI_STRERROR 1
| #define HAVE_GETEGID 1
| #define HAVE_GETENTROPY 1
| #define HAVE_GETEUID 1
| #define HAVE_GETGID 1
| #define HAVE_GETGRGID 1
| #define HAVE_GETGRGID_R 1
| #define HAVE_GETGRNAM_R 1
| #define HAVE_GETGROUPLIST 1
| #define HAVE_GETGROUPS 1
| #define HAVE_GETHOSTNAME 1
| #define HAVE_GETITIMER 1
| #define HAVE_GETLOADAVG 1
| #define HAVE_GETLOGIN 1
| #define HAVE_GETPEERNAME 1
| #define HAVE_GETPGID 1
| #define HAVE_GETPID 1
| #define HAVE_GETPPID 1
| #define HAVE_GETPRIORITY 1
| #define HAVE_GETPWENT 1
| #define HAVE_GETPWNAM_R 1
| #define HAVE_GETPWUID 1
| #define HAVE_GETPWUID_R 1
| #define HAVE_GETRESGID 1
| #define HAVE_GETRESUID 1
| #define HAVE_GETRUSAGE 1
| #define HAVE_GETSID 1
| #define HAVE_GETUID 1
| #define HAVE_GETWD 1
| #define HAVE_IF_NAMEINDEX 1
| #define HAVE_INITGROUPS 1
| #define HAVE_KILL 1
| #define HAVE_KILLPG 1
| #define HAVE_LCHOWN 1
| #define HAVE_LINKAT 1
| #define HAVE_LOCKF 1
| #define HAVE_LSTAT 1
| #define HAVE_LUTIMES 1
| #define HAVE_MADVISE 1
| #define HAVE_MBRTOWC 1
| #define HAVE_MEMRCHR 1
| #define HAVE_MKDIRAT 1
| #define HAVE_MKFIFO 1
| #define HAVE_MKFIFOAT 1
| #define HAVE_MKNOD 1
| #define HAVE_MKNODAT 1
| #define HAVE_MKTIME 1
| #define HAVE_MMAP 1
| #define HAVE_NICE 1
| #define HAVE_OPENAT 1
| #define HAVE_OPENDIR 1
| #define HAVE_PATHCONF 1
| #define HAVE_PAUSE 1
| #define HAVE_PIPE 1
| #define HAVE_PIPE2 1
| #define HAVE_POLL 1
| #define HAVE_POSIX_FADVISE 1
| #define HAVE_POSIX_FALLOCATE 1
| #define HAVE_POSIX_SPAWN 1
| #define HAVE_POSIX_SPAWNP 1
| #define HAVE_PREAD 1
| #define HAVE_PREADV 1
| #define HAVE_PTHREAD_CONDATTR_SETCLOCK 1
| #define HAVE_PTHREAD_KILL 1
| #define HAVE_PWRITE 1
| #define HAVE_PWRITEV 1
| /* end confdefs.h.  */
| /* Define pwritev2 to an innocuous variant, in case <limits.h> declares pwritev2.
|    For example, HP-UX 11i <limits.h> declares gettimeofday.  */
| #define pwritev2 innocuous_pwritev2
| 
| /* System header to define __stub macros and hopefully few prototypes,
|    which can conflict with char pwritev2 (); below.  */
| 
| #include <limits.h>
| #undef pwritev2
| 
| /* Override any GCC internal prototype to avoid an error.
|    Use char because int might match the return type of a GCC
|    builtin and then its argument prototype would still apply.  */
| #ifdef __cplusplus
| extern "C"
| #endif
| char pwritev2 ();
| /* The GNU C library defines this for functions which it implements
|     to always fail with ENOSYS.  Some functions are actually named
|     something starting with __ and the normal name is an alias.  */
| #if defined __stub_pwritev2 || defined __stub___pwritev2
| choke me
| #endif
| 
| int
| main (void)
| {
| return pwritev2 ();
|   ;
|   return 0;
| }
configure:18142: result: no
configure:18148: checking for readlink
configure:18148: cc -pthread -o conftest -mabi=purecap -I/usr/local/include -I/usr/include -mabi=purecap -L/usr/local/lib -L/usr/lib -lmd -lcheri_caprevoke conftest.c -lintl -ldl  >&5
configure:18148: $? = 0
configure:18148: result: yes
configure:18154: checking for readlinkat
configure:18154: cc -pthread -o conftest -mabi=purecap -I/usr/local/include -I/usr/include -mabi=purecap -L/usr/local/lib -L/usr/lib -lmd -lcheri_caprevoke conftest.c -lintl -ldl  >&5
configure:18154: $? = 0
configure:18154: result: yes
configure:18160: checking for readv
configure:18160: cc -pthread -o conftest -mabi=purecap -I/usr/local/include -I/usr/include -mabi=purecap -L/usr/local/lib -L/usr/lib -lmd -lcheri_caprevoke conftest.c -lintl -ldl  >&5
configure:18160: $? = 0
configure:18160: result: yes
configure:18166: checking for realpath
configure:18166: cc -pthread -o conftest -mabi=purecap -I/usr/local/include -I/usr/include -mabi=purecap -L/usr/local/lib -L/usr/lib -lmd -lcheri_caprevoke conftest.c -lintl -ldl  >&5
configure:18166: $? = 0
configure:18166: result: yes
configure:18172: checking for renameat
configure:18172: cc -pthread -o conftest -mabi=purecap -I/usr/local/include -I/usr/include -mabi=purecap -L/usr/local/lib -L/usr/lib -lmd -lcheri_caprevoke conftest.c -lintl -ldl  >&5
configure:18172: $? = 0
configure:18172: result: yes
configure:18178: checking for rtpSpawn
configure:18178: cc -pthread -o conftest -mabi=purecap -I/usr/local/include -I/usr/include -mabi=purecap -L/usr/local/lib -L/usr/lib -lmd -lcheri_caprevoke conftest.c -lintl -ldl  >&5
ld: error: undefined symbol: rtpSpawn
>>> referenced by conftest.c
>>>               /tmp/conftest-48ce23.o:(main)
clang-14: error: linker command failed with exit code 1 (use -v to see invocation)
configure:18178: $? = 1
configure: failed program was:
| /* confdefs.h */
| #define _NETBSD_SOURCE 1
| #define __BSD_VISIBLE 1
| #define _DARWIN_C_SOURCE 1
| #define _PYTHONFRAMEWORK ""
| #define _XOPEN_SOURCE 700
| #define _XOPEN_SOURCE_EXTENDED 1
| #define _POSIX_C_SOURCE 200809L
| #define HAVE_STDIO_H 1
| #define HAVE_STDLIB_H 1
| #define HAVE_STRING_H 1
| #define HAVE_INTTYPES_H 1
| #define HAVE_STDINT_H 1
| #define HAVE_STRINGS_H 1
| #define HAVE_SYS_STAT_H 1
| #define HAVE_SYS_TYPES_H 1
| #define HAVE_UNISTD_H 1
| #define HAVE_WCHAR_H 1
| #define STDC_HEADERS 1
| #define _ALL_SOURCE 1
| #define _DARWIN_C_SOURCE 1
| #define _GNU_SOURCE 1
| #define _HPUX_ALT_XOPEN_SOCKET_API 1
| #define _NETBSD_SOURCE 1
| #define _OPENBSD_SOURCE 1
| #define _POSIX_PTHREAD_SEMANTICS 1
| #define __STDC_WANT_IEC_60559_ATTRIBS_EXT__ 1
| #define __STDC_WANT_IEC_60559_BFP_EXT__ 1
| #define __STDC_WANT_IEC_60559_DFP_EXT__ 1
| #define __STDC_WANT_IEC_60559_FUNCS_EXT__ 1
| #define __STDC_WANT_IEC_60559_TYPES_EXT__ 1
| #define __STDC_WANT_LIB_EXT2__ 1
| #define __STDC_WANT_MATH_SPEC_FUNCS__ 1
| #define _TANDEM_SOURCE 1
| #define __EXTENSIONS__ 1
| #define PY_SUPPORT_TIER 0
| #define Py_DEBUG 1
| #define STDC_HEADERS 1
| #define HAVE_BLUETOOTH_H 1
| #define HAVE_DLFCN_H 1
| #define HAVE_ENDIAN_H 1
| #define HAVE_ERRNO_H 1
| #define HAVE_FCNTL_H 1
| #define HAVE_GRP_H 1
| #define HAVE_IEEEFP_H 1
| #define HAVE_LANGINFO_H 1
| #define HAVE_LIBINTL_H 1
| #define HAVE_LIBUTIL_H 1
| #define HAVE_SYS_AUXV_H 1
| #define HAVE_NETDB_H 1
| #define HAVE_NET_ETHERNET_H 1
| #define HAVE_NETINET_IN_H 1
| #define HAVE_POLL_H 1
| #define HAVE_PTHREAD_H 1
| #define HAVE_SCHED_H 1
| #define HAVE_SETJMP_H 1
| #define HAVE_SIGNAL_H 1
| #define HAVE_SPAWN_H 1
| #define HAVE_SYS_ENDIAN_H 1
| #define HAVE_SYS_EVENT_H 1
| #define HAVE_SYS_EVENTFD_H 1
| #define HAVE_SYS_FILE_H 1
| #define HAVE_SYS_IOCTL_H 1
| #define HAVE_SYS_LOCK_H 1
| #define HAVE_SYS_MMAN_H 1
| #define HAVE_SYS_PARAM_H 1
| #define HAVE_SYS_POLL_H 1
| #define HAVE_SYS_RANDOM_H 1
| #define HAVE_SYS_RESOURCE_H 1
| #define HAVE_SYS_SELECT_H 1
| #define HAVE_SYS_SOCKET_H 1
| #define HAVE_SYS_SOUNDCARD_H 1
| #define HAVE_SYS_STAT_H 1
| #define HAVE_SYS_STATVFS_H 1
| #define HAVE_SYS_SYSCALL_H 1
| #define HAVE_SYS_TIME_H 1
| #define HAVE_SYS_TIMES_H 1
| #define HAVE_SYS_TYPES_H 1
| #define HAVE_SYS_UIO_H 1
| #define HAVE_SYS_UN_H 1
| #define HAVE_SYS_UTSNAME_H 1
| #define HAVE_SYS_WAIT_H 1
| #define HAVE_SYSEXITS_H 1
| #define HAVE_SYSLOG_H 1
| #define HAVE_TERMIOS_H 1
| #define HAVE_UTIME_H 1
| #define HAVE_DIRENT_H 1
| #define HAVE_NET_IF_H 1
| #define HAVE_MAKEDEV 1
| #define _LARGEFILE_SOURCE 1
| #define _FILE_OFFSET_BITS 64
| #if defined(SCO_DS)
| #undef _OFF_T
| #endif
| #define RETSIGTYPE void
| #define HAVE_SSIZE_T 1
| #define HAVE_GCC_UINT128_T 1
| #define SIZEOF_INT 4
| #define SIZEOF_LONG 8
| #define ALIGNOF_LONG 8
| #define SIZEOF_LONG_LONG 8
| #define SIZEOF_VOID_P 16
| #define SIZEOF_SHORT 2
| #define SIZEOF_FLOAT 4
| #define SIZEOF_DOUBLE 8
| #define SIZEOF_FPOS_T 8
| #define SIZEOF_SIZE_T 8
| #define ALIGNOF_SIZE_T 8
| #define SIZEOF_PID_T 4
| #define SIZEOF_UINTPTR_T 16
| #define ALIGNOF_MAX_ALIGN_T 16
| #define HAVE_LONG_DOUBLE 1
| #define SIZEOF_LONG_DOUBLE 16
| #define SIZEOF__BOOL 1
| #define SIZEOF_OFF_T 8
| #define SIZEOF_TIME_T 8
| #define SIZEOF_PTHREAD_T 16
| #define SIZEOF_PTHREAD_KEY_T 4
| #define PTHREAD_KEY_T_IS_COMPATIBLE_WITH_INT 1
| #define HAVE_LIBDL 1
| #define HAVE_UUID_H 1
| #define HAVE_UUID_CREATE 1
| #define HAVE_UUID_ENC_BE 1
| #define WITH_LIBINTL 1
| #define HAVE_FFI_PREP_CIF_VAR 1
| #define HAVE_FFI_PREP_CLOSURE_LOC 1
| #define HAVE_FFI_CLOSURE_ALLOC 1
| #define WITH_DECIMAL_CONTEXTVAR 1
| #define HAVE_RPC_RPC_H 1
| #define HAVE_LIBSQLITE3 1
| #define HAVE_LIBSQLITE3 1
| #define HAVE_LIBSQLITE3 1
| #define HAVE_LIBSQLITE3 1
| #define HAVE_LIBSQLITE3 1
| #define HAVE_LIBSQLITE3 1
| #define HAVE_LIBSQLITE3 1
| #define HAVE_LIBSQLITE3 1
| #define HAVE_LIBSQLITE3 1
| #define PY_SQLITE_HAVE_SERIALIZE 1
| #define HAVE_GDBM_H 1
| #define HAVE_NDBM_H 1
| #define HAVE_DB_H 1
| #define PTHREAD_SYSTEM_SCHED_SUPPORTED 1
| #define HAVE_PTHREAD_SIGMASK 1
| #define HAVE_PTHREAD_GETCPUCLOCKID 1
| #define ENABLE_IPV6 1
| #define WITH_DOC_STRINGS 1
| #define WITH_PYMALLOC 1
| #define WITH_FREELISTS 1
| #define PY_COERCE_C_LOCALE 1
| #define HAVE_DLOPEN 1
| #define HAVE_DYNAMIC_LOADING 1
| #define HAVE_ACCEPT4 1
| #define HAVE_ALARM 1
| #define HAVE_BIND_TEXTDOMAIN_CODESET 1
| #define HAVE_CHMOD 1
| #define HAVE_CHOWN 1
| #define HAVE_CLOCK 1
| #define HAVE_CLOSE_RANGE 1
| #define HAVE_CONFSTR 1
| #define HAVE_COPY_FILE_RANGE 1
| #define HAVE_CTERMID 1
| #define HAVE_DUP 1
| #define HAVE_DUP3 1
| #define HAVE_EXECV 1
| #define HAVE_EXPLICIT_BZERO 1
| #define HAVE_FACCESSAT 1
| #define HAVE_FCHMOD 1
| #define HAVE_FCHMODAT 1
| #define HAVE_FCHOWN 1
| #define HAVE_FCHOWNAT 1
| #define HAVE_FDOPENDIR 1
| #define HAVE_FEXECVE 1
| #define HAVE_FORK 1
| #define HAVE_FPATHCONF 1
| #define HAVE_FSTATAT 1
| #define HAVE_FTRUNCATE 1
| #define HAVE_FUTIMENS 1
| #define HAVE_FUTIMES 1
| #define HAVE_FUTIMESAT 1
| #define HAVE_GAI_STRERROR 1
| #define HAVE_GETEGID 1
| #define HAVE_GETENTROPY 1
| #define HAVE_GETEUID 1
| #define HAVE_GETGID 1
| #define HAVE_GETGRGID 1
| #define HAVE_GETGRGID_R 1
| #define HAVE_GETGRNAM_R 1
| #define HAVE_GETGROUPLIST 1
| #define HAVE_GETGROUPS 1
| #define HAVE_GETHOSTNAME 1
| #define HAVE_GETITIMER 1
| #define HAVE_GETLOADAVG 1
| #define HAVE_GETLOGIN 1
| #define HAVE_GETPEERNAME 1
| #define HAVE_GETPGID 1
| #define HAVE_GETPID 1
| #define HAVE_GETPPID 1
| #define HAVE_GETPRIORITY 1
| #define HAVE_GETPWENT 1
| #define HAVE_GETPWNAM_R 1
| #define HAVE_GETPWUID 1
| #define HAVE_GETPWUID_R 1
| #define HAVE_GETRESGID 1
| #define HAVE_GETRESUID 1
| #define HAVE_GETRUSAGE 1
| #define HAVE_GETSID 1
| #define HAVE_GETUID 1
| #define HAVE_GETWD 1
| #define HAVE_IF_NAMEINDEX 1
| #define HAVE_INITGROUPS 1
| #define HAVE_KILL 1
| #define HAVE_KILLPG 1
| #define HAVE_LCHOWN 1
| #define HAVE_LINKAT 1
| #define HAVE_LOCKF 1
| #define HAVE_LSTAT 1
| #define HAVE_LUTIMES 1
| #define HAVE_MADVISE 1
| #define HAVE_MBRTOWC 1
| #define HAVE_MEMRCHR 1
| #define HAVE_MKDIRAT 1
| #define HAVE_MKFIFO 1
| #define HAVE_MKFIFOAT 1
| #define HAVE_MKNOD 1
| #define HAVE_MKNODAT 1
| #define HAVE_MKTIME 1
| #define HAVE_MMAP 1
| #define HAVE_NICE 1
| #define HAVE_OPENAT 1
| #define HAVE_OPENDIR 1
| #define HAVE_PATHCONF 1
| #define HAVE_PAUSE 1
| #define HAVE_PIPE 1
| #define HAVE_PIPE2 1
| #define HAVE_POLL 1
| #define HAVE_POSIX_FADVISE 1
| #define HAVE_POSIX_FALLOCATE 1
| #define HAVE_POSIX_SPAWN 1
| #define HAVE_POSIX_SPAWNP 1
| #define HAVE_PREAD 1
| #define HAVE_PREADV 1
| #define HAVE_PTHREAD_CONDATTR_SETCLOCK 1
| #define HAVE_PTHREAD_KILL 1
| #define HAVE_PWRITE 1
| #define HAVE_PWRITEV 1
| #define HAVE_READLINK 1
| #define HAVE_READLINKAT 1
| #define HAVE_READV 1
| #define HAVE_REALPATH 1
| #define HAVE_RENAMEAT 1
| /* end confdefs.h.  */
| /* Define rtpSpawn to an innocuous variant, in case <limits.h> declares rtpSpawn.
|    For example, HP-UX 11i <limits.h> declares gettimeofday.  */
| #define rtpSpawn innocuous_rtpSpawn
| 
| /* System header to define __stub macros and hopefully few prototypes,
|    which can conflict with char rtpSpawn (); below.  */
| 
| #include <limits.h>
| #undef rtpSpawn
| 
| /* Override any GCC internal prototype to avoid an error.
|    Use char because int might match the return type of a GCC
|    builtin and then its argument prototype would still apply.  */
| #ifdef __cplusplus
| extern "C"
| #endif
| char rtpSpawn ();
| /* The GNU C library defines this for functions which it implements
|     to always fail with ENOSYS.  Some functions are actually named
|     something starting with __ and the normal name is an alias.  */
| #if defined __stub_rtpSpawn || defined __stub___rtpSpawn
| choke me
| #endif
| 
| int
| main (void)
| {
| return rtpSpawn ();
|   ;
|   return 0;
| }
configure:18178: result: no
configure:18184: checking for sched_get_priority_max
configure:18184: cc -pthread -o conftest -mabi=purecap -I/usr/local/include -I/usr/include -mabi=purecap -L/usr/local/lib -L/usr/lib -lmd -lcheri_caprevoke conftest.c -lintl -ldl  >&5
configure:18184: $? = 0
configure:18184: result: yes
configure:18190: checking for sched_rr_get_interval
configure:18190: cc -pthread -o conftest -mabi=purecap -I/usr/local/include -I/usr/include -mabi=purecap -L/usr/local/lib -L/usr/lib -lmd -lcheri_caprevoke conftest.c -lintl -ldl  >&5
configure:18190: $? = 0
configure:18190: result: yes
configure:18196: checking for sched_setaffinity
configure:18196: cc -pthread -o conftest -mabi=purecap -I/usr/local/include -I/usr/include -mabi=purecap -L/usr/local/lib -L/usr/lib -lmd -lcheri_caprevoke conftest.c -lintl -ldl  >&5
configure:18196: $? = 0
configure:18196: result: yes
configure:18202: checking for sched_setparam
configure:18202: cc -pthread -o conftest -mabi=purecap -I/usr/local/include -I/usr/include -mabi=purecap -L/usr/local/lib -L/usr/lib -lmd -lcheri_caprevoke conftest.c -lintl -ldl  >&5
configure:18202: $? = 0
configure:18202: result: yes
configure:18208: checking for sched_setscheduler
configure:18208: cc -pthread -o conftest -mabi=purecap -I/usr/local/include -I/usr/include -mabi=purecap -L/usr/local/lib -L/usr/lib -lmd -lcheri_caprevoke conftest.c -lintl -ldl  >&5
configure:18208: $? = 0
configure:18208: result: yes
configure:18214: checking for sem_clockwait
configure:18214: cc -pthread -o conftest -mabi=purecap -I/usr/local/include -I/usr/include -mabi=purecap -L/usr/local/lib -L/usr/lib -lmd -lcheri_caprevoke conftest.c -lintl -ldl  >&5
ld: error: undefined symbol: sem_clockwait
>>> referenced by conftest.c
>>>               /tmp/conftest-c6c851.o:(main)
clang-14: error: linker command failed with exit code 1 (use -v to see invocation)
configure:18214: $? = 1
configure: failed program was:
| /* confdefs.h */
| #define _NETBSD_SOURCE 1
| #define __BSD_VISIBLE 1
| #define _DARWIN_C_SOURCE 1
| #define _PYTHONFRAMEWORK ""
| #define _XOPEN_SOURCE 700
| #define _XOPEN_SOURCE_EXTENDED 1
| #define _POSIX_C_SOURCE 200809L
| #define HAVE_STDIO_H 1
| #define HAVE_STDLIB_H 1
| #define HAVE_STRING_H 1
| #define HAVE_INTTYPES_H 1
| #define HAVE_STDINT_H 1
| #define HAVE_STRINGS_H 1
| #define HAVE_SYS_STAT_H 1
| #define HAVE_SYS_TYPES_H 1
| #define HAVE_UNISTD_H 1
| #define HAVE_WCHAR_H 1
| #define STDC_HEADERS 1
| #define _ALL_SOURCE 1
| #define _DARWIN_C_SOURCE 1
| #define _GNU_SOURCE 1
| #define _HPUX_ALT_XOPEN_SOCKET_API 1
| #define _NETBSD_SOURCE 1
| #define _OPENBSD_SOURCE 1
| #define _POSIX_PTHREAD_SEMANTICS 1
| #define __STDC_WANT_IEC_60559_ATTRIBS_EXT__ 1
| #define __STDC_WANT_IEC_60559_BFP_EXT__ 1
| #define __STDC_WANT_IEC_60559_DFP_EXT__ 1
| #define __STDC_WANT_IEC_60559_FUNCS_EXT__ 1
| #define __STDC_WANT_IEC_60559_TYPES_EXT__ 1
| #define __STDC_WANT_LIB_EXT2__ 1
| #define __STDC_WANT_MATH_SPEC_FUNCS__ 1
| #define _TANDEM_SOURCE 1
| #define __EXTENSIONS__ 1
| #define PY_SUPPORT_TIER 0
| #define Py_DEBUG 1
| #define STDC_HEADERS 1
| #define HAVE_BLUETOOTH_H 1
| #define HAVE_DLFCN_H 1
| #define HAVE_ENDIAN_H 1
| #define HAVE_ERRNO_H 1
| #define HAVE_FCNTL_H 1
| #define HAVE_GRP_H 1
| #define HAVE_IEEEFP_H 1
| #define HAVE_LANGINFO_H 1
| #define HAVE_LIBINTL_H 1
| #define HAVE_LIBUTIL_H 1
| #define HAVE_SYS_AUXV_H 1
| #define HAVE_NETDB_H 1
| #define HAVE_NET_ETHERNET_H 1
| #define HAVE_NETINET_IN_H 1
| #define HAVE_POLL_H 1
| #define HAVE_PTHREAD_H 1
| #define HAVE_SCHED_H 1
| #define HAVE_SETJMP_H 1
| #define HAVE_SIGNAL_H 1
| #define HAVE_SPAWN_H 1
| #define HAVE_SYS_ENDIAN_H 1
| #define HAVE_SYS_EVENT_H 1
| #define HAVE_SYS_EVENTFD_H 1
| #define HAVE_SYS_FILE_H 1
| #define HAVE_SYS_IOCTL_H 1
| #define HAVE_SYS_LOCK_H 1
| #define HAVE_SYS_MMAN_H 1
| #define HAVE_SYS_PARAM_H 1
| #define HAVE_SYS_POLL_H 1
| #define HAVE_SYS_RANDOM_H 1
| #define HAVE_SYS_RESOURCE_H 1
| #define HAVE_SYS_SELECT_H 1
| #define HAVE_SYS_SOCKET_H 1
| #define HAVE_SYS_SOUNDCARD_H 1
| #define HAVE_SYS_STAT_H 1
| #define HAVE_SYS_STATVFS_H 1
| #define HAVE_SYS_SYSCALL_H 1
| #define HAVE_SYS_TIME_H 1
| #define HAVE_SYS_TIMES_H 1
| #define HAVE_SYS_TYPES_H 1
| #define HAVE_SYS_UIO_H 1
| #define HAVE_SYS_UN_H 1
| #define HAVE_SYS_UTSNAME_H 1
| #define HAVE_SYS_WAIT_H 1
| #define HAVE_SYSEXITS_H 1
| #define HAVE_SYSLOG_H 1
| #define HAVE_TERMIOS_H 1
| #define HAVE_UTIME_H 1
| #define HAVE_DIRENT_H 1
| #define HAVE_NET_IF_H 1
| #define HAVE_MAKEDEV 1
| #define _LARGEFILE_SOURCE 1
| #define _FILE_OFFSET_BITS 64
| #if defined(SCO_DS)
| #undef _OFF_T
| #endif
| #define RETSIGTYPE void
| #define HAVE_SSIZE_T 1
| #define HAVE_GCC_UINT128_T 1
| #define SIZEOF_INT 4
| #define SIZEOF_LONG 8
| #define ALIGNOF_LONG 8
| #define SIZEOF_LONG_LONG 8
| #define SIZEOF_VOID_P 16
| #define SIZEOF_SHORT 2
| #define SIZEOF_FLOAT 4
| #define SIZEOF_DOUBLE 8
| #define SIZEOF_FPOS_T 8
| #define SIZEOF_SIZE_T 8
| #define ALIGNOF_SIZE_T 8
| #define SIZEOF_PID_T 4
| #define SIZEOF_UINTPTR_T 16
| #define ALIGNOF_MAX_ALIGN_T 16
| #define HAVE_LONG_DOUBLE 1
| #define SIZEOF_LONG_DOUBLE 16
| #define SIZEOF__BOOL 1
| #define SIZEOF_OFF_T 8
| #define SIZEOF_TIME_T 8
| #define SIZEOF_PTHREAD_T 16
| #define SIZEOF_PTHREAD_KEY_T 4
| #define PTHREAD_KEY_T_IS_COMPATIBLE_WITH_INT 1
| #define HAVE_LIBDL 1
| #define HAVE_UUID_H 1
| #define HAVE_UUID_CREATE 1
| #define HAVE_UUID_ENC_BE 1
| #define WITH_LIBINTL 1
| #define HAVE_FFI_PREP_CIF_VAR 1
| #define HAVE_FFI_PREP_CLOSURE_LOC 1
| #define HAVE_FFI_CLOSURE_ALLOC 1
| #define WITH_DECIMAL_CONTEXTVAR 1
| #define HAVE_RPC_RPC_H 1
| #define HAVE_LIBSQLITE3 1
| #define HAVE_LIBSQLITE3 1
| #define HAVE_LIBSQLITE3 1
| #define HAVE_LIBSQLITE3 1
| #define HAVE_LIBSQLITE3 1
| #define HAVE_LIBSQLITE3 1
| #define HAVE_LIBSQLITE3 1
| #define HAVE_LIBSQLITE3 1
| #define HAVE_LIBSQLITE3 1
| #define PY_SQLITE_HAVE_SERIALIZE 1
| #define HAVE_GDBM_H 1
| #define HAVE_NDBM_H 1
| #define HAVE_DB_H 1
| #define PTHREAD_SYSTEM_SCHED_SUPPORTED 1
| #define HAVE_PTHREAD_SIGMASK 1
| #define HAVE_PTHREAD_GETCPUCLOCKID 1
| #define ENABLE_IPV6 1
| #define WITH_DOC_STRINGS 1
| #define WITH_PYMALLOC 1
| #define WITH_FREELISTS 1
| #define PY_COERCE_C_LOCALE 1
| #define HAVE_DLOPEN 1
| #define HAVE_DYNAMIC_LOADING 1
| #define HAVE_ACCEPT4 1
| #define HAVE_ALARM 1
| #define HAVE_BIND_TEXTDOMAIN_CODESET 1
| #define HAVE_CHMOD 1
| #define HAVE_CHOWN 1
| #define HAVE_CLOCK 1
| #define HAVE_CLOSE_RANGE 1
| #define HAVE_CONFSTR 1
| #define HAVE_COPY_FILE_RANGE 1
| #define HAVE_CTERMID 1
| #define HAVE_DUP 1
| #define HAVE_DUP3 1
| #define HAVE_EXECV 1
| #define HAVE_EXPLICIT_BZERO 1
| #define HAVE_FACCESSAT 1
| #define HAVE_FCHMOD 1
| #define HAVE_FCHMODAT 1
| #define HAVE_FCHOWN 1
| #define HAVE_FCHOWNAT 1
| #define HAVE_FDOPENDIR 1
| #define HAVE_FEXECVE 1
| #define HAVE_FORK 1
| #define HAVE_FPATHCONF 1
| #define HAVE_FSTATAT 1
| #define HAVE_FTRUNCATE 1
| #define HAVE_FUTIMENS 1
| #define HAVE_FUTIMES 1
| #define HAVE_FUTIMESAT 1
| #define HAVE_GAI_STRERROR 1
| #define HAVE_GETEGID 1
| #define HAVE_GETENTROPY 1
| #define HAVE_GETEUID 1
| #define HAVE_GETGID 1
| #define HAVE_GETGRGID 1
| #define HAVE_GETGRGID_R 1
| #define HAVE_GETGRNAM_R 1
| #define HAVE_GETGROUPLIST 1
| #define HAVE_GETGROUPS 1
| #define HAVE_GETHOSTNAME 1
| #define HAVE_GETITIMER 1
| #define HAVE_GETLOADAVG 1
| #define HAVE_GETLOGIN 1
| #define HAVE_GETPEERNAME 1
| #define HAVE_GETPGID 1
| #define HAVE_GETPID 1
| #define HAVE_GETPPID 1
| #define HAVE_GETPRIORITY 1
| #define HAVE_GETPWENT 1
| #define HAVE_GETPWNAM_R 1
| #define HAVE_GETPWUID 1
| #define HAVE_GETPWUID_R 1
| #define HAVE_GETRESGID 1
| #define HAVE_GETRESUID 1
| #define HAVE_GETRUSAGE 1
| #define HAVE_GETSID 1
| #define HAVE_GETUID 1
| #define HAVE_GETWD 1
| #define HAVE_IF_NAMEINDEX 1
| #define HAVE_INITGROUPS 1
| #define HAVE_KILL 1
| #define HAVE_KILLPG 1
| #define HAVE_LCHOWN 1
| #define HAVE_LINKAT 1
| #define HAVE_LOCKF 1
| #define HAVE_LSTAT 1
| #define HAVE_LUTIMES 1
| #define HAVE_MADVISE 1
| #define HAVE_MBRTOWC 1
| #define HAVE_MEMRCHR 1
| #define HAVE_MKDIRAT 1
| #define HAVE_MKFIFO 1
| #define HAVE_MKFIFOAT 1
| #define HAVE_MKNOD 1
| #define HAVE_MKNODAT 1
| #define HAVE_MKTIME 1
| #define HAVE_MMAP 1
| #define HAVE_NICE 1
| #define HAVE_OPENAT 1
| #define HAVE_OPENDIR 1
| #define HAVE_PATHCONF 1
| #define HAVE_PAUSE 1
| #define HAVE_PIPE 1
| #define HAVE_PIPE2 1
| #define HAVE_POLL 1
| #define HAVE_POSIX_FADVISE 1
| #define HAVE_POSIX_FALLOCATE 1
| #define HAVE_POSIX_SPAWN 1
| #define HAVE_POSIX_SPAWNP 1
| #define HAVE_PREAD 1
| #define HAVE_PREADV 1
| #define HAVE_PTHREAD_CONDATTR_SETCLOCK 1
| #define HAVE_PTHREAD_KILL 1
| #define HAVE_PWRITE 1
| #define HAVE_PWRITEV 1
| #define HAVE_READLINK 1
| #define HAVE_READLINKAT 1
| #define HAVE_READV 1
| #define HAVE_REALPATH 1
| #define HAVE_RENAMEAT 1
| #define HAVE_SCHED_GET_PRIORITY_MAX 1
| #define HAVE_SCHED_RR_GET_INTERVAL 1
| #define HAVE_SCHED_SETAFFINITY 1
| #define HAVE_SCHED_SETPARAM 1
| #define HAVE_SCHED_SETSCHEDULER 1
| /* end confdefs.h.  */
| /* Define sem_clockwait to an innocuous variant, in case <limits.h> declares sem_clockwait.
|    For example, HP-UX 11i <limits.h> declares gettimeofday.  */
| #define sem_clockwait innocuous_sem_clockwait
| 
| /* System header to define __stub macros and hopefully few prototypes,
|    which can conflict with char sem_clockwait (); below.  */
| 
| #include <limits.h>
| #undef sem_clockwait
| 
| /* Override any GCC internal prototype to avoid an error.
|    Use char because int might match the return type of a GCC
|    builtin and then its argument prototype would still apply.  */
| #ifdef __cplusplus
| extern "C"
| #endif
| char sem_clockwait ();
| /* The GNU C library defines this for functions which it implements
|     to always fail with ENOSYS.  Some functions are actually named
|     something starting with __ and the normal name is an alias.  */
| #if defined __stub_sem_clockwait || defined __stub___sem_clockwait
| choke me
| #endif
| 
| int
| main (void)
| {
| return sem_clockwait ();
|   ;
|   return 0;
| }
configure:18214: result: no
configure:18220: checking for sem_getvalue
configure:18220: cc -pthread -o conftest -mabi=purecap -I/usr/local/include -I/usr/include -mabi=purecap -L/usr/local/lib -L/usr/lib -lmd -lcheri_caprevoke conftest.c -lintl -ldl  >&5
configure:18220: $? = 0
configure:18220: result: yes
configure:18226: checking for sem_open
configure:18226: cc -pthread -o conftest -mabi=purecap -I/usr/local/include -I/usr/include -mabi=purecap -L/usr/local/lib -L/usr/lib -lmd -lcheri_caprevoke conftest.c -lintl -ldl  >&5
configure:18226: $? = 0
configure:18226: result: yes
configure:18232: checking for sem_timedwait
configure:18232: cc -pthread -o conftest -mabi=purecap -I/usr/local/include -I/usr/include -mabi=purecap -L/usr/local/lib -L/usr/lib -lmd -lcheri_caprevoke conftest.c -lintl -ldl  >&5
configure:18232: $? = 0
configure:18232: result: yes
configure:18238: checking for sem_unlink
configure:18238: cc -pthread -o conftest -mabi=purecap -I/usr/local/include -I/usr/include -mabi=purecap -L/usr/local/lib -L/usr/lib -lmd -lcheri_caprevoke conftest.c -lintl -ldl  >&5
configure:18238: $? = 0
configure:18238: result: yes
configure:18244: checking for sendfile
configure:18244: cc -pthread -o conftest -mabi=purecap -I/usr/local/include -I/usr/include -mabi=purecap -L/usr/local/lib -L/usr/lib -lmd -lcheri_caprevoke conftest.c -lintl -ldl  >&5
configure:18244: $? = 0
configure:18244: result: yes
configure:18250: checking for setegid
configure:18250: cc -pthread -o conftest -mabi=purecap -I/usr/local/include -I/usr/include -mabi=purecap -L/usr/local/lib -L/usr/lib -lmd -lcheri_caprevoke conftest.c -lintl -ldl  >&5
configure:18250: $? = 0
configure:18250: result: yes
configure:18256: checking for seteuid
configure:18256: cc -pthread -o conftest -mabi=purecap -I/usr/local/include -I/usr/include -mabi=purecap -L/usr/local/lib -L/usr/lib -lmd -lcheri_caprevoke conftest.c -lintl -ldl  >&5
configure:18256: $? = 0
configure:18256: result: yes
configure:18262: checking for setgid
configure:18262: cc -pthread -o conftest -mabi=purecap -I/usr/local/include -I/usr/include -mabi=purecap -L/usr/local/lib -L/usr/lib -lmd -lcheri_caprevoke conftest.c -lintl -ldl  >&5
configure:18262: $? = 0
configure:18262: result: yes
configure:18268: checking for sethostname
configure:18268: cc -pthread -o conftest -mabi=purecap -I/usr/local/include -I/usr/include -mabi=purecap -L/usr/local/lib -L/usr/lib -lmd -lcheri_caprevoke conftest.c -lintl -ldl  >&5
configure:18268: $? = 0
configure:18268: result: yes
configure:18274: checking for setitimer
configure:18274: cc -pthread -o conftest -mabi=purecap -I/usr/local/include -I/usr/include -mabi=purecap -L/usr/local/lib -L/usr/lib -lmd -lcheri_caprevoke conftest.c -lintl -ldl  >&5
configure:18274: $? = 0
configure:18274: result: yes
configure:18280: checking for setlocale
configure:18280: cc -pthread -o conftest -mabi=purecap -I/usr/local/include -I/usr/include -mabi=purecap -L/usr/local/lib -L/usr/lib -lmd -lcheri_caprevoke conftest.c -lintl -ldl  >&5
configure:18280: $? = 0
configure:18280: result: yes
configure:18286: checking for setpgid
configure:18286: cc -pthread -o conftest -mabi=purecap -I/usr/local/include -I/usr/include -mabi=purecap -L/usr/local/lib -L/usr/lib -lmd -lcheri_caprevoke conftest.c -lintl -ldl  >&5
configure:18286: $? = 0
configure:18286: result: yes
configure:18292: checking for setpgrp
configure:18292: cc -pthread -o conftest -mabi=purecap -I/usr/local/include -I/usr/include -mabi=purecap -L/usr/local/lib -L/usr/lib -lmd -lcheri_caprevoke conftest.c -lintl -ldl  >&5
configure:18292: $? = 0
configure:18292: result: yes
configure:18298: checking for setpriority
configure:18298: cc -pthread -o conftest -mabi=purecap -I/usr/local/include -I/usr/include -mabi=purecap -L/usr/local/lib -L/usr/lib -lmd -lcheri_caprevoke conftest.c -lintl -ldl  >&5
configure:18298: $? = 0
configure:18298: result: yes
configure:18304: checking for setregid
configure:18304: cc -pthread -o conftest -mabi=purecap -I/usr/local/include -I/usr/include -mabi=purecap -L/usr/local/lib -L/usr/lib -lmd -lcheri_caprevoke conftest.c -lintl -ldl  >&5
configure:18304: $? = 0
configure:18304: result: yes
configure:18310: checking for setresgid
configure:18310: cc -pthread -o conftest -mabi=purecap -I/usr/local/include -I/usr/include -mabi=purecap -L/usr/local/lib -L/usr/lib -lmd -lcheri_caprevoke conftest.c -lintl -ldl  >&5
configure:18310: $? = 0
configure:18310: result: yes
configure:18316: checking for setresuid
configure:18316: cc -pthread -o conftest -mabi=purecap -I/usr/local/include -I/usr/include -mabi=purecap -L/usr/local/lib -L/usr/lib -lmd -lcheri_caprevoke conftest.c -lintl -ldl  >&5
configure:18316: $? = 0
configure:18316: result: yes
configure:18322: checking for setreuid
configure:18322: cc -pthread -o conftest -mabi=purecap -I/usr/local/include -I/usr/include -mabi=purecap -L/usr/local/lib -L/usr/lib -lmd -lcheri_caprevoke conftest.c -lintl -ldl  >&5
configure:18322: $? = 0
configure:18322: result: yes
configure:18328: checking for setsid
configure:18328: cc -pthread -o conftest -mabi=purecap -I/usr/local/include -I/usr/include -mabi=purecap -L/usr/local/lib -L/usr/lib -lmd -lcheri_caprevoke conftest.c -lintl -ldl  >&5
configure:18328: $? = 0
configure:18328: result: yes
configure:18334: checking for setuid
configure:18334: cc -pthread -o conftest -mabi=purecap -I/usr/local/include -I/usr/include -mabi=purecap -L/usr/local/lib -L/usr/lib -lmd -lcheri_caprevoke conftest.c -lintl -ldl  >&5
configure:18334: $? = 0
configure:18334: result: yes
configure:18340: checking for setvbuf
configure:18340: cc -pthread -o conftest -mabi=purecap -I/usr/local/include -I/usr/include -mabi=purecap -L/usr/local/lib -L/usr/lib -lmd -lcheri_caprevoke conftest.c -lintl -ldl  >&5
configure:18340: $? = 0
configure:18340: result: yes
configure:18346: checking for shutdown
configure:18346: cc -pthread -o conftest -mabi=purecap -I/usr/local/include -I/usr/include -mabi=purecap -L/usr/local/lib -L/usr/lib -lmd -lcheri_caprevoke conftest.c -lintl -ldl  >&5
configure:18346: $? = 0
configure:18346: result: yes
configure:18352: checking for sigaction
configure:18352: cc -pthread -o conftest -mabi=purecap -I/usr/local/include -I/usr/include -mabi=purecap -L/usr/local/lib -L/usr/lib -lmd -lcheri_caprevoke conftest.c -lintl -ldl  >&5
configure:18352: $? = 0
configure:18352: result: yes
configure:18358: checking for sigaltstack
configure:18358: cc -pthread -o conftest -mabi=purecap -I/usr/local/include -I/usr/include -mabi=purecap -L/usr/local/lib -L/usr/lib -lmd -lcheri_caprevoke conftest.c -lintl -ldl  >&5
configure:18358: $? = 0
configure:18358: result: yes
configure:18364: checking for sigfillset
configure:18364: cc -pthread -o conftest -mabi=purecap -I/usr/local/include -I/usr/include -mabi=purecap -L/usr/local/lib -L/usr/lib -lmd -lcheri_caprevoke conftest.c -lintl -ldl  >&5
configure:18364: $? = 0
configure:18364: result: yes
configure:18370: checking for siginterrupt
configure:18370: cc -pthread -o conftest -mabi=purecap -I/usr/local/include -I/usr/include -mabi=purecap -L/usr/local/lib -L/usr/lib -lmd -lcheri_caprevoke conftest.c -lintl -ldl  >&5
configure:18370: $? = 0
configure:18370: result: yes
configure:18376: checking for sigpending
configure:18376: cc -pthread -o conftest -mabi=purecap -I/usr/local/include -I/usr/include -mabi=purecap -L/usr/local/lib -L/usr/lib -lmd -lcheri_caprevoke conftest.c -lintl -ldl  >&5
configure:18376: $? = 0
configure:18376: result: yes
configure:18382: checking for sigrelse
configure:18382: cc -pthread -o conftest -mabi=purecap -I/usr/local/include -I/usr/include -mabi=purecap -L/usr/local/lib -L/usr/lib -lmd -lcheri_caprevoke conftest.c -lintl -ldl  >&5
configure:18382: $? = 0
configure:18382: result: yes
configure:18388: checking for sigtimedwait
configure:18388: cc -pthread -o conftest -mabi=purecap -I/usr/local/include -I/usr/include -mabi=purecap -L/usr/local/lib -L/usr/lib -lmd -lcheri_caprevoke conftest.c -lintl -ldl  >&5
configure:18388: $? = 0
configure:18388: result: yes
configure:18394: checking for sigwait
configure:18394: cc -pthread -o conftest -mabi=purecap -I/usr/local/include -I/usr/include -mabi=purecap -L/usr/local/lib -L/usr/lib -lmd -lcheri_caprevoke conftest.c -lintl -ldl  >&5
configure:18394: $? = 0
configure:18394: result: yes
configure:18400: checking for sigwaitinfo
configure:18400: cc -pthread -o conftest -mabi=purecap -I/usr/local/include -I/usr/include -mabi=purecap -L/usr/local/lib -L/usr/lib -lmd -lcheri_caprevoke conftest.c -lintl -ldl  >&5
configure:18400: $? = 0
configure:18400: result: yes
configure:18406: checking for snprintf
configure:18406: cc -pthread -o conftest -mabi=purecap -I/usr/local/include -I/usr/include -mabi=purecap -L/usr/local/lib -L/usr/lib -lmd -lcheri_caprevoke conftest.c -lintl -ldl  >&5
conftest.c:305:6: warning: incompatible redeclaration of library function 'snprintf' [-Wincompatible-library-redeclaration]
char snprintf ();
     ^
conftest.c:305:6: note: 'snprintf' is a builtin with type 'int (char *, unsigned long, const char *, ...)'
1 warning generated.
configure:18406: $? = 0
configure:18406: result: yes
configure:18412: checking for splice
configure:18412: cc -pthread -o conftest -mabi=purecap -I/usr/local/include -I/usr/include -mabi=purecap -L/usr/local/lib -L/usr/lib -lmd -lcheri_caprevoke conftest.c -lintl -ldl  >&5
ld: error: undefined symbol: splice
>>> referenced by conftest.c
>>>               /tmp/conftest-932757.o:(main)
clang-14: error: linker command failed with exit code 1 (use -v to see invocation)
configure:18412: $? = 1
configure: failed program was:
| /* confdefs.h */
| #define _NETBSD_SOURCE 1
| #define __BSD_VISIBLE 1
| #define _DARWIN_C_SOURCE 1
| #define _PYTHONFRAMEWORK ""
| #define _XOPEN_SOURCE 700
| #define _XOPEN_SOURCE_EXTENDED 1
| #define _POSIX_C_SOURCE 200809L
| #define HAVE_STDIO_H 1
| #define HAVE_STDLIB_H 1
| #define HAVE_STRING_H 1
| #define HAVE_INTTYPES_H 1
| #define HAVE_STDINT_H 1
| #define HAVE_STRINGS_H 1
| #define HAVE_SYS_STAT_H 1
| #define HAVE_SYS_TYPES_H 1
| #define HAVE_UNISTD_H 1
| #define HAVE_WCHAR_H 1
| #define STDC_HEADERS 1
| #define _ALL_SOURCE 1
| #define _DARWIN_C_SOURCE 1
| #define _GNU_SOURCE 1
| #define _HPUX_ALT_XOPEN_SOCKET_API 1
| #define _NETBSD_SOURCE 1
| #define _OPENBSD_SOURCE 1
| #define _POSIX_PTHREAD_SEMANTICS 1
| #define __STDC_WANT_IEC_60559_ATTRIBS_EXT__ 1
| #define __STDC_WANT_IEC_60559_BFP_EXT__ 1
| #define __STDC_WANT_IEC_60559_DFP_EXT__ 1
| #define __STDC_WANT_IEC_60559_FUNCS_EXT__ 1
| #define __STDC_WANT_IEC_60559_TYPES_EXT__ 1
| #define __STDC_WANT_LIB_EXT2__ 1
| #define __STDC_WANT_MATH_SPEC_FUNCS__ 1
| #define _TANDEM_SOURCE 1
| #define __EXTENSIONS__ 1
| #define PY_SUPPORT_TIER 0
| #define Py_DEBUG 1
| #define STDC_HEADERS 1
| #define HAVE_BLUETOOTH_H 1
| #define HAVE_DLFCN_H 1
| #define HAVE_ENDIAN_H 1
| #define HAVE_ERRNO_H 1
| #define HAVE_FCNTL_H 1
| #define HAVE_GRP_H 1
| #define HAVE_IEEEFP_H 1
| #define HAVE_LANGINFO_H 1
| #define HAVE_LIBINTL_H 1
| #define HAVE_LIBUTIL_H 1
| #define HAVE_SYS_AUXV_H 1
| #define HAVE_NETDB_H 1
| #define HAVE_NET_ETHERNET_H 1
| #define HAVE_NETINET_IN_H 1
| #define HAVE_POLL_H 1
| #define HAVE_PTHREAD_H 1
| #define HAVE_SCHED_H 1
| #define HAVE_SETJMP_H 1
| #define HAVE_SIGNAL_H 1
| #define HAVE_SPAWN_H 1
| #define HAVE_SYS_ENDIAN_H 1
| #define HAVE_SYS_EVENT_H 1
| #define HAVE_SYS_EVENTFD_H 1
| #define HAVE_SYS_FILE_H 1
| #define HAVE_SYS_IOCTL_H 1
| #define HAVE_SYS_LOCK_H 1
| #define HAVE_SYS_MMAN_H 1
| #define HAVE_SYS_PARAM_H 1
| #define HAVE_SYS_POLL_H 1
| #define HAVE_SYS_RANDOM_H 1
| #define HAVE_SYS_RESOURCE_H 1
| #define HAVE_SYS_SELECT_H 1
| #define HAVE_SYS_SOCKET_H 1
| #define HAVE_SYS_SOUNDCARD_H 1
| #define HAVE_SYS_STAT_H 1
| #define HAVE_SYS_STATVFS_H 1
| #define HAVE_SYS_SYSCALL_H 1
| #define HAVE_SYS_TIME_H 1
| #define HAVE_SYS_TIMES_H 1
| #define HAVE_SYS_TYPES_H 1
| #define HAVE_SYS_UIO_H 1
| #define HAVE_SYS_UN_H 1
| #define HAVE_SYS_UTSNAME_H 1
| #define HAVE_SYS_WAIT_H 1
| #define HAVE_SYSEXITS_H 1
| #define HAVE_SYSLOG_H 1
| #define HAVE_TERMIOS_H 1
| #define HAVE_UTIME_H 1
| #define HAVE_DIRENT_H 1
| #define HAVE_NET_IF_H 1
| #define HAVE_MAKEDEV 1
| #define _LARGEFILE_SOURCE 1
| #define _FILE_OFFSET_BITS 64
| #if defined(SCO_DS)
| #undef _OFF_T
| #endif
| #define RETSIGTYPE void
| #define HAVE_SSIZE_T 1
| #define HAVE_GCC_UINT128_T 1
| #define SIZEOF_INT 4
| #define SIZEOF_LONG 8
| #define ALIGNOF_LONG 8
| #define SIZEOF_LONG_LONG 8
| #define SIZEOF_VOID_P 16
| #define SIZEOF_SHORT 2
| #define SIZEOF_FLOAT 4
| #define SIZEOF_DOUBLE 8
| #define SIZEOF_FPOS_T 8
| #define SIZEOF_SIZE_T 8
| #define ALIGNOF_SIZE_T 8
| #define SIZEOF_PID_T 4
| #define SIZEOF_UINTPTR_T 16
| #define ALIGNOF_MAX_ALIGN_T 16
| #define HAVE_LONG_DOUBLE 1
| #define SIZEOF_LONG_DOUBLE 16
| #define SIZEOF__BOOL 1
| #define SIZEOF_OFF_T 8
| #define SIZEOF_TIME_T 8
| #define SIZEOF_PTHREAD_T 16
| #define SIZEOF_PTHREAD_KEY_T 4
| #define PTHREAD_KEY_T_IS_COMPATIBLE_WITH_INT 1
| #define HAVE_LIBDL 1
| #define HAVE_UUID_H 1
| #define HAVE_UUID_CREATE 1
| #define HAVE_UUID_ENC_BE 1
| #define WITH_LIBINTL 1
| #define HAVE_FFI_PREP_CIF_VAR 1
| #define HAVE_FFI_PREP_CLOSURE_LOC 1
| #define HAVE_FFI_CLOSURE_ALLOC 1
| #define WITH_DECIMAL_CONTEXTVAR 1
| #define HAVE_RPC_RPC_H 1
| #define HAVE_LIBSQLITE3 1
| #define HAVE_LIBSQLITE3 1
| #define HAVE_LIBSQLITE3 1
| #define HAVE_LIBSQLITE3 1
| #define HAVE_LIBSQLITE3 1
| #define HAVE_LIBSQLITE3 1
| #define HAVE_LIBSQLITE3 1
| #define HAVE_LIBSQLITE3 1
| #define HAVE_LIBSQLITE3 1
| #define PY_SQLITE_HAVE_SERIALIZE 1
| #define HAVE_GDBM_H 1
| #define HAVE_NDBM_H 1
| #define HAVE_DB_H 1
| #define PTHREAD_SYSTEM_SCHED_SUPPORTED 1
| #define HAVE_PTHREAD_SIGMASK 1
| #define HAVE_PTHREAD_GETCPUCLOCKID 1
| #define ENABLE_IPV6 1
| #define WITH_DOC_STRINGS 1
| #define WITH_PYMALLOC 1
| #define WITH_FREELISTS 1
| #define PY_COERCE_C_LOCALE 1
| #define HAVE_DLOPEN 1
| #define HAVE_DYNAMIC_LOADING 1
| #define HAVE_ACCEPT4 1
| #define HAVE_ALARM 1
| #define HAVE_BIND_TEXTDOMAIN_CODESET 1
| #define HAVE_CHMOD 1
| #define HAVE_CHOWN 1
| #define HAVE_CLOCK 1
| #define HAVE_CLOSE_RANGE 1
| #define HAVE_CONFSTR 1
| #define HAVE_COPY_FILE_RANGE 1
| #define HAVE_CTERMID 1
| #define HAVE_DUP 1
| #define HAVE_DUP3 1
| #define HAVE_EXECV 1
| #define HAVE_EXPLICIT_BZERO 1
| #define HAVE_FACCESSAT 1
| #define HAVE_FCHMOD 1
| #define HAVE_FCHMODAT 1
| #define HAVE_FCHOWN 1
| #define HAVE_FCHOWNAT 1
| #define HAVE_FDOPENDIR 1
| #define HAVE_FEXECVE 1
| #define HAVE_FORK 1
| #define HAVE_FPATHCONF 1
| #define HAVE_FSTATAT 1
| #define HAVE_FTRUNCATE 1
| #define HAVE_FUTIMENS 1
| #define HAVE_FUTIMES 1
| #define HAVE_FUTIMESAT 1
| #define HAVE_GAI_STRERROR 1
| #define HAVE_GETEGID 1
| #define HAVE_GETENTROPY 1
| #define HAVE_GETEUID 1
| #define HAVE_GETGID 1
| #define HAVE_GETGRGID 1
| #define HAVE_GETGRGID_R 1
| #define HAVE_GETGRNAM_R 1
| #define HAVE_GETGROUPLIST 1
| #define HAVE_GETGROUPS 1
| #define HAVE_GETHOSTNAME 1
| #define HAVE_GETITIMER 1
| #define HAVE_GETLOADAVG 1
| #define HAVE_GETLOGIN 1
| #define HAVE_GETPEERNAME 1
| #define HAVE_GETPGID 1
| #define HAVE_GETPID 1
| #define HAVE_GETPPID 1
| #define HAVE_GETPRIORITY 1
| #define HAVE_GETPWENT 1
| #define HAVE_GETPWNAM_R 1
| #define HAVE_GETPWUID 1
| #define HAVE_GETPWUID_R 1
| #define HAVE_GETRESGID 1
| #define HAVE_GETRESUID 1
| #define HAVE_GETRUSAGE 1
| #define HAVE_GETSID 1
| #define HAVE_GETUID 1
| #define HAVE_GETWD 1
| #define HAVE_IF_NAMEINDEX 1
| #define HAVE_INITGROUPS 1
| #define HAVE_KILL 1
| #define HAVE_KILLPG 1
| #define HAVE_LCHOWN 1
| #define HAVE_LINKAT 1
| #define HAVE_LOCKF 1
| #define HAVE_LSTAT 1
| #define HAVE_LUTIMES 1
| #define HAVE_MADVISE 1
| #define HAVE_MBRTOWC 1
| #define HAVE_MEMRCHR 1
| #define HAVE_MKDIRAT 1
| #define HAVE_MKFIFO 1
| #define HAVE_MKFIFOAT 1
| #define HAVE_MKNOD 1
| #define HAVE_MKNODAT 1
| #define HAVE_MKTIME 1
| #define HAVE_MMAP 1
| #define HAVE_NICE 1
| #define HAVE_OPENAT 1
| #define HAVE_OPENDIR 1
| #define HAVE_PATHCONF 1
| #define HAVE_PAUSE 1
| #define HAVE_PIPE 1
| #define HAVE_PIPE2 1
| #define HAVE_POLL 1
| #define HAVE_POSIX_FADVISE 1
| #define HAVE_POSIX_FALLOCATE 1
| #define HAVE_POSIX_SPAWN 1
| #define HAVE_POSIX_SPAWNP 1
| #define HAVE_PREAD 1
| #define HAVE_PREADV 1
| #define HAVE_PTHREAD_CONDATTR_SETCLOCK 1
| #define HAVE_PTHREAD_KILL 1
| #define HAVE_PWRITE 1
| #define HAVE_PWRITEV 1
| #define HAVE_READLINK 1
| #define HAVE_READLINKAT 1
| #define HAVE_READV 1
| #define HAVE_REALPATH 1
| #define HAVE_RENAMEAT 1
| #define HAVE_SCHED_GET_PRIORITY_MAX 1
| #define HAVE_SCHED_RR_GET_INTERVAL 1
| #define HAVE_SCHED_SETAFFINITY 1
| #define HAVE_SCHED_SETPARAM 1
| #define HAVE_SCHED_SETSCHEDULER 1
| #define HAVE_SEM_GETVALUE 1
| #define HAVE_SEM_OPEN 1
| #define HAVE_SEM_TIMEDWAIT 1
| #define HAVE_SEM_UNLINK 1
| #define HAVE_SENDFILE 1
| #define HAVE_SETEGID 1
| #define HAVE_SETEUID 1
| #define HAVE_SETGID 1
| #define HAVE_SETHOSTNAME 1
| #define HAVE_SETITIMER 1
| #define HAVE_SETLOCALE 1
| #define HAVE_SETPGID 1
| #define HAVE_SETPGRP 1
| #define HAVE_SETPRIORITY 1
| #define HAVE_SETREGID 1
| #define HAVE_SETRESGID 1
| #define HAVE_SETRESUID 1
| #define HAVE_SETREUID 1
| #define HAVE_SETSID 1
| #define HAVE_SETUID 1
| #define HAVE_SETVBUF 1
| #define HAVE_SHUTDOWN 1
| #define HAVE_SIGACTION 1
| #define HAVE_SIGALTSTACK 1
| #define HAVE_SIGFILLSET 1
| #define HAVE_SIGINTERRUPT 1
| #define HAVE_SIGPENDING 1
| #define HAVE_SIGRELSE 1
| #define HAVE_SIGTIMEDWAIT 1
| #define HAVE_SIGWAIT 1
| #define HAVE_SIGWAITINFO 1
| #define HAVE_SNPRINTF 1
| /* end confdefs.h.  */
| /* Define splice to an innocuous variant, in case <limits.h> declares splice.
|    For example, HP-UX 11i <limits.h> declares gettimeofday.  */
| #define splice innocuous_splice
| 
| /* System header to define __stub macros and hopefully few prototypes,
|    which can conflict with char splice (); below.  */
| 
| #include <limits.h>
| #undef splice
| 
| /* Override any GCC internal prototype to avoid an error.
|    Use char because int might match the return type of a GCC
|    builtin and then its argument prototype would still apply.  */
| #ifdef __cplusplus
| extern "C"
| #endif
| char splice ();
| /* The GNU C library defines this for functions which it implements
|     to always fail with ENOSYS.  Some functions are actually named
|     something starting with __ and the normal name is an alias.  */
| #if defined __stub_splice || defined __stub___splice
| choke me
| #endif
| 
| int
| main (void)
| {
| return splice ();
|   ;
|   return 0;
| }
configure:18412: result: no
configure:18418: checking for strftime
configure:18418: cc -pthread -o conftest -mabi=purecap -I/usr/local/include -I/usr/include -mabi=purecap -L/usr/local/lib -L/usr/lib -lmd -lcheri_caprevoke conftest.c -lintl -ldl  >&5
configure:18418: $? = 0
configure:18418: result: yes
configure:18424: checking for strlcpy
configure:18424: cc -pthread -o conftest -mabi=purecap -I/usr/local/include -I/usr/include -mabi=purecap -L/usr/local/lib -L/usr/lib -lmd -lcheri_caprevoke conftest.c -lintl -ldl  >&5
conftest.c:307:6: warning: incompatible redeclaration of library function 'strlcpy' [-Wincompatible-library-redeclaration]
char strlcpy ();
     ^
conftest.c:307:6: note: 'strlcpy' is a builtin with type 'unsigned long (char *, const char *, unsigned long)'
1 warning generated.
configure:18424: $? = 0
configure:18424: result: yes
configure:18430: checking for strsignal
configure:18430: cc -pthread -o conftest -mabi=purecap -I/usr/local/include -I/usr/include -mabi=purecap -L/usr/local/lib -L/usr/lib -lmd -lcheri_caprevoke conftest.c -lintl -ldl  >&5
configure:18430: $? = 0
configure:18430: result: yes
configure:18436: checking for symlinkat
configure:18436: cc -pthread -o conftest -mabi=purecap -I/usr/local/include -I/usr/include -mabi=purecap -L/usr/local/lib -L/usr/lib -lmd -lcheri_caprevoke conftest.c -lintl -ldl  >&5
configure:18436: $? = 0
configure:18436: result: yes
configure:18442: checking for sync
configure:18442: cc -pthread -o conftest -mabi=purecap -I/usr/local/include -I/usr/include -mabi=purecap -L/usr/local/lib -L/usr/lib -lmd -lcheri_caprevoke conftest.c -lintl -ldl  >&5
configure:18442: $? = 0
configure:18442: result: yes
configure:18448: checking for sysconf
configure:18448: cc -pthread -o conftest -mabi=purecap -I/usr/local/include -I/usr/include -mabi=purecap -L/usr/local/lib -L/usr/lib -lmd -lcheri_caprevoke conftest.c -lintl -ldl  >&5
configure:18448: $? = 0
configure:18448: result: yes
configure:18454: checking for system
configure:18454: cc -pthread -o conftest -mabi=purecap -I/usr/local/include -I/usr/include -mabi=purecap -L/usr/local/lib -L/usr/lib -lmd -lcheri_caprevoke conftest.c -lintl -ldl  >&5
configure:18454: $? = 0
configure:18454: result: yes
configure:18460: checking for tcgetpgrp
configure:18460: cc -pthread -o conftest -mabi=purecap -I/usr/local/include -I/usr/include -mabi=purecap -L/usr/local/lib -L/usr/lib -lmd -lcheri_caprevoke conftest.c -lintl -ldl  >&5
configure:18460: $? = 0
configure:18460: result: yes
configure:18466: checking for tcsetpgrp
configure:18466: cc -pthread -o conftest -mabi=purecap -I/usr/local/include -I/usr/include -mabi=purecap -L/usr/local/lib -L/usr/lib -lmd -lcheri_caprevoke conftest.c -lintl -ldl  >&5
configure:18466: $? = 0
configure:18466: result: yes
configure:18472: checking for tempnam
configure:18472: cc -pthread -o conftest -mabi=purecap -I/usr/local/include -I/usr/include -mabi=purecap -L/usr/local/lib -L/usr/lib -lmd -lcheri_caprevoke conftest.c -lintl -ldl  >&5
configure:18472: $? = 0
configure:18472: result: yes
configure:18478: checking for timegm
configure:18478: cc -pthread -o conftest -mabi=purecap -I/usr/local/include -I/usr/include -mabi=purecap -L/usr/local/lib -L/usr/lib -lmd -lcheri_caprevoke conftest.c -lintl -ldl  >&5
configure:18478: $? = 0
configure:18478: result: yes
configure:18484: checking for times
configure:18484: cc -pthread -o conftest -mabi=purecap -I/usr/local/include -I/usr/include -mabi=purecap -L/usr/local/lib -L/usr/lib -lmd -lcheri_caprevoke conftest.c -lintl -ldl  >&5
configure:18484: $? = 0
configure:18484: result: yes
configure:18490: checking for tmpfile
configure:18490: cc -pthread -o conftest -mabi=purecap -I/usr/local/include -I/usr/include -mabi=purecap -L/usr/local/lib -L/usr/lib -lmd -lcheri_caprevoke conftest.c -lintl -ldl  >&5
configure:18490: $? = 0
configure:18490: result: yes
configure:18496: checking for tmpnam
configure:18496: cc -pthread -o conftest -mabi=purecap -I/usr/local/include -I/usr/include -mabi=purecap -L/usr/local/lib -L/usr/lib -lmd -lcheri_caprevoke conftest.c -lintl -ldl  >&5
configure:18496: $? = 0
configure:18496: result: yes
configure:18502: checking for tmpnam_r
configure:18502: cc -pthread -o conftest -mabi=purecap -I/usr/local/include -I/usr/include -mabi=purecap -L/usr/local/lib -L/usr/lib -lmd -lcheri_caprevoke conftest.c -lintl -ldl  >&5
ld: error: undefined symbol: tmpnam_r
>>> referenced by conftest.c
>>>               /tmp/conftest-7d79fd.o:(main)
clang-14: error: linker command failed with exit code 1 (use -v to see invocation)
configure:18502: $? = 1
configure: failed program was:
| /* confdefs.h */
| #define _NETBSD_SOURCE 1
| #define __BSD_VISIBLE 1
| #define _DARWIN_C_SOURCE 1
| #define _PYTHONFRAMEWORK ""
| #define _XOPEN_SOURCE 700
| #define _XOPEN_SOURCE_EXTENDED 1
| #define _POSIX_C_SOURCE 200809L
| #define HAVE_STDIO_H 1
| #define HAVE_STDLIB_H 1
| #define HAVE_STRING_H 1
| #define HAVE_INTTYPES_H 1
| #define HAVE_STDINT_H 1
| #define HAVE_STRINGS_H 1
| #define HAVE_SYS_STAT_H 1
| #define HAVE_SYS_TYPES_H 1
| #define HAVE_UNISTD_H 1
| #define HAVE_WCHAR_H 1
| #define STDC_HEADERS 1
| #define _ALL_SOURCE 1
| #define _DARWIN_C_SOURCE 1
| #define _GNU_SOURCE 1
| #define _HPUX_ALT_XOPEN_SOCKET_API 1
| #define _NETBSD_SOURCE 1
| #define _OPENBSD_SOURCE 1
| #define _POSIX_PTHREAD_SEMANTICS 1
| #define __STDC_WANT_IEC_60559_ATTRIBS_EXT__ 1
| #define __STDC_WANT_IEC_60559_BFP_EXT__ 1
| #define __STDC_WANT_IEC_60559_DFP_EXT__ 1
| #define __STDC_WANT_IEC_60559_FUNCS_EXT__ 1
| #define __STDC_WANT_IEC_60559_TYPES_EXT__ 1
| #define __STDC_WANT_LIB_EXT2__ 1
| #define __STDC_WANT_MATH_SPEC_FUNCS__ 1
| #define _TANDEM_SOURCE 1
| #define __EXTENSIONS__ 1
| #define PY_SUPPORT_TIER 0
| #define Py_DEBUG 1
| #define STDC_HEADERS 1
| #define HAVE_BLUETOOTH_H 1
| #define HAVE_DLFCN_H 1
| #define HAVE_ENDIAN_H 1
| #define HAVE_ERRNO_H 1
| #define HAVE_FCNTL_H 1
| #define HAVE_GRP_H 1
| #define HAVE_IEEEFP_H 1
| #define HAVE_LANGINFO_H 1
| #define HAVE_LIBINTL_H 1
| #define HAVE_LIBUTIL_H 1
| #define HAVE_SYS_AUXV_H 1
| #define HAVE_NETDB_H 1
| #define HAVE_NET_ETHERNET_H 1
| #define HAVE_NETINET_IN_H 1
| #define HAVE_POLL_H 1
| #define HAVE_PTHREAD_H 1
| #define HAVE_SCHED_H 1
| #define HAVE_SETJMP_H 1
| #define HAVE_SIGNAL_H 1
| #define HAVE_SPAWN_H 1
| #define HAVE_SYS_ENDIAN_H 1
| #define HAVE_SYS_EVENT_H 1
| #define HAVE_SYS_EVENTFD_H 1
| #define HAVE_SYS_FILE_H 1
| #define HAVE_SYS_IOCTL_H 1
| #define HAVE_SYS_LOCK_H 1
| #define HAVE_SYS_MMAN_H 1
| #define HAVE_SYS_PARAM_H 1
| #define HAVE_SYS_POLL_H 1
| #define HAVE_SYS_RANDOM_H 1
| #define HAVE_SYS_RESOURCE_H 1
| #define HAVE_SYS_SELECT_H 1
| #define HAVE_SYS_SOCKET_H 1
| #define HAVE_SYS_SOUNDCARD_H 1
| #define HAVE_SYS_STAT_H 1
| #define HAVE_SYS_STATVFS_H 1
| #define HAVE_SYS_SYSCALL_H 1
| #define HAVE_SYS_TIME_H 1
| #define HAVE_SYS_TIMES_H 1
| #define HAVE_SYS_TYPES_H 1
| #define HAVE_SYS_UIO_H 1
| #define HAVE_SYS_UN_H 1
| #define HAVE_SYS_UTSNAME_H 1
| #define HAVE_SYS_WAIT_H 1
| #define HAVE_SYSEXITS_H 1
| #define HAVE_SYSLOG_H 1
| #define HAVE_TERMIOS_H 1
| #define HAVE_UTIME_H 1
| #define HAVE_DIRENT_H 1
| #define HAVE_NET_IF_H 1
| #define HAVE_MAKEDEV 1
| #define _LARGEFILE_SOURCE 1
| #define _FILE_OFFSET_BITS 64
| #if defined(SCO_DS)
| #undef _OFF_T
| #endif
| #define RETSIGTYPE void
| #define HAVE_SSIZE_T 1
| #define HAVE_GCC_UINT128_T 1
| #define SIZEOF_INT 4
| #define SIZEOF_LONG 8
| #define ALIGNOF_LONG 8
| #define SIZEOF_LONG_LONG 8
| #define SIZEOF_VOID_P 16
| #define SIZEOF_SHORT 2
| #define SIZEOF_FLOAT 4
| #define SIZEOF_DOUBLE 8
| #define SIZEOF_FPOS_T 8
| #define SIZEOF_SIZE_T 8
| #define ALIGNOF_SIZE_T 8
| #define SIZEOF_PID_T 4
| #define SIZEOF_UINTPTR_T 16
| #define ALIGNOF_MAX_ALIGN_T 16
| #define HAVE_LONG_DOUBLE 1
| #define SIZEOF_LONG_DOUBLE 16
| #define SIZEOF__BOOL 1
| #define SIZEOF_OFF_T 8
| #define SIZEOF_TIME_T 8
| #define SIZEOF_PTHREAD_T 16
| #define SIZEOF_PTHREAD_KEY_T 4
| #define PTHREAD_KEY_T_IS_COMPATIBLE_WITH_INT 1
| #define HAVE_LIBDL 1
| #define HAVE_UUID_H 1
| #define HAVE_UUID_CREATE 1
| #define HAVE_UUID_ENC_BE 1
| #define WITH_LIBINTL 1
| #define HAVE_FFI_PREP_CIF_VAR 1
| #define HAVE_FFI_PREP_CLOSURE_LOC 1
| #define HAVE_FFI_CLOSURE_ALLOC 1
| #define WITH_DECIMAL_CONTEXTVAR 1
| #define HAVE_RPC_RPC_H 1
| #define HAVE_LIBSQLITE3 1
| #define HAVE_LIBSQLITE3 1
| #define HAVE_LIBSQLITE3 1
| #define HAVE_LIBSQLITE3 1
| #define HAVE_LIBSQLITE3 1
| #define HAVE_LIBSQLITE3 1
| #define HAVE_LIBSQLITE3 1
| #define HAVE_LIBSQLITE3 1
| #define HAVE_LIBSQLITE3 1
| #define PY_SQLITE_HAVE_SERIALIZE 1
| #define HAVE_GDBM_H 1
| #define HAVE_NDBM_H 1
| #define HAVE_DB_H 1
| #define PTHREAD_SYSTEM_SCHED_SUPPORTED 1
| #define HAVE_PTHREAD_SIGMASK 1
| #define HAVE_PTHREAD_GETCPUCLOCKID 1
| #define ENABLE_IPV6 1
| #define WITH_DOC_STRINGS 1
| #define WITH_PYMALLOC 1
| #define WITH_FREELISTS 1
| #define PY_COERCE_C_LOCALE 1
| #define HAVE_DLOPEN 1
| #define HAVE_DYNAMIC_LOADING 1
| #define HAVE_ACCEPT4 1
| #define HAVE_ALARM 1
| #define HAVE_BIND_TEXTDOMAIN_CODESET 1
| #define HAVE_CHMOD 1
| #define HAVE_CHOWN 1
| #define HAVE_CLOCK 1
| #define HAVE_CLOSE_RANGE 1
| #define HAVE_CONFSTR 1
| #define HAVE_COPY_FILE_RANGE 1
| #define HAVE_CTERMID 1
| #define HAVE_DUP 1
| #define HAVE_DUP3 1
| #define HAVE_EXECV 1
| #define HAVE_EXPLICIT_BZERO 1
| #define HAVE_FACCESSAT 1
| #define HAVE_FCHMOD 1
| #define HAVE_FCHMODAT 1
| #define HAVE_FCHOWN 1
| #define HAVE_FCHOWNAT 1
| #define HAVE_FDOPENDIR 1
| #define HAVE_FEXECVE 1
| #define HAVE_FORK 1
| #define HAVE_FPATHCONF 1
| #define HAVE_FSTATAT 1
| #define HAVE_FTRUNCATE 1
| #define HAVE_FUTIMENS 1
| #define HAVE_FUTIMES 1
| #define HAVE_FUTIMESAT 1
| #define HAVE_GAI_STRERROR 1
| #define HAVE_GETEGID 1
| #define HAVE_GETENTROPY 1
| #define HAVE_GETEUID 1
| #define HAVE_GETGID 1
| #define HAVE_GETGRGID 1
| #define HAVE_GETGRGID_R 1
| #define HAVE_GETGRNAM_R 1
| #define HAVE_GETGROUPLIST 1
| #define HAVE_GETGROUPS 1
| #define HAVE_GETHOSTNAME 1
| #define HAVE_GETITIMER 1
| #define HAVE_GETLOADAVG 1
| #define HAVE_GETLOGIN 1
| #define HAVE_GETPEERNAME 1
| #define HAVE_GETPGID 1
| #define HAVE_GETPID 1
| #define HAVE_GETPPID 1
| #define HAVE_GETPRIORITY 1
| #define HAVE_GETPWENT 1
| #define HAVE_GETPWNAM_R 1
| #define HAVE_GETPWUID 1
| #define HAVE_GETPWUID_R 1
| #define HAVE_GETRESGID 1
| #define HAVE_GETRESUID 1
| #define HAVE_GETRUSAGE 1
| #define HAVE_GETSID 1
| #define HAVE_GETUID 1
| #define HAVE_GETWD 1
| #define HAVE_IF_NAMEINDEX 1
| #define HAVE_INITGROUPS 1
| #define HAVE_KILL 1
| #define HAVE_KILLPG 1
| #define HAVE_LCHOWN 1
| #define HAVE_LINKAT 1
| #define HAVE_LOCKF 1
| #define HAVE_LSTAT 1
| #define HAVE_LUTIMES 1
| #define HAVE_MADVISE 1
| #define HAVE_MBRTOWC 1
| #define HAVE_MEMRCHR 1
| #define HAVE_MKDIRAT 1
| #define HAVE_MKFIFO 1
| #define HAVE_MKFIFOAT 1
| #define HAVE_MKNOD 1
| #define HAVE_MKNODAT 1
| #define HAVE_MKTIME 1
| #define HAVE_MMAP 1
| #define HAVE_NICE 1
| #define HAVE_OPENAT 1
| #define HAVE_OPENDIR 1
| #define HAVE_PATHCONF 1
| #define HAVE_PAUSE 1
| #define HAVE_PIPE 1
| #define HAVE_PIPE2 1
| #define HAVE_POLL 1
| #define HAVE_POSIX_FADVISE 1
| #define HAVE_POSIX_FALLOCATE 1
| #define HAVE_POSIX_SPAWN 1
| #define HAVE_POSIX_SPAWNP 1
| #define HAVE_PREAD 1
| #define HAVE_PREADV 1
| #define HAVE_PTHREAD_CONDATTR_SETCLOCK 1
| #define HAVE_PTHREAD_KILL 1
| #define HAVE_PWRITE 1
| #define HAVE_PWRITEV 1
| #define HAVE_READLINK 1
| #define HAVE_READLINKAT 1
| #define HAVE_READV 1
| #define HAVE_REALPATH 1
| #define HAVE_RENAMEAT 1
| #define HAVE_SCHED_GET_PRIORITY_MAX 1
| #define HAVE_SCHED_RR_GET_INTERVAL 1
| #define HAVE_SCHED_SETAFFINITY 1
| #define HAVE_SCHED_SETPARAM 1
| #define HAVE_SCHED_SETSCHEDULER 1
| #define HAVE_SEM_GETVALUE 1
| #define HAVE_SEM_OPEN 1
| #define HAVE_SEM_TIMEDWAIT 1
| #define HAVE_SEM_UNLINK 1
| #define HAVE_SENDFILE 1
| #define HAVE_SETEGID 1
| #define HAVE_SETEUID 1
| #define HAVE_SETGID 1
| #define HAVE_SETHOSTNAME 1
| #define HAVE_SETITIMER 1
| #define HAVE_SETLOCALE 1
| #define HAVE_SETPGID 1
| #define HAVE_SETPGRP 1
| #define HAVE_SETPRIORITY 1
| #define HAVE_SETREGID 1
| #define HAVE_SETRESGID 1
| #define HAVE_SETRESUID 1
| #define HAVE_SETREUID 1
| #define HAVE_SETSID 1
| #define HAVE_SETUID 1
| #define HAVE_SETVBUF 1
| #define HAVE_SHUTDOWN 1
| #define HAVE_SIGACTION 1
| #define HAVE_SIGALTSTACK 1
| #define HAVE_SIGFILLSET 1
| #define HAVE_SIGINTERRUPT 1
| #define HAVE_SIGPENDING 1
| #define HAVE_SIGRELSE 1
| #define HAVE_SIGTIMEDWAIT 1
| #define HAVE_SIGWAIT 1
| #define HAVE_SIGWAITINFO 1
| #define HAVE_SNPRINTF 1
| #define HAVE_STRFTIME 1
| #define HAVE_STRLCPY 1
| #define HAVE_STRSIGNAL 1
| #define HAVE_SYMLINKAT 1
| #define HAVE_SYNC 1
| #define HAVE_SYSCONF 1
| #define HAVE_SYSTEM 1
| #define HAVE_TCGETPGRP 1
| #define HAVE_TCSETPGRP 1
| #define HAVE_TEMPNAM 1
| #define HAVE_TIMEGM 1
| #define HAVE_TIMES 1
| #define HAVE_TMPFILE 1
| #define HAVE_TMPNAM 1
| /* end confdefs.h.  */
| /* Define tmpnam_r to an innocuous variant, in case <limits.h> declares tmpnam_r.
|    For example, HP-UX 11i <limits.h> declares gettimeofday.  */
| #define tmpnam_r innocuous_tmpnam_r
| 
| /* System header to define __stub macros and hopefully few prototypes,
|    which can conflict with char tmpnam_r (); below.  */
| 
| #include <limits.h>
| #undef tmpnam_r
| 
| /* Override any GCC internal prototype to avoid an error.
|    Use char because int might match the return type of a GCC
|    builtin and then its argument prototype would still apply.  */
| #ifdef __cplusplus
| extern "C"
| #endif
| char tmpnam_r ();
| /* The GNU C library defines this for functions which it implements
|     to always fail with ENOSYS.  Some functions are actually named
|     something starting with __ and the normal name is an alias.  */
| #if defined __stub_tmpnam_r || defined __stub___tmpnam_r
| choke me
| #endif
| 
| int
| main (void)
| {
| return tmpnam_r ();
|   ;
|   return 0;
| }
configure:18502: result: no
configure:18508: checking for truncate
configure:18508: cc -pthread -o conftest -mabi=purecap -I/usr/local/include -I/usr/include -mabi=purecap -L/usr/local/lib -L/usr/lib -lmd -lcheri_caprevoke conftest.c -lintl -ldl  >&5
configure:18508: $? = 0
configure:18508: result: yes
configure:18514: checking for ttyname
configure:18514: cc -pthread -o conftest -mabi=purecap -I/usr/local/include -I/usr/include -mabi=purecap -L/usr/local/lib -L/usr/lib -lmd -lcheri_caprevoke conftest.c -lintl -ldl  >&5
configure:18514: $? = 0
configure:18514: result: yes
configure:18520: checking for umask
configure:18520: cc -pthread -o conftest -mabi=purecap -I/usr/local/include -I/usr/include -mabi=purecap -L/usr/local/lib -L/usr/lib -lmd -lcheri_caprevoke conftest.c -lintl -ldl  >&5
configure:18520: $? = 0
configure:18520: result: yes
configure:18526: checking for uname
configure:18526: cc -pthread -o conftest -mabi=purecap -I/usr/local/include -I/usr/include -mabi=purecap -L/usr/local/lib -L/usr/lib -lmd -lcheri_caprevoke conftest.c -lintl -ldl  >&5
configure:18526: $? = 0
configure:18526: result: yes
configure:18532: checking for unlinkat
configure:18532: cc -pthread -o conftest -mabi=purecap -I/usr/local/include -I/usr/include -mabi=purecap -L/usr/local/lib -L/usr/lib -lmd -lcheri_caprevoke conftest.c -lintl -ldl  >&5
configure:18532: $? = 0
configure:18532: result: yes
configure:18538: checking for utimensat
configure:18538: cc -pthread -o conftest -mabi=purecap -I/usr/local/include -I/usr/include -mabi=purecap -L/usr/local/lib -L/usr/lib -lmd -lcheri_caprevoke conftest.c -lintl -ldl  >&5
configure:18538: $? = 0
configure:18538: result: yes
configure:18544: checking for utimes
configure:18544: cc -pthread -o conftest -mabi=purecap -I/usr/local/include -I/usr/include -mabi=purecap -L/usr/local/lib -L/usr/lib -lmd -lcheri_caprevoke conftest.c -lintl -ldl  >&5
configure:18544: $? = 0
configure:18544: result: yes
configure:18550: checking for vfork
configure:18550: cc -pthread -o conftest -mabi=purecap -I/usr/local/include -I/usr/include -mabi=purecap -L/usr/local/lib -L/usr/lib -lmd -lcheri_caprevoke conftest.c -lintl -ldl  >&5
conftest.c:327:6: warning: incompatible redeclaration of library function 'vfork' [-Wincompatible-library-redeclaration]
char vfork ();
     ^
conftest.c:327:6: note: 'vfork' is a builtin with type 'int (void)'
1 warning generated.
configure:18550: $? = 0
configure:18550: result: yes
configure:18556: checking for wait
configure:18556: cc -pthread -o conftest -mabi=purecap -I/usr/local/include -I/usr/include -mabi=purecap -L/usr/local/lib -L/usr/lib -lmd -lcheri_caprevoke conftest.c -lintl -ldl  >&5
configure:18556: $? = 0
configure:18556: result: yes
configure:18562: checking for wait3
configure:18562: cc -pthread -o conftest -mabi=purecap -I/usr/local/include -I/usr/include -mabi=purecap -L/usr/local/lib -L/usr/lib -lmd -lcheri_caprevoke conftest.c -lintl -ldl  >&5
configure:18562: $? = 0
configure:18562: result: yes
configure:18568: checking for wait4
configure:18568: cc -pthread -o conftest -mabi=purecap -I/usr/local/include -I/usr/include -mabi=purecap -L/usr/local/lib -L/usr/lib -lmd -lcheri_caprevoke conftest.c -lintl -ldl  >&5
configure:18568: $? = 0
configure:18568: result: yes
configure:18574: checking for waitid
configure:18574: cc -pthread -o conftest -mabi=purecap -I/usr/local/include -I/usr/include -mabi=purecap -L/usr/local/lib -L/usr/lib -lmd -lcheri_caprevoke conftest.c -lintl -ldl  >&5
configure:18574: $? = 0
configure:18574: result: yes
configure:18580: checking for waitpid
configure:18580: cc -pthread -o conftest -mabi=purecap -I/usr/local/include -I/usr/include -mabi=purecap -L/usr/local/lib -L/usr/lib -lmd -lcheri_caprevoke conftest.c -lintl -ldl  >&5
configure:18580: $? = 0
configure:18580: result: yes
configure:18586: checking for wcscoll
configure:18586: cc -pthread -o conftest -mabi=purecap -I/usr/local/include -I/usr/include -mabi=purecap -L/usr/local/lib -L/usr/lib -lmd -lcheri_caprevoke conftest.c -lintl -ldl  >&5
configure:18586: $? = 0
configure:18586: result: yes
configure:18592: checking for wcsftime
configure:18592: cc -pthread -o conftest -mabi=purecap -I/usr/local/include -I/usr/include -mabi=purecap -L/usr/local/lib -L/usr/lib -lmd -lcheri_caprevoke conftest.c -lintl -ldl  >&5
configure:18592: $? = 0
configure:18592: result: yes
configure:18598: checking for wcsxfrm
configure:18598: cc -pthread -o conftest -mabi=purecap -I/usr/local/include -I/usr/include -mabi=purecap -L/usr/local/lib -L/usr/lib -lmd -lcheri_caprevoke conftest.c -lintl -ldl  >&5
configure:18598: $? = 0
configure:18598: result: yes
configure:18604: checking for wmemcmp
configure:18604: cc -pthread -o conftest -mabi=purecap -I/usr/local/include -I/usr/include -mabi=purecap -L/usr/local/lib -L/usr/lib -lmd -lcheri_caprevoke conftest.c -lintl -ldl  >&5
conftest.c:336:6: warning: incompatible redeclaration of library function 'wmemcmp' [-Wincompatible-library-redeclaration]
char wmemcmp ();
     ^
conftest.c:336:6: note: 'wmemcmp' is a builtin with type 'int (const unsigned int *, const unsigned int *, unsigned long)'
1 warning generated.
configure:18604: $? = 0
configure:18604: result: yes
configure:18610: checking for writev
configure:18610: cc -pthread -o conftest -mabi=purecap -I/usr/local/include -I/usr/include -mabi=purecap -L/usr/local/lib -L/usr/lib -lmd -lcheri_caprevoke conftest.c -lintl -ldl  >&5
configure:18610: $? = 0
configure:18610: result: yes
configure:18622: checking for lchmod
configure:18622: cc -pthread -o conftest -mabi=purecap -I/usr/local/include -I/usr/include -mabi=purecap -L/usr/local/lib -L/usr/lib -lmd -lcheri_caprevoke conftest.c -lintl -ldl  >&5
configure:18622: $? = 0
configure:18622: result: yes
configure:18631: checking for cc -pthread options needed to detect all undeclared functions
configure:18653: cc -pthread -c -mabi=purecap  -I/usr/local/include -I/usr/include conftest.c >&5
conftest.c:327:8: warning: implicitly declaring library function 'strchr' with type 'char *(const char *, int)' [-Wimplicit-function-declaration]
(void) strchr;
       ^
conftest.c:327:8: note: include the header <string.h> or explicitly provide a declaration for 'strchr'
1 warning generated.
configure:18653: $? = 0
configure:18653: cc -pthread -c -mabi=purecap -fno-builtin -I/usr/local/include -I/usr/include conftest.c >&5
conftest.c:327:8: error: use of undeclared identifier 'strchr'
(void) strchr;
       ^
1 error generated.
configure:18653: $? = 1
configure: failed program was:
| /* confdefs.h */
| #define _NETBSD_SOURCE 1
| #define __BSD_VISIBLE 1
| #define _DARWIN_C_SOURCE 1
| #define _PYTHONFRAMEWORK ""
| #define _XOPEN_SOURCE 700
| #define _XOPEN_SOURCE_EXTENDED 1
| #define _POSIX_C_SOURCE 200809L
| #define HAVE_STDIO_H 1
| #define HAVE_STDLIB_H 1
| #define HAVE_STRING_H 1
| #define HAVE_INTTYPES_H 1
| #define HAVE_STDINT_H 1
| #define HAVE_STRINGS_H 1
| #define HAVE_SYS_STAT_H 1
| #define HAVE_SYS_TYPES_H 1
| #define HAVE_UNISTD_H 1
| #define HAVE_WCHAR_H 1
| #define STDC_HEADERS 1
| #define _ALL_SOURCE 1
| #define _DARWIN_C_SOURCE 1
| #define _GNU_SOURCE 1
| #define _HPUX_ALT_XOPEN_SOCKET_API 1
| #define _NETBSD_SOURCE 1
| #define _OPENBSD_SOURCE 1
| #define _POSIX_PTHREAD_SEMANTICS 1
| #define __STDC_WANT_IEC_60559_ATTRIBS_EXT__ 1
| #define __STDC_WANT_IEC_60559_BFP_EXT__ 1
| #define __STDC_WANT_IEC_60559_DFP_EXT__ 1
| #define __STDC_WANT_IEC_60559_FUNCS_EXT__ 1
| #define __STDC_WANT_IEC_60559_TYPES_EXT__ 1
| #define __STDC_WANT_LIB_EXT2__ 1
| #define __STDC_WANT_MATH_SPEC_FUNCS__ 1
| #define _TANDEM_SOURCE 1
| #define __EXTENSIONS__ 1
| #define PY_SUPPORT_TIER 0
| #define Py_DEBUG 1
| #define STDC_HEADERS 1
| #define HAVE_BLUETOOTH_H 1
| #define HAVE_DLFCN_H 1
| #define HAVE_ENDIAN_H 1
| #define HAVE_ERRNO_H 1
| #define HAVE_FCNTL_H 1
| #define HAVE_GRP_H 1
| #define HAVE_IEEEFP_H 1
| #define HAVE_LANGINFO_H 1
| #define HAVE_LIBINTL_H 1
| #define HAVE_LIBUTIL_H 1
| #define HAVE_SYS_AUXV_H 1
| #define HAVE_NETDB_H 1
| #define HAVE_NET_ETHERNET_H 1
| #define HAVE_NETINET_IN_H 1
| #define HAVE_POLL_H 1
| #define HAVE_PTHREAD_H 1
| #define HAVE_SCHED_H 1
| #define HAVE_SETJMP_H 1
| #define HAVE_SIGNAL_H 1
| #define HAVE_SPAWN_H 1
| #define HAVE_SYS_ENDIAN_H 1
| #define HAVE_SYS_EVENT_H 1
| #define HAVE_SYS_EVENTFD_H 1
| #define HAVE_SYS_FILE_H 1
| #define HAVE_SYS_IOCTL_H 1
| #define HAVE_SYS_LOCK_H 1
| #define HAVE_SYS_MMAN_H 1
| #define HAVE_SYS_PARAM_H 1
| #define HAVE_SYS_POLL_H 1
| #define HAVE_SYS_RANDOM_H 1
| #define HAVE_SYS_RESOURCE_H 1
| #define HAVE_SYS_SELECT_H 1
| #define HAVE_SYS_SOCKET_H 1
| #define HAVE_SYS_SOUNDCARD_H 1
| #define HAVE_SYS_STAT_H 1
| #define HAVE_SYS_STATVFS_H 1
| #define HAVE_SYS_SYSCALL_H 1
| #define HAVE_SYS_TIME_H 1
| #define HAVE_SYS_TIMES_H 1
| #define HAVE_SYS_TYPES_H 1
| #define HAVE_SYS_UIO_H 1
| #define HAVE_SYS_UN_H 1
| #define HAVE_SYS_UTSNAME_H 1
| #define HAVE_SYS_WAIT_H 1
| #define HAVE_SYSEXITS_H 1
| #define HAVE_SYSLOG_H 1
| #define HAVE_TERMIOS_H 1
| #define HAVE_UTIME_H 1
| #define HAVE_DIRENT_H 1
| #define HAVE_NET_IF_H 1
| #define HAVE_MAKEDEV 1
| #define _LARGEFILE_SOURCE 1
| #define _FILE_OFFSET_BITS 64
| #if defined(SCO_DS)
| #undef _OFF_T
| #endif
| #define RETSIGTYPE void
| #define HAVE_SSIZE_T 1
| #define HAVE_GCC_UINT128_T 1
| #define SIZEOF_INT 4
| #define SIZEOF_LONG 8
| #define ALIGNOF_LONG 8
| #define SIZEOF_LONG_LONG 8
| #define SIZEOF_VOID_P 16
| #define SIZEOF_SHORT 2
| #define SIZEOF_FLOAT 4
| #define SIZEOF_DOUBLE 8
| #define SIZEOF_FPOS_T 8
| #define SIZEOF_SIZE_T 8
| #define ALIGNOF_SIZE_T 8
| #define SIZEOF_PID_T 4
| #define SIZEOF_UINTPTR_T 16
| #define ALIGNOF_MAX_ALIGN_T 16
| #define HAVE_LONG_DOUBLE 1
| #define SIZEOF_LONG_DOUBLE 16
| #define SIZEOF__BOOL 1
| #define SIZEOF_OFF_T 8
| #define SIZEOF_TIME_T 8
| #define SIZEOF_PTHREAD_T 16
| #define SIZEOF_PTHREAD_KEY_T 4
| #define PTHREAD_KEY_T_IS_COMPATIBLE_WITH_INT 1
| #define HAVE_LIBDL 1
| #define HAVE_UUID_H 1
| #define HAVE_UUID_CREATE 1
| #define HAVE_UUID_ENC_BE 1
| #define WITH_LIBINTL 1
| #define HAVE_FFI_PREP_CIF_VAR 1
| #define HAVE_FFI_PREP_CLOSURE_LOC 1
| #define HAVE_FFI_CLOSURE_ALLOC 1
| #define WITH_DECIMAL_CONTEXTVAR 1
| #define HAVE_RPC_RPC_H 1
| #define HAVE_LIBSQLITE3 1
| #define HAVE_LIBSQLITE3 1
| #define HAVE_LIBSQLITE3 1
| #define HAVE_LIBSQLITE3 1
| #define HAVE_LIBSQLITE3 1
| #define HAVE_LIBSQLITE3 1
| #define HAVE_LIBSQLITE3 1
| #define HAVE_LIBSQLITE3 1
| #define HAVE_LIBSQLITE3 1
| #define PY_SQLITE_HAVE_SERIALIZE 1
| #define HAVE_GDBM_H 1
| #define HAVE_NDBM_H 1
| #define HAVE_DB_H 1
| #define PTHREAD_SYSTEM_SCHED_SUPPORTED 1
| #define HAVE_PTHREAD_SIGMASK 1
| #define HAVE_PTHREAD_GETCPUCLOCKID 1
| #define ENABLE_IPV6 1
| #define WITH_DOC_STRINGS 1
| #define WITH_PYMALLOC 1
| #define WITH_FREELISTS 1
| #define PY_COERCE_C_LOCALE 1
| #define HAVE_DLOPEN 1
| #define HAVE_DYNAMIC_LOADING 1
| #define HAVE_ACCEPT4 1
| #define HAVE_ALARM 1
| #define HAVE_BIND_TEXTDOMAIN_CODESET 1
| #define HAVE_CHMOD 1
| #define HAVE_CHOWN 1
| #define HAVE_CLOCK 1
| #define HAVE_CLOSE_RANGE 1
| #define HAVE_CONFSTR 1
| #define HAVE_COPY_FILE_RANGE 1
| #define HAVE_CTERMID 1
| #define HAVE_DUP 1
| #define HAVE_DUP3 1
| #define HAVE_EXECV 1
| #define HAVE_EXPLICIT_BZERO 1
| #define HAVE_FACCESSAT 1
| #define HAVE_FCHMOD 1
| #define HAVE_FCHMODAT 1
| #define HAVE_FCHOWN 1
| #define HAVE_FCHOWNAT 1
| #define HAVE_FDOPENDIR 1
| #define HAVE_FEXECVE 1
| #define HAVE_FORK 1
| #define HAVE_FPATHCONF 1
| #define HAVE_FSTATAT 1
| #define HAVE_FTRUNCATE 1
| #define HAVE_FUTIMENS 1
| #define HAVE_FUTIMES 1
| #define HAVE_FUTIMESAT 1
| #define HAVE_GAI_STRERROR 1
| #define HAVE_GETEGID 1
| #define HAVE_GETENTROPY 1
| #define HAVE_GETEUID 1
| #define HAVE_GETGID 1
| #define HAVE_GETGRGID 1
| #define HAVE_GETGRGID_R 1
| #define HAVE_GETGRNAM_R 1
| #define HAVE_GETGROUPLIST 1
| #define HAVE_GETGROUPS 1
| #define HAVE_GETHOSTNAME 1
| #define HAVE_GETITIMER 1
| #define HAVE_GETLOADAVG 1
| #define HAVE_GETLOGIN 1
| #define HAVE_GETPEERNAME 1
| #define HAVE_GETPGID 1
| #define HAVE_GETPID 1
| #define HAVE_GETPPID 1
| #define HAVE_GETPRIORITY 1
| #define HAVE_GETPWENT 1
| #define HAVE_GETPWNAM_R 1
| #define HAVE_GETPWUID 1
| #define HAVE_GETPWUID_R 1
| #define HAVE_GETRESGID 1
| #define HAVE_GETRESUID 1
| #define HAVE_GETRUSAGE 1
| #define HAVE_GETSID 1
| #define HAVE_GETUID 1
| #define HAVE_GETWD 1
| #define HAVE_IF_NAMEINDEX 1
| #define HAVE_INITGROUPS 1
| #define HAVE_KILL 1
| #define HAVE_KILLPG 1
| #define HAVE_LCHOWN 1
| #define HAVE_LINKAT 1
| #define HAVE_LOCKF 1
| #define HAVE_LSTAT 1
| #define HAVE_LUTIMES 1
| #define HAVE_MADVISE 1
| #define HAVE_MBRTOWC 1
| #define HAVE_MEMRCHR 1
| #define HAVE_MKDIRAT 1
| #define HAVE_MKFIFO 1
| #define HAVE_MKFIFOAT 1
| #define HAVE_MKNOD 1
| #define HAVE_MKNODAT 1
| #define HAVE_MKTIME 1
| #define HAVE_MMAP 1
| #define HAVE_NICE 1
| #define HAVE_OPENAT 1
| #define HAVE_OPENDIR 1
| #define HAVE_PATHCONF 1
| #define HAVE_PAUSE 1
| #define HAVE_PIPE 1
| #define HAVE_PIPE2 1
| #define HAVE_POLL 1
| #define HAVE_POSIX_FADVISE 1
| #define HAVE_POSIX_FALLOCATE 1
| #define HAVE_POSIX_SPAWN 1
| #define HAVE_POSIX_SPAWNP 1
| #define HAVE_PREAD 1
| #define HAVE_PREADV 1
| #define HAVE_PTHREAD_CONDATTR_SETCLOCK 1
| #define HAVE_PTHREAD_KILL 1
| #define HAVE_PWRITE 1
| #define HAVE_PWRITEV 1
| #define HAVE_READLINK 1
| #define HAVE_READLINKAT 1
| #define HAVE_READV 1
| #define HAVE_REALPATH 1
| #define HAVE_RENAMEAT 1
| #define HAVE_SCHED_GET_PRIORITY_MAX 1
| #define HAVE_SCHED_RR_GET_INTERVAL 1
| #define HAVE_SCHED_SETAFFINITY 1
| #define HAVE_SCHED_SETPARAM 1
| #define HAVE_SCHED_SETSCHEDULER 1
| #define HAVE_SEM_GETVALUE 1
| #define HAVE_SEM_OPEN 1
| #define HAVE_SEM_TIMEDWAIT 1
| #define HAVE_SEM_UNLINK 1
| #define HAVE_SENDFILE 1
| #define HAVE_SETEGID 1
| #define HAVE_SETEUID 1
| #define HAVE_SETGID 1
| #define HAVE_SETHOSTNAME 1
| #define HAVE_SETITIMER 1
| #define HAVE_SETLOCALE 1
| #define HAVE_SETPGID 1
| #define HAVE_SETPGRP 1
| #define HAVE_SETPRIORITY 1
| #define HAVE_SETREGID 1
| #define HAVE_SETRESGID 1
| #define HAVE_SETRESUID 1
| #define HAVE_SETREUID 1
| #define HAVE_SETSID 1
| #define HAVE_SETUID 1
| #define HAVE_SETVBUF 1
| #define HAVE_SHUTDOWN 1
| #define HAVE_SIGACTION 1
| #define HAVE_SIGALTSTACK 1
| #define HAVE_SIGFILLSET 1
| #define HAVE_SIGINTERRUPT 1
| #define HAVE_SIGPENDING 1
| #define HAVE_SIGRELSE 1
| #define HAVE_SIGTIMEDWAIT 1
| #define HAVE_SIGWAIT 1
| #define HAVE_SIGWAITINFO 1
| #define HAVE_SNPRINTF 1
| #define HAVE_STRFTIME 1
| #define HAVE_STRLCPY 1
| #define HAVE_STRSIGNAL 1
| #define HAVE_SYMLINKAT 1
| #define HAVE_SYNC 1
| #define HAVE_SYSCONF 1
| #define HAVE_SYSTEM 1
| #define HAVE_TCGETPGRP 1
| #define HAVE_TCSETPGRP 1
| #define HAVE_TEMPNAM 1
| #define HAVE_TIMEGM 1
| #define HAVE_TIMES 1
| #define HAVE_TMPFILE 1
| #define HAVE_TMPNAM 1
| #define HAVE_TRUNCATE 1
| #define HAVE_TTYNAME 1
| #define HAVE_UMASK 1
| #define HAVE_UNAME 1
| #define HAVE_UNLINKAT 1
| #define HAVE_UTIMENSAT 1
| #define HAVE_UTIMES 1
| #define HAVE_VFORK 1
| #define HAVE_WAIT 1
| #define HAVE_WAIT3 1
| #define HAVE_WAIT4 1
| #define HAVE_WAITID 1
| #define HAVE_WAITPID 1
| #define HAVE_WCSCOLL 1
| #define HAVE_WCSFTIME 1
| #define HAVE_WCSXFRM 1
| #define HAVE_WMEMCMP 1
| #define HAVE_WRITEV 1
| #define HAVE_LCHMOD 1
| /* end confdefs.h.  */
| 
| int
| main (void)
| {
| (void) strchr;
|   ;
|   return 0;
| }
configure:18680: cc -pthread -c -mabi=purecap -fno-builtin -I/usr/local/include -I/usr/include conftest.c >&5
configure:18680: $? = 0
configure:18697: result: -fno-builtin
configure:18711: checking whether dirfd is declared
configure:18711: cc -pthread -c -mabi=purecap -fno-builtin -I/usr/local/include -I/usr/include conftest.c >&5
configure:18711: $? = 0
configure:18711: result: yes
configure:18725: checking for chroot
configure:18742: cc -pthread -c -mabi=purecap -I/usr/local/include -I/usr/include conftest.c >&5
configure:18742: $? = 0
configure:18751: result: yes
configure:18764: checking for link
configure:18781: cc -pthread -c -mabi=purecap -I/usr/local/include -I/usr/include conftest.c >&5
configure:18781: $? = 0
configure:18790: result: yes
configure:18803: checking for symlink
configure:18820: cc -pthread -c -mabi=purecap -I/usr/local/include -I/usr/include conftest.c >&5
configure:18820: $? = 0
configure:18829: result: yes
configure:18842: checking for fchdir
configure:18859: cc -pthread -c -mabi=purecap -I/usr/local/include -I/usr/include conftest.c >&5
configure:18859: $? = 0
configure:18868: result: yes
configure:18881: checking for fsync
configure:18898: cc -pthread -c -mabi=purecap -I/usr/local/include -I/usr/include conftest.c >&5
configure:18898: $? = 0
configure:18907: result: yes
configure:18920: checking for fdatasync
configure:18937: cc -pthread -c -mabi=purecap -I/usr/local/include -I/usr/include conftest.c >&5
configure:18937: $? = 0
configure:18946: result: yes
configure:18959: checking for epoll_create
configure:18976: cc -pthread -c -mabi=purecap -I/usr/local/include -I/usr/include conftest.c >&5
conftest.c:330:10: fatal error: 'sys/epoll.h' file not found
#include <sys/epoll.h>
         ^~~~~~~~~~~~~
1 error generated.
configure:18976: $? = 1
configure: failed program was:
| /* confdefs.h */
| #define _NETBSD_SOURCE 1
| #define __BSD_VISIBLE 1
| #define _DARWIN_C_SOURCE 1
| #define _PYTHONFRAMEWORK ""
| #define _XOPEN_SOURCE 700
| #define _XOPEN_SOURCE_EXTENDED 1
| #define _POSIX_C_SOURCE 200809L
| #define HAVE_STDIO_H 1
| #define HAVE_STDLIB_H 1
| #define HAVE_STRING_H 1
| #define HAVE_INTTYPES_H 1
| #define HAVE_STDINT_H 1
| #define HAVE_STRINGS_H 1
| #define HAVE_SYS_STAT_H 1
| #define HAVE_SYS_TYPES_H 1
| #define HAVE_UNISTD_H 1
| #define HAVE_WCHAR_H 1
| #define STDC_HEADERS 1
| #define _ALL_SOURCE 1
| #define _DARWIN_C_SOURCE 1
| #define _GNU_SOURCE 1
| #define _HPUX_ALT_XOPEN_SOCKET_API 1
| #define _NETBSD_SOURCE 1
| #define _OPENBSD_SOURCE 1
| #define _POSIX_PTHREAD_SEMANTICS 1
| #define __STDC_WANT_IEC_60559_ATTRIBS_EXT__ 1
| #define __STDC_WANT_IEC_60559_BFP_EXT__ 1
| #define __STDC_WANT_IEC_60559_DFP_EXT__ 1
| #define __STDC_WANT_IEC_60559_FUNCS_EXT__ 1
| #define __STDC_WANT_IEC_60559_TYPES_EXT__ 1
| #define __STDC_WANT_LIB_EXT2__ 1
| #define __STDC_WANT_MATH_SPEC_FUNCS__ 1
| #define _TANDEM_SOURCE 1
| #define __EXTENSIONS__ 1
| #define PY_SUPPORT_TIER 0
| #define Py_DEBUG 1
| #define STDC_HEADERS 1
| #define HAVE_BLUETOOTH_H 1
| #define HAVE_DLFCN_H 1
| #define HAVE_ENDIAN_H 1
| #define HAVE_ERRNO_H 1
| #define HAVE_FCNTL_H 1
| #define HAVE_GRP_H 1
| #define HAVE_IEEEFP_H 1
| #define HAVE_LANGINFO_H 1
| #define HAVE_LIBINTL_H 1
| #define HAVE_LIBUTIL_H 1
| #define HAVE_SYS_AUXV_H 1
| #define HAVE_NETDB_H 1
| #define HAVE_NET_ETHERNET_H 1
| #define HAVE_NETINET_IN_H 1
| #define HAVE_POLL_H 1
| #define HAVE_PTHREAD_H 1
| #define HAVE_SCHED_H 1
| #define HAVE_SETJMP_H 1
| #define HAVE_SIGNAL_H 1
| #define HAVE_SPAWN_H 1
| #define HAVE_SYS_ENDIAN_H 1
| #define HAVE_SYS_EVENT_H 1
| #define HAVE_SYS_EVENTFD_H 1
| #define HAVE_SYS_FILE_H 1
| #define HAVE_SYS_IOCTL_H 1
| #define HAVE_SYS_LOCK_H 1
| #define HAVE_SYS_MMAN_H 1
| #define HAVE_SYS_PARAM_H 1
| #define HAVE_SYS_POLL_H 1
| #define HAVE_SYS_RANDOM_H 1
| #define HAVE_SYS_RESOURCE_H 1
| #define HAVE_SYS_SELECT_H 1
| #define HAVE_SYS_SOCKET_H 1
| #define HAVE_SYS_SOUNDCARD_H 1
| #define HAVE_SYS_STAT_H 1
| #define HAVE_SYS_STATVFS_H 1
| #define HAVE_SYS_SYSCALL_H 1
| #define HAVE_SYS_TIME_H 1
| #define HAVE_SYS_TIMES_H 1
| #define HAVE_SYS_TYPES_H 1
| #define HAVE_SYS_UIO_H 1
| #define HAVE_SYS_UN_H 1
| #define HAVE_SYS_UTSNAME_H 1
| #define HAVE_SYS_WAIT_H 1
| #define HAVE_SYSEXITS_H 1
| #define HAVE_SYSLOG_H 1
| #define HAVE_TERMIOS_H 1
| #define HAVE_UTIME_H 1
| #define HAVE_DIRENT_H 1
| #define HAVE_NET_IF_H 1
| #define HAVE_MAKEDEV 1
| #define _LARGEFILE_SOURCE 1
| #define _FILE_OFFSET_BITS 64
| #if defined(SCO_DS)
| #undef _OFF_T
| #endif
| #define RETSIGTYPE void
| #define HAVE_SSIZE_T 1
| #define HAVE_GCC_UINT128_T 1
| #define SIZEOF_INT 4
| #define SIZEOF_LONG 8
| #define ALIGNOF_LONG 8
| #define SIZEOF_LONG_LONG 8
| #define SIZEOF_VOID_P 16
| #define SIZEOF_SHORT 2
| #define SIZEOF_FLOAT 4
| #define SIZEOF_DOUBLE 8
| #define SIZEOF_FPOS_T 8
| #define SIZEOF_SIZE_T 8
| #define ALIGNOF_SIZE_T 8
| #define SIZEOF_PID_T 4
| #define SIZEOF_UINTPTR_T 16
| #define ALIGNOF_MAX_ALIGN_T 16
| #define HAVE_LONG_DOUBLE 1
| #define SIZEOF_LONG_DOUBLE 16
| #define SIZEOF__BOOL 1
| #define SIZEOF_OFF_T 8
| #define SIZEOF_TIME_T 8
| #define SIZEOF_PTHREAD_T 16
| #define SIZEOF_PTHREAD_KEY_T 4
| #define PTHREAD_KEY_T_IS_COMPATIBLE_WITH_INT 1
| #define HAVE_LIBDL 1
| #define HAVE_UUID_H 1
| #define HAVE_UUID_CREATE 1
| #define HAVE_UUID_ENC_BE 1
| #define WITH_LIBINTL 1
| #define HAVE_FFI_PREP_CIF_VAR 1
| #define HAVE_FFI_PREP_CLOSURE_LOC 1
| #define HAVE_FFI_CLOSURE_ALLOC 1
| #define WITH_DECIMAL_CONTEXTVAR 1
| #define HAVE_RPC_RPC_H 1
| #define HAVE_LIBSQLITE3 1
| #define HAVE_LIBSQLITE3 1
| #define HAVE_LIBSQLITE3 1
| #define HAVE_LIBSQLITE3 1
| #define HAVE_LIBSQLITE3 1
| #define HAVE_LIBSQLITE3 1
| #define HAVE_LIBSQLITE3 1
| #define HAVE_LIBSQLITE3 1
| #define HAVE_LIBSQLITE3 1
| #define PY_SQLITE_HAVE_SERIALIZE 1
| #define HAVE_GDBM_H 1
| #define HAVE_NDBM_H 1
| #define HAVE_DB_H 1
| #define PTHREAD_SYSTEM_SCHED_SUPPORTED 1
| #define HAVE_PTHREAD_SIGMASK 1
| #define HAVE_PTHREAD_GETCPUCLOCKID 1
| #define ENABLE_IPV6 1
| #define WITH_DOC_STRINGS 1
| #define WITH_PYMALLOC 1
| #define WITH_FREELISTS 1
| #define PY_COERCE_C_LOCALE 1
| #define HAVE_DLOPEN 1
| #define HAVE_DYNAMIC_LOADING 1
| #define HAVE_ACCEPT4 1
| #define HAVE_ALARM 1
| #define HAVE_BIND_TEXTDOMAIN_CODESET 1
| #define HAVE_CHMOD 1
| #define HAVE_CHOWN 1
| #define HAVE_CLOCK 1
| #define HAVE_CLOSE_RANGE 1
| #define HAVE_CONFSTR 1
| #define HAVE_COPY_FILE_RANGE 1
| #define HAVE_CTERMID 1
| #define HAVE_DUP 1
| #define HAVE_DUP3 1
| #define HAVE_EXECV 1
| #define HAVE_EXPLICIT_BZERO 1
| #define HAVE_FACCESSAT 1
| #define HAVE_FCHMOD 1
| #define HAVE_FCHMODAT 1
| #define HAVE_FCHOWN 1
| #define HAVE_FCHOWNAT 1
| #define HAVE_FDOPENDIR 1
| #define HAVE_FEXECVE 1
| #define HAVE_FORK 1
| #define HAVE_FPATHCONF 1
| #define HAVE_FSTATAT 1
| #define HAVE_FTRUNCATE 1
| #define HAVE_FUTIMENS 1
| #define HAVE_FUTIMES 1
| #define HAVE_FUTIMESAT 1
| #define HAVE_GAI_STRERROR 1
| #define HAVE_GETEGID 1
| #define HAVE_GETENTROPY 1
| #define HAVE_GETEUID 1
| #define HAVE_GETGID 1
| #define HAVE_GETGRGID 1
| #define HAVE_GETGRGID_R 1
| #define HAVE_GETGRNAM_R 1
| #define HAVE_GETGROUPLIST 1
| #define HAVE_GETGROUPS 1
| #define HAVE_GETHOSTNAME 1
| #define HAVE_GETITIMER 1
| #define HAVE_GETLOADAVG 1
| #define HAVE_GETLOGIN 1
| #define HAVE_GETPEERNAME 1
| #define HAVE_GETPGID 1
| #define HAVE_GETPID 1
| #define HAVE_GETPPID 1
| #define HAVE_GETPRIORITY 1
| #define HAVE_GETPWENT 1
| #define HAVE_GETPWNAM_R 1
| #define HAVE_GETPWUID 1
| #define HAVE_GETPWUID_R 1
| #define HAVE_GETRESGID 1
| #define HAVE_GETRESUID 1
| #define HAVE_GETRUSAGE 1
| #define HAVE_GETSID 1
| #define HAVE_GETUID 1
| #define HAVE_GETWD 1
| #define HAVE_IF_NAMEINDEX 1
| #define HAVE_INITGROUPS 1
| #define HAVE_KILL 1
| #define HAVE_KILLPG 1
| #define HAVE_LCHOWN 1
| #define HAVE_LINKAT 1
| #define HAVE_LOCKF 1
| #define HAVE_LSTAT 1
| #define HAVE_LUTIMES 1
| #define HAVE_MADVISE 1
| #define HAVE_MBRTOWC 1
| #define HAVE_MEMRCHR 1
| #define HAVE_MKDIRAT 1
| #define HAVE_MKFIFO 1
| #define HAVE_MKFIFOAT 1
| #define HAVE_MKNOD 1
| #define HAVE_MKNODAT 1
| #define HAVE_MKTIME 1
| #define HAVE_MMAP 1
| #define HAVE_NICE 1
| #define HAVE_OPENAT 1
| #define HAVE_OPENDIR 1
| #define HAVE_PATHCONF 1
| #define HAVE_PAUSE 1
| #define HAVE_PIPE 1
| #define HAVE_PIPE2 1
| #define HAVE_POLL 1
| #define HAVE_POSIX_FADVISE 1
| #define HAVE_POSIX_FALLOCATE 1
| #define HAVE_POSIX_SPAWN 1
| #define HAVE_POSIX_SPAWNP 1
| #define HAVE_PREAD 1
| #define HAVE_PREADV 1
| #define HAVE_PTHREAD_CONDATTR_SETCLOCK 1
| #define HAVE_PTHREAD_KILL 1
| #define HAVE_PWRITE 1
| #define HAVE_PWRITEV 1
| #define HAVE_READLINK 1
| #define HAVE_READLINKAT 1
| #define HAVE_READV 1
| #define HAVE_REALPATH 1
| #define HAVE_RENAMEAT 1
| #define HAVE_SCHED_GET_PRIORITY_MAX 1
| #define HAVE_SCHED_RR_GET_INTERVAL 1
| #define HAVE_SCHED_SETAFFINITY 1
| #define HAVE_SCHED_SETPARAM 1
| #define HAVE_SCHED_SETSCHEDULER 1
| #define HAVE_SEM_GETVALUE 1
| #define HAVE_SEM_OPEN 1
| #define HAVE_SEM_TIMEDWAIT 1
| #define HAVE_SEM_UNLINK 1
| #define HAVE_SENDFILE 1
| #define HAVE_SETEGID 1
| #define HAVE_SETEUID 1
| #define HAVE_SETGID 1
| #define HAVE_SETHOSTNAME 1
| #define HAVE_SETITIMER 1
| #define HAVE_SETLOCALE 1
| #define HAVE_SETPGID 1
| #define HAVE_SETPGRP 1
| #define HAVE_SETPRIORITY 1
| #define HAVE_SETREGID 1
| #define HAVE_SETRESGID 1
| #define HAVE_SETRESUID 1
| #define HAVE_SETREUID 1
| #define HAVE_SETSID 1
| #define HAVE_SETUID 1
| #define HAVE_SETVBUF 1
| #define HAVE_SHUTDOWN 1
| #define HAVE_SIGACTION 1
| #define HAVE_SIGALTSTACK 1
| #define HAVE_SIGFILLSET 1
| #define HAVE_SIGINTERRUPT 1
| #define HAVE_SIGPENDING 1
| #define HAVE_SIGRELSE 1
| #define HAVE_SIGTIMEDWAIT 1
| #define HAVE_SIGWAIT 1
| #define HAVE_SIGWAITINFO 1
| #define HAVE_SNPRINTF 1
| #define HAVE_STRFTIME 1
| #define HAVE_STRLCPY 1
| #define HAVE_STRSIGNAL 1
| #define HAVE_SYMLINKAT 1
| #define HAVE_SYNC 1
| #define HAVE_SYSCONF 1
| #define HAVE_SYSTEM 1
| #define HAVE_TCGETPGRP 1
| #define HAVE_TCSETPGRP 1
| #define HAVE_TEMPNAM 1
| #define HAVE_TIMEGM 1
| #define HAVE_TIMES 1
| #define HAVE_TMPFILE 1
| #define HAVE_TMPNAM 1
| #define HAVE_TRUNCATE 1
| #define HAVE_TTYNAME 1
| #define HAVE_UMASK 1
| #define HAVE_UNAME 1
| #define HAVE_UNLINKAT 1
| #define HAVE_UTIMENSAT 1
| #define HAVE_UTIMES 1
| #define HAVE_VFORK 1
| #define HAVE_WAIT 1
| #define HAVE_WAIT3 1
| #define HAVE_WAIT4 1
| #define HAVE_WAITID 1
| #define HAVE_WAITPID 1
| #define HAVE_WCSCOLL 1
| #define HAVE_WCSFTIME 1
| #define HAVE_WCSXFRM 1
| #define HAVE_WMEMCMP 1
| #define HAVE_WRITEV 1
| #define HAVE_LCHMOD 1
| #define HAVE_DIRFD 1
| #define HAVE_CHROOT 1
| #define HAVE_LINK 1
| #define HAVE_SYMLINK 1
| #define HAVE_FCHDIR 1
| #define HAVE_FSYNC 1
| #define HAVE_FDATASYNC 1
| /* end confdefs.h.  */
| #include <sys/epoll.h>
| int
| main (void)
| {
| void *x=epoll_create
|   ;
|   return 0;
| }
configure:18985: result: no
configure:18998: checking for epoll_create1
configure:19015: cc -pthread -c -mabi=purecap -I/usr/local/include -I/usr/include conftest.c >&5
conftest.c:330:10: fatal error: 'sys/epoll.h' file not found
#include <sys/epoll.h>
         ^~~~~~~~~~~~~
1 error generated.
configure:19015: $? = 1
configure: failed program was:
| /* confdefs.h */
| #define _NETBSD_SOURCE 1
| #define __BSD_VISIBLE 1
| #define _DARWIN_C_SOURCE 1
| #define _PYTHONFRAMEWORK ""
| #define _XOPEN_SOURCE 700
| #define _XOPEN_SOURCE_EXTENDED 1
| #define _POSIX_C_SOURCE 200809L
| #define HAVE_STDIO_H 1
| #define HAVE_STDLIB_H 1
| #define HAVE_STRING_H 1
| #define HAVE_INTTYPES_H 1
| #define HAVE_STDINT_H 1
| #define HAVE_STRINGS_H 1
| #define HAVE_SYS_STAT_H 1
| #define HAVE_SYS_TYPES_H 1
| #define HAVE_UNISTD_H 1
| #define HAVE_WCHAR_H 1
| #define STDC_HEADERS 1
| #define _ALL_SOURCE 1
| #define _DARWIN_C_SOURCE 1
| #define _GNU_SOURCE 1
| #define _HPUX_ALT_XOPEN_SOCKET_API 1
| #define _NETBSD_SOURCE 1
| #define _OPENBSD_SOURCE 1
| #define _POSIX_PTHREAD_SEMANTICS 1
| #define __STDC_WANT_IEC_60559_ATTRIBS_EXT__ 1
| #define __STDC_WANT_IEC_60559_BFP_EXT__ 1
| #define __STDC_WANT_IEC_60559_DFP_EXT__ 1
| #define __STDC_WANT_IEC_60559_FUNCS_EXT__ 1
| #define __STDC_WANT_IEC_60559_TYPES_EXT__ 1
| #define __STDC_WANT_LIB_EXT2__ 1
| #define __STDC_WANT_MATH_SPEC_FUNCS__ 1
| #define _TANDEM_SOURCE 1
| #define __EXTENSIONS__ 1
| #define PY_SUPPORT_TIER 0
| #define Py_DEBUG 1
| #define STDC_HEADERS 1
| #define HAVE_BLUETOOTH_H 1
| #define HAVE_DLFCN_H 1
| #define HAVE_ENDIAN_H 1
| #define HAVE_ERRNO_H 1
| #define HAVE_FCNTL_H 1
| #define HAVE_GRP_H 1
| #define HAVE_IEEEFP_H 1
| #define HAVE_LANGINFO_H 1
| #define HAVE_LIBINTL_H 1
| #define HAVE_LIBUTIL_H 1
| #define HAVE_SYS_AUXV_H 1
| #define HAVE_NETDB_H 1
| #define HAVE_NET_ETHERNET_H 1
| #define HAVE_NETINET_IN_H 1
| #define HAVE_POLL_H 1
| #define HAVE_PTHREAD_H 1
| #define HAVE_SCHED_H 1
| #define HAVE_SETJMP_H 1
| #define HAVE_SIGNAL_H 1
| #define HAVE_SPAWN_H 1
| #define HAVE_SYS_ENDIAN_H 1
| #define HAVE_SYS_EVENT_H 1
| #define HAVE_SYS_EVENTFD_H 1
| #define HAVE_SYS_FILE_H 1
| #define HAVE_SYS_IOCTL_H 1
| #define HAVE_SYS_LOCK_H 1
| #define HAVE_SYS_MMAN_H 1
| #define HAVE_SYS_PARAM_H 1
| #define HAVE_SYS_POLL_H 1
| #define HAVE_SYS_RANDOM_H 1
| #define HAVE_SYS_RESOURCE_H 1
| #define HAVE_SYS_SELECT_H 1
| #define HAVE_SYS_SOCKET_H 1
| #define HAVE_SYS_SOUNDCARD_H 1
| #define HAVE_SYS_STAT_H 1
| #define HAVE_SYS_STATVFS_H 1
| #define HAVE_SYS_SYSCALL_H 1
| #define HAVE_SYS_TIME_H 1
| #define HAVE_SYS_TIMES_H 1
| #define HAVE_SYS_TYPES_H 1
| #define HAVE_SYS_UIO_H 1
| #define HAVE_SYS_UN_H 1
| #define HAVE_SYS_UTSNAME_H 1
| #define HAVE_SYS_WAIT_H 1
| #define HAVE_SYSEXITS_H 1
| #define HAVE_SYSLOG_H 1
| #define HAVE_TERMIOS_H 1
| #define HAVE_UTIME_H 1
| #define HAVE_DIRENT_H 1
| #define HAVE_NET_IF_H 1
| #define HAVE_MAKEDEV 1
| #define _LARGEFILE_SOURCE 1
| #define _FILE_OFFSET_BITS 64
| #if defined(SCO_DS)
| #undef _OFF_T
| #endif
| #define RETSIGTYPE void
| #define HAVE_SSIZE_T 1
| #define HAVE_GCC_UINT128_T 1
| #define SIZEOF_INT 4
| #define SIZEOF_LONG 8
| #define ALIGNOF_LONG 8
| #define SIZEOF_LONG_LONG 8
| #define SIZEOF_VOID_P 16
| #define SIZEOF_SHORT 2
| #define SIZEOF_FLOAT 4
| #define SIZEOF_DOUBLE 8
| #define SIZEOF_FPOS_T 8
| #define SIZEOF_SIZE_T 8
| #define ALIGNOF_SIZE_T 8
| #define SIZEOF_PID_T 4
| #define SIZEOF_UINTPTR_T 16
| #define ALIGNOF_MAX_ALIGN_T 16
| #define HAVE_LONG_DOUBLE 1
| #define SIZEOF_LONG_DOUBLE 16
| #define SIZEOF__BOOL 1
| #define SIZEOF_OFF_T 8
| #define SIZEOF_TIME_T 8
| #define SIZEOF_PTHREAD_T 16
| #define SIZEOF_PTHREAD_KEY_T 4
| #define PTHREAD_KEY_T_IS_COMPATIBLE_WITH_INT 1
| #define HAVE_LIBDL 1
| #define HAVE_UUID_H 1
| #define HAVE_UUID_CREATE 1
| #define HAVE_UUID_ENC_BE 1
| #define WITH_LIBINTL 1
| #define HAVE_FFI_PREP_CIF_VAR 1
| #define HAVE_FFI_PREP_CLOSURE_LOC 1
| #define HAVE_FFI_CLOSURE_ALLOC 1
| #define WITH_DECIMAL_CONTEXTVAR 1
| #define HAVE_RPC_RPC_H 1
| #define HAVE_LIBSQLITE3 1
| #define HAVE_LIBSQLITE3 1
| #define HAVE_LIBSQLITE3 1
| #define HAVE_LIBSQLITE3 1
| #define HAVE_LIBSQLITE3 1
| #define HAVE_LIBSQLITE3 1
| #define HAVE_LIBSQLITE3 1
| #define HAVE_LIBSQLITE3 1
| #define HAVE_LIBSQLITE3 1
| #define PY_SQLITE_HAVE_SERIALIZE 1
| #define HAVE_GDBM_H 1
| #define HAVE_NDBM_H 1
| #define HAVE_DB_H 1
| #define PTHREAD_SYSTEM_SCHED_SUPPORTED 1
| #define HAVE_PTHREAD_SIGMASK 1
| #define HAVE_PTHREAD_GETCPUCLOCKID 1
| #define ENABLE_IPV6 1
| #define WITH_DOC_STRINGS 1
| #define WITH_PYMALLOC 1
| #define WITH_FREELISTS 1
| #define PY_COERCE_C_LOCALE 1
| #define HAVE_DLOPEN 1
| #define HAVE_DYNAMIC_LOADING 1
| #define HAVE_ACCEPT4 1
| #define HAVE_ALARM 1
| #define HAVE_BIND_TEXTDOMAIN_CODESET 1
| #define HAVE_CHMOD 1
| #define HAVE_CHOWN 1
| #define HAVE_CLOCK 1
| #define HAVE_CLOSE_RANGE 1
| #define HAVE_CONFSTR 1
| #define HAVE_COPY_FILE_RANGE 1
| #define HAVE_CTERMID 1
| #define HAVE_DUP 1
| #define HAVE_DUP3 1
| #define HAVE_EXECV 1
| #define HAVE_EXPLICIT_BZERO 1
| #define HAVE_FACCESSAT 1
| #define HAVE_FCHMOD 1
| #define HAVE_FCHMODAT 1
| #define HAVE_FCHOWN 1
| #define HAVE_FCHOWNAT 1
| #define HAVE_FDOPENDIR 1
| #define HAVE_FEXECVE 1
| #define HAVE_FORK 1
| #define HAVE_FPATHCONF 1
| #define HAVE_FSTATAT 1
| #define HAVE_FTRUNCATE 1
| #define HAVE_FUTIMENS 1
| #define HAVE_FUTIMES 1
| #define HAVE_FUTIMESAT 1
| #define HAVE_GAI_STRERROR 1
| #define HAVE_GETEGID 1
| #define HAVE_GETENTROPY 1
| #define HAVE_GETEUID 1
| #define HAVE_GETGID 1
| #define HAVE_GETGRGID 1
| #define HAVE_GETGRGID_R 1
| #define HAVE_GETGRNAM_R 1
| #define HAVE_GETGROUPLIST 1
| #define HAVE_GETGROUPS 1
| #define HAVE_GETHOSTNAME 1
| #define HAVE_GETITIMER 1
| #define HAVE_GETLOADAVG 1
| #define HAVE_GETLOGIN 1
| #define HAVE_GETPEERNAME 1
| #define HAVE_GETPGID 1
| #define HAVE_GETPID 1
| #define HAVE_GETPPID 1
| #define HAVE_GETPRIORITY 1
| #define HAVE_GETPWENT 1
| #define HAVE_GETPWNAM_R 1
| #define HAVE_GETPWUID 1
| #define HAVE_GETPWUID_R 1
| #define HAVE_GETRESGID 1
| #define HAVE_GETRESUID 1
| #define HAVE_GETRUSAGE 1
| #define HAVE_GETSID 1
| #define HAVE_GETUID 1
| #define HAVE_GETWD 1
| #define HAVE_IF_NAMEINDEX 1
| #define HAVE_INITGROUPS 1
| #define HAVE_KILL 1
| #define HAVE_KILLPG 1
| #define HAVE_LCHOWN 1
| #define HAVE_LINKAT 1
| #define HAVE_LOCKF 1
| #define HAVE_LSTAT 1
| #define HAVE_LUTIMES 1
| #define HAVE_MADVISE 1
| #define HAVE_MBRTOWC 1
| #define HAVE_MEMRCHR 1
| #define HAVE_MKDIRAT 1
| #define HAVE_MKFIFO 1
| #define HAVE_MKFIFOAT 1
| #define HAVE_MKNOD 1
| #define HAVE_MKNODAT 1
| #define HAVE_MKTIME 1
| #define HAVE_MMAP 1
| #define HAVE_NICE 1
| #define HAVE_OPENAT 1
| #define HAVE_OPENDIR 1
| #define HAVE_PATHCONF 1
| #define HAVE_PAUSE 1
| #define HAVE_PIPE 1
| #define HAVE_PIPE2 1
| #define HAVE_POLL 1
| #define HAVE_POSIX_FADVISE 1
| #define HAVE_POSIX_FALLOCATE 1
| #define HAVE_POSIX_SPAWN 1
| #define HAVE_POSIX_SPAWNP 1
| #define HAVE_PREAD 1
| #define HAVE_PREADV 1
| #define HAVE_PTHREAD_CONDATTR_SETCLOCK 1
| #define HAVE_PTHREAD_KILL 1
| #define HAVE_PWRITE 1
| #define HAVE_PWRITEV 1
| #define HAVE_READLINK 1
| #define HAVE_READLINKAT 1
| #define HAVE_READV 1
| #define HAVE_REALPATH 1
| #define HAVE_RENAMEAT 1
| #define HAVE_SCHED_GET_PRIORITY_MAX 1
| #define HAVE_SCHED_RR_GET_INTERVAL 1
| #define HAVE_SCHED_SETAFFINITY 1
| #define HAVE_SCHED_SETPARAM 1
| #define HAVE_SCHED_SETSCHEDULER 1
| #define HAVE_SEM_GETVALUE 1
| #define HAVE_SEM_OPEN 1
| #define HAVE_SEM_TIMEDWAIT 1
| #define HAVE_SEM_UNLINK 1
| #define HAVE_SENDFILE 1
| #define HAVE_SETEGID 1
| #define HAVE_SETEUID 1
| #define HAVE_SETGID 1
| #define HAVE_SETHOSTNAME 1
| #define HAVE_SETITIMER 1
| #define HAVE_SETLOCALE 1
| #define HAVE_SETPGID 1
| #define HAVE_SETPGRP 1
| #define HAVE_SETPRIORITY 1
| #define HAVE_SETREGID 1
| #define HAVE_SETRESGID 1
| #define HAVE_SETRESUID 1
| #define HAVE_SETREUID 1
| #define HAVE_SETSID 1
| #define HAVE_SETUID 1
| #define HAVE_SETVBUF 1
| #define HAVE_SHUTDOWN 1
| #define HAVE_SIGACTION 1
| #define HAVE_SIGALTSTACK 1
| #define HAVE_SIGFILLSET 1
| #define HAVE_SIGINTERRUPT 1
| #define HAVE_SIGPENDING 1
| #define HAVE_SIGRELSE 1
| #define HAVE_SIGTIMEDWAIT 1
| #define HAVE_SIGWAIT 1
| #define HAVE_SIGWAITINFO 1
| #define HAVE_SNPRINTF 1
| #define HAVE_STRFTIME 1
| #define HAVE_STRLCPY 1
| #define HAVE_STRSIGNAL 1
| #define HAVE_SYMLINKAT 1
| #define HAVE_SYNC 1
| #define HAVE_SYSCONF 1
| #define HAVE_SYSTEM 1
| #define HAVE_TCGETPGRP 1
| #define HAVE_TCSETPGRP 1
| #define HAVE_TEMPNAM 1
| #define HAVE_TIMEGM 1
| #define HAVE_TIMES 1
| #define HAVE_TMPFILE 1
| #define HAVE_TMPNAM 1
| #define HAVE_TRUNCATE 1
| #define HAVE_TTYNAME 1
| #define HAVE_UMASK 1
| #define HAVE_UNAME 1
| #define HAVE_UNLINKAT 1
| #define HAVE_UTIMENSAT 1
| #define HAVE_UTIMES 1
| #define HAVE_VFORK 1
| #define HAVE_WAIT 1
| #define HAVE_WAIT3 1
| #define HAVE_WAIT4 1
| #define HAVE_WAITID 1
| #define HAVE_WAITPID 1
| #define HAVE_WCSCOLL 1
| #define HAVE_WCSFTIME 1
| #define HAVE_WCSXFRM 1
| #define HAVE_WMEMCMP 1
| #define HAVE_WRITEV 1
| #define HAVE_LCHMOD 1
| #define HAVE_DIRFD 1
| #define HAVE_CHROOT 1
| #define HAVE_LINK 1
| #define HAVE_SYMLINK 1
| #define HAVE_FCHDIR 1
| #define HAVE_FSYNC 1
| #define HAVE_FDATASYNC 1
| /* end confdefs.h.  */
| #include <sys/epoll.h>
| int
| main (void)
| {
| void *x=epoll_create1
|   ;
|   return 0;
| }
configure:19024: result: no
configure:19037: checking for kqueue
configure:19057: cc -pthread -c -mabi=purecap -I/usr/local/include -I/usr/include conftest.c >&5
configure:19057: $? = 0
configure:19066: result: yes
configure:19079: checking for prlimit
configure:19099: cc -pthread -c -mabi=purecap -I/usr/local/include -I/usr/include conftest.c >&5
conftest.c:338:9: error: use of undeclared identifier 'prlimit'
void *x=prlimit
        ^
1 error generated.
configure:19099: $? = 1
configure: failed program was:
| /* confdefs.h */
| #define _NETBSD_SOURCE 1
| #define __BSD_VISIBLE 1
| #define _DARWIN_C_SOURCE 1
| #define _PYTHONFRAMEWORK ""
| #define _XOPEN_SOURCE 700
| #define _XOPEN_SOURCE_EXTENDED 1
| #define _POSIX_C_SOURCE 200809L
| #define HAVE_STDIO_H 1
| #define HAVE_STDLIB_H 1
| #define HAVE_STRING_H 1
| #define HAVE_INTTYPES_H 1
| #define HAVE_STDINT_H 1
| #define HAVE_STRINGS_H 1
| #define HAVE_SYS_STAT_H 1
| #define HAVE_SYS_TYPES_H 1
| #define HAVE_UNISTD_H 1
| #define HAVE_WCHAR_H 1
| #define STDC_HEADERS 1
| #define _ALL_SOURCE 1
| #define _DARWIN_C_SOURCE 1
| #define _GNU_SOURCE 1
| #define _HPUX_ALT_XOPEN_SOCKET_API 1
| #define _NETBSD_SOURCE 1
| #define _OPENBSD_SOURCE 1
| #define _POSIX_PTHREAD_SEMANTICS 1
| #define __STDC_WANT_IEC_60559_ATTRIBS_EXT__ 1
| #define __STDC_WANT_IEC_60559_BFP_EXT__ 1
| #define __STDC_WANT_IEC_60559_DFP_EXT__ 1
| #define __STDC_WANT_IEC_60559_FUNCS_EXT__ 1
| #define __STDC_WANT_IEC_60559_TYPES_EXT__ 1
| #define __STDC_WANT_LIB_EXT2__ 1
| #define __STDC_WANT_MATH_SPEC_FUNCS__ 1
| #define _TANDEM_SOURCE 1
| #define __EXTENSIONS__ 1
| #define PY_SUPPORT_TIER 0
| #define Py_DEBUG 1
| #define STDC_HEADERS 1
| #define HAVE_BLUETOOTH_H 1
| #define HAVE_DLFCN_H 1
| #define HAVE_ENDIAN_H 1
| #define HAVE_ERRNO_H 1
| #define HAVE_FCNTL_H 1
| #define HAVE_GRP_H 1
| #define HAVE_IEEEFP_H 1
| #define HAVE_LANGINFO_H 1
| #define HAVE_LIBINTL_H 1
| #define HAVE_LIBUTIL_H 1
| #define HAVE_SYS_AUXV_H 1
| #define HAVE_NETDB_H 1
| #define HAVE_NET_ETHERNET_H 1
| #define HAVE_NETINET_IN_H 1
| #define HAVE_POLL_H 1
| #define HAVE_PTHREAD_H 1
| #define HAVE_SCHED_H 1
| #define HAVE_SETJMP_H 1
| #define HAVE_SIGNAL_H 1
| #define HAVE_SPAWN_H 1
| #define HAVE_SYS_ENDIAN_H 1
| #define HAVE_SYS_EVENT_H 1
| #define HAVE_SYS_EVENTFD_H 1
| #define HAVE_SYS_FILE_H 1
| #define HAVE_SYS_IOCTL_H 1
| #define HAVE_SYS_LOCK_H 1
| #define HAVE_SYS_MMAN_H 1
| #define HAVE_SYS_PARAM_H 1
| #define HAVE_SYS_POLL_H 1
| #define HAVE_SYS_RANDOM_H 1
| #define HAVE_SYS_RESOURCE_H 1
| #define HAVE_SYS_SELECT_H 1
| #define HAVE_SYS_SOCKET_H 1
| #define HAVE_SYS_SOUNDCARD_H 1
| #define HAVE_SYS_STAT_H 1
| #define HAVE_SYS_STATVFS_H 1
| #define HAVE_SYS_SYSCALL_H 1
| #define HAVE_SYS_TIME_H 1
| #define HAVE_SYS_TIMES_H 1
| #define HAVE_SYS_TYPES_H 1
| #define HAVE_SYS_UIO_H 1
| #define HAVE_SYS_UN_H 1
| #define HAVE_SYS_UTSNAME_H 1
| #define HAVE_SYS_WAIT_H 1
| #define HAVE_SYSEXITS_H 1
| #define HAVE_SYSLOG_H 1
| #define HAVE_TERMIOS_H 1
| #define HAVE_UTIME_H 1
| #define HAVE_DIRENT_H 1
| #define HAVE_NET_IF_H 1
| #define HAVE_MAKEDEV 1
| #define _LARGEFILE_SOURCE 1
| #define _FILE_OFFSET_BITS 64
| #if defined(SCO_DS)
| #undef _OFF_T
| #endif
| #define RETSIGTYPE void
| #define HAVE_SSIZE_T 1
| #define HAVE_GCC_UINT128_T 1
| #define SIZEOF_INT 4
| #define SIZEOF_LONG 8
| #define ALIGNOF_LONG 8
| #define SIZEOF_LONG_LONG 8
| #define SIZEOF_VOID_P 16
| #define SIZEOF_SHORT 2
| #define SIZEOF_FLOAT 4
| #define SIZEOF_DOUBLE 8
| #define SIZEOF_FPOS_T 8
| #define SIZEOF_SIZE_T 8
| #define ALIGNOF_SIZE_T 8
| #define SIZEOF_PID_T 4
| #define SIZEOF_UINTPTR_T 16
| #define ALIGNOF_MAX_ALIGN_T 16
| #define HAVE_LONG_DOUBLE 1
| #define SIZEOF_LONG_DOUBLE 16
| #define SIZEOF__BOOL 1
| #define SIZEOF_OFF_T 8
| #define SIZEOF_TIME_T 8
| #define SIZEOF_PTHREAD_T 16
| #define SIZEOF_PTHREAD_KEY_T 4
| #define PTHREAD_KEY_T_IS_COMPATIBLE_WITH_INT 1
| #define HAVE_LIBDL 1
| #define HAVE_UUID_H 1
| #define HAVE_UUID_CREATE 1
| #define HAVE_UUID_ENC_BE 1
| #define WITH_LIBINTL 1
| #define HAVE_FFI_PREP_CIF_VAR 1
| #define HAVE_FFI_PREP_CLOSURE_LOC 1
| #define HAVE_FFI_CLOSURE_ALLOC 1
| #define WITH_DECIMAL_CONTEXTVAR 1
| #define HAVE_RPC_RPC_H 1
| #define HAVE_LIBSQLITE3 1
| #define HAVE_LIBSQLITE3 1
| #define HAVE_LIBSQLITE3 1
| #define HAVE_LIBSQLITE3 1
| #define HAVE_LIBSQLITE3 1
| #define HAVE_LIBSQLITE3 1
| #define HAVE_LIBSQLITE3 1
| #define HAVE_LIBSQLITE3 1
| #define HAVE_LIBSQLITE3 1
| #define PY_SQLITE_HAVE_SERIALIZE 1
| #define HAVE_GDBM_H 1
| #define HAVE_NDBM_H 1
| #define HAVE_DB_H 1
| #define PTHREAD_SYSTEM_SCHED_SUPPORTED 1
| #define HAVE_PTHREAD_SIGMASK 1
| #define HAVE_PTHREAD_GETCPUCLOCKID 1
| #define ENABLE_IPV6 1
| #define WITH_DOC_STRINGS 1
| #define WITH_PYMALLOC 1
| #define WITH_FREELISTS 1
| #define PY_COERCE_C_LOCALE 1
| #define HAVE_DLOPEN 1
| #define HAVE_DYNAMIC_LOADING 1
| #define HAVE_ACCEPT4 1
| #define HAVE_ALARM 1
| #define HAVE_BIND_TEXTDOMAIN_CODESET 1
| #define HAVE_CHMOD 1
| #define HAVE_CHOWN 1
| #define HAVE_CLOCK 1
| #define HAVE_CLOSE_RANGE 1
| #define HAVE_CONFSTR 1
| #define HAVE_COPY_FILE_RANGE 1
| #define HAVE_CTERMID 1
| #define HAVE_DUP 1
| #define HAVE_DUP3 1
| #define HAVE_EXECV 1
| #define HAVE_EXPLICIT_BZERO 1
| #define HAVE_FACCESSAT 1
| #define HAVE_FCHMOD 1
| #define HAVE_FCHMODAT 1
| #define HAVE_FCHOWN 1
| #define HAVE_FCHOWNAT 1
| #define HAVE_FDOPENDIR 1
| #define HAVE_FEXECVE 1
| #define HAVE_FORK 1
| #define HAVE_FPATHCONF 1
| #define HAVE_FSTATAT 1
| #define HAVE_FTRUNCATE 1
| #define HAVE_FUTIMENS 1
| #define HAVE_FUTIMES 1
| #define HAVE_FUTIMESAT 1
| #define HAVE_GAI_STRERROR 1
| #define HAVE_GETEGID 1
| #define HAVE_GETENTROPY 1
| #define HAVE_GETEUID 1
| #define HAVE_GETGID 1
| #define HAVE_GETGRGID 1
| #define HAVE_GETGRGID_R 1
| #define HAVE_GETGRNAM_R 1
| #define HAVE_GETGROUPLIST 1
| #define HAVE_GETGROUPS 1
| #define HAVE_GETHOSTNAME 1
| #define HAVE_GETITIMER 1
| #define HAVE_GETLOADAVG 1
| #define HAVE_GETLOGIN 1
| #define HAVE_GETPEERNAME 1
| #define HAVE_GETPGID 1
| #define HAVE_GETPID 1
| #define HAVE_GETPPID 1
| #define HAVE_GETPRIORITY 1
| #define HAVE_GETPWENT 1
| #define HAVE_GETPWNAM_R 1
| #define HAVE_GETPWUID 1
| #define HAVE_GETPWUID_R 1
| #define HAVE_GETRESGID 1
| #define HAVE_GETRESUID 1
| #define HAVE_GETRUSAGE 1
| #define HAVE_GETSID 1
| #define HAVE_GETUID 1
| #define HAVE_GETWD 1
| #define HAVE_IF_NAMEINDEX 1
| #define HAVE_INITGROUPS 1
| #define HAVE_KILL 1
| #define HAVE_KILLPG 1
| #define HAVE_LCHOWN 1
| #define HAVE_LINKAT 1
| #define HAVE_LOCKF 1
| #define HAVE_LSTAT 1
| #define HAVE_LUTIMES 1
| #define HAVE_MADVISE 1
| #define HAVE_MBRTOWC 1
| #define HAVE_MEMRCHR 1
| #define HAVE_MKDIRAT 1
| #define HAVE_MKFIFO 1
| #define HAVE_MKFIFOAT 1
| #define HAVE_MKNOD 1
| #define HAVE_MKNODAT 1
| #define HAVE_MKTIME 1
| #define HAVE_MMAP 1
| #define HAVE_NICE 1
| #define HAVE_OPENAT 1
| #define HAVE_OPENDIR 1
| #define HAVE_PATHCONF 1
| #define HAVE_PAUSE 1
| #define HAVE_PIPE 1
| #define HAVE_PIPE2 1
| #define HAVE_POLL 1
| #define HAVE_POSIX_FADVISE 1
| #define HAVE_POSIX_FALLOCATE 1
| #define HAVE_POSIX_SPAWN 1
| #define HAVE_POSIX_SPAWNP 1
| #define HAVE_PREAD 1
| #define HAVE_PREADV 1
| #define HAVE_PTHREAD_CONDATTR_SETCLOCK 1
| #define HAVE_PTHREAD_KILL 1
| #define HAVE_PWRITE 1
| #define HAVE_PWRITEV 1
| #define HAVE_READLINK 1
| #define HAVE_READLINKAT 1
| #define HAVE_READV 1
| #define HAVE_REALPATH 1
| #define HAVE_RENAMEAT 1
| #define HAVE_SCHED_GET_PRIORITY_MAX 1
| #define HAVE_SCHED_RR_GET_INTERVAL 1
| #define HAVE_SCHED_SETAFFINITY 1
| #define HAVE_SCHED_SETPARAM 1
| #define HAVE_SCHED_SETSCHEDULER 1
| #define HAVE_SEM_GETVALUE 1
| #define HAVE_SEM_OPEN 1
| #define HAVE_SEM_TIMEDWAIT 1
| #define HAVE_SEM_UNLINK 1
| #define HAVE_SENDFILE 1
| #define HAVE_SETEGID 1
| #define HAVE_SETEUID 1
| #define HAVE_SETGID 1
| #define HAVE_SETHOSTNAME 1
| #define HAVE_SETITIMER 1
| #define HAVE_SETLOCALE 1
| #define HAVE_SETPGID 1
| #define HAVE_SETPGRP 1
| #define HAVE_SETPRIORITY 1
| #define HAVE_SETREGID 1
| #define HAVE_SETRESGID 1
| #define HAVE_SETRESUID 1
| #define HAVE_SETREUID 1
| #define HAVE_SETSID 1
| #define HAVE_SETUID 1
| #define HAVE_SETVBUF 1
| #define HAVE_SHUTDOWN 1
| #define HAVE_SIGACTION 1
| #define HAVE_SIGALTSTACK 1
| #define HAVE_SIGFILLSET 1
| #define HAVE_SIGINTERRUPT 1
| #define HAVE_SIGPENDING 1
| #define HAVE_SIGRELSE 1
| #define HAVE_SIGTIMEDWAIT 1
| #define HAVE_SIGWAIT 1
| #define HAVE_SIGWAITINFO 1
| #define HAVE_SNPRINTF 1
| #define HAVE_STRFTIME 1
| #define HAVE_STRLCPY 1
| #define HAVE_STRSIGNAL 1
| #define HAVE_SYMLINKAT 1
| #define HAVE_SYNC 1
| #define HAVE_SYSCONF 1
| #define HAVE_SYSTEM 1
| #define HAVE_TCGETPGRP 1
| #define HAVE_TCSETPGRP 1
| #define HAVE_TEMPNAM 1
| #define HAVE_TIMEGM 1
| #define HAVE_TIMES 1
| #define HAVE_TMPFILE 1
| #define HAVE_TMPNAM 1
| #define HAVE_TRUNCATE 1
| #define HAVE_TTYNAME 1
| #define HAVE_UMASK 1
| #define HAVE_UNAME 1
| #define HAVE_UNLINKAT 1
| #define HAVE_UTIMENSAT 1
| #define HAVE_UTIMES 1
| #define HAVE_VFORK 1
| #define HAVE_WAIT 1
| #define HAVE_WAIT3 1
| #define HAVE_WAIT4 1
| #define HAVE_WAITID 1
| #define HAVE_WAITPID 1
| #define HAVE_WCSCOLL 1
| #define HAVE_WCSFTIME 1
| #define HAVE_WCSXFRM 1
| #define HAVE_WMEMCMP 1
| #define HAVE_WRITEV 1
| #define HAVE_LCHMOD 1
| #define HAVE_DIRFD 1
| #define HAVE_CHROOT 1
| #define HAVE_LINK 1
| #define HAVE_SYMLINK 1
| #define HAVE_FCHDIR 1
| #define HAVE_FSYNC 1
| #define HAVE_FDATASYNC 1
| #define HAVE_KQUEUE 1
| /* end confdefs.h.  */
| 
| #include <sys/time.h>
| #include <sys/resource.h>
| 
| int
| main (void)
| {
| void *x=prlimit
|   ;
|   return 0;
| }
configure:19108: result: no
configure:19122: checking for _dyld_shared_cache_contains_path
configure:19139: cc -pthread -c -mabi=purecap -I/usr/local/include -I/usr/include conftest.c >&5
conftest.c:331:10: fatal error: 'mach-o/dyld.h' file not found
#include <mach-o/dyld.h>
         ^~~~~~~~~~~~~~~
1 error generated.
configure:19139: $? = 1
configure: failed program was:
| /* confdefs.h */
| #define _NETBSD_SOURCE 1
| #define __BSD_VISIBLE 1
| #define _DARWIN_C_SOURCE 1
| #define _PYTHONFRAMEWORK ""
| #define _XOPEN_SOURCE 700
| #define _XOPEN_SOURCE_EXTENDED 1
| #define _POSIX_C_SOURCE 200809L
| #define HAVE_STDIO_H 1
| #define HAVE_STDLIB_H 1
| #define HAVE_STRING_H 1
| #define HAVE_INTTYPES_H 1
| #define HAVE_STDINT_H 1
| #define HAVE_STRINGS_H 1
| #define HAVE_SYS_STAT_H 1
| #define HAVE_SYS_TYPES_H 1
| #define HAVE_UNISTD_H 1
| #define HAVE_WCHAR_H 1
| #define STDC_HEADERS 1
| #define _ALL_SOURCE 1
| #define _DARWIN_C_SOURCE 1
| #define _GNU_SOURCE 1
| #define _HPUX_ALT_XOPEN_SOCKET_API 1
| #define _NETBSD_SOURCE 1
| #define _OPENBSD_SOURCE 1
| #define _POSIX_PTHREAD_SEMANTICS 1
| #define __STDC_WANT_IEC_60559_ATTRIBS_EXT__ 1
| #define __STDC_WANT_IEC_60559_BFP_EXT__ 1
| #define __STDC_WANT_IEC_60559_DFP_EXT__ 1
| #define __STDC_WANT_IEC_60559_FUNCS_EXT__ 1
| #define __STDC_WANT_IEC_60559_TYPES_EXT__ 1
| #define __STDC_WANT_LIB_EXT2__ 1
| #define __STDC_WANT_MATH_SPEC_FUNCS__ 1
| #define _TANDEM_SOURCE 1
| #define __EXTENSIONS__ 1
| #define PY_SUPPORT_TIER 0
| #define Py_DEBUG 1
| #define STDC_HEADERS 1
| #define HAVE_BLUETOOTH_H 1
| #define HAVE_DLFCN_H 1
| #define HAVE_ENDIAN_H 1
| #define HAVE_ERRNO_H 1
| #define HAVE_FCNTL_H 1
| #define HAVE_GRP_H 1
| #define HAVE_IEEEFP_H 1
| #define HAVE_LANGINFO_H 1
| #define HAVE_LIBINTL_H 1
| #define HAVE_LIBUTIL_H 1
| #define HAVE_SYS_AUXV_H 1
| #define HAVE_NETDB_H 1
| #define HAVE_NET_ETHERNET_H 1
| #define HAVE_NETINET_IN_H 1
| #define HAVE_POLL_H 1
| #define HAVE_PTHREAD_H 1
| #define HAVE_SCHED_H 1
| #define HAVE_SETJMP_H 1
| #define HAVE_SIGNAL_H 1
| #define HAVE_SPAWN_H 1
| #define HAVE_SYS_ENDIAN_H 1
| #define HAVE_SYS_EVENT_H 1
| #define HAVE_SYS_EVENTFD_H 1
| #define HAVE_SYS_FILE_H 1
| #define HAVE_SYS_IOCTL_H 1
| #define HAVE_SYS_LOCK_H 1
| #define HAVE_SYS_MMAN_H 1
| #define HAVE_SYS_PARAM_H 1
| #define HAVE_SYS_POLL_H 1
| #define HAVE_SYS_RANDOM_H 1
| #define HAVE_SYS_RESOURCE_H 1
| #define HAVE_SYS_SELECT_H 1
| #define HAVE_SYS_SOCKET_H 1
| #define HAVE_SYS_SOUNDCARD_H 1
| #define HAVE_SYS_STAT_H 1
| #define HAVE_SYS_STATVFS_H 1
| #define HAVE_SYS_SYSCALL_H 1
| #define HAVE_SYS_TIME_H 1
| #define HAVE_SYS_TIMES_H 1
| #define HAVE_SYS_TYPES_H 1
| #define HAVE_SYS_UIO_H 1
| #define HAVE_SYS_UN_H 1
| #define HAVE_SYS_UTSNAME_H 1
| #define HAVE_SYS_WAIT_H 1
| #define HAVE_SYSEXITS_H 1
| #define HAVE_SYSLOG_H 1
| #define HAVE_TERMIOS_H 1
| #define HAVE_UTIME_H 1
| #define HAVE_DIRENT_H 1
| #define HAVE_NET_IF_H 1
| #define HAVE_MAKEDEV 1
| #define _LARGEFILE_SOURCE 1
| #define _FILE_OFFSET_BITS 64
| #if defined(SCO_DS)
| #undef _OFF_T
| #endif
| #define RETSIGTYPE void
| #define HAVE_SSIZE_T 1
| #define HAVE_GCC_UINT128_T 1
| #define SIZEOF_INT 4
| #define SIZEOF_LONG 8
| #define ALIGNOF_LONG 8
| #define SIZEOF_LONG_LONG 8
| #define SIZEOF_VOID_P 16
| #define SIZEOF_SHORT 2
| #define SIZEOF_FLOAT 4
| #define SIZEOF_DOUBLE 8
| #define SIZEOF_FPOS_T 8
| #define SIZEOF_SIZE_T 8
| #define ALIGNOF_SIZE_T 8
| #define SIZEOF_PID_T 4
| #define SIZEOF_UINTPTR_T 16
| #define ALIGNOF_MAX_ALIGN_T 16
| #define HAVE_LONG_DOUBLE 1
| #define SIZEOF_LONG_DOUBLE 16
| #define SIZEOF__BOOL 1
| #define SIZEOF_OFF_T 8
| #define SIZEOF_TIME_T 8
| #define SIZEOF_PTHREAD_T 16
| #define SIZEOF_PTHREAD_KEY_T 4
| #define PTHREAD_KEY_T_IS_COMPATIBLE_WITH_INT 1
| #define HAVE_LIBDL 1
| #define HAVE_UUID_H 1
| #define HAVE_UUID_CREATE 1
| #define HAVE_UUID_ENC_BE 1
| #define WITH_LIBINTL 1
| #define HAVE_FFI_PREP_CIF_VAR 1
| #define HAVE_FFI_PREP_CLOSURE_LOC 1
| #define HAVE_FFI_CLOSURE_ALLOC 1
| #define WITH_DECIMAL_CONTEXTVAR 1
| #define HAVE_RPC_RPC_H 1
| #define HAVE_LIBSQLITE3 1
| #define HAVE_LIBSQLITE3 1
| #define HAVE_LIBSQLITE3 1
| #define HAVE_LIBSQLITE3 1
| #define HAVE_LIBSQLITE3 1
| #define HAVE_LIBSQLITE3 1
| #define HAVE_LIBSQLITE3 1
| #define HAVE_LIBSQLITE3 1
| #define HAVE_LIBSQLITE3 1
| #define PY_SQLITE_HAVE_SERIALIZE 1
| #define HAVE_GDBM_H 1
| #define HAVE_NDBM_H 1
| #define HAVE_DB_H 1
| #define PTHREAD_SYSTEM_SCHED_SUPPORTED 1
| #define HAVE_PTHREAD_SIGMASK 1
| #define HAVE_PTHREAD_GETCPUCLOCKID 1
| #define ENABLE_IPV6 1
| #define WITH_DOC_STRINGS 1
| #define WITH_PYMALLOC 1
| #define WITH_FREELISTS 1
| #define PY_COERCE_C_LOCALE 1
| #define HAVE_DLOPEN 1
| #define HAVE_DYNAMIC_LOADING 1
| #define HAVE_ACCEPT4 1
| #define HAVE_ALARM 1
| #define HAVE_BIND_TEXTDOMAIN_CODESET 1
| #define HAVE_CHMOD 1
| #define HAVE_CHOWN 1
| #define HAVE_CLOCK 1
| #define HAVE_CLOSE_RANGE 1
| #define HAVE_CONFSTR 1
| #define HAVE_COPY_FILE_RANGE 1
| #define HAVE_CTERMID 1
| #define HAVE_DUP 1
| #define HAVE_DUP3 1
| #define HAVE_EXECV 1
| #define HAVE_EXPLICIT_BZERO 1
| #define HAVE_FACCESSAT 1
| #define HAVE_FCHMOD 1
| #define HAVE_FCHMODAT 1
| #define HAVE_FCHOWN 1
| #define HAVE_FCHOWNAT 1
| #define HAVE_FDOPENDIR 1
| #define HAVE_FEXECVE 1
| #define HAVE_FORK 1
| #define HAVE_FPATHCONF 1
| #define HAVE_FSTATAT 1
| #define HAVE_FTRUNCATE 1
| #define HAVE_FUTIMENS 1
| #define HAVE_FUTIMES 1
| #define HAVE_FUTIMESAT 1
| #define HAVE_GAI_STRERROR 1
| #define HAVE_GETEGID 1
| #define HAVE_GETENTROPY 1
| #define HAVE_GETEUID 1
| #define HAVE_GETGID 1
| #define HAVE_GETGRGID 1
| #define HAVE_GETGRGID_R 1
| #define HAVE_GETGRNAM_R 1
| #define HAVE_GETGROUPLIST 1
| #define HAVE_GETGROUPS 1
| #define HAVE_GETHOSTNAME 1
| #define HAVE_GETITIMER 1
| #define HAVE_GETLOADAVG 1
| #define HAVE_GETLOGIN 1
| #define HAVE_GETPEERNAME 1
| #define HAVE_GETPGID 1
| #define HAVE_GETPID 1
| #define HAVE_GETPPID 1
| #define HAVE_GETPRIORITY 1
| #define HAVE_GETPWENT 1
| #define HAVE_GETPWNAM_R 1
| #define HAVE_GETPWUID 1
| #define HAVE_GETPWUID_R 1
| #define HAVE_GETRESGID 1
| #define HAVE_GETRESUID 1
| #define HAVE_GETRUSAGE 1
| #define HAVE_GETSID 1
| #define HAVE_GETUID 1
| #define HAVE_GETWD 1
| #define HAVE_IF_NAMEINDEX 1
| #define HAVE_INITGROUPS 1
| #define HAVE_KILL 1
| #define HAVE_KILLPG 1
| #define HAVE_LCHOWN 1
| #define HAVE_LINKAT 1
| #define HAVE_LOCKF 1
| #define HAVE_LSTAT 1
| #define HAVE_LUTIMES 1
| #define HAVE_MADVISE 1
| #define HAVE_MBRTOWC 1
| #define HAVE_MEMRCHR 1
| #define HAVE_MKDIRAT 1
| #define HAVE_MKFIFO 1
| #define HAVE_MKFIFOAT 1
| #define HAVE_MKNOD 1
| #define HAVE_MKNODAT 1
| #define HAVE_MKTIME 1
| #define HAVE_MMAP 1
| #define HAVE_NICE 1
| #define HAVE_OPENAT 1
| #define HAVE_OPENDIR 1
| #define HAVE_PATHCONF 1
| #define HAVE_PAUSE 1
| #define HAVE_PIPE 1
| #define HAVE_PIPE2 1
| #define HAVE_POLL 1
| #define HAVE_POSIX_FADVISE 1
| #define HAVE_POSIX_FALLOCATE 1
| #define HAVE_POSIX_SPAWN 1
| #define HAVE_POSIX_SPAWNP 1
| #define HAVE_PREAD 1
| #define HAVE_PREADV 1
| #define HAVE_PTHREAD_CONDATTR_SETCLOCK 1
| #define HAVE_PTHREAD_KILL 1
| #define HAVE_PWRITE 1
| #define HAVE_PWRITEV 1
| #define HAVE_READLINK 1
| #define HAVE_READLINKAT 1
| #define HAVE_READV 1
| #define HAVE_REALPATH 1
| #define HAVE_RENAMEAT 1
| #define HAVE_SCHED_GET_PRIORITY_MAX 1
| #define HAVE_SCHED_RR_GET_INTERVAL 1
| #define HAVE_SCHED_SETAFFINITY 1
| #define HAVE_SCHED_SETPARAM 1
| #define HAVE_SCHED_SETSCHEDULER 1
| #define HAVE_SEM_GETVALUE 1
| #define HAVE_SEM_OPEN 1
| #define HAVE_SEM_TIMEDWAIT 1
| #define HAVE_SEM_UNLINK 1
| #define HAVE_SENDFILE 1
| #define HAVE_SETEGID 1
| #define HAVE_SETEUID 1
| #define HAVE_SETGID 1
| #define HAVE_SETHOSTNAME 1
| #define HAVE_SETITIMER 1
| #define HAVE_SETLOCALE 1
| #define HAVE_SETPGID 1
| #define HAVE_SETPGRP 1
| #define HAVE_SETPRIORITY 1
| #define HAVE_SETREGID 1
| #define HAVE_SETRESGID 1
| #define HAVE_SETRESUID 1
| #define HAVE_SETREUID 1
| #define HAVE_SETSID 1
| #define HAVE_SETUID 1
| #define HAVE_SETVBUF 1
| #define HAVE_SHUTDOWN 1
| #define HAVE_SIGACTION 1
| #define HAVE_SIGALTSTACK 1
| #define HAVE_SIGFILLSET 1
| #define HAVE_SIGINTERRUPT 1
| #define HAVE_SIGPENDING 1
| #define HAVE_SIGRELSE 1
| #define HAVE_SIGTIMEDWAIT 1
| #define HAVE_SIGWAIT 1
| #define HAVE_SIGWAITINFO 1
| #define HAVE_SNPRINTF 1
| #define HAVE_STRFTIME 1
| #define HAVE_STRLCPY 1
| #define HAVE_STRSIGNAL 1
| #define HAVE_SYMLINKAT 1
| #define HAVE_SYNC 1
| #define HAVE_SYSCONF 1
| #define HAVE_SYSTEM 1
| #define HAVE_TCGETPGRP 1
| #define HAVE_TCSETPGRP 1
| #define HAVE_TEMPNAM 1
| #define HAVE_TIMEGM 1
| #define HAVE_TIMES 1
| #define HAVE_TMPFILE 1
| #define HAVE_TMPNAM 1
| #define HAVE_TRUNCATE 1
| #define HAVE_TTYNAME 1
| #define HAVE_UMASK 1
| #define HAVE_UNAME 1
| #define HAVE_UNLINKAT 1
| #define HAVE_UTIMENSAT 1
| #define HAVE_UTIMES 1
| #define HAVE_VFORK 1
| #define HAVE_WAIT 1
| #define HAVE_WAIT3 1
| #define HAVE_WAIT4 1
| #define HAVE_WAITID 1
| #define HAVE_WAITPID 1
| #define HAVE_WCSCOLL 1
| #define HAVE_WCSFTIME 1
| #define HAVE_WCSXFRM 1
| #define HAVE_WMEMCMP 1
| #define HAVE_WRITEV 1
| #define HAVE_LCHMOD 1
| #define HAVE_DIRFD 1
| #define HAVE_CHROOT 1
| #define HAVE_LINK 1
| #define HAVE_SYMLINK 1
| #define HAVE_FCHDIR 1
| #define HAVE_FSYNC 1
| #define HAVE_FDATASYNC 1
| #define HAVE_KQUEUE 1
| /* end confdefs.h.  */
| #include <mach-o/dyld.h>
| int
| main (void)
| {
| void *x=_dyld_shared_cache_contains_path
|   ;
|   return 0;
| }
configure:19148: result: no
configure:19162: checking for memfd_create
configure:19186: cc -pthread -c -mabi=purecap -I/usr/local/include -I/usr/include conftest.c >&5
configure:19186: $? = 0
configure:19195: result: yes
configure:19209: checking for eventfd
configure:19230: cc -pthread -c -mabi=purecap -I/usr/local/include -I/usr/include conftest.c >&5
configure:19230: $? = 0
configure:19239: result: yes
configure:19259: checking for ctermid_r
configure:19276: cc -pthread -c -mabi=purecap -I/usr/local/include -I/usr/include conftest.c >&5
configure:19276: $? = 0
configure:19285: result: yes
configure:19297: checking for flock declaration
configure:19315: cc -pthread -c -mabi=purecap -I/usr/local/include -I/usr/include conftest.c >&5
configure:19315: $? = 0
configure:19325: result: yes
configure:19332: checking for flock
configure:19332: cc -pthread -o conftest -mabi=purecap -I/usr/local/include -I/usr/include -mabi=purecap -L/usr/local/lib -L/usr/lib -lmd -lcheri_caprevoke conftest.c -lintl -ldl  >&5
configure:19332: $? = 0
configure:19332: result: yes
configure:19385: checking for getpagesize
configure:19402: cc -pthread -c -mabi=purecap -I/usr/local/include -I/usr/include conftest.c >&5
configure:19402: $? = 0
configure:19411: result: yes
configure:19423: checking for broken unsetenv
configure:19440: cc -pthread -c -mabi=purecap -I/usr/local/include -I/usr/include conftest.c >&5
configure:19440: $? = 0
configure:19450: result: no
configure:19465: checking for true
configure:19486: found /usr/bin/true
configure:19497: result: true
configure:19510: checking for inet_aton in -lc
configure:19533: cc -pthread -o conftest -mabi=purecap -I/usr/local/include -I/usr/include -mabi=purecap -L/usr/local/lib -L/usr/lib -lmd -lcheri_caprevoke conftest.c -lc  -lintl -ldl  >&5
configure:19533: $? = 0
configure:19543: result: yes
configure:19598: checking for chflags
configure:19621: cc -pthread -o conftest -mabi=purecap -I/usr/local/include -I/usr/include -mabi=purecap -L/usr/local/lib -L/usr/lib -lmd -lcheri_caprevoke conftest.c -lintl -ldl  >&5
configure:19621: $? = 0
configure:19621: ./conftest
configure:19621: $? = 0
configure:19633: result: yes
configure:19651: checking for lchflags
configure:19674: cc -pthread -o conftest -mabi=purecap -I/usr/local/include -I/usr/include -mabi=purecap -L/usr/local/lib -L/usr/lib -lmd -lcheri_caprevoke conftest.c -lintl -ldl  >&5
configure:19674: $? = 0
configure:19674: ./conftest
configure:19674: $? = 0
configure:19686: result: yes
configure:19722: checking for zlib >= 1.2.0
configure:19729: $PKG_CONFIG --exists --print-errors "zlib >= 1.2.0"
configure:19732: $? = 0
configure:19746: $PKG_CONFIG --exists --print-errors "zlib >= 1.2.0"
configure:19749: $? = 0
configure:20037: result: yes
configure:20070: checking for bzip2
configure:20077: $PKG_CONFIG --exists --print-errors "bzip2"
Package bzip2 was not found in the pkg-config search path.
Perhaps you should add the directory containing `bzip2.pc'
to the PKG_CONFIG_PATH environment variable
Package 'bzip2', required by 'virtual:world', not found
configure:20080: $? = 1
configure:20094: $PKG_CONFIG --exists --print-errors "bzip2"
Package bzip2 was not found in the pkg-config search path.
Perhaps you should add the directory containing `bzip2.pc'
to the PKG_CONFIG_PATH environment variable
Package 'bzip2', required by 'virtual:world', not found
configure:20097: $? = 1
configure:20111: result: no
Package 'bzip2', required by 'virtual:world', not found
configure:20138: checking for bzlib.h
configure:20138: cc -pthread -c -mabi=purecap -I/usr/local/include -I/usr/include  conftest.c >&5
configure:20138: $? = 0
configure:20138: result: yes
configure:20143: checking for BZ2_bzCompress in -lbz2
configure:20166: cc -pthread -o conftest -mabi=purecap -I/usr/local/include -I/usr/include  -mabi=purecap -L/usr/local/lib -L/usr/lib -lmd -lcheri_caprevoke  conftest.c -lbz2  -lintl -ldl  >&5
configure:20166: $? = 0
configure:20176: result: yes
configure:20298: checking for liblzma
configure:20305: $PKG_CONFIG --exists --print-errors "liblzma"
configure:20308: $? = 0
configure:20322: $PKG_CONFIG --exists --print-errors "liblzma"
configure:20325: $? = 0
configure:20519: result: yes
configure:20528: checking for hstrerror
configure:20545: cc -pthread -c -mabi=purecap -I/usr/local/include -I/usr/include conftest.c >&5
configure:20545: $? = 0
configure:20554: result: yes
configure:20567: checking for getservbyname
configure:20584: cc -pthread -c -mabi=purecap -I/usr/local/include -I/usr/include conftest.c >&5
configure:20584: $? = 0
configure:20593: result: yes
configure:20606: checking for getservbyport
configure:20623: cc -pthread -c -mabi=purecap -I/usr/local/include -I/usr/include conftest.c >&5
configure:20623: $? = 0
configure:20632: result: yes
configure:20645: checking for gethostbyname
configure:20662: cc -pthread -c -mabi=purecap -I/usr/local/include -I/usr/include conftest.c >&5
configure:20662: $? = 0
configure:20671: result: yes
configure:20684: checking for gethostbyaddr
configure:20701: cc -pthread -c -mabi=purecap -I/usr/local/include -I/usr/include conftest.c >&5
configure:20701: $? = 0
configure:20710: result: yes
configure:20723: checking for getprotobyname
configure:20740: cc -pthread -c -mabi=purecap -I/usr/local/include -I/usr/include conftest.c >&5
configure:20740: $? = 0
configure:20749: result: yes
configure:20765: checking for inet_aton
configure:20787: cc -pthread -c -mabi=purecap -I/usr/local/include -I/usr/include conftest.c >&5
configure:20787: $? = 0
configure:20796: result: yes
configure:20809: checking for inet_ntoa
configure:20831: cc -pthread -c -mabi=purecap -I/usr/local/include -I/usr/include conftest.c >&5
configure:20831: $? = 0
configure:20840: result: yes
configure:20853: checking for inet_pton
configure:20875: cc -pthread -c -mabi=purecap -I/usr/local/include -I/usr/include conftest.c >&5
configure:20875: $? = 0
configure:20884: result: yes
configure:20897: checking for getpeername
configure:20928: result: yes
configure:20941: checking for getsockname
configure:20963: cc -pthread -c -mabi=purecap -I/usr/local/include -I/usr/include conftest.c >&5
configure:20963: $? = 0
configure:20972: result: yes
configure:20985: checking for accept
configure:21007: cc -pthread -c -mabi=purecap -I/usr/local/include -I/usr/include conftest.c >&5
configure:21007: $? = 0
configure:21016: result: yes
configure:21029: checking for bind
configure:21051: cc -pthread -c -mabi=purecap -I/usr/local/include -I/usr/include conftest.c >&5
configure:21051: $? = 0
configure:21060: result: yes
configure:21073: checking for connect
configure:21095: cc -pthread -c -mabi=purecap -I/usr/local/include -I/usr/include conftest.c >&5
configure:21095: $? = 0
configure:21104: result: yes
configure:21117: checking for listen
configure:21139: cc -pthread -c -mabi=purecap -I/usr/local/include -I/usr/include conftest.c >&5
configure:21139: $? = 0
configure:21148: result: yes
configure:21161: checking for recvfrom
configure:21183: cc -pthread -c -mabi=purecap -I/usr/local/include -I/usr/include conftest.c >&5
configure:21183: $? = 0
configure:21192: result: yes
configure:21205: checking for sendto
configure:21227: cc -pthread -c -mabi=purecap -I/usr/local/include -I/usr/include conftest.c >&5
configure:21227: $? = 0
configure:21236: result: yes
configure:21249: checking for setsockopt
configure:21271: cc -pthread -c -mabi=purecap -I/usr/local/include -I/usr/include conftest.c >&5
configure:21271: $? = 0
configure:21280: result: yes
configure:21293: checking for socket
configure:21315: cc -pthread -c -mabi=purecap -I/usr/local/include -I/usr/include conftest.c >&5
configure:21315: $? = 0
configure:21324: result: yes
configure:21339: checking for setgroups
configure:21361: cc -pthread -c -mabi=purecap -I/usr/local/include -I/usr/include conftest.c >&5
configure:21361: $? = 0
configure:21370: result: yes
configure:21387: checking for openpty
configure:21387: cc -pthread -o conftest -mabi=purecap -I/usr/local/include -I/usr/include -mabi=purecap -L/usr/local/lib -L/usr/lib -lmd -lcheri_caprevoke conftest.c -lintl -ldl  >&5
ld: error: undefined symbol: openpty
>>> referenced by conftest.c
>>>               /tmp/conftest-866814.o:(main)
clang-14: error: linker command failed with exit code 1 (use -v to see invocation)
configure:21387: $? = 1
configure: failed program was:
| /* confdefs.h */
| #define _NETBSD_SOURCE 1
| #define __BSD_VISIBLE 1
| #define _DARWIN_C_SOURCE 1
| #define _PYTHONFRAMEWORK ""
| #define _XOPEN_SOURCE 700
| #define _XOPEN_SOURCE_EXTENDED 1
| #define _POSIX_C_SOURCE 200809L
| #define HAVE_STDIO_H 1
| #define HAVE_STDLIB_H 1
| #define HAVE_STRING_H 1
| #define HAVE_INTTYPES_H 1
| #define HAVE_STDINT_H 1
| #define HAVE_STRINGS_H 1
| #define HAVE_SYS_STAT_H 1
| #define HAVE_SYS_TYPES_H 1
| #define HAVE_UNISTD_H 1
| #define HAVE_WCHAR_H 1
| #define STDC_HEADERS 1
| #define _ALL_SOURCE 1
| #define _DARWIN_C_SOURCE 1
| #define _GNU_SOURCE 1
| #define _HPUX_ALT_XOPEN_SOCKET_API 1
| #define _NETBSD_SOURCE 1
| #define _OPENBSD_SOURCE 1
| #define _POSIX_PTHREAD_SEMANTICS 1
| #define __STDC_WANT_IEC_60559_ATTRIBS_EXT__ 1
| #define __STDC_WANT_IEC_60559_BFP_EXT__ 1
| #define __STDC_WANT_IEC_60559_DFP_EXT__ 1
| #define __STDC_WANT_IEC_60559_FUNCS_EXT__ 1
| #define __STDC_WANT_IEC_60559_TYPES_EXT__ 1
| #define __STDC_WANT_LIB_EXT2__ 1
| #define __STDC_WANT_MATH_SPEC_FUNCS__ 1
| #define _TANDEM_SOURCE 1
| #define __EXTENSIONS__ 1
| #define PY_SUPPORT_TIER 0
| #define Py_DEBUG 1
| #define STDC_HEADERS 1
| #define HAVE_BLUETOOTH_H 1
| #define HAVE_DLFCN_H 1
| #define HAVE_ENDIAN_H 1
| #define HAVE_ERRNO_H 1
| #define HAVE_FCNTL_H 1
| #define HAVE_GRP_H 1
| #define HAVE_IEEEFP_H 1
| #define HAVE_LANGINFO_H 1
| #define HAVE_LIBINTL_H 1
| #define HAVE_LIBUTIL_H 1
| #define HAVE_SYS_AUXV_H 1
| #define HAVE_NETDB_H 1
| #define HAVE_NET_ETHERNET_H 1
| #define HAVE_NETINET_IN_H 1
| #define HAVE_POLL_H 1
| #define HAVE_PTHREAD_H 1
| #define HAVE_SCHED_H 1
| #define HAVE_SETJMP_H 1
| #define HAVE_SIGNAL_H 1
| #define HAVE_SPAWN_H 1
| #define HAVE_SYS_ENDIAN_H 1
| #define HAVE_SYS_EVENT_H 1
| #define HAVE_SYS_EVENTFD_H 1
| #define HAVE_SYS_FILE_H 1
| #define HAVE_SYS_IOCTL_H 1
| #define HAVE_SYS_LOCK_H 1
| #define HAVE_SYS_MMAN_H 1
| #define HAVE_SYS_PARAM_H 1
| #define HAVE_SYS_POLL_H 1
| #define HAVE_SYS_RANDOM_H 1
| #define HAVE_SYS_RESOURCE_H 1
| #define HAVE_SYS_SELECT_H 1
| #define HAVE_SYS_SOCKET_H 1
| #define HAVE_SYS_SOUNDCARD_H 1
| #define HAVE_SYS_STAT_H 1
| #define HAVE_SYS_STATVFS_H 1
| #define HAVE_SYS_SYSCALL_H 1
| #define HAVE_SYS_TIME_H 1
| #define HAVE_SYS_TIMES_H 1
| #define HAVE_SYS_TYPES_H 1
| #define HAVE_SYS_UIO_H 1
| #define HAVE_SYS_UN_H 1
| #define HAVE_SYS_UTSNAME_H 1
| #define HAVE_SYS_WAIT_H 1
| #define HAVE_SYSEXITS_H 1
| #define HAVE_SYSLOG_H 1
| #define HAVE_TERMIOS_H 1
| #define HAVE_UTIME_H 1
| #define HAVE_DIRENT_H 1
| #define HAVE_NET_IF_H 1
| #define HAVE_MAKEDEV 1
| #define _LARGEFILE_SOURCE 1
| #define _FILE_OFFSET_BITS 64
| #if defined(SCO_DS)
| #undef _OFF_T
| #endif
| #define RETSIGTYPE void
| #define HAVE_SSIZE_T 1
| #define HAVE_GCC_UINT128_T 1
| #define SIZEOF_INT 4
| #define SIZEOF_LONG 8
| #define ALIGNOF_LONG 8
| #define SIZEOF_LONG_LONG 8
| #define SIZEOF_VOID_P 16
| #define SIZEOF_SHORT 2
| #define SIZEOF_FLOAT 4
| #define SIZEOF_DOUBLE 8
| #define SIZEOF_FPOS_T 8
| #define SIZEOF_SIZE_T 8
| #define ALIGNOF_SIZE_T 8
| #define SIZEOF_PID_T 4
| #define SIZEOF_UINTPTR_T 16
| #define ALIGNOF_MAX_ALIGN_T 16
| #define HAVE_LONG_DOUBLE 1
| #define SIZEOF_LONG_DOUBLE 16
| #define SIZEOF__BOOL 1
| #define SIZEOF_OFF_T 8
| #define SIZEOF_TIME_T 8
| #define SIZEOF_PTHREAD_T 16
| #define SIZEOF_PTHREAD_KEY_T 4
| #define PTHREAD_KEY_T_IS_COMPATIBLE_WITH_INT 1
| #define HAVE_LIBDL 1
| #define HAVE_UUID_H 1
| #define HAVE_UUID_CREATE 1
| #define HAVE_UUID_ENC_BE 1
| #define WITH_LIBINTL 1
| #define HAVE_FFI_PREP_CIF_VAR 1
| #define HAVE_FFI_PREP_CLOSURE_LOC 1
| #define HAVE_FFI_CLOSURE_ALLOC 1
| #define WITH_DECIMAL_CONTEXTVAR 1
| #define HAVE_RPC_RPC_H 1
| #define HAVE_LIBSQLITE3 1
| #define HAVE_LIBSQLITE3 1
| #define HAVE_LIBSQLITE3 1
| #define HAVE_LIBSQLITE3 1
| #define HAVE_LIBSQLITE3 1
| #define HAVE_LIBSQLITE3 1
| #define HAVE_LIBSQLITE3 1
| #define HAVE_LIBSQLITE3 1
| #define HAVE_LIBSQLITE3 1
| #define PY_SQLITE_HAVE_SERIALIZE 1
| #define HAVE_GDBM_H 1
| #define HAVE_NDBM_H 1
| #define HAVE_DB_H 1
| #define PTHREAD_SYSTEM_SCHED_SUPPORTED 1
| #define HAVE_PTHREAD_SIGMASK 1
| #define HAVE_PTHREAD_GETCPUCLOCKID 1
| #define ENABLE_IPV6 1
| #define WITH_DOC_STRINGS 1
| #define WITH_PYMALLOC 1
| #define WITH_FREELISTS 1
| #define PY_COERCE_C_LOCALE 1
| #define HAVE_DLOPEN 1
| #define HAVE_DYNAMIC_LOADING 1
| #define HAVE_ACCEPT4 1
| #define HAVE_ALARM 1
| #define HAVE_BIND_TEXTDOMAIN_CODESET 1
| #define HAVE_CHMOD 1
| #define HAVE_CHOWN 1
| #define HAVE_CLOCK 1
| #define HAVE_CLOSE_RANGE 1
| #define HAVE_CONFSTR 1
| #define HAVE_COPY_FILE_RANGE 1
| #define HAVE_CTERMID 1
| #define HAVE_DUP 1
| #define HAVE_DUP3 1
| #define HAVE_EXECV 1
| #define HAVE_EXPLICIT_BZERO 1
| #define HAVE_FACCESSAT 1
| #define HAVE_FCHMOD 1
| #define HAVE_FCHMODAT 1
| #define HAVE_FCHOWN 1
| #define HAVE_FCHOWNAT 1
| #define HAVE_FDOPENDIR 1
| #define HAVE_FEXECVE 1
| #define HAVE_FORK 1
| #define HAVE_FPATHCONF 1
| #define HAVE_FSTATAT 1
| #define HAVE_FTRUNCATE 1
| #define HAVE_FUTIMENS 1
| #define HAVE_FUTIMES 1
| #define HAVE_FUTIMESAT 1
| #define HAVE_GAI_STRERROR 1
| #define HAVE_GETEGID 1
| #define HAVE_GETENTROPY 1
| #define HAVE_GETEUID 1
| #define HAVE_GETGID 1
| #define HAVE_GETGRGID 1
| #define HAVE_GETGRGID_R 1
| #define HAVE_GETGRNAM_R 1
| #define HAVE_GETGROUPLIST 1
| #define HAVE_GETGROUPS 1
| #define HAVE_GETHOSTNAME 1
| #define HAVE_GETITIMER 1
| #define HAVE_GETLOADAVG 1
| #define HAVE_GETLOGIN 1
| #define HAVE_GETPEERNAME 1
| #define HAVE_GETPGID 1
| #define HAVE_GETPID 1
| #define HAVE_GETPPID 1
| #define HAVE_GETPRIORITY 1
| #define HAVE_GETPWENT 1
| #define HAVE_GETPWNAM_R 1
| #define HAVE_GETPWUID 1
| #define HAVE_GETPWUID_R 1
| #define HAVE_GETRESGID 1
| #define HAVE_GETRESUID 1
| #define HAVE_GETRUSAGE 1
| #define HAVE_GETSID 1
| #define HAVE_GETUID 1
| #define HAVE_GETWD 1
| #define HAVE_IF_NAMEINDEX 1
| #define HAVE_INITGROUPS 1
| #define HAVE_KILL 1
| #define HAVE_KILLPG 1
| #define HAVE_LCHOWN 1
| #define HAVE_LINKAT 1
| #define HAVE_LOCKF 1
| #define HAVE_LSTAT 1
| #define HAVE_LUTIMES 1
| #define HAVE_MADVISE 1
| #define HAVE_MBRTOWC 1
| #define HAVE_MEMRCHR 1
| #define HAVE_MKDIRAT 1
| #define HAVE_MKFIFO 1
| #define HAVE_MKFIFOAT 1
| #define HAVE_MKNOD 1
| #define HAVE_MKNODAT 1
| #define HAVE_MKTIME 1
| #define HAVE_MMAP 1
| #define HAVE_NICE 1
| #define HAVE_OPENAT 1
| #define HAVE_OPENDIR 1
| #define HAVE_PATHCONF 1
| #define HAVE_PAUSE 1
| #define HAVE_PIPE 1
| #define HAVE_PIPE2 1
| #define HAVE_POLL 1
| #define HAVE_POSIX_FADVISE 1
| #define HAVE_POSIX_FALLOCATE 1
| #define HAVE_POSIX_SPAWN 1
| #define HAVE_POSIX_SPAWNP 1
| #define HAVE_PREAD 1
| #define HAVE_PREADV 1
| #define HAVE_PTHREAD_CONDATTR_SETCLOCK 1
| #define HAVE_PTHREAD_KILL 1
| #define HAVE_PWRITE 1
| #define HAVE_PWRITEV 1
| #define HAVE_READLINK 1
| #define HAVE_READLINKAT 1
| #define HAVE_READV 1
| #define HAVE_REALPATH 1
| #define HAVE_RENAMEAT 1
| #define HAVE_SCHED_GET_PRIORITY_MAX 1
| #define HAVE_SCHED_RR_GET_INTERVAL 1
| #define HAVE_SCHED_SETAFFINITY 1
| #define HAVE_SCHED_SETPARAM 1
| #define HAVE_SCHED_SETSCHEDULER 1
| #define HAVE_SEM_GETVALUE 1
| #define HAVE_SEM_OPEN 1
| #define HAVE_SEM_TIMEDWAIT 1
| #define HAVE_SEM_UNLINK 1
| #define HAVE_SENDFILE 1
| #define HAVE_SETEGID 1
| #define HAVE_SETEUID 1
| #define HAVE_SETGID 1
| #define HAVE_SETHOSTNAME 1
| #define HAVE_SETITIMER 1
| #define HAVE_SETLOCALE 1
| #define HAVE_SETPGID 1
| #define HAVE_SETPGRP 1
| #define HAVE_SETPRIORITY 1
| #define HAVE_SETREGID 1
| #define HAVE_SETRESGID 1
| #define HAVE_SETRESUID 1
| #define HAVE_SETREUID 1
| #define HAVE_SETSID 1
| #define HAVE_SETUID 1
| #define HAVE_SETVBUF 1
| #define HAVE_SHUTDOWN 1
| #define HAVE_SIGACTION 1
| #define HAVE_SIGALTSTACK 1
| #define HAVE_SIGFILLSET 1
| #define HAVE_SIGINTERRUPT 1
| #define HAVE_SIGPENDING 1
| #define HAVE_SIGRELSE 1
| #define HAVE_SIGTIMEDWAIT 1
| #define HAVE_SIGWAIT 1
| #define HAVE_SIGWAITINFO 1
| #define HAVE_SNPRINTF 1
| #define HAVE_STRFTIME 1
| #define HAVE_STRLCPY 1
| #define HAVE_STRSIGNAL 1
| #define HAVE_SYMLINKAT 1
| #define HAVE_SYNC 1
| #define HAVE_SYSCONF 1
| #define HAVE_SYSTEM 1
| #define HAVE_TCGETPGRP 1
| #define HAVE_TCSETPGRP 1
| #define HAVE_TEMPNAM 1
| #define HAVE_TIMEGM 1
| #define HAVE_TIMES 1
| #define HAVE_TMPFILE 1
| #define HAVE_TMPNAM 1
| #define HAVE_TRUNCATE 1
| #define HAVE_TTYNAME 1
| #define HAVE_UMASK 1
| #define HAVE_UNAME 1
| #define HAVE_UNLINKAT 1
| #define HAVE_UTIMENSAT 1
| #define HAVE_UTIMES 1
| #define HAVE_VFORK 1
| #define HAVE_WAIT 1
| #define HAVE_WAIT3 1
| #define HAVE_WAIT4 1
| #define HAVE_WAITID 1
| #define HAVE_WAITPID 1
| #define HAVE_WCSCOLL 1
| #define HAVE_WCSFTIME 1
| #define HAVE_WCSXFRM 1
| #define HAVE_WMEMCMP 1
| #define HAVE_WRITEV 1
| #define HAVE_LCHMOD 1
| #define HAVE_DIRFD 1
| #define HAVE_CHROOT 1
| #define HAVE_LINK 1
| #define HAVE_SYMLINK 1
| #define HAVE_FCHDIR 1
| #define HAVE_FSYNC 1
| #define HAVE_FDATASYNC 1
| #define HAVE_KQUEUE 1
| #define HAVE_MEMFD_CREATE 1
| #define HAVE_EVENTFD 1
| #define HAVE_CTERMID_R 1
| #define HAVE_FLOCK 1
| #define HAVE_GETPAGESIZE 1
| #define HAVE_CHFLAGS 1
| #define HAVE_LCHFLAGS 1
| #define HAVE_ZLIB_COPY 1
| #define HAVE_BZLIB_H 1
| #define HAVE_HSTRERROR 1
| #define HAVE_GETSERVBYNAME 1
| #define HAVE_GETSERVBYPORT 1
| #define HAVE_GETHOSTBYNAME 1
| #define HAVE_GETHOSTBYADDR 1
| #define HAVE_GETPROTOBYNAME 1
| #define HAVE_INET_ATON 1
| #define HAVE_INET_NTOA 1
| #define HAVE_INET_PTON 1
| #define HAVE_GETPEERNAME 1
| #define HAVE_GETSOCKNAME 1
| #define HAVE_ACCEPT 1
| #define HAVE_BIND 1
| #define HAVE_CONNECT 1
| #define HAVE_LISTEN 1
| #define HAVE_RECVFROM 1
| #define HAVE_SENDTO 1
| #define HAVE_SETSOCKOPT 1
| #define HAVE_SOCKET 1
| #define HAVE_SETGROUPS 1
| /* end confdefs.h.  */
| /* Define openpty to an innocuous variant, in case <limits.h> declares openpty.
|    For example, HP-UX 11i <limits.h> declares gettimeofday.  */
| #define openpty innocuous_openpty
| 
| /* System header to define __stub macros and hopefully few prototypes,
|    which can conflict with char openpty (); below.  */
| 
| #include <limits.h>
| #undef openpty
| 
| /* Override any GCC internal prototype to avoid an error.
|    Use char because int might match the return type of a GCC
|    builtin and then its argument prototype would still apply.  */
| #ifdef __cplusplus
| extern "C"
| #endif
| char openpty ();
| /* The GNU C library defines this for functions which it implements
|     to always fail with ENOSYS.  Some functions are actually named
|     something starting with __ and the normal name is an alias.  */
| #if defined __stub_openpty || defined __stub___openpty
| choke me
| #endif
| 
| int
| main (void)
| {
| return openpty ();
|   ;
|   return 0;
| }
configure:21387: result: no
configure:21393: checking for openpty in -lutil
configure:21416: cc -pthread -o conftest -mabi=purecap -I/usr/local/include -I/usr/include -mabi=purecap -L/usr/local/lib -L/usr/lib -lmd -lcheri_caprevoke conftest.c -lutil  -lintl -ldl  >&5
configure:21416: $? = 0
configure:21426: result: yes
configure:21479: checking for library containing login_tty
configure:21509: cc -pthread -o conftest -mabi=purecap -I/usr/local/include -I/usr/include -mabi=purecap -L/usr/local/lib -L/usr/lib -lmd -lcheri_caprevoke conftest.c -lintl -ldl  -lutil >&5
configure:21509: $? = 0
configure:21529: result: none required
configure:21544: checking for forkpty
configure:21544: cc -pthread -o conftest -mabi=purecap -I/usr/local/include -I/usr/include -mabi=purecap -L/usr/local/lib -L/usr/lib -lmd -lcheri_caprevoke conftest.c -lintl -ldl  -lutil >&5
configure:21544: $? = 0
configure:21544: result: yes
configure:21638: checking for fseek64
configure:21638: cc -pthread -o conftest -mabi=purecap -I/usr/local/include -I/usr/include -mabi=purecap -L/usr/local/lib -L/usr/lib -lmd -lcheri_caprevoke conftest.c -lintl -ldl  -lutil >&5
ld: error: undefined symbol: fseek64
>>> referenced by conftest.c
>>>               /tmp/conftest-c36004.o:(main)
clang-14: error: linker command failed with exit code 1 (use -v to see invocation)
configure:21638: $? = 1
configure: failed program was:
| /* confdefs.h */
| #define _NETBSD_SOURCE 1
| #define __BSD_VISIBLE 1
| #define _DARWIN_C_SOURCE 1
| #define _PYTHONFRAMEWORK ""
| #define _XOPEN_SOURCE 700
| #define _XOPEN_SOURCE_EXTENDED 1
| #define _POSIX_C_SOURCE 200809L
| #define HAVE_STDIO_H 1
| #define HAVE_STDLIB_H 1
| #define HAVE_STRING_H 1
| #define HAVE_INTTYPES_H 1
| #define HAVE_STDINT_H 1
| #define HAVE_STRINGS_H 1
| #define HAVE_SYS_STAT_H 1
| #define HAVE_SYS_TYPES_H 1
| #define HAVE_UNISTD_H 1
| #define HAVE_WCHAR_H 1
| #define STDC_HEADERS 1
| #define _ALL_SOURCE 1
| #define _DARWIN_C_SOURCE 1
| #define _GNU_SOURCE 1
| #define _HPUX_ALT_XOPEN_SOCKET_API 1
| #define _NETBSD_SOURCE 1
| #define _OPENBSD_SOURCE 1
| #define _POSIX_PTHREAD_SEMANTICS 1
| #define __STDC_WANT_IEC_60559_ATTRIBS_EXT__ 1
| #define __STDC_WANT_IEC_60559_BFP_EXT__ 1
| #define __STDC_WANT_IEC_60559_DFP_EXT__ 1
| #define __STDC_WANT_IEC_60559_FUNCS_EXT__ 1
| #define __STDC_WANT_IEC_60559_TYPES_EXT__ 1
| #define __STDC_WANT_LIB_EXT2__ 1
| #define __STDC_WANT_MATH_SPEC_FUNCS__ 1
| #define _TANDEM_SOURCE 1
| #define __EXTENSIONS__ 1
| #define PY_SUPPORT_TIER 0
| #define Py_DEBUG 1
| #define STDC_HEADERS 1
| #define HAVE_BLUETOOTH_H 1
| #define HAVE_DLFCN_H 1
| #define HAVE_ENDIAN_H 1
| #define HAVE_ERRNO_H 1
| #define HAVE_FCNTL_H 1
| #define HAVE_GRP_H 1
| #define HAVE_IEEEFP_H 1
| #define HAVE_LANGINFO_H 1
| #define HAVE_LIBINTL_H 1
| #define HAVE_LIBUTIL_H 1
| #define HAVE_SYS_AUXV_H 1
| #define HAVE_NETDB_H 1
| #define HAVE_NET_ETHERNET_H 1
| #define HAVE_NETINET_IN_H 1
| #define HAVE_POLL_H 1
| #define HAVE_PTHREAD_H 1
| #define HAVE_SCHED_H 1
| #define HAVE_SETJMP_H 1
| #define HAVE_SIGNAL_H 1
| #define HAVE_SPAWN_H 1
| #define HAVE_SYS_ENDIAN_H 1
| #define HAVE_SYS_EVENT_H 1
| #define HAVE_SYS_EVENTFD_H 1
| #define HAVE_SYS_FILE_H 1
| #define HAVE_SYS_IOCTL_H 1
| #define HAVE_SYS_LOCK_H 1
| #define HAVE_SYS_MMAN_H 1
| #define HAVE_SYS_PARAM_H 1
| #define HAVE_SYS_POLL_H 1
| #define HAVE_SYS_RANDOM_H 1
| #define HAVE_SYS_RESOURCE_H 1
| #define HAVE_SYS_SELECT_H 1
| #define HAVE_SYS_SOCKET_H 1
| #define HAVE_SYS_SOUNDCARD_H 1
| #define HAVE_SYS_STAT_H 1
| #define HAVE_SYS_STATVFS_H 1
| #define HAVE_SYS_SYSCALL_H 1
| #define HAVE_SYS_TIME_H 1
| #define HAVE_SYS_TIMES_H 1
| #define HAVE_SYS_TYPES_H 1
| #define HAVE_SYS_UIO_H 1
| #define HAVE_SYS_UN_H 1
| #define HAVE_SYS_UTSNAME_H 1
| #define HAVE_SYS_WAIT_H 1
| #define HAVE_SYSEXITS_H 1
| #define HAVE_SYSLOG_H 1
| #define HAVE_TERMIOS_H 1
| #define HAVE_UTIME_H 1
| #define HAVE_DIRENT_H 1
| #define HAVE_NET_IF_H 1
| #define HAVE_MAKEDEV 1
| #define _LARGEFILE_SOURCE 1
| #define _FILE_OFFSET_BITS 64
| #if defined(SCO_DS)
| #undef _OFF_T
| #endif
| #define RETSIGTYPE void
| #define HAVE_SSIZE_T 1
| #define HAVE_GCC_UINT128_T 1
| #define SIZEOF_INT 4
| #define SIZEOF_LONG 8
| #define ALIGNOF_LONG 8
| #define SIZEOF_LONG_LONG 8
| #define SIZEOF_VOID_P 16
| #define SIZEOF_SHORT 2
| #define SIZEOF_FLOAT 4
| #define SIZEOF_DOUBLE 8
| #define SIZEOF_FPOS_T 8
| #define SIZEOF_SIZE_T 8
| #define ALIGNOF_SIZE_T 8
| #define SIZEOF_PID_T 4
| #define SIZEOF_UINTPTR_T 16
| #define ALIGNOF_MAX_ALIGN_T 16
| #define HAVE_LONG_DOUBLE 1
| #define SIZEOF_LONG_DOUBLE 16
| #define SIZEOF__BOOL 1
| #define SIZEOF_OFF_T 8
| #define SIZEOF_TIME_T 8
| #define SIZEOF_PTHREAD_T 16
| #define SIZEOF_PTHREAD_KEY_T 4
| #define PTHREAD_KEY_T_IS_COMPATIBLE_WITH_INT 1
| #define HAVE_LIBDL 1
| #define HAVE_UUID_H 1
| #define HAVE_UUID_CREATE 1
| #define HAVE_UUID_ENC_BE 1
| #define WITH_LIBINTL 1
| #define HAVE_FFI_PREP_CIF_VAR 1
| #define HAVE_FFI_PREP_CLOSURE_LOC 1
| #define HAVE_FFI_CLOSURE_ALLOC 1
| #define WITH_DECIMAL_CONTEXTVAR 1
| #define HAVE_RPC_RPC_H 1
| #define HAVE_LIBSQLITE3 1
| #define HAVE_LIBSQLITE3 1
| #define HAVE_LIBSQLITE3 1
| #define HAVE_LIBSQLITE3 1
| #define HAVE_LIBSQLITE3 1
| #define HAVE_LIBSQLITE3 1
| #define HAVE_LIBSQLITE3 1
| #define HAVE_LIBSQLITE3 1
| #define HAVE_LIBSQLITE3 1
| #define PY_SQLITE_HAVE_SERIALIZE 1
| #define HAVE_GDBM_H 1
| #define HAVE_NDBM_H 1
| #define HAVE_DB_H 1
| #define PTHREAD_SYSTEM_SCHED_SUPPORTED 1
| #define HAVE_PTHREAD_SIGMASK 1
| #define HAVE_PTHREAD_GETCPUCLOCKID 1
| #define ENABLE_IPV6 1
| #define WITH_DOC_STRINGS 1
| #define WITH_PYMALLOC 1
| #define WITH_FREELISTS 1
| #define PY_COERCE_C_LOCALE 1
| #define HAVE_DLOPEN 1
| #define HAVE_DYNAMIC_LOADING 1
| #define HAVE_ACCEPT4 1
| #define HAVE_ALARM 1
| #define HAVE_BIND_TEXTDOMAIN_CODESET 1
| #define HAVE_CHMOD 1
| #define HAVE_CHOWN 1
| #define HAVE_CLOCK 1
| #define HAVE_CLOSE_RANGE 1
| #define HAVE_CONFSTR 1
| #define HAVE_COPY_FILE_RANGE 1
| #define HAVE_CTERMID 1
| #define HAVE_DUP 1
| #define HAVE_DUP3 1
| #define HAVE_EXECV 1
| #define HAVE_EXPLICIT_BZERO 1
| #define HAVE_FACCESSAT 1
| #define HAVE_FCHMOD 1
| #define HAVE_FCHMODAT 1
| #define HAVE_FCHOWN 1
| #define HAVE_FCHOWNAT 1
| #define HAVE_FDOPENDIR 1
| #define HAVE_FEXECVE 1
| #define HAVE_FORK 1
| #define HAVE_FPATHCONF 1
| #define HAVE_FSTATAT 1
| #define HAVE_FTRUNCATE 1
| #define HAVE_FUTIMENS 1
| #define HAVE_FUTIMES 1
| #define HAVE_FUTIMESAT 1
| #define HAVE_GAI_STRERROR 1
| #define HAVE_GETEGID 1
| #define HAVE_GETENTROPY 1
| #define HAVE_GETEUID 1
| #define HAVE_GETGID 1
| #define HAVE_GETGRGID 1
| #define HAVE_GETGRGID_R 1
| #define HAVE_GETGRNAM_R 1
| #define HAVE_GETGROUPLIST 1
| #define HAVE_GETGROUPS 1
| #define HAVE_GETHOSTNAME 1
| #define HAVE_GETITIMER 1
| #define HAVE_GETLOADAVG 1
| #define HAVE_GETLOGIN 1
| #define HAVE_GETPEERNAME 1
| #define HAVE_GETPGID 1
| #define HAVE_GETPID 1
| #define HAVE_GETPPID 1
| #define HAVE_GETPRIORITY 1
| #define HAVE_GETPWENT 1
| #define HAVE_GETPWNAM_R 1
| #define HAVE_GETPWUID 1
| #define HAVE_GETPWUID_R 1
| #define HAVE_GETRESGID 1
| #define HAVE_GETRESUID 1
| #define HAVE_GETRUSAGE 1
| #define HAVE_GETSID 1
| #define HAVE_GETUID 1
| #define HAVE_GETWD 1
| #define HAVE_IF_NAMEINDEX 1
| #define HAVE_INITGROUPS 1
| #define HAVE_KILL 1
| #define HAVE_KILLPG 1
| #define HAVE_LCHOWN 1
| #define HAVE_LINKAT 1
| #define HAVE_LOCKF 1
| #define HAVE_LSTAT 1
| #define HAVE_LUTIMES 1
| #define HAVE_MADVISE 1
| #define HAVE_MBRTOWC 1
| #define HAVE_MEMRCHR 1
| #define HAVE_MKDIRAT 1
| #define HAVE_MKFIFO 1
| #define HAVE_MKFIFOAT 1
| #define HAVE_MKNOD 1
| #define HAVE_MKNODAT 1
| #define HAVE_MKTIME 1
| #define HAVE_MMAP 1
| #define HAVE_NICE 1
| #define HAVE_OPENAT 1
| #define HAVE_OPENDIR 1
| #define HAVE_PATHCONF 1
| #define HAVE_PAUSE 1
| #define HAVE_PIPE 1
| #define HAVE_PIPE2 1
| #define HAVE_POLL 1
| #define HAVE_POSIX_FADVISE 1
| #define HAVE_POSIX_FALLOCATE 1
| #define HAVE_POSIX_SPAWN 1
| #define HAVE_POSIX_SPAWNP 1
| #define HAVE_PREAD 1
| #define HAVE_PREADV 1
| #define HAVE_PTHREAD_CONDATTR_SETCLOCK 1
| #define HAVE_PTHREAD_KILL 1
| #define HAVE_PWRITE 1
| #define HAVE_PWRITEV 1
| #define HAVE_READLINK 1
| #define HAVE_READLINKAT 1
| #define HAVE_READV 1
| #define HAVE_REALPATH 1
| #define HAVE_RENAMEAT 1
| #define HAVE_SCHED_GET_PRIORITY_MAX 1
| #define HAVE_SCHED_RR_GET_INTERVAL 1
| #define HAVE_SCHED_SETAFFINITY 1
| #define HAVE_SCHED_SETPARAM 1
| #define HAVE_SCHED_SETSCHEDULER 1
| #define HAVE_SEM_GETVALUE 1
| #define HAVE_SEM_OPEN 1
| #define HAVE_SEM_TIMEDWAIT 1
| #define HAVE_SEM_UNLINK 1
| #define HAVE_SENDFILE 1
| #define HAVE_SETEGID 1
| #define HAVE_SETEUID 1
| #define HAVE_SETGID 1
| #define HAVE_SETHOSTNAME 1
| #define HAVE_SETITIMER 1
| #define HAVE_SETLOCALE 1
| #define HAVE_SETPGID 1
| #define HAVE_SETPGRP 1
| #define HAVE_SETPRIORITY 1
| #define HAVE_SETREGID 1
| #define HAVE_SETRESGID 1
| #define HAVE_SETRESUID 1
| #define HAVE_SETREUID 1
| #define HAVE_SETSID 1
| #define HAVE_SETUID 1
| #define HAVE_SETVBUF 1
| #define HAVE_SHUTDOWN 1
| #define HAVE_SIGACTION 1
| #define HAVE_SIGALTSTACK 1
| #define HAVE_SIGFILLSET 1
| #define HAVE_SIGINTERRUPT 1
| #define HAVE_SIGPENDING 1
| #define HAVE_SIGRELSE 1
| #define HAVE_SIGTIMEDWAIT 1
| #define HAVE_SIGWAIT 1
| #define HAVE_SIGWAITINFO 1
| #define HAVE_SNPRINTF 1
| #define HAVE_STRFTIME 1
| #define HAVE_STRLCPY 1
| #define HAVE_STRSIGNAL 1
| #define HAVE_SYMLINKAT 1
| #define HAVE_SYNC 1
| #define HAVE_SYSCONF 1
| #define HAVE_SYSTEM 1
| #define HAVE_TCGETPGRP 1
| #define HAVE_TCSETPGRP 1
| #define HAVE_TEMPNAM 1
| #define HAVE_TIMEGM 1
| #define HAVE_TIMES 1
| #define HAVE_TMPFILE 1
| #define HAVE_TMPNAM 1
| #define HAVE_TRUNCATE 1
| #define HAVE_TTYNAME 1
| #define HAVE_UMASK 1
| #define HAVE_UNAME 1
| #define HAVE_UNLINKAT 1
| #define HAVE_UTIMENSAT 1
| #define HAVE_UTIMES 1
| #define HAVE_VFORK 1
| #define HAVE_WAIT 1
| #define HAVE_WAIT3 1
| #define HAVE_WAIT4 1
| #define HAVE_WAITID 1
| #define HAVE_WAITPID 1
| #define HAVE_WCSCOLL 1
| #define HAVE_WCSFTIME 1
| #define HAVE_WCSXFRM 1
| #define HAVE_WMEMCMP 1
| #define HAVE_WRITEV 1
| #define HAVE_LCHMOD 1
| #define HAVE_DIRFD 1
| #define HAVE_CHROOT 1
| #define HAVE_LINK 1
| #define HAVE_SYMLINK 1
| #define HAVE_FCHDIR 1
| #define HAVE_FSYNC 1
| #define HAVE_FDATASYNC 1
| #define HAVE_KQUEUE 1
| #define HAVE_MEMFD_CREATE 1
| #define HAVE_EVENTFD 1
| #define HAVE_CTERMID_R 1
| #define HAVE_FLOCK 1
| #define HAVE_GETPAGESIZE 1
| #define HAVE_CHFLAGS 1
| #define HAVE_LCHFLAGS 1
| #define HAVE_ZLIB_COPY 1
| #define HAVE_BZLIB_H 1
| #define HAVE_HSTRERROR 1
| #define HAVE_GETSERVBYNAME 1
| #define HAVE_GETSERVBYPORT 1
| #define HAVE_GETHOSTBYNAME 1
| #define HAVE_GETHOSTBYADDR 1
| #define HAVE_GETPROTOBYNAME 1
| #define HAVE_INET_ATON 1
| #define HAVE_INET_NTOA 1
| #define HAVE_INET_PTON 1
| #define HAVE_GETPEERNAME 1
| #define HAVE_GETSOCKNAME 1
| #define HAVE_ACCEPT 1
| #define HAVE_BIND 1
| #define HAVE_CONNECT 1
| #define HAVE_LISTEN 1
| #define HAVE_RECVFROM 1
| #define HAVE_SENDTO 1
| #define HAVE_SETSOCKOPT 1
| #define HAVE_SOCKET 1
| #define HAVE_SETGROUPS 1
| #define HAVE_OPENPTY 1
| #define HAVE_LOGIN_TTY 1
| #define HAVE_FORKPTY 1
| /* end confdefs.h.  */
| /* Define fseek64 to an innocuous variant, in case <limits.h> declares fseek64.
|    For example, HP-UX 11i <limits.h> declares gettimeofday.  */
| #define fseek64 innocuous_fseek64
| 
| /* System header to define __stub macros and hopefully few prototypes,
|    which can conflict with char fseek64 (); below.  */
| 
| #include <limits.h>
| #undef fseek64
| 
| /* Override any GCC internal prototype to avoid an error.
|    Use char because int might match the return type of a GCC
|    builtin and then its argument prototype would still apply.  */
| #ifdef __cplusplus
| extern "C"
| #endif
| char fseek64 ();
| /* The GNU C library defines this for functions which it implements
|     to always fail with ENOSYS.  Some functions are actually named
|     something starting with __ and the normal name is an alias.  */
| #if defined __stub_fseek64 || defined __stub___fseek64
| choke me
| #endif
| 
| int
| main (void)
| {
| return fseek64 ();
|   ;
|   return 0;
| }
configure:21638: result: no
configure:21644: checking for fseeko
configure:21644: cc -pthread -o conftest -mabi=purecap -I/usr/local/include -I/usr/include -mabi=purecap -L/usr/local/lib -L/usr/lib -lmd -lcheri_caprevoke conftest.c -lintl -ldl  -lutil >&5
configure:21644: $? = 0
configure:21644: result: yes
configure:21650: checking for fstatvfs
configure:21650: cc -pthread -o conftest -mabi=purecap -I/usr/local/include -I/usr/include -mabi=purecap -L/usr/local/lib -L/usr/lib -lmd -lcheri_caprevoke conftest.c -lintl -ldl  -lutil >&5
configure:21650: $? = 0
configure:21650: result: yes
configure:21656: checking for ftell64
configure:21656: cc -pthread -o conftest -mabi=purecap -I/usr/local/include -I/usr/include -mabi=purecap -L/usr/local/lib -L/usr/lib -lmd -lcheri_caprevoke conftest.c -lintl -ldl  -lutil >&5
ld: error: undefined symbol: ftell64
>>> referenced by conftest.c
>>>               /tmp/conftest-261227.o:(main)
clang-14: error: linker command failed with exit code 1 (use -v to see invocation)
configure:21656: $? = 1
configure: failed program was:
| /* confdefs.h */
| #define _NETBSD_SOURCE 1
| #define __BSD_VISIBLE 1
| #define _DARWIN_C_SOURCE 1
| #define _PYTHONFRAMEWORK ""
| #define _XOPEN_SOURCE 700
| #define _XOPEN_SOURCE_EXTENDED 1
| #define _POSIX_C_SOURCE 200809L
| #define HAVE_STDIO_H 1
| #define HAVE_STDLIB_H 1
| #define HAVE_STRING_H 1
| #define HAVE_INTTYPES_H 1
| #define HAVE_STDINT_H 1
| #define HAVE_STRINGS_H 1
| #define HAVE_SYS_STAT_H 1
| #define HAVE_SYS_TYPES_H 1
| #define HAVE_UNISTD_H 1
| #define HAVE_WCHAR_H 1
| #define STDC_HEADERS 1
| #define _ALL_SOURCE 1
| #define _DARWIN_C_SOURCE 1
| #define _GNU_SOURCE 1
| #define _HPUX_ALT_XOPEN_SOCKET_API 1
| #define _NETBSD_SOURCE 1
| #define _OPENBSD_SOURCE 1
| #define _POSIX_PTHREAD_SEMANTICS 1
| #define __STDC_WANT_IEC_60559_ATTRIBS_EXT__ 1
| #define __STDC_WANT_IEC_60559_BFP_EXT__ 1
| #define __STDC_WANT_IEC_60559_DFP_EXT__ 1
| #define __STDC_WANT_IEC_60559_FUNCS_EXT__ 1
| #define __STDC_WANT_IEC_60559_TYPES_EXT__ 1
| #define __STDC_WANT_LIB_EXT2__ 1
| #define __STDC_WANT_MATH_SPEC_FUNCS__ 1
| #define _TANDEM_SOURCE 1
| #define __EXTENSIONS__ 1
| #define PY_SUPPORT_TIER 0
| #define Py_DEBUG 1
| #define STDC_HEADERS 1
| #define HAVE_BLUETOOTH_H 1
| #define HAVE_DLFCN_H 1
| #define HAVE_ENDIAN_H 1
| #define HAVE_ERRNO_H 1
| #define HAVE_FCNTL_H 1
| #define HAVE_GRP_H 1
| #define HAVE_IEEEFP_H 1
| #define HAVE_LANGINFO_H 1
| #define HAVE_LIBINTL_H 1
| #define HAVE_LIBUTIL_H 1
| #define HAVE_SYS_AUXV_H 1
| #define HAVE_NETDB_H 1
| #define HAVE_NET_ETHERNET_H 1
| #define HAVE_NETINET_IN_H 1
| #define HAVE_POLL_H 1
| #define HAVE_PTHREAD_H 1
| #define HAVE_SCHED_H 1
| #define HAVE_SETJMP_H 1
| #define HAVE_SIGNAL_H 1
| #define HAVE_SPAWN_H 1
| #define HAVE_SYS_ENDIAN_H 1
| #define HAVE_SYS_EVENT_H 1
| #define HAVE_SYS_EVENTFD_H 1
| #define HAVE_SYS_FILE_H 1
| #define HAVE_SYS_IOCTL_H 1
| #define HAVE_SYS_LOCK_H 1
| #define HAVE_SYS_MMAN_H 1
| #define HAVE_SYS_PARAM_H 1
| #define HAVE_SYS_POLL_H 1
| #define HAVE_SYS_RANDOM_H 1
| #define HAVE_SYS_RESOURCE_H 1
| #define HAVE_SYS_SELECT_H 1
| #define HAVE_SYS_SOCKET_H 1
| #define HAVE_SYS_SOUNDCARD_H 1
| #define HAVE_SYS_STAT_H 1
| #define HAVE_SYS_STATVFS_H 1
| #define HAVE_SYS_SYSCALL_H 1
| #define HAVE_SYS_TIME_H 1
| #define HAVE_SYS_TIMES_H 1
| #define HAVE_SYS_TYPES_H 1
| #define HAVE_SYS_UIO_H 1
| #define HAVE_SYS_UN_H 1
| #define HAVE_SYS_UTSNAME_H 1
| #define HAVE_SYS_WAIT_H 1
| #define HAVE_SYSEXITS_H 1
| #define HAVE_SYSLOG_H 1
| #define HAVE_TERMIOS_H 1
| #define HAVE_UTIME_H 1
| #define HAVE_DIRENT_H 1
| #define HAVE_NET_IF_H 1
| #define HAVE_MAKEDEV 1
| #define _LARGEFILE_SOURCE 1
| #define _FILE_OFFSET_BITS 64
| #if defined(SCO_DS)
| #undef _OFF_T
| #endif
| #define RETSIGTYPE void
| #define HAVE_SSIZE_T 1
| #define HAVE_GCC_UINT128_T 1
| #define SIZEOF_INT 4
| #define SIZEOF_LONG 8
| #define ALIGNOF_LONG 8
| #define SIZEOF_LONG_LONG 8
| #define SIZEOF_VOID_P 16
| #define SIZEOF_SHORT 2
| #define SIZEOF_FLOAT 4
| #define SIZEOF_DOUBLE 8
| #define SIZEOF_FPOS_T 8
| #define SIZEOF_SIZE_T 8
| #define ALIGNOF_SIZE_T 8
| #define SIZEOF_PID_T 4
| #define SIZEOF_UINTPTR_T 16
| #define ALIGNOF_MAX_ALIGN_T 16
| #define HAVE_LONG_DOUBLE 1
| #define SIZEOF_LONG_DOUBLE 16
| #define SIZEOF__BOOL 1
| #define SIZEOF_OFF_T 8
| #define SIZEOF_TIME_T 8
| #define SIZEOF_PTHREAD_T 16
| #define SIZEOF_PTHREAD_KEY_T 4
| #define PTHREAD_KEY_T_IS_COMPATIBLE_WITH_INT 1
| #define HAVE_LIBDL 1
| #define HAVE_UUID_H 1
| #define HAVE_UUID_CREATE 1
| #define HAVE_UUID_ENC_BE 1
| #define WITH_LIBINTL 1
| #define HAVE_FFI_PREP_CIF_VAR 1
| #define HAVE_FFI_PREP_CLOSURE_LOC 1
| #define HAVE_FFI_CLOSURE_ALLOC 1
| #define WITH_DECIMAL_CONTEXTVAR 1
| #define HAVE_RPC_RPC_H 1
| #define HAVE_LIBSQLITE3 1
| #define HAVE_LIBSQLITE3 1
| #define HAVE_LIBSQLITE3 1
| #define HAVE_LIBSQLITE3 1
| #define HAVE_LIBSQLITE3 1
| #define HAVE_LIBSQLITE3 1
| #define HAVE_LIBSQLITE3 1
| #define HAVE_LIBSQLITE3 1
| #define HAVE_LIBSQLITE3 1
| #define PY_SQLITE_HAVE_SERIALIZE 1
| #define HAVE_GDBM_H 1
| #define HAVE_NDBM_H 1
| #define HAVE_DB_H 1
| #define PTHREAD_SYSTEM_SCHED_SUPPORTED 1
| #define HAVE_PTHREAD_SIGMASK 1
| #define HAVE_PTHREAD_GETCPUCLOCKID 1
| #define ENABLE_IPV6 1
| #define WITH_DOC_STRINGS 1
| #define WITH_PYMALLOC 1
| #define WITH_FREELISTS 1
| #define PY_COERCE_C_LOCALE 1
| #define HAVE_DLOPEN 1
| #define HAVE_DYNAMIC_LOADING 1
| #define HAVE_ACCEPT4 1
| #define HAVE_ALARM 1
| #define HAVE_BIND_TEXTDOMAIN_CODESET 1
| #define HAVE_CHMOD 1
| #define HAVE_CHOWN 1
| #define HAVE_CLOCK 1
| #define HAVE_CLOSE_RANGE 1
| #define HAVE_CONFSTR 1
| #define HAVE_COPY_FILE_RANGE 1
| #define HAVE_CTERMID 1
| #define HAVE_DUP 1
| #define HAVE_DUP3 1
| #define HAVE_EXECV 1
| #define HAVE_EXPLICIT_BZERO 1
| #define HAVE_FACCESSAT 1
| #define HAVE_FCHMOD 1
| #define HAVE_FCHMODAT 1
| #define HAVE_FCHOWN 1
| #define HAVE_FCHOWNAT 1
| #define HAVE_FDOPENDIR 1
| #define HAVE_FEXECVE 1
| #define HAVE_FORK 1
| #define HAVE_FPATHCONF 1
| #define HAVE_FSTATAT 1
| #define HAVE_FTRUNCATE 1
| #define HAVE_FUTIMENS 1
| #define HAVE_FUTIMES 1
| #define HAVE_FUTIMESAT 1
| #define HAVE_GAI_STRERROR 1
| #define HAVE_GETEGID 1
| #define HAVE_GETENTROPY 1
| #define HAVE_GETEUID 1
| #define HAVE_GETGID 1
| #define HAVE_GETGRGID 1
| #define HAVE_GETGRGID_R 1
| #define HAVE_GETGRNAM_R 1
| #define HAVE_GETGROUPLIST 1
| #define HAVE_GETGROUPS 1
| #define HAVE_GETHOSTNAME 1
| #define HAVE_GETITIMER 1
| #define HAVE_GETLOADAVG 1
| #define HAVE_GETLOGIN 1
| #define HAVE_GETPEERNAME 1
| #define HAVE_GETPGID 1
| #define HAVE_GETPID 1
| #define HAVE_GETPPID 1
| #define HAVE_GETPRIORITY 1
| #define HAVE_GETPWENT 1
| #define HAVE_GETPWNAM_R 1
| #define HAVE_GETPWUID 1
| #define HAVE_GETPWUID_R 1
| #define HAVE_GETRESGID 1
| #define HAVE_GETRESUID 1
| #define HAVE_GETRUSAGE 1
| #define HAVE_GETSID 1
| #define HAVE_GETUID 1
| #define HAVE_GETWD 1
| #define HAVE_IF_NAMEINDEX 1
| #define HAVE_INITGROUPS 1
| #define HAVE_KILL 1
| #define HAVE_KILLPG 1
| #define HAVE_LCHOWN 1
| #define HAVE_LINKAT 1
| #define HAVE_LOCKF 1
| #define HAVE_LSTAT 1
| #define HAVE_LUTIMES 1
| #define HAVE_MADVISE 1
| #define HAVE_MBRTOWC 1
| #define HAVE_MEMRCHR 1
| #define HAVE_MKDIRAT 1
| #define HAVE_MKFIFO 1
| #define HAVE_MKFIFOAT 1
| #define HAVE_MKNOD 1
| #define HAVE_MKNODAT 1
| #define HAVE_MKTIME 1
| #define HAVE_MMAP 1
| #define HAVE_NICE 1
| #define HAVE_OPENAT 1
| #define HAVE_OPENDIR 1
| #define HAVE_PATHCONF 1
| #define HAVE_PAUSE 1
| #define HAVE_PIPE 1
| #define HAVE_PIPE2 1
| #define HAVE_POLL 1
| #define HAVE_POSIX_FADVISE 1
| #define HAVE_POSIX_FALLOCATE 1
| #define HAVE_POSIX_SPAWN 1
| #define HAVE_POSIX_SPAWNP 1
| #define HAVE_PREAD 1
| #define HAVE_PREADV 1
| #define HAVE_PTHREAD_CONDATTR_SETCLOCK 1
| #define HAVE_PTHREAD_KILL 1
| #define HAVE_PWRITE 1
| #define HAVE_PWRITEV 1
| #define HAVE_READLINK 1
| #define HAVE_READLINKAT 1
| #define HAVE_READV 1
| #define HAVE_REALPATH 1
| #define HAVE_RENAMEAT 1
| #define HAVE_SCHED_GET_PRIORITY_MAX 1
| #define HAVE_SCHED_RR_GET_INTERVAL 1
| #define HAVE_SCHED_SETAFFINITY 1
| #define HAVE_SCHED_SETPARAM 1
| #define HAVE_SCHED_SETSCHEDULER 1
| #define HAVE_SEM_GETVALUE 1
| #define HAVE_SEM_OPEN 1
| #define HAVE_SEM_TIMEDWAIT 1
| #define HAVE_SEM_UNLINK 1
| #define HAVE_SENDFILE 1
| #define HAVE_SETEGID 1
| #define HAVE_SETEUID 1
| #define HAVE_SETGID 1
| #define HAVE_SETHOSTNAME 1
| #define HAVE_SETITIMER 1
| #define HAVE_SETLOCALE 1
| #define HAVE_SETPGID 1
| #define HAVE_SETPGRP 1
| #define HAVE_SETPRIORITY 1
| #define HAVE_SETREGID 1
| #define HAVE_SETRESGID 1
| #define HAVE_SETRESUID 1
| #define HAVE_SETREUID 1
| #define HAVE_SETSID 1
| #define HAVE_SETUID 1
| #define HAVE_SETVBUF 1
| #define HAVE_SHUTDOWN 1
| #define HAVE_SIGACTION 1
| #define HAVE_SIGALTSTACK 1
| #define HAVE_SIGFILLSET 1
| #define HAVE_SIGINTERRUPT 1
| #define HAVE_SIGPENDING 1
| #define HAVE_SIGRELSE 1
| #define HAVE_SIGTIMEDWAIT 1
| #define HAVE_SIGWAIT 1
| #define HAVE_SIGWAITINFO 1
| #define HAVE_SNPRINTF 1
| #define HAVE_STRFTIME 1
| #define HAVE_STRLCPY 1
| #define HAVE_STRSIGNAL 1
| #define HAVE_SYMLINKAT 1
| #define HAVE_SYNC 1
| #define HAVE_SYSCONF 1
| #define HAVE_SYSTEM 1
| #define HAVE_TCGETPGRP 1
| #define HAVE_TCSETPGRP 1
| #define HAVE_TEMPNAM 1
| #define HAVE_TIMEGM 1
| #define HAVE_TIMES 1
| #define HAVE_TMPFILE 1
| #define HAVE_TMPNAM 1
| #define HAVE_TRUNCATE 1
| #define HAVE_TTYNAME 1
| #define HAVE_UMASK 1
| #define HAVE_UNAME 1
| #define HAVE_UNLINKAT 1
| #define HAVE_UTIMENSAT 1
| #define HAVE_UTIMES 1
| #define HAVE_VFORK 1
| #define HAVE_WAIT 1
| #define HAVE_WAIT3 1
| #define HAVE_WAIT4 1
| #define HAVE_WAITID 1
| #define HAVE_WAITPID 1
| #define HAVE_WCSCOLL 1
| #define HAVE_WCSFTIME 1
| #define HAVE_WCSXFRM 1
| #define HAVE_WMEMCMP 1
| #define HAVE_WRITEV 1
| #define HAVE_LCHMOD 1
| #define HAVE_DIRFD 1
| #define HAVE_CHROOT 1
| #define HAVE_LINK 1
| #define HAVE_SYMLINK 1
| #define HAVE_FCHDIR 1
| #define HAVE_FSYNC 1
| #define HAVE_FDATASYNC 1
| #define HAVE_KQUEUE 1
| #define HAVE_MEMFD_CREATE 1
| #define HAVE_EVENTFD 1
| #define HAVE_CTERMID_R 1
| #define HAVE_FLOCK 1
| #define HAVE_GETPAGESIZE 1
| #define HAVE_CHFLAGS 1
| #define HAVE_LCHFLAGS 1
| #define HAVE_ZLIB_COPY 1
| #define HAVE_BZLIB_H 1
| #define HAVE_HSTRERROR 1
| #define HAVE_GETSERVBYNAME 1
| #define HAVE_GETSERVBYPORT 1
| #define HAVE_GETHOSTBYNAME 1
| #define HAVE_GETHOSTBYADDR 1
| #define HAVE_GETPROTOBYNAME 1
| #define HAVE_INET_ATON 1
| #define HAVE_INET_NTOA 1
| #define HAVE_INET_PTON 1
| #define HAVE_GETPEERNAME 1
| #define HAVE_GETSOCKNAME 1
| #define HAVE_ACCEPT 1
| #define HAVE_BIND 1
| #define HAVE_CONNECT 1
| #define HAVE_LISTEN 1
| #define HAVE_RECVFROM 1
| #define HAVE_SENDTO 1
| #define HAVE_SETSOCKOPT 1
| #define HAVE_SOCKET 1
| #define HAVE_SETGROUPS 1
| #define HAVE_OPENPTY 1
| #define HAVE_LOGIN_TTY 1
| #define HAVE_FORKPTY 1
| #define HAVE_FSEEKO 1
| #define HAVE_FSTATVFS 1
| /* end confdefs.h.  */
| /* Define ftell64 to an innocuous variant, in case <limits.h> declares ftell64.
|    For example, HP-UX 11i <limits.h> declares gettimeofday.  */
| #define ftell64 innocuous_ftell64
| 
| /* System header to define __stub macros and hopefully few prototypes,
|    which can conflict with char ftell64 (); below.  */
| 
| #include <limits.h>
| #undef ftell64
| 
| /* Override any GCC internal prototype to avoid an error.
|    Use char because int might match the return type of a GCC
|    builtin and then its argument prototype would still apply.  */
| #ifdef __cplusplus
| extern "C"
| #endif
| char ftell64 ();
| /* The GNU C library defines this for functions which it implements
|     to always fail with ENOSYS.  Some functions are actually named
|     something starting with __ and the normal name is an alias.  */
| #if defined __stub_ftell64 || defined __stub___ftell64
| choke me
| #endif
| 
| int
| main (void)
| {
| return ftell64 ();
|   ;
|   return 0;
| }
configure:21656: result: no
configure:21662: checking for ftello
configure:21662: cc -pthread -o conftest -mabi=purecap -I/usr/local/include -I/usr/include -mabi=purecap -L/usr/local/lib -L/usr/lib -lmd -lcheri_caprevoke conftest.c -lintl -ldl  -lutil >&5
configure:21662: $? = 0
configure:21662: result: yes
configure:21668: checking for statvfs
configure:21668: cc -pthread -o conftest -mabi=purecap -I/usr/local/include -I/usr/include -mabi=purecap -L/usr/local/lib -L/usr/lib -lmd -lcheri_caprevoke conftest.c -lintl -ldl  -lutil >&5
configure:21668: $? = 0
configure:21668: result: yes
configure:21676: checking for dup2
configure:21676: cc -pthread -o conftest -mabi=purecap -I/usr/local/include -I/usr/include -mabi=purecap -L/usr/local/lib -L/usr/lib -lmd -lcheri_caprevoke conftest.c -lintl -ldl  -lutil >&5
configure:21676: $? = 0
configure:21676: result: yes
configure:21693: checking for getpgrp
configure:21693: cc -pthread -o conftest -mabi=purecap -I/usr/local/include -I/usr/include -mabi=purecap -L/usr/local/lib -L/usr/lib -lmd -lcheri_caprevoke conftest.c -lintl -ldl  -lutil >&5
configure:21693: $? = 0
configure:21693: result: yes
configure:21708: cc -pthread -c -mabi=purecap -I/usr/local/include -I/usr/include conftest.c >&5
conftest.c:373:9: error: too many arguments to function call, expected 0, have 1
getpgrp(0);
~~~~~~~ ^
/usr/include/unistd.h:342:8: note: 'getpgrp' declared here
pid_t    getpgrp(void);
         ^
1 error generated.
configure:21708: $? = 1
configure: failed program was:
| /* confdefs.h */
| #define _NETBSD_SOURCE 1
| #define __BSD_VISIBLE 1
| #define _DARWIN_C_SOURCE 1
| #define _PYTHONFRAMEWORK ""
| #define _XOPEN_SOURCE 700
| #define _XOPEN_SOURCE_EXTENDED 1
| #define _POSIX_C_SOURCE 200809L
| #define HAVE_STDIO_H 1
| #define HAVE_STDLIB_H 1
| #define HAVE_STRING_H 1
| #define HAVE_INTTYPES_H 1
| #define HAVE_STDINT_H 1
| #define HAVE_STRINGS_H 1
| #define HAVE_SYS_STAT_H 1
| #define HAVE_SYS_TYPES_H 1
| #define HAVE_UNISTD_H 1
| #define HAVE_WCHAR_H 1
| #define STDC_HEADERS 1
| #define _ALL_SOURCE 1
| #define _DARWIN_C_SOURCE 1
| #define _GNU_SOURCE 1
| #define _HPUX_ALT_XOPEN_SOCKET_API 1
| #define _NETBSD_SOURCE 1
| #define _OPENBSD_SOURCE 1
| #define _POSIX_PTHREAD_SEMANTICS 1
| #define __STDC_WANT_IEC_60559_ATTRIBS_EXT__ 1
| #define __STDC_WANT_IEC_60559_BFP_EXT__ 1
| #define __STDC_WANT_IEC_60559_DFP_EXT__ 1
| #define __STDC_WANT_IEC_60559_FUNCS_EXT__ 1
| #define __STDC_WANT_IEC_60559_TYPES_EXT__ 1
| #define __STDC_WANT_LIB_EXT2__ 1
| #define __STDC_WANT_MATH_SPEC_FUNCS__ 1
| #define _TANDEM_SOURCE 1
| #define __EXTENSIONS__ 1
| #define PY_SUPPORT_TIER 0
| #define Py_DEBUG 1
| #define STDC_HEADERS 1
| #define HAVE_BLUETOOTH_H 1
| #define HAVE_DLFCN_H 1
| #define HAVE_ENDIAN_H 1
| #define HAVE_ERRNO_H 1
| #define HAVE_FCNTL_H 1
| #define HAVE_GRP_H 1
| #define HAVE_IEEEFP_H 1
| #define HAVE_LANGINFO_H 1
| #define HAVE_LIBINTL_H 1
| #define HAVE_LIBUTIL_H 1
| #define HAVE_SYS_AUXV_H 1
| #define HAVE_NETDB_H 1
| #define HAVE_NET_ETHERNET_H 1
| #define HAVE_NETINET_IN_H 1
| #define HAVE_POLL_H 1
| #define HAVE_PTHREAD_H 1
| #define HAVE_SCHED_H 1
| #define HAVE_SETJMP_H 1
| #define HAVE_SIGNAL_H 1
| #define HAVE_SPAWN_H 1
| #define HAVE_SYS_ENDIAN_H 1
| #define HAVE_SYS_EVENT_H 1
| #define HAVE_SYS_EVENTFD_H 1
| #define HAVE_SYS_FILE_H 1
| #define HAVE_SYS_IOCTL_H 1
| #define HAVE_SYS_LOCK_H 1
| #define HAVE_SYS_MMAN_H 1
| #define HAVE_SYS_PARAM_H 1
| #define HAVE_SYS_POLL_H 1
| #define HAVE_SYS_RANDOM_H 1
| #define HAVE_SYS_RESOURCE_H 1
| #define HAVE_SYS_SELECT_H 1
| #define HAVE_SYS_SOCKET_H 1
| #define HAVE_SYS_SOUNDCARD_H 1
| #define HAVE_SYS_STAT_H 1
| #define HAVE_SYS_STATVFS_H 1
| #define HAVE_SYS_SYSCALL_H 1
| #define HAVE_SYS_TIME_H 1
| #define HAVE_SYS_TIMES_H 1
| #define HAVE_SYS_TYPES_H 1
| #define HAVE_SYS_UIO_H 1
| #define HAVE_SYS_UN_H 1
| #define HAVE_SYS_UTSNAME_H 1
| #define HAVE_SYS_WAIT_H 1
| #define HAVE_SYSEXITS_H 1
| #define HAVE_SYSLOG_H 1
| #define HAVE_TERMIOS_H 1
| #define HAVE_UTIME_H 1
| #define HAVE_DIRENT_H 1
| #define HAVE_NET_IF_H 1
| #define HAVE_MAKEDEV 1
| #define _LARGEFILE_SOURCE 1
| #define _FILE_OFFSET_BITS 64
| #if defined(SCO_DS)
| #undef _OFF_T
| #endif
| #define RETSIGTYPE void
| #define HAVE_SSIZE_T 1
| #define HAVE_GCC_UINT128_T 1
| #define SIZEOF_INT 4
| #define SIZEOF_LONG 8
| #define ALIGNOF_LONG 8
| #define SIZEOF_LONG_LONG 8
| #define SIZEOF_VOID_P 16
| #define SIZEOF_SHORT 2
| #define SIZEOF_FLOAT 4
| #define SIZEOF_DOUBLE 8
| #define SIZEOF_FPOS_T 8
| #define SIZEOF_SIZE_T 8
| #define ALIGNOF_SIZE_T 8
| #define SIZEOF_PID_T 4
| #define SIZEOF_UINTPTR_T 16
| #define ALIGNOF_MAX_ALIGN_T 16
| #define HAVE_LONG_DOUBLE 1
| #define SIZEOF_LONG_DOUBLE 16
| #define SIZEOF__BOOL 1
| #define SIZEOF_OFF_T 8
| #define SIZEOF_TIME_T 8
| #define SIZEOF_PTHREAD_T 16
| #define SIZEOF_PTHREAD_KEY_T 4
| #define PTHREAD_KEY_T_IS_COMPATIBLE_WITH_INT 1
| #define HAVE_LIBDL 1
| #define HAVE_UUID_H 1
| #define HAVE_UUID_CREATE 1
| #define HAVE_UUID_ENC_BE 1
| #define WITH_LIBINTL 1
| #define HAVE_FFI_PREP_CIF_VAR 1
| #define HAVE_FFI_PREP_CLOSURE_LOC 1
| #define HAVE_FFI_CLOSURE_ALLOC 1
| #define WITH_DECIMAL_CONTEXTVAR 1
| #define HAVE_RPC_RPC_H 1
| #define HAVE_LIBSQLITE3 1
| #define HAVE_LIBSQLITE3 1
| #define HAVE_LIBSQLITE3 1
| #define HAVE_LIBSQLITE3 1
| #define HAVE_LIBSQLITE3 1
| #define HAVE_LIBSQLITE3 1
| #define HAVE_LIBSQLITE3 1
| #define HAVE_LIBSQLITE3 1
| #define HAVE_LIBSQLITE3 1
| #define PY_SQLITE_HAVE_SERIALIZE 1
| #define HAVE_GDBM_H 1
| #define HAVE_NDBM_H 1
| #define HAVE_DB_H 1
| #define PTHREAD_SYSTEM_SCHED_SUPPORTED 1
| #define HAVE_PTHREAD_SIGMASK 1
| #define HAVE_PTHREAD_GETCPUCLOCKID 1
| #define ENABLE_IPV6 1
| #define WITH_DOC_STRINGS 1
| #define WITH_PYMALLOC 1
| #define WITH_FREELISTS 1
| #define PY_COERCE_C_LOCALE 1
| #define HAVE_DLOPEN 1
| #define HAVE_DYNAMIC_LOADING 1
| #define HAVE_ACCEPT4 1
| #define HAVE_ALARM 1
| #define HAVE_BIND_TEXTDOMAIN_CODESET 1
| #define HAVE_CHMOD 1
| #define HAVE_CHOWN 1
| #define HAVE_CLOCK 1
| #define HAVE_CLOSE_RANGE 1
| #define HAVE_CONFSTR 1
| #define HAVE_COPY_FILE_RANGE 1
| #define HAVE_CTERMID 1
| #define HAVE_DUP 1
| #define HAVE_DUP3 1
| #define HAVE_EXECV 1
| #define HAVE_EXPLICIT_BZERO 1
| #define HAVE_FACCESSAT 1
| #define HAVE_FCHMOD 1
| #define HAVE_FCHMODAT 1
| #define HAVE_FCHOWN 1
| #define HAVE_FCHOWNAT 1
| #define HAVE_FDOPENDIR 1
| #define HAVE_FEXECVE 1
| #define HAVE_FORK 1
| #define HAVE_FPATHCONF 1
| #define HAVE_FSTATAT 1
| #define HAVE_FTRUNCATE 1
| #define HAVE_FUTIMENS 1
| #define HAVE_FUTIMES 1
| #define HAVE_FUTIMESAT 1
| #define HAVE_GAI_STRERROR 1
| #define HAVE_GETEGID 1
| #define HAVE_GETENTROPY 1
| #define HAVE_GETEUID 1
| #define HAVE_GETGID 1
| #define HAVE_GETGRGID 1
| #define HAVE_GETGRGID_R 1
| #define HAVE_GETGRNAM_R 1
| #define HAVE_GETGROUPLIST 1
| #define HAVE_GETGROUPS 1
| #define HAVE_GETHOSTNAME 1
| #define HAVE_GETITIMER 1
| #define HAVE_GETLOADAVG 1
| #define HAVE_GETLOGIN 1
| #define HAVE_GETPEERNAME 1
| #define HAVE_GETPGID 1
| #define HAVE_GETPID 1
| #define HAVE_GETPPID 1
| #define HAVE_GETPRIORITY 1
| #define HAVE_GETPWENT 1
| #define HAVE_GETPWNAM_R 1
| #define HAVE_GETPWUID 1
| #define HAVE_GETPWUID_R 1
| #define HAVE_GETRESGID 1
| #define HAVE_GETRESUID 1
| #define HAVE_GETRUSAGE 1
| #define HAVE_GETSID 1
| #define HAVE_GETUID 1
| #define HAVE_GETWD 1
| #define HAVE_IF_NAMEINDEX 1
| #define HAVE_INITGROUPS 1
| #define HAVE_KILL 1
| #define HAVE_KILLPG 1
| #define HAVE_LCHOWN 1
| #define HAVE_LINKAT 1
| #define HAVE_LOCKF 1
| #define HAVE_LSTAT 1
| #define HAVE_LUTIMES 1
| #define HAVE_MADVISE 1
| #define HAVE_MBRTOWC 1
| #define HAVE_MEMRCHR 1
| #define HAVE_MKDIRAT 1
| #define HAVE_MKFIFO 1
| #define HAVE_MKFIFOAT 1
| #define HAVE_MKNOD 1
| #define HAVE_MKNODAT 1
| #define HAVE_MKTIME 1
| #define HAVE_MMAP 1
| #define HAVE_NICE 1
| #define HAVE_OPENAT 1
| #define HAVE_OPENDIR 1
| #define HAVE_PATHCONF 1
| #define HAVE_PAUSE 1
| #define HAVE_PIPE 1
| #define HAVE_PIPE2 1
| #define HAVE_POLL 1
| #define HAVE_POSIX_FADVISE 1
| #define HAVE_POSIX_FALLOCATE 1
| #define HAVE_POSIX_SPAWN 1
| #define HAVE_POSIX_SPAWNP 1
| #define HAVE_PREAD 1
| #define HAVE_PREADV 1
| #define HAVE_PTHREAD_CONDATTR_SETCLOCK 1
| #define HAVE_PTHREAD_KILL 1
| #define HAVE_PWRITE 1
| #define HAVE_PWRITEV 1
| #define HAVE_READLINK 1
| #define HAVE_READLINKAT 1
| #define HAVE_READV 1
| #define HAVE_REALPATH 1
| #define HAVE_RENAMEAT 1
| #define HAVE_SCHED_GET_PRIORITY_MAX 1
| #define HAVE_SCHED_RR_GET_INTERVAL 1
| #define HAVE_SCHED_SETAFFINITY 1
| #define HAVE_SCHED_SETPARAM 1
| #define HAVE_SCHED_SETSCHEDULER 1
| #define HAVE_SEM_GETVALUE 1
| #define HAVE_SEM_OPEN 1
| #define HAVE_SEM_TIMEDWAIT 1
| #define HAVE_SEM_UNLINK 1
| #define HAVE_SENDFILE 1
| #define HAVE_SETEGID 1
| #define HAVE_SETEUID 1
| #define HAVE_SETGID 1
| #define HAVE_SETHOSTNAME 1
| #define HAVE_SETITIMER 1
| #define HAVE_SETLOCALE 1
| #define HAVE_SETPGID 1
| #define HAVE_SETPGRP 1
| #define HAVE_SETPRIORITY 1
| #define HAVE_SETREGID 1
| #define HAVE_SETRESGID 1
| #define HAVE_SETRESUID 1
| #define HAVE_SETREUID 1
| #define HAVE_SETSID 1
| #define HAVE_SETUID 1
| #define HAVE_SETVBUF 1
| #define HAVE_SHUTDOWN 1
| #define HAVE_SIGACTION 1
| #define HAVE_SIGALTSTACK 1
| #define HAVE_SIGFILLSET 1
| #define HAVE_SIGINTERRUPT 1
| #define HAVE_SIGPENDING 1
| #define HAVE_SIGRELSE 1
| #define HAVE_SIGTIMEDWAIT 1
| #define HAVE_SIGWAIT 1
| #define HAVE_SIGWAITINFO 1
| #define HAVE_SNPRINTF 1
| #define HAVE_STRFTIME 1
| #define HAVE_STRLCPY 1
| #define HAVE_STRSIGNAL 1
| #define HAVE_SYMLINKAT 1
| #define HAVE_SYNC 1
| #define HAVE_SYSCONF 1
| #define HAVE_SYSTEM 1
| #define HAVE_TCGETPGRP 1
| #define HAVE_TCSETPGRP 1
| #define HAVE_TEMPNAM 1
| #define HAVE_TIMEGM 1
| #define HAVE_TIMES 1
| #define HAVE_TMPFILE 1
| #define HAVE_TMPNAM 1
| #define HAVE_TRUNCATE 1
| #define HAVE_TTYNAME 1
| #define HAVE_UMASK 1
| #define HAVE_UNAME 1
| #define HAVE_UNLINKAT 1
| #define HAVE_UTIMENSAT 1
| #define HAVE_UTIMES 1
| #define HAVE_VFORK 1
| #define HAVE_WAIT 1
| #define HAVE_WAIT3 1
| #define HAVE_WAIT4 1
| #define HAVE_WAITID 1
| #define HAVE_WAITPID 1
| #define HAVE_WCSCOLL 1
| #define HAVE_WCSFTIME 1
| #define HAVE_WCSXFRM 1
| #define HAVE_WMEMCMP 1
| #define HAVE_WRITEV 1
| #define HAVE_LCHMOD 1
| #define HAVE_DIRFD 1
| #define HAVE_CHROOT 1
| #define HAVE_LINK 1
| #define HAVE_SYMLINK 1
| #define HAVE_FCHDIR 1
| #define HAVE_FSYNC 1
| #define HAVE_FDATASYNC 1
| #define HAVE_KQUEUE 1
| #define HAVE_MEMFD_CREATE 1
| #define HAVE_EVENTFD 1
| #define HAVE_CTERMID_R 1
| #define HAVE_FLOCK 1
| #define HAVE_GETPAGESIZE 1
| #define HAVE_CHFLAGS 1
| #define HAVE_LCHFLAGS 1
| #define HAVE_ZLIB_COPY 1
| #define HAVE_BZLIB_H 1
| #define HAVE_HSTRERROR 1
| #define HAVE_GETSERVBYNAME 1
| #define HAVE_GETSERVBYPORT 1
| #define HAVE_GETHOSTBYNAME 1
| #define HAVE_GETHOSTBYADDR 1
| #define HAVE_GETPROTOBYNAME 1
| #define HAVE_INET_ATON 1
| #define HAVE_INET_NTOA 1
| #define HAVE_INET_PTON 1
| #define HAVE_GETPEERNAME 1
| #define HAVE_GETSOCKNAME 1
| #define HAVE_ACCEPT 1
| #define HAVE_BIND 1
| #define HAVE_CONNECT 1
| #define HAVE_LISTEN 1
| #define HAVE_RECVFROM 1
| #define HAVE_SENDTO 1
| #define HAVE_SETSOCKOPT 1
| #define HAVE_SOCKET 1
| #define HAVE_SETGROUPS 1
| #define HAVE_OPENPTY 1
| #define HAVE_LOGIN_TTY 1
| #define HAVE_FORKPTY 1
| #define HAVE_FSEEKO 1
| #define HAVE_FSTATVFS 1
| #define HAVE_FTELLO 1
| #define HAVE_STATVFS 1
| #define HAVE_DUP2 1
| #define HAVE_GETPGRP 1
| /* end confdefs.h.  */
| #include <unistd.h>
| int
| main (void)
| {
| getpgrp(0);
|   ;
|   return 0;
| }
configure:21721: checking for setpgrp
configure:21721: result: yes
configure:21736: cc -pthread -c -mabi=purecap -I/usr/local/include -I/usr/include conftest.c >&5
configure:21736: $? = 0
configure:21748: checking for setns
configure:21748: cc -pthread -o conftest -mabi=purecap -I/usr/local/include -I/usr/include -mabi=purecap -L/usr/local/lib -L/usr/lib -lmd -lcheri_caprevoke conftest.c -lintl -ldl  -lutil >&5
ld: error: undefined symbol: setns
>>> referenced by conftest.c
>>>               /tmp/conftest-efe689.o:(main)
clang-14: error: linker command failed with exit code 1 (use -v to see invocation)
configure:21748: $? = 1
configure: failed program was:
| /* confdefs.h */
| #define _NETBSD_SOURCE 1
| #define __BSD_VISIBLE 1
| #define _DARWIN_C_SOURCE 1
| #define _PYTHONFRAMEWORK ""
| #define _XOPEN_SOURCE 700
| #define _XOPEN_SOURCE_EXTENDED 1
| #define _POSIX_C_SOURCE 200809L
| #define HAVE_STDIO_H 1
| #define HAVE_STDLIB_H 1
| #define HAVE_STRING_H 1
| #define HAVE_INTTYPES_H 1
| #define HAVE_STDINT_H 1
| #define HAVE_STRINGS_H 1
| #define HAVE_SYS_STAT_H 1
| #define HAVE_SYS_TYPES_H 1
| #define HAVE_UNISTD_H 1
| #define HAVE_WCHAR_H 1
| #define STDC_HEADERS 1
| #define _ALL_SOURCE 1
| #define _DARWIN_C_SOURCE 1
| #define _GNU_SOURCE 1
| #define _HPUX_ALT_XOPEN_SOCKET_API 1
| #define _NETBSD_SOURCE 1
| #define _OPENBSD_SOURCE 1
| #define _POSIX_PTHREAD_SEMANTICS 1
| #define __STDC_WANT_IEC_60559_ATTRIBS_EXT__ 1
| #define __STDC_WANT_IEC_60559_BFP_EXT__ 1
| #define __STDC_WANT_IEC_60559_DFP_EXT__ 1
| #define __STDC_WANT_IEC_60559_FUNCS_EXT__ 1
| #define __STDC_WANT_IEC_60559_TYPES_EXT__ 1
| #define __STDC_WANT_LIB_EXT2__ 1
| #define __STDC_WANT_MATH_SPEC_FUNCS__ 1
| #define _TANDEM_SOURCE 1
| #define __EXTENSIONS__ 1
| #define PY_SUPPORT_TIER 0
| #define Py_DEBUG 1
| #define STDC_HEADERS 1
| #define HAVE_BLUETOOTH_H 1
| #define HAVE_DLFCN_H 1
| #define HAVE_ENDIAN_H 1
| #define HAVE_ERRNO_H 1
| #define HAVE_FCNTL_H 1
| #define HAVE_GRP_H 1
| #define HAVE_IEEEFP_H 1
| #define HAVE_LANGINFO_H 1
| #define HAVE_LIBINTL_H 1
| #define HAVE_LIBUTIL_H 1
| #define HAVE_SYS_AUXV_H 1
| #define HAVE_NETDB_H 1
| #define HAVE_NET_ETHERNET_H 1
| #define HAVE_NETINET_IN_H 1
| #define HAVE_POLL_H 1
| #define HAVE_PTHREAD_H 1
| #define HAVE_SCHED_H 1
| #define HAVE_SETJMP_H 1
| #define HAVE_SIGNAL_H 1
| #define HAVE_SPAWN_H 1
| #define HAVE_SYS_ENDIAN_H 1
| #define HAVE_SYS_EVENT_H 1
| #define HAVE_SYS_EVENTFD_H 1
| #define HAVE_SYS_FILE_H 1
| #define HAVE_SYS_IOCTL_H 1
| #define HAVE_SYS_LOCK_H 1
| #define HAVE_SYS_MMAN_H 1
| #define HAVE_SYS_PARAM_H 1
| #define HAVE_SYS_POLL_H 1
| #define HAVE_SYS_RANDOM_H 1
| #define HAVE_SYS_RESOURCE_H 1
| #define HAVE_SYS_SELECT_H 1
| #define HAVE_SYS_SOCKET_H 1
| #define HAVE_SYS_SOUNDCARD_H 1
| #define HAVE_SYS_STAT_H 1
| #define HAVE_SYS_STATVFS_H 1
| #define HAVE_SYS_SYSCALL_H 1
| #define HAVE_SYS_TIME_H 1
| #define HAVE_SYS_TIMES_H 1
| #define HAVE_SYS_TYPES_H 1
| #define HAVE_SYS_UIO_H 1
| #define HAVE_SYS_UN_H 1
| #define HAVE_SYS_UTSNAME_H 1
| #define HAVE_SYS_WAIT_H 1
| #define HAVE_SYSEXITS_H 1
| #define HAVE_SYSLOG_H 1
| #define HAVE_TERMIOS_H 1
| #define HAVE_UTIME_H 1
| #define HAVE_DIRENT_H 1
| #define HAVE_NET_IF_H 1
| #define HAVE_MAKEDEV 1
| #define _LARGEFILE_SOURCE 1
| #define _FILE_OFFSET_BITS 64
| #if defined(SCO_DS)
| #undef _OFF_T
| #endif
| #define RETSIGTYPE void
| #define HAVE_SSIZE_T 1
| #define HAVE_GCC_UINT128_T 1
| #define SIZEOF_INT 4
| #define SIZEOF_LONG 8
| #define ALIGNOF_LONG 8
| #define SIZEOF_LONG_LONG 8
| #define SIZEOF_VOID_P 16
| #define SIZEOF_SHORT 2
| #define SIZEOF_FLOAT 4
| #define SIZEOF_DOUBLE 8
| #define SIZEOF_FPOS_T 8
| #define SIZEOF_SIZE_T 8
| #define ALIGNOF_SIZE_T 8
| #define SIZEOF_PID_T 4
| #define SIZEOF_UINTPTR_T 16
| #define ALIGNOF_MAX_ALIGN_T 16
| #define HAVE_LONG_DOUBLE 1
| #define SIZEOF_LONG_DOUBLE 16
| #define SIZEOF__BOOL 1
| #define SIZEOF_OFF_T 8
| #define SIZEOF_TIME_T 8
| #define SIZEOF_PTHREAD_T 16
| #define SIZEOF_PTHREAD_KEY_T 4
| #define PTHREAD_KEY_T_IS_COMPATIBLE_WITH_INT 1
| #define HAVE_LIBDL 1
| #define HAVE_UUID_H 1
| #define HAVE_UUID_CREATE 1
| #define HAVE_UUID_ENC_BE 1
| #define WITH_LIBINTL 1
| #define HAVE_FFI_PREP_CIF_VAR 1
| #define HAVE_FFI_PREP_CLOSURE_LOC 1
| #define HAVE_FFI_CLOSURE_ALLOC 1
| #define WITH_DECIMAL_CONTEXTVAR 1
| #define HAVE_RPC_RPC_H 1
| #define HAVE_LIBSQLITE3 1
| #define HAVE_LIBSQLITE3 1
| #define HAVE_LIBSQLITE3 1
| #define HAVE_LIBSQLITE3 1
| #define HAVE_LIBSQLITE3 1
| #define HAVE_LIBSQLITE3 1
| #define HAVE_LIBSQLITE3 1
| #define HAVE_LIBSQLITE3 1
| #define HAVE_LIBSQLITE3 1
| #define PY_SQLITE_HAVE_SERIALIZE 1
| #define HAVE_GDBM_H 1
| #define HAVE_NDBM_H 1
| #define HAVE_DB_H 1
| #define PTHREAD_SYSTEM_SCHED_SUPPORTED 1
| #define HAVE_PTHREAD_SIGMASK 1
| #define HAVE_PTHREAD_GETCPUCLOCKID 1
| #define ENABLE_IPV6 1
| #define WITH_DOC_STRINGS 1
| #define WITH_PYMALLOC 1
| #define WITH_FREELISTS 1
| #define PY_COERCE_C_LOCALE 1
| #define HAVE_DLOPEN 1
| #define HAVE_DYNAMIC_LOADING 1
| #define HAVE_ACCEPT4 1
| #define HAVE_ALARM 1
| #define HAVE_BIND_TEXTDOMAIN_CODESET 1
| #define HAVE_CHMOD 1
| #define HAVE_CHOWN 1
| #define HAVE_CLOCK 1
| #define HAVE_CLOSE_RANGE 1
| #define HAVE_CONFSTR 1
| #define HAVE_COPY_FILE_RANGE 1
| #define HAVE_CTERMID 1
| #define HAVE_DUP 1
| #define HAVE_DUP3 1
| #define HAVE_EXECV 1
| #define HAVE_EXPLICIT_BZERO 1
| #define HAVE_FACCESSAT 1
| #define HAVE_FCHMOD 1
| #define HAVE_FCHMODAT 1
| #define HAVE_FCHOWN 1
| #define HAVE_FCHOWNAT 1
| #define HAVE_FDOPENDIR 1
| #define HAVE_FEXECVE 1
| #define HAVE_FORK 1
| #define HAVE_FPATHCONF 1
| #define HAVE_FSTATAT 1
| #define HAVE_FTRUNCATE 1
| #define HAVE_FUTIMENS 1
| #define HAVE_FUTIMES 1
| #define HAVE_FUTIMESAT 1
| #define HAVE_GAI_STRERROR 1
| #define HAVE_GETEGID 1
| #define HAVE_GETENTROPY 1
| #define HAVE_GETEUID 1
| #define HAVE_GETGID 1
| #define HAVE_GETGRGID 1
| #define HAVE_GETGRGID_R 1
| #define HAVE_GETGRNAM_R 1
| #define HAVE_GETGROUPLIST 1
| #define HAVE_GETGROUPS 1
| #define HAVE_GETHOSTNAME 1
| #define HAVE_GETITIMER 1
| #define HAVE_GETLOADAVG 1
| #define HAVE_GETLOGIN 1
| #define HAVE_GETPEERNAME 1
| #define HAVE_GETPGID 1
| #define HAVE_GETPID 1
| #define HAVE_GETPPID 1
| #define HAVE_GETPRIORITY 1
| #define HAVE_GETPWENT 1
| #define HAVE_GETPWNAM_R 1
| #define HAVE_GETPWUID 1
| #define HAVE_GETPWUID_R 1
| #define HAVE_GETRESGID 1
| #define HAVE_GETRESUID 1
| #define HAVE_GETRUSAGE 1
| #define HAVE_GETSID 1
| #define HAVE_GETUID 1
| #define HAVE_GETWD 1
| #define HAVE_IF_NAMEINDEX 1
| #define HAVE_INITGROUPS 1
| #define HAVE_KILL 1
| #define HAVE_KILLPG 1
| #define HAVE_LCHOWN 1
| #define HAVE_LINKAT 1
| #define HAVE_LOCKF 1
| #define HAVE_LSTAT 1
| #define HAVE_LUTIMES 1
| #define HAVE_MADVISE 1
| #define HAVE_MBRTOWC 1
| #define HAVE_MEMRCHR 1
| #define HAVE_MKDIRAT 1
| #define HAVE_MKFIFO 1
| #define HAVE_MKFIFOAT 1
| #define HAVE_MKNOD 1
| #define HAVE_MKNODAT 1
| #define HAVE_MKTIME 1
| #define HAVE_MMAP 1
| #define HAVE_NICE 1
| #define HAVE_OPENAT 1
| #define HAVE_OPENDIR 1
| #define HAVE_PATHCONF 1
| #define HAVE_PAUSE 1
| #define HAVE_PIPE 1
| #define HAVE_PIPE2 1
| #define HAVE_POLL 1
| #define HAVE_POSIX_FADVISE 1
| #define HAVE_POSIX_FALLOCATE 1
| #define HAVE_POSIX_SPAWN 1
| #define HAVE_POSIX_SPAWNP 1
| #define HAVE_PREAD 1
| #define HAVE_PREADV 1
| #define HAVE_PTHREAD_CONDATTR_SETCLOCK 1
| #define HAVE_PTHREAD_KILL 1
| #define HAVE_PWRITE 1
| #define HAVE_PWRITEV 1
| #define HAVE_READLINK 1
| #define HAVE_READLINKAT 1
| #define HAVE_READV 1
| #define HAVE_REALPATH 1
| #define HAVE_RENAMEAT 1
| #define HAVE_SCHED_GET_PRIORITY_MAX 1
| #define HAVE_SCHED_RR_GET_INTERVAL 1
| #define HAVE_SCHED_SETAFFINITY 1
| #define HAVE_SCHED_SETPARAM 1
| #define HAVE_SCHED_SETSCHEDULER 1
| #define HAVE_SEM_GETVALUE 1
| #define HAVE_SEM_OPEN 1
| #define HAVE_SEM_TIMEDWAIT 1
| #define HAVE_SEM_UNLINK 1
| #define HAVE_SENDFILE 1
| #define HAVE_SETEGID 1
| #define HAVE_SETEUID 1
| #define HAVE_SETGID 1
| #define HAVE_SETHOSTNAME 1
| #define HAVE_SETITIMER 1
| #define HAVE_SETLOCALE 1
| #define HAVE_SETPGID 1
| #define HAVE_SETPGRP 1
| #define HAVE_SETPRIORITY 1
| #define HAVE_SETREGID 1
| #define HAVE_SETRESGID 1
| #define HAVE_SETRESUID 1
| #define HAVE_SETREUID 1
| #define HAVE_SETSID 1
| #define HAVE_SETUID 1
| #define HAVE_SETVBUF 1
| #define HAVE_SHUTDOWN 1
| #define HAVE_SIGACTION 1
| #define HAVE_SIGALTSTACK 1
| #define HAVE_SIGFILLSET 1
| #define HAVE_SIGINTERRUPT 1
| #define HAVE_SIGPENDING 1
| #define HAVE_SIGRELSE 1
| #define HAVE_SIGTIMEDWAIT 1
| #define HAVE_SIGWAIT 1
| #define HAVE_SIGWAITINFO 1
| #define HAVE_SNPRINTF 1
| #define HAVE_STRFTIME 1
| #define HAVE_STRLCPY 1
| #define HAVE_STRSIGNAL 1
| #define HAVE_SYMLINKAT 1
| #define HAVE_SYNC 1
| #define HAVE_SYSCONF 1
| #define HAVE_SYSTEM 1
| #define HAVE_TCGETPGRP 1
| #define HAVE_TCSETPGRP 1
| #define HAVE_TEMPNAM 1
| #define HAVE_TIMEGM 1
| #define HAVE_TIMES 1
| #define HAVE_TMPFILE 1
| #define HAVE_TMPNAM 1
| #define HAVE_TRUNCATE 1
| #define HAVE_TTYNAME 1
| #define HAVE_UMASK 1
| #define HAVE_UNAME 1
| #define HAVE_UNLINKAT 1
| #define HAVE_UTIMENSAT 1
| #define HAVE_UTIMES 1
| #define HAVE_VFORK 1
| #define HAVE_WAIT 1
| #define HAVE_WAIT3 1
| #define HAVE_WAIT4 1
| #define HAVE_WAITID 1
| #define HAVE_WAITPID 1
| #define HAVE_WCSCOLL 1
| #define HAVE_WCSFTIME 1
| #define HAVE_WCSXFRM 1
| #define HAVE_WMEMCMP 1
| #define HAVE_WRITEV 1
| #define HAVE_LCHMOD 1
| #define HAVE_DIRFD 1
| #define HAVE_CHROOT 1
| #define HAVE_LINK 1
| #define HAVE_SYMLINK 1
| #define HAVE_FCHDIR 1
| #define HAVE_FSYNC 1
| #define HAVE_FDATASYNC 1
| #define HAVE_KQUEUE 1
| #define HAVE_MEMFD_CREATE 1
| #define HAVE_EVENTFD 1
| #define HAVE_CTERMID_R 1
| #define HAVE_FLOCK 1
| #define HAVE_GETPAGESIZE 1
| #define HAVE_CHFLAGS 1
| #define HAVE_LCHFLAGS 1
| #define HAVE_ZLIB_COPY 1
| #define HAVE_BZLIB_H 1
| #define HAVE_HSTRERROR 1
| #define HAVE_GETSERVBYNAME 1
| #define HAVE_GETSERVBYPORT 1
| #define HAVE_GETHOSTBYNAME 1
| #define HAVE_GETHOSTBYADDR 1
| #define HAVE_GETPROTOBYNAME 1
| #define HAVE_INET_ATON 1
| #define HAVE_INET_NTOA 1
| #define HAVE_INET_PTON 1
| #define HAVE_GETPEERNAME 1
| #define HAVE_GETSOCKNAME 1
| #define HAVE_ACCEPT 1
| #define HAVE_BIND 1
| #define HAVE_CONNECT 1
| #define HAVE_LISTEN 1
| #define HAVE_RECVFROM 1
| #define HAVE_SENDTO 1
| #define HAVE_SETSOCKOPT 1
| #define HAVE_SOCKET 1
| #define HAVE_SETGROUPS 1
| #define HAVE_OPENPTY 1
| #define HAVE_LOGIN_TTY 1
| #define HAVE_FORKPTY 1
| #define HAVE_FSEEKO 1
| #define HAVE_FSTATVFS 1
| #define HAVE_FTELLO 1
| #define HAVE_STATVFS 1
| #define HAVE_DUP2 1
| #define HAVE_GETPGRP 1
| #define HAVE_SETPGRP 1
| #define SETPGRP_HAVE_ARG 1
| /* end confdefs.h.  */
| /* Define setns to an innocuous variant, in case <limits.h> declares setns.
|    For example, HP-UX 11i <limits.h> declares gettimeofday.  */
| #define setns innocuous_setns
| 
| /* System header to define __stub macros and hopefully few prototypes,
|    which can conflict with char setns (); below.  */
| 
| #include <limits.h>
| #undef setns
| 
| /* Override any GCC internal prototype to avoid an error.
|    Use char because int might match the return type of a GCC
|    builtin and then its argument prototype would still apply.  */
| #ifdef __cplusplus
| extern "C"
| #endif
| char setns ();
| /* The GNU C library defines this for functions which it implements
|     to always fail with ENOSYS.  Some functions are actually named
|     something starting with __ and the normal name is an alias.  */
| #if defined __stub_setns || defined __stub___setns
| choke me
| #endif
| 
| int
| main (void)
| {
| return setns ();
|   ;
|   return 0;
| }
configure:21748: result: no
configure:21754: checking for unshare
configure:21754: cc -pthread -o conftest -mabi=purecap -I/usr/local/include -I/usr/include -mabi=purecap -L/usr/local/lib -L/usr/lib -lmd -lcheri_caprevoke conftest.c -lintl -ldl  -lutil >&5
ld: error: undefined symbol: unshare
>>> referenced by conftest.c
>>>               /tmp/conftest-4364ac.o:(main)
clang-14: error: linker command failed with exit code 1 (use -v to see invocation)
configure:21754: $? = 1
configure: failed program was:
| /* confdefs.h */
| #define _NETBSD_SOURCE 1
| #define __BSD_VISIBLE 1
| #define _DARWIN_C_SOURCE 1
| #define _PYTHONFRAMEWORK ""
| #define _XOPEN_SOURCE 700
| #define _XOPEN_SOURCE_EXTENDED 1
| #define _POSIX_C_SOURCE 200809L
| #define HAVE_STDIO_H 1
| #define HAVE_STDLIB_H 1
| #define HAVE_STRING_H 1
| #define HAVE_INTTYPES_H 1
| #define HAVE_STDINT_H 1
| #define HAVE_STRINGS_H 1
| #define HAVE_SYS_STAT_H 1
| #define HAVE_SYS_TYPES_H 1
| #define HAVE_UNISTD_H 1
| #define HAVE_WCHAR_H 1
| #define STDC_HEADERS 1
| #define _ALL_SOURCE 1
| #define _DARWIN_C_SOURCE 1
| #define _GNU_SOURCE 1
| #define _HPUX_ALT_XOPEN_SOCKET_API 1
| #define _NETBSD_SOURCE 1
| #define _OPENBSD_SOURCE 1
| #define _POSIX_PTHREAD_SEMANTICS 1
| #define __STDC_WANT_IEC_60559_ATTRIBS_EXT__ 1
| #define __STDC_WANT_IEC_60559_BFP_EXT__ 1
| #define __STDC_WANT_IEC_60559_DFP_EXT__ 1
| #define __STDC_WANT_IEC_60559_FUNCS_EXT__ 1
| #define __STDC_WANT_IEC_60559_TYPES_EXT__ 1
| #define __STDC_WANT_LIB_EXT2__ 1
| #define __STDC_WANT_MATH_SPEC_FUNCS__ 1
| #define _TANDEM_SOURCE 1
| #define __EXTENSIONS__ 1
| #define PY_SUPPORT_TIER 0
| #define Py_DEBUG 1
| #define STDC_HEADERS 1
| #define HAVE_BLUETOOTH_H 1
| #define HAVE_DLFCN_H 1
| #define HAVE_ENDIAN_H 1
| #define HAVE_ERRNO_H 1
| #define HAVE_FCNTL_H 1
| #define HAVE_GRP_H 1
| #define HAVE_IEEEFP_H 1
| #define HAVE_LANGINFO_H 1
| #define HAVE_LIBINTL_H 1
| #define HAVE_LIBUTIL_H 1
| #define HAVE_SYS_AUXV_H 1
| #define HAVE_NETDB_H 1
| #define HAVE_NET_ETHERNET_H 1
| #define HAVE_NETINET_IN_H 1
| #define HAVE_POLL_H 1
| #define HAVE_PTHREAD_H 1
| #define HAVE_SCHED_H 1
| #define HAVE_SETJMP_H 1
| #define HAVE_SIGNAL_H 1
| #define HAVE_SPAWN_H 1
| #define HAVE_SYS_ENDIAN_H 1
| #define HAVE_SYS_EVENT_H 1
| #define HAVE_SYS_EVENTFD_H 1
| #define HAVE_SYS_FILE_H 1
| #define HAVE_SYS_IOCTL_H 1
| #define HAVE_SYS_LOCK_H 1
| #define HAVE_SYS_MMAN_H 1
| #define HAVE_SYS_PARAM_H 1
| #define HAVE_SYS_POLL_H 1
| #define HAVE_SYS_RANDOM_H 1
| #define HAVE_SYS_RESOURCE_H 1
| #define HAVE_SYS_SELECT_H 1
| #define HAVE_SYS_SOCKET_H 1
| #define HAVE_SYS_SOUNDCARD_H 1
| #define HAVE_SYS_STAT_H 1
| #define HAVE_SYS_STATVFS_H 1
| #define HAVE_SYS_SYSCALL_H 1
| #define HAVE_SYS_TIME_H 1
| #define HAVE_SYS_TIMES_H 1
| #define HAVE_SYS_TYPES_H 1
| #define HAVE_SYS_UIO_H 1
| #define HAVE_SYS_UN_H 1
| #define HAVE_SYS_UTSNAME_H 1
| #define HAVE_SYS_WAIT_H 1
| #define HAVE_SYSEXITS_H 1
| #define HAVE_SYSLOG_H 1
| #define HAVE_TERMIOS_H 1
| #define HAVE_UTIME_H 1
| #define HAVE_DIRENT_H 1
| #define HAVE_NET_IF_H 1
| #define HAVE_MAKEDEV 1
| #define _LARGEFILE_SOURCE 1
| #define _FILE_OFFSET_BITS 64
| #if defined(SCO_DS)
| #undef _OFF_T
| #endif
| #define RETSIGTYPE void
| #define HAVE_SSIZE_T 1
| #define HAVE_GCC_UINT128_T 1
| #define SIZEOF_INT 4
| #define SIZEOF_LONG 8
| #define ALIGNOF_LONG 8
| #define SIZEOF_LONG_LONG 8
| #define SIZEOF_VOID_P 16
| #define SIZEOF_SHORT 2
| #define SIZEOF_FLOAT 4
| #define SIZEOF_DOUBLE 8
| #define SIZEOF_FPOS_T 8
| #define SIZEOF_SIZE_T 8
| #define ALIGNOF_SIZE_T 8
| #define SIZEOF_PID_T 4
| #define SIZEOF_UINTPTR_T 16
| #define ALIGNOF_MAX_ALIGN_T 16
| #define HAVE_LONG_DOUBLE 1
| #define SIZEOF_LONG_DOUBLE 16
| #define SIZEOF__BOOL 1
| #define SIZEOF_OFF_T 8
| #define SIZEOF_TIME_T 8
| #define SIZEOF_PTHREAD_T 16
| #define SIZEOF_PTHREAD_KEY_T 4
| #define PTHREAD_KEY_T_IS_COMPATIBLE_WITH_INT 1
| #define HAVE_LIBDL 1
| #define HAVE_UUID_H 1
| #define HAVE_UUID_CREATE 1
| #define HAVE_UUID_ENC_BE 1
| #define WITH_LIBINTL 1
| #define HAVE_FFI_PREP_CIF_VAR 1
| #define HAVE_FFI_PREP_CLOSURE_LOC 1
| #define HAVE_FFI_CLOSURE_ALLOC 1
| #define WITH_DECIMAL_CONTEXTVAR 1
| #define HAVE_RPC_RPC_H 1
| #define HAVE_LIBSQLITE3 1
| #define HAVE_LIBSQLITE3 1
| #define HAVE_LIBSQLITE3 1
| #define HAVE_LIBSQLITE3 1
| #define HAVE_LIBSQLITE3 1
| #define HAVE_LIBSQLITE3 1
| #define HAVE_LIBSQLITE3 1
| #define HAVE_LIBSQLITE3 1
| #define HAVE_LIBSQLITE3 1
| #define PY_SQLITE_HAVE_SERIALIZE 1
| #define HAVE_GDBM_H 1
| #define HAVE_NDBM_H 1
| #define HAVE_DB_H 1
| #define PTHREAD_SYSTEM_SCHED_SUPPORTED 1
| #define HAVE_PTHREAD_SIGMASK 1
| #define HAVE_PTHREAD_GETCPUCLOCKID 1
| #define ENABLE_IPV6 1
| #define WITH_DOC_STRINGS 1
| #define WITH_PYMALLOC 1
| #define WITH_FREELISTS 1
| #define PY_COERCE_C_LOCALE 1
| #define HAVE_DLOPEN 1
| #define HAVE_DYNAMIC_LOADING 1
| #define HAVE_ACCEPT4 1
| #define HAVE_ALARM 1
| #define HAVE_BIND_TEXTDOMAIN_CODESET 1
| #define HAVE_CHMOD 1
| #define HAVE_CHOWN 1
| #define HAVE_CLOCK 1
| #define HAVE_CLOSE_RANGE 1
| #define HAVE_CONFSTR 1
| #define HAVE_COPY_FILE_RANGE 1
| #define HAVE_CTERMID 1
| #define HAVE_DUP 1
| #define HAVE_DUP3 1
| #define HAVE_EXECV 1
| #define HAVE_EXPLICIT_BZERO 1
| #define HAVE_FACCESSAT 1
| #define HAVE_FCHMOD 1
| #define HAVE_FCHMODAT 1
| #define HAVE_FCHOWN 1
| #define HAVE_FCHOWNAT 1
| #define HAVE_FDOPENDIR 1
| #define HAVE_FEXECVE 1
| #define HAVE_FORK 1
| #define HAVE_FPATHCONF 1
| #define HAVE_FSTATAT 1
| #define HAVE_FTRUNCATE 1
| #define HAVE_FUTIMENS 1
| #define HAVE_FUTIMES 1
| #define HAVE_FUTIMESAT 1
| #define HAVE_GAI_STRERROR 1
| #define HAVE_GETEGID 1
| #define HAVE_GETENTROPY 1
| #define HAVE_GETEUID 1
| #define HAVE_GETGID 1
| #define HAVE_GETGRGID 1
| #define HAVE_GETGRGID_R 1
| #define HAVE_GETGRNAM_R 1
| #define HAVE_GETGROUPLIST 1
| #define HAVE_GETGROUPS 1
| #define HAVE_GETHOSTNAME 1
| #define HAVE_GETITIMER 1
| #define HAVE_GETLOADAVG 1
| #define HAVE_GETLOGIN 1
| #define HAVE_GETPEERNAME 1
| #define HAVE_GETPGID 1
| #define HAVE_GETPID 1
| #define HAVE_GETPPID 1
| #define HAVE_GETPRIORITY 1
| #define HAVE_GETPWENT 1
| #define HAVE_GETPWNAM_R 1
| #define HAVE_GETPWUID 1
| #define HAVE_GETPWUID_R 1
| #define HAVE_GETRESGID 1
| #define HAVE_GETRESUID 1
| #define HAVE_GETRUSAGE 1
| #define HAVE_GETSID 1
| #define HAVE_GETUID 1
| #define HAVE_GETWD 1
| #define HAVE_IF_NAMEINDEX 1
| #define HAVE_INITGROUPS 1
| #define HAVE_KILL 1
| #define HAVE_KILLPG 1
| #define HAVE_LCHOWN 1
| #define HAVE_LINKAT 1
| #define HAVE_LOCKF 1
| #define HAVE_LSTAT 1
| #define HAVE_LUTIMES 1
| #define HAVE_MADVISE 1
| #define HAVE_MBRTOWC 1
| #define HAVE_MEMRCHR 1
| #define HAVE_MKDIRAT 1
| #define HAVE_MKFIFO 1
| #define HAVE_MKFIFOAT 1
| #define HAVE_MKNOD 1
| #define HAVE_MKNODAT 1
| #define HAVE_MKTIME 1
| #define HAVE_MMAP 1
| #define HAVE_NICE 1
| #define HAVE_OPENAT 1
| #define HAVE_OPENDIR 1
| #define HAVE_PATHCONF 1
| #define HAVE_PAUSE 1
| #define HAVE_PIPE 1
| #define HAVE_PIPE2 1
| #define HAVE_POLL 1
| #define HAVE_POSIX_FADVISE 1
| #define HAVE_POSIX_FALLOCATE 1
| #define HAVE_POSIX_SPAWN 1
| #define HAVE_POSIX_SPAWNP 1
| #define HAVE_PREAD 1
| #define HAVE_PREADV 1
| #define HAVE_PTHREAD_CONDATTR_SETCLOCK 1
| #define HAVE_PTHREAD_KILL 1
| #define HAVE_PWRITE 1
| #define HAVE_PWRITEV 1
| #define HAVE_READLINK 1
| #define HAVE_READLINKAT 1
| #define HAVE_READV 1
| #define HAVE_REALPATH 1
| #define HAVE_RENAMEAT 1
| #define HAVE_SCHED_GET_PRIORITY_MAX 1
| #define HAVE_SCHED_RR_GET_INTERVAL 1
| #define HAVE_SCHED_SETAFFINITY 1
| #define HAVE_SCHED_SETPARAM 1
| #define HAVE_SCHED_SETSCHEDULER 1
| #define HAVE_SEM_GETVALUE 1
| #define HAVE_SEM_OPEN 1
| #define HAVE_SEM_TIMEDWAIT 1
| #define HAVE_SEM_UNLINK 1
| #define HAVE_SENDFILE 1
| #define HAVE_SETEGID 1
| #define HAVE_SETEUID 1
| #define HAVE_SETGID 1
| #define HAVE_SETHOSTNAME 1
| #define HAVE_SETITIMER 1
| #define HAVE_SETLOCALE 1
| #define HAVE_SETPGID 1
| #define HAVE_SETPGRP 1
| #define HAVE_SETPRIORITY 1
| #define HAVE_SETREGID 1
| #define HAVE_SETRESGID 1
| #define HAVE_SETRESUID 1
| #define HAVE_SETREUID 1
| #define HAVE_SETSID 1
| #define HAVE_SETUID 1
| #define HAVE_SETVBUF 1
| #define HAVE_SHUTDOWN 1
| #define HAVE_SIGACTION 1
| #define HAVE_SIGALTSTACK 1
| #define HAVE_SIGFILLSET 1
| #define HAVE_SIGINTERRUPT 1
| #define HAVE_SIGPENDING 1
| #define HAVE_SIGRELSE 1
| #define HAVE_SIGTIMEDWAIT 1
| #define HAVE_SIGWAIT 1
| #define HAVE_SIGWAITINFO 1
| #define HAVE_SNPRINTF 1
| #define HAVE_STRFTIME 1
| #define HAVE_STRLCPY 1
| #define HAVE_STRSIGNAL 1
| #define HAVE_SYMLINKAT 1
| #define HAVE_SYNC 1
| #define HAVE_SYSCONF 1
| #define HAVE_SYSTEM 1
| #define HAVE_TCGETPGRP 1
| #define HAVE_TCSETPGRP 1
| #define HAVE_TEMPNAM 1
| #define HAVE_TIMEGM 1
| #define HAVE_TIMES 1
| #define HAVE_TMPFILE 1
| #define HAVE_TMPNAM 1
| #define HAVE_TRUNCATE 1
| #define HAVE_TTYNAME 1
| #define HAVE_UMASK 1
| #define HAVE_UNAME 1
| #define HAVE_UNLINKAT 1
| #define HAVE_UTIMENSAT 1
| #define HAVE_UTIMES 1
| #define HAVE_VFORK 1
| #define HAVE_WAIT 1
| #define HAVE_WAIT3 1
| #define HAVE_WAIT4 1
| #define HAVE_WAITID 1
| #define HAVE_WAITPID 1
| #define HAVE_WCSCOLL 1
| #define HAVE_WCSFTIME 1
| #define HAVE_WCSXFRM 1
| #define HAVE_WMEMCMP 1
| #define HAVE_WRITEV 1
| #define HAVE_LCHMOD 1
| #define HAVE_DIRFD 1
| #define HAVE_CHROOT 1
| #define HAVE_LINK 1
| #define HAVE_SYMLINK 1
| #define HAVE_FCHDIR 1
| #define HAVE_FSYNC 1
| #define HAVE_FDATASYNC 1
| #define HAVE_KQUEUE 1
| #define HAVE_MEMFD_CREATE 1
| #define HAVE_EVENTFD 1
| #define HAVE_CTERMID_R 1
| #define HAVE_FLOCK 1
| #define HAVE_GETPAGESIZE 1
| #define HAVE_CHFLAGS 1
| #define HAVE_LCHFLAGS 1
| #define HAVE_ZLIB_COPY 1
| #define HAVE_BZLIB_H 1
| #define HAVE_HSTRERROR 1
| #define HAVE_GETSERVBYNAME 1
| #define HAVE_GETSERVBYPORT 1
| #define HAVE_GETHOSTBYNAME 1
| #define HAVE_GETHOSTBYADDR 1
| #define HAVE_GETPROTOBYNAME 1
| #define HAVE_INET_ATON 1
| #define HAVE_INET_NTOA 1
| #define HAVE_INET_PTON 1
| #define HAVE_GETPEERNAME 1
| #define HAVE_GETSOCKNAME 1
| #define HAVE_ACCEPT 1
| #define HAVE_BIND 1
| #define HAVE_CONNECT 1
| #define HAVE_LISTEN 1
| #define HAVE_RECVFROM 1
| #define HAVE_SENDTO 1
| #define HAVE_SETSOCKOPT 1
| #define HAVE_SOCKET 1
| #define HAVE_SETGROUPS 1
| #define HAVE_OPENPTY 1
| #define HAVE_LOGIN_TTY 1
| #define HAVE_FORKPTY 1
| #define HAVE_FSEEKO 1
| #define HAVE_FSTATVFS 1
| #define HAVE_FTELLO 1
| #define HAVE_STATVFS 1
| #define HAVE_DUP2 1
| #define HAVE_GETPGRP 1
| #define HAVE_SETPGRP 1
| #define SETPGRP_HAVE_ARG 1
| /* end confdefs.h.  */
| /* Define unshare to an innocuous variant, in case <limits.h> declares unshare.
|    For example, HP-UX 11i <limits.h> declares gettimeofday.  */
| #define unshare innocuous_unshare
| 
| /* System header to define __stub macros and hopefully few prototypes,
|    which can conflict with char unshare (); below.  */
| 
| #include <limits.h>
| #undef unshare
| 
| /* Override any GCC internal prototype to avoid an error.
|    Use char because int might match the return type of a GCC
|    builtin and then its argument prototype would still apply.  */
| #ifdef __cplusplus
| extern "C"
| #endif
| char unshare ();
| /* The GNU C library defines this for functions which it implements
|     to always fail with ENOSYS.  Some functions are actually named
|     something starting with __ and the normal name is an alias.  */
| #if defined __stub_unshare || defined __stub___unshare
| choke me
| #endif
| 
| int
| main (void)
| {
| return unshare ();
|   ;
|   return 0;
| }
configure:21754: result: no
configure:21766: checking for libxcrypt >= 3.1.1
configure:21773: $PKG_CONFIG --exists --print-errors "libxcrypt >= 3.1.1"
Package libxcrypt was not found in the pkg-config search path.
Perhaps you should add the directory containing `libxcrypt.pc'
to the PKG_CONFIG_PATH environment variable
Package 'libxcrypt', required by 'virtual:world', not found
configure:21776: $? = 1
configure:21790: $PKG_CONFIG --exists --print-errors "libxcrypt >= 3.1.1"
Package libxcrypt was not found in the pkg-config search path.
Perhaps you should add the directory containing `libxcrypt.pc'
to the PKG_CONFIG_PATH environment variable
Package 'libxcrypt', required by 'virtual:world', not found
configure:21793: $? = 1
configure:21807: result: no
Package 'libxcrypt', required by 'virtual:world', not found
configure:21830: checking for library containing crypt_r
configure:21860: cc -pthread -o conftest -mabi=purecap -I/usr/local/include -I/usr/include -mabi=purecap -L/usr/local/lib -L/usr/lib -lmd -lcheri_caprevoke conftest.c -lintl -ldl  -lutil >&5
ld: error: undefined symbol: crypt_r
>>> referenced by conftest.c
>>>               /tmp/conftest-1ef1b1.o:(main)
clang-14: error: linker command failed with exit code 1 (use -v to see invocation)
configure:21860: $? = 1
configure: failed program was:
| /* confdefs.h */
| #define _NETBSD_SOURCE 1
| #define __BSD_VISIBLE 1
| #define _DARWIN_C_SOURCE 1
| #define _PYTHONFRAMEWORK ""
| #define _XOPEN_SOURCE 700
| #define _XOPEN_SOURCE_EXTENDED 1
| #define _POSIX_C_SOURCE 200809L
| #define HAVE_STDIO_H 1
| #define HAVE_STDLIB_H 1
| #define HAVE_STRING_H 1
| #define HAVE_INTTYPES_H 1
| #define HAVE_STDINT_H 1
| #define HAVE_STRINGS_H 1
| #define HAVE_SYS_STAT_H 1
| #define HAVE_SYS_TYPES_H 1
| #define HAVE_UNISTD_H 1
| #define HAVE_WCHAR_H 1
| #define STDC_HEADERS 1
| #define _ALL_SOURCE 1
| #define _DARWIN_C_SOURCE 1
| #define _GNU_SOURCE 1
| #define _HPUX_ALT_XOPEN_SOCKET_API 1
| #define _NETBSD_SOURCE 1
| #define _OPENBSD_SOURCE 1
| #define _POSIX_PTHREAD_SEMANTICS 1
| #define __STDC_WANT_IEC_60559_ATTRIBS_EXT__ 1
| #define __STDC_WANT_IEC_60559_BFP_EXT__ 1
| #define __STDC_WANT_IEC_60559_DFP_EXT__ 1
| #define __STDC_WANT_IEC_60559_FUNCS_EXT__ 1
| #define __STDC_WANT_IEC_60559_TYPES_EXT__ 1
| #define __STDC_WANT_LIB_EXT2__ 1
| #define __STDC_WANT_MATH_SPEC_FUNCS__ 1
| #define _TANDEM_SOURCE 1
| #define __EXTENSIONS__ 1
| #define PY_SUPPORT_TIER 0
| #define Py_DEBUG 1
| #define STDC_HEADERS 1
| #define HAVE_BLUETOOTH_H 1
| #define HAVE_DLFCN_H 1
| #define HAVE_ENDIAN_H 1
| #define HAVE_ERRNO_H 1
| #define HAVE_FCNTL_H 1
| #define HAVE_GRP_H 1
| #define HAVE_IEEEFP_H 1
| #define HAVE_LANGINFO_H 1
| #define HAVE_LIBINTL_H 1
| #define HAVE_LIBUTIL_H 1
| #define HAVE_SYS_AUXV_H 1
| #define HAVE_NETDB_H 1
| #define HAVE_NET_ETHERNET_H 1
| #define HAVE_NETINET_IN_H 1
| #define HAVE_POLL_H 1
| #define HAVE_PTHREAD_H 1
| #define HAVE_SCHED_H 1
| #define HAVE_SETJMP_H 1
| #define HAVE_SIGNAL_H 1
| #define HAVE_SPAWN_H 1
| #define HAVE_SYS_ENDIAN_H 1
| #define HAVE_SYS_EVENT_H 1
| #define HAVE_SYS_EVENTFD_H 1
| #define HAVE_SYS_FILE_H 1
| #define HAVE_SYS_IOCTL_H 1
| #define HAVE_SYS_LOCK_H 1
| #define HAVE_SYS_MMAN_H 1
| #define HAVE_SYS_PARAM_H 1
| #define HAVE_SYS_POLL_H 1
| #define HAVE_SYS_RANDOM_H 1
| #define HAVE_SYS_RESOURCE_H 1
| #define HAVE_SYS_SELECT_H 1
| #define HAVE_SYS_SOCKET_H 1
| #define HAVE_SYS_SOUNDCARD_H 1
| #define HAVE_SYS_STAT_H 1
| #define HAVE_SYS_STATVFS_H 1
| #define HAVE_SYS_SYSCALL_H 1
| #define HAVE_SYS_TIME_H 1
| #define HAVE_SYS_TIMES_H 1
| #define HAVE_SYS_TYPES_H 1
| #define HAVE_SYS_UIO_H 1
| #define HAVE_SYS_UN_H 1
| #define HAVE_SYS_UTSNAME_H 1
| #define HAVE_SYS_WAIT_H 1
| #define HAVE_SYSEXITS_H 1
| #define HAVE_SYSLOG_H 1
| #define HAVE_TERMIOS_H 1
| #define HAVE_UTIME_H 1
| #define HAVE_DIRENT_H 1
| #define HAVE_NET_IF_H 1
| #define HAVE_MAKEDEV 1
| #define _LARGEFILE_SOURCE 1
| #define _FILE_OFFSET_BITS 64
| #if defined(SCO_DS)
| #undef _OFF_T
| #endif
| #define RETSIGTYPE void
| #define HAVE_SSIZE_T 1
| #define HAVE_GCC_UINT128_T 1
| #define SIZEOF_INT 4
| #define SIZEOF_LONG 8
| #define ALIGNOF_LONG 8
| #define SIZEOF_LONG_LONG 8
| #define SIZEOF_VOID_P 16
| #define SIZEOF_SHORT 2
| #define SIZEOF_FLOAT 4
| #define SIZEOF_DOUBLE 8
| #define SIZEOF_FPOS_T 8
| #define SIZEOF_SIZE_T 8
| #define ALIGNOF_SIZE_T 8
| #define SIZEOF_PID_T 4
| #define SIZEOF_UINTPTR_T 16
| #define ALIGNOF_MAX_ALIGN_T 16
| #define HAVE_LONG_DOUBLE 1
| #define SIZEOF_LONG_DOUBLE 16
| #define SIZEOF__BOOL 1
| #define SIZEOF_OFF_T 8
| #define SIZEOF_TIME_T 8
| #define SIZEOF_PTHREAD_T 16
| #define SIZEOF_PTHREAD_KEY_T 4
| #define PTHREAD_KEY_T_IS_COMPATIBLE_WITH_INT 1
| #define HAVE_LIBDL 1
| #define HAVE_UUID_H 1
| #define HAVE_UUID_CREATE 1
| #define HAVE_UUID_ENC_BE 1
| #define WITH_LIBINTL 1
| #define HAVE_FFI_PREP_CIF_VAR 1
| #define HAVE_FFI_PREP_CLOSURE_LOC 1
| #define HAVE_FFI_CLOSURE_ALLOC 1
| #define WITH_DECIMAL_CONTEXTVAR 1
| #define HAVE_RPC_RPC_H 1
| #define HAVE_LIBSQLITE3 1
| #define HAVE_LIBSQLITE3 1
| #define HAVE_LIBSQLITE3 1
| #define HAVE_LIBSQLITE3 1
| #define HAVE_LIBSQLITE3 1
| #define HAVE_LIBSQLITE3 1
| #define HAVE_LIBSQLITE3 1
| #define HAVE_LIBSQLITE3 1
| #define HAVE_LIBSQLITE3 1
| #define PY_SQLITE_HAVE_SERIALIZE 1
| #define HAVE_GDBM_H 1
| #define HAVE_NDBM_H 1
| #define HAVE_DB_H 1
| #define PTHREAD_SYSTEM_SCHED_SUPPORTED 1
| #define HAVE_PTHREAD_SIGMASK 1
| #define HAVE_PTHREAD_GETCPUCLOCKID 1
| #define ENABLE_IPV6 1
| #define WITH_DOC_STRINGS 1
| #define WITH_PYMALLOC 1
| #define WITH_FREELISTS 1
| #define PY_COERCE_C_LOCALE 1
| #define HAVE_DLOPEN 1
| #define HAVE_DYNAMIC_LOADING 1
| #define HAVE_ACCEPT4 1
| #define HAVE_ALARM 1
| #define HAVE_BIND_TEXTDOMAIN_CODESET 1
| #define HAVE_CHMOD 1
| #define HAVE_CHOWN 1
| #define HAVE_CLOCK 1
| #define HAVE_CLOSE_RANGE 1
| #define HAVE_CONFSTR 1
| #define HAVE_COPY_FILE_RANGE 1
| #define HAVE_CTERMID 1
| #define HAVE_DUP 1
| #define HAVE_DUP3 1
| #define HAVE_EXECV 1
| #define HAVE_EXPLICIT_BZERO 1
| #define HAVE_FACCESSAT 1
| #define HAVE_FCHMOD 1
| #define HAVE_FCHMODAT 1
| #define HAVE_FCHOWN 1
| #define HAVE_FCHOWNAT 1
| #define HAVE_FDOPENDIR 1
| #define HAVE_FEXECVE 1
| #define HAVE_FORK 1
| #define HAVE_FPATHCONF 1
| #define HAVE_FSTATAT 1
| #define HAVE_FTRUNCATE 1
| #define HAVE_FUTIMENS 1
| #define HAVE_FUTIMES 1
| #define HAVE_FUTIMESAT 1
| #define HAVE_GAI_STRERROR 1
| #define HAVE_GETEGID 1
| #define HAVE_GETENTROPY 1
| #define HAVE_GETEUID 1
| #define HAVE_GETGID 1
| #define HAVE_GETGRGID 1
| #define HAVE_GETGRGID_R 1
| #define HAVE_GETGRNAM_R 1
| #define HAVE_GETGROUPLIST 1
| #define HAVE_GETGROUPS 1
| #define HAVE_GETHOSTNAME 1
| #define HAVE_GETITIMER 1
| #define HAVE_GETLOADAVG 1
| #define HAVE_GETLOGIN 1
| #define HAVE_GETPEERNAME 1
| #define HAVE_GETPGID 1
| #define HAVE_GETPID 1
| #define HAVE_GETPPID 1
| #define HAVE_GETPRIORITY 1
| #define HAVE_GETPWENT 1
| #define HAVE_GETPWNAM_R 1
| #define HAVE_GETPWUID 1
| #define HAVE_GETPWUID_R 1
| #define HAVE_GETRESGID 1
| #define HAVE_GETRESUID 1
| #define HAVE_GETRUSAGE 1
| #define HAVE_GETSID 1
| #define HAVE_GETUID 1
| #define HAVE_GETWD 1
| #define HAVE_IF_NAMEINDEX 1
| #define HAVE_INITGROUPS 1
| #define HAVE_KILL 1
| #define HAVE_KILLPG 1
| #define HAVE_LCHOWN 1
| #define HAVE_LINKAT 1
| #define HAVE_LOCKF 1
| #define HAVE_LSTAT 1
| #define HAVE_LUTIMES 1
| #define HAVE_MADVISE 1
| #define HAVE_MBRTOWC 1
| #define HAVE_MEMRCHR 1
| #define HAVE_MKDIRAT 1
| #define HAVE_MKFIFO 1
| #define HAVE_MKFIFOAT 1
| #define HAVE_MKNOD 1
| #define HAVE_MKNODAT 1
| #define HAVE_MKTIME 1
| #define HAVE_MMAP 1
| #define HAVE_NICE 1
| #define HAVE_OPENAT 1
| #define HAVE_OPENDIR 1
| #define HAVE_PATHCONF 1
| #define HAVE_PAUSE 1
| #define HAVE_PIPE 1
| #define HAVE_PIPE2 1
| #define HAVE_POLL 1
| #define HAVE_POSIX_FADVISE 1
| #define HAVE_POSIX_FALLOCATE 1
| #define HAVE_POSIX_SPAWN 1
| #define HAVE_POSIX_SPAWNP 1
| #define HAVE_PREAD 1
| #define HAVE_PREADV 1
| #define HAVE_PTHREAD_CONDATTR_SETCLOCK 1
| #define HAVE_PTHREAD_KILL 1
| #define HAVE_PWRITE 1
| #define HAVE_PWRITEV 1
| #define HAVE_READLINK 1
| #define HAVE_READLINKAT 1
| #define HAVE_READV 1
| #define HAVE_REALPATH 1
| #define HAVE_RENAMEAT 1
| #define HAVE_SCHED_GET_PRIORITY_MAX 1
| #define HAVE_SCHED_RR_GET_INTERVAL 1
| #define HAVE_SCHED_SETAFFINITY 1
| #define HAVE_SCHED_SETPARAM 1
| #define HAVE_SCHED_SETSCHEDULER 1
| #define HAVE_SEM_GETVALUE 1
| #define HAVE_SEM_OPEN 1
| #define HAVE_SEM_TIMEDWAIT 1
| #define HAVE_SEM_UNLINK 1
| #define HAVE_SENDFILE 1
| #define HAVE_SETEGID 1
| #define HAVE_SETEUID 1
| #define HAVE_SETGID 1
| #define HAVE_SETHOSTNAME 1
| #define HAVE_SETITIMER 1
| #define HAVE_SETLOCALE 1
| #define HAVE_SETPGID 1
| #define HAVE_SETPGRP 1
| #define HAVE_SETPRIORITY 1
| #define HAVE_SETREGID 1
| #define HAVE_SETRESGID 1
| #define HAVE_SETRESUID 1
| #define HAVE_SETREUID 1
| #define HAVE_SETSID 1
| #define HAVE_SETUID 1
| #define HAVE_SETVBUF 1
| #define HAVE_SHUTDOWN 1
| #define HAVE_SIGACTION 1
| #define HAVE_SIGALTSTACK 1
| #define HAVE_SIGFILLSET 1
| #define HAVE_SIGINTERRUPT 1
| #define HAVE_SIGPENDING 1
| #define HAVE_SIGRELSE 1
| #define HAVE_SIGTIMEDWAIT 1
| #define HAVE_SIGWAIT 1
| #define HAVE_SIGWAITINFO 1
| #define HAVE_SNPRINTF 1
| #define HAVE_STRFTIME 1
| #define HAVE_STRLCPY 1
| #define HAVE_STRSIGNAL 1
| #define HAVE_SYMLINKAT 1
| #define HAVE_SYNC 1
| #define HAVE_SYSCONF 1
| #define HAVE_SYSTEM 1
| #define HAVE_TCGETPGRP 1
| #define HAVE_TCSETPGRP 1
| #define HAVE_TEMPNAM 1
| #define HAVE_TIMEGM 1
| #define HAVE_TIMES 1
| #define HAVE_TMPFILE 1
| #define HAVE_TMPNAM 1
| #define HAVE_TRUNCATE 1
| #define HAVE_TTYNAME 1
| #define HAVE_UMASK 1
| #define HAVE_UNAME 1
| #define HAVE_UNLINKAT 1
| #define HAVE_UTIMENSAT 1
| #define HAVE_UTIMES 1
| #define HAVE_VFORK 1
| #define HAVE_WAIT 1
| #define HAVE_WAIT3 1
| #define HAVE_WAIT4 1
| #define HAVE_WAITID 1
| #define HAVE_WAITPID 1
| #define HAVE_WCSCOLL 1
| #define HAVE_WCSFTIME 1
| #define HAVE_WCSXFRM 1
| #define HAVE_WMEMCMP 1
| #define HAVE_WRITEV 1
| #define HAVE_LCHMOD 1
| #define HAVE_DIRFD 1
| #define HAVE_CHROOT 1
| #define HAVE_LINK 1
| #define HAVE_SYMLINK 1
| #define HAVE_FCHDIR 1
| #define HAVE_FSYNC 1
| #define HAVE_FDATASYNC 1
| #define HAVE_KQUEUE 1
| #define HAVE_MEMFD_CREATE 1
| #define HAVE_EVENTFD 1
| #define HAVE_CTERMID_R 1
| #define HAVE_FLOCK 1
| #define HAVE_GETPAGESIZE 1
| #define HAVE_CHFLAGS 1
| #define HAVE_LCHFLAGS 1
| #define HAVE_ZLIB_COPY 1
| #define HAVE_BZLIB_H 1
| #define HAVE_HSTRERROR 1
| #define HAVE_GETSERVBYNAME 1
| #define HAVE_GETSERVBYPORT 1
| #define HAVE_GETHOSTBYNAME 1
| #define HAVE_GETHOSTBYADDR 1
| #define HAVE_GETPROTOBYNAME 1
| #define HAVE_INET_ATON 1
| #define HAVE_INET_NTOA 1
| #define HAVE_INET_PTON 1
| #define HAVE_GETPEERNAME 1
| #define HAVE_GETSOCKNAME 1
| #define HAVE_ACCEPT 1
| #define HAVE_BIND 1
| #define HAVE_CONNECT 1
| #define HAVE_LISTEN 1
| #define HAVE_RECVFROM 1
| #define HAVE_SENDTO 1
| #define HAVE_SETSOCKOPT 1
| #define HAVE_SOCKET 1
| #define HAVE_SETGROUPS 1
| #define HAVE_OPENPTY 1
| #define HAVE_LOGIN_TTY 1
| #define HAVE_FORKPTY 1
| #define HAVE_FSEEKO 1
| #define HAVE_FSTATVFS 1
| #define HAVE_FTELLO 1
| #define HAVE_STATVFS 1
| #define HAVE_DUP2 1
| #define HAVE_GETPGRP 1
| #define HAVE_SETPGRP 1
| #define SETPGRP_HAVE_ARG 1
| /* end confdefs.h.  */
| 
| /* Override any GCC internal prototype to avoid an error.
|    Use char because int might match the return type of a GCC
|    builtin and then its argument prototype would still apply.  */
| char crypt_r ();
| int
| main (void)
| {
| return crypt_r ();
|   ;
|   return 0;
| }
configure:21860: cc -pthread -o conftest -mabi=purecap -I/usr/local/include -I/usr/include -mabi=purecap -L/usr/local/lib -L/usr/lib -lmd -lcheri_caprevoke conftest.c -lcrypt  -lintl -ldl  -lutil >&5
configure:21860: $? = 0
configure:21880: result: -lcrypt
configure:22011: checking for crypt or crypt_r
configure:22041: cc -pthread -o conftest -mabi=purecap -I/usr/local/include -I/usr/include  -mabi=purecap -L/usr/local/lib -L/usr/lib -lmd -lcheri_caprevoke conftest.c -lcrypt -lintl -ldl  -lutil >&5
configure:22041: $? = 0
configure:22051: result: yes
configure:22064: checking for clock_gettime
configure:22064: cc -pthread -o conftest -mabi=purecap -I/usr/local/include -I/usr/include -mabi=purecap -L/usr/local/lib -L/usr/lib -lmd -lcheri_caprevoke conftest.c -lintl -ldl  -lutil >&5
configure:22064: $? = 0
configure:22064: result: yes
configure:22126: checking for clock_getres
configure:22126: cc -pthread -o conftest -mabi=purecap -I/usr/local/include -I/usr/include -mabi=purecap -L/usr/local/lib -L/usr/lib -lmd -lcheri_caprevoke conftest.c -lintl -ldl  -lutil >&5
configure:22126: $? = 0
configure:22126: result: yes
configure:22184: checking for clock_settime
configure:22184: cc -pthread -o conftest -mabi=purecap -I/usr/local/include -I/usr/include -mabi=purecap -L/usr/local/lib -L/usr/lib -lmd -lcheri_caprevoke conftest.c -lintl -ldl  -lutil >&5
configure:22184: $? = 0
configure:22184: result: yes
configure:22242: checking for clock_nanosleep
configure:22242: cc -pthread -o conftest -mabi=purecap -I/usr/local/include -I/usr/include -mabi=purecap -L/usr/local/lib -L/usr/lib -lmd -lcheri_caprevoke conftest.c -lintl -ldl  -lutil >&5
configure:22242: $? = 0
configure:22242: result: yes
configure:22300: checking for nanosleep
configure:22300: cc -pthread -o conftest -mabi=purecap -I/usr/local/include -I/usr/include -mabi=purecap -L/usr/local/lib -L/usr/lib -lmd -lcheri_caprevoke conftest.c -lintl -ldl  -lutil >&5
configure:22300: $? = 0
configure:22300: result: yes
configure:22355: checking for major, minor, and makedev
configure:22384: cc -pthread -o conftest -mabi=purecap -I/usr/local/include -I/usr/include -mabi=purecap -L/usr/local/lib -L/usr/lib -lmd -lcheri_caprevoke conftest.c -lintl -ldl  -lutil >&5
configure:22384: $? = 0
configure:22394: result: yes
configure:22411: checking for getaddrinfo
configure:22434: cc -pthread -o conftest -mabi=purecap -I/usr/local/include -I/usr/include -mabi=purecap -L/usr/local/lib -L/usr/lib -lmd -lcheri_caprevoke conftest.c -lintl -ldl  -lutil >&5
configure:22434: $? = 0
configure:22444: result: yes
configure:22450: checking getaddrinfo bug
configure:22558: cc -pthread -o conftest -mabi=purecap -I/usr/local/include -I/usr/include -mabi=purecap -L/usr/local/lib -L/usr/lib -lmd -lcheri_caprevoke conftest.c -lintl -ldl  -lutil >&5
configure:22558: $? = 0
configure:22558: ./conftest
configure:22558: $? = 0
configure:22569: result: no
configure:22589: checking for getnameinfo
configure:22589: cc -pthread -o conftest -mabi=purecap -I/usr/local/include -I/usr/include -mabi=purecap -L/usr/local/lib -L/usr/lib -lmd -lcheri_caprevoke conftest.c -lintl -ldl  -lutil >&5
configure:22589: $? = 0
configure:22589: result: yes
configure:22598: checking whether struct tm is in sys/time.h or time.h
configure:22619: cc -pthread -c -mabi=purecap -I/usr/local/include -I/usr/include conftest.c >&5
configure:22619: $? = 0
configure:22627: result: time.h
configure:22635: checking for struct tm.tm_zone
configure:22635: cc -pthread -c -mabi=purecap -I/usr/local/include -I/usr/include conftest.c >&5
configure:22635: $? = 0
configure:22635: result: yes
configure:22701: checking for struct stat.st_rdev
configure:22701: cc -pthread -c -mabi=purecap -I/usr/local/include -I/usr/include conftest.c >&5
configure:22701: $? = 0
configure:22701: result: yes
configure:22710: checking for struct stat.st_blksize
configure:22710: cc -pthread -c -mabi=purecap -I/usr/local/include -I/usr/include conftest.c >&5
configure:22710: $? = 0
configure:22710: result: yes
configure:22719: checking for struct stat.st_flags
configure:22719: cc -pthread -c -mabi=purecap -I/usr/local/include -I/usr/include conftest.c >&5
configure:22719: $? = 0
configure:22719: result: yes
configure:22728: checking for struct stat.st_gen
configure:22728: cc -pthread -c -mabi=purecap -I/usr/local/include -I/usr/include conftest.c >&5
configure:22728: $? = 0
configure:22728: result: yes
configure:22737: checking for struct stat.st_birthtime
configure:22737: cc -pthread -c -mabi=purecap -I/usr/local/include -I/usr/include conftest.c >&5
configure:22737: $? = 0
configure:22737: result: yes
configure:22746: checking for struct stat.st_blocks
configure:22746: cc -pthread -c -mabi=purecap -I/usr/local/include -I/usr/include conftest.c >&5
configure:22746: $? = 0
configure:22746: result: yes
configure:22755: checking for struct passwd.pw_gecos
configure:22755: cc -pthread -c -mabi=purecap -I/usr/local/include -I/usr/include conftest.c >&5
configure:22755: $? = 0
configure:22755: result: yes
configure:22767: checking for struct passwd.pw_passwd
configure:22767: cc -pthread -c -mabi=purecap -I/usr/local/include -I/usr/include conftest.c >&5
configure:22767: $? = 0
configure:22767: result: yes
configure:22781: checking for siginfo_t.si_band
configure:22781: cc -pthread -c -mabi=purecap -I/usr/local/include -I/usr/include conftest.c >&5
configure:22781: $? = 0
configure:22781: result: yes
configure:22792: checking for time.h that defines altzone
configure:22810: cc -pthread -c -mabi=purecap -I/usr/local/include -I/usr/include conftest.c >&5
conftest.c:396:8: error: use of undeclared identifier 'altzone'
return altzone;
       ^
1 error generated.
configure:22810: $? = 1
configure: failed program was:
| /* confdefs.h */
| #define _NETBSD_SOURCE 1
| #define __BSD_VISIBLE 1
| #define _DARWIN_C_SOURCE 1
| #define _PYTHONFRAMEWORK ""
| #define _XOPEN_SOURCE 700
| #define _XOPEN_SOURCE_EXTENDED 1
| #define _POSIX_C_SOURCE 200809L
| #define HAVE_STDIO_H 1
| #define HAVE_STDLIB_H 1
| #define HAVE_STRING_H 1
| #define HAVE_INTTYPES_H 1
| #define HAVE_STDINT_H 1
| #define HAVE_STRINGS_H 1
| #define HAVE_SYS_STAT_H 1
| #define HAVE_SYS_TYPES_H 1
| #define HAVE_UNISTD_H 1
| #define HAVE_WCHAR_H 1
| #define STDC_HEADERS 1
| #define _ALL_SOURCE 1
| #define _DARWIN_C_SOURCE 1
| #define _GNU_SOURCE 1
| #define _HPUX_ALT_XOPEN_SOCKET_API 1
| #define _NETBSD_SOURCE 1
| #define _OPENBSD_SOURCE 1
| #define _POSIX_PTHREAD_SEMANTICS 1
| #define __STDC_WANT_IEC_60559_ATTRIBS_EXT__ 1
| #define __STDC_WANT_IEC_60559_BFP_EXT__ 1
| #define __STDC_WANT_IEC_60559_DFP_EXT__ 1
| #define __STDC_WANT_IEC_60559_FUNCS_EXT__ 1
| #define __STDC_WANT_IEC_60559_TYPES_EXT__ 1
| #define __STDC_WANT_LIB_EXT2__ 1
| #define __STDC_WANT_MATH_SPEC_FUNCS__ 1
| #define _TANDEM_SOURCE 1
| #define __EXTENSIONS__ 1
| #define PY_SUPPORT_TIER 0
| #define Py_DEBUG 1
| #define STDC_HEADERS 1
| #define HAVE_BLUETOOTH_H 1
| #define HAVE_DLFCN_H 1
| #define HAVE_ENDIAN_H 1
| #define HAVE_ERRNO_H 1
| #define HAVE_FCNTL_H 1
| #define HAVE_GRP_H 1
| #define HAVE_IEEEFP_H 1
| #define HAVE_LANGINFO_H 1
| #define HAVE_LIBINTL_H 1
| #define HAVE_LIBUTIL_H 1
| #define HAVE_SYS_AUXV_H 1
| #define HAVE_NETDB_H 1
| #define HAVE_NET_ETHERNET_H 1
| #define HAVE_NETINET_IN_H 1
| #define HAVE_POLL_H 1
| #define HAVE_PTHREAD_H 1
| #define HAVE_SCHED_H 1
| #define HAVE_SETJMP_H 1
| #define HAVE_SIGNAL_H 1
| #define HAVE_SPAWN_H 1
| #define HAVE_SYS_ENDIAN_H 1
| #define HAVE_SYS_EVENT_H 1
| #define HAVE_SYS_EVENTFD_H 1
| #define HAVE_SYS_FILE_H 1
| #define HAVE_SYS_IOCTL_H 1
| #define HAVE_SYS_LOCK_H 1
| #define HAVE_SYS_MMAN_H 1
| #define HAVE_SYS_PARAM_H 1
| #define HAVE_SYS_POLL_H 1
| #define HAVE_SYS_RANDOM_H 1
| #define HAVE_SYS_RESOURCE_H 1
| #define HAVE_SYS_SELECT_H 1
| #define HAVE_SYS_SOCKET_H 1
| #define HAVE_SYS_SOUNDCARD_H 1
| #define HAVE_SYS_STAT_H 1
| #define HAVE_SYS_STATVFS_H 1
| #define HAVE_SYS_SYSCALL_H 1
| #define HAVE_SYS_TIME_H 1
| #define HAVE_SYS_TIMES_H 1
| #define HAVE_SYS_TYPES_H 1
| #define HAVE_SYS_UIO_H 1
| #define HAVE_SYS_UN_H 1
| #define HAVE_SYS_UTSNAME_H 1
| #define HAVE_SYS_WAIT_H 1
| #define HAVE_SYSEXITS_H 1
| #define HAVE_SYSLOG_H 1
| #define HAVE_TERMIOS_H 1
| #define HAVE_UTIME_H 1
| #define HAVE_DIRENT_H 1
| #define HAVE_NET_IF_H 1
| #define HAVE_MAKEDEV 1
| #define _LARGEFILE_SOURCE 1
| #define _FILE_OFFSET_BITS 64
| #if defined(SCO_DS)
| #undef _OFF_T
| #endif
| #define RETSIGTYPE void
| #define HAVE_SSIZE_T 1
| #define HAVE_GCC_UINT128_T 1
| #define SIZEOF_INT 4
| #define SIZEOF_LONG 8
| #define ALIGNOF_LONG 8
| #define SIZEOF_LONG_LONG 8
| #define SIZEOF_VOID_P 16
| #define SIZEOF_SHORT 2
| #define SIZEOF_FLOAT 4
| #define SIZEOF_DOUBLE 8
| #define SIZEOF_FPOS_T 8
| #define SIZEOF_SIZE_T 8
| #define ALIGNOF_SIZE_T 8
| #define SIZEOF_PID_T 4
| #define SIZEOF_UINTPTR_T 16
| #define ALIGNOF_MAX_ALIGN_T 16
| #define HAVE_LONG_DOUBLE 1
| #define SIZEOF_LONG_DOUBLE 16
| #define SIZEOF__BOOL 1
| #define SIZEOF_OFF_T 8
| #define SIZEOF_TIME_T 8
| #define SIZEOF_PTHREAD_T 16
| #define SIZEOF_PTHREAD_KEY_T 4
| #define PTHREAD_KEY_T_IS_COMPATIBLE_WITH_INT 1
| #define HAVE_LIBDL 1
| #define HAVE_UUID_H 1
| #define HAVE_UUID_CREATE 1
| #define HAVE_UUID_ENC_BE 1
| #define WITH_LIBINTL 1
| #define HAVE_FFI_PREP_CIF_VAR 1
| #define HAVE_FFI_PREP_CLOSURE_LOC 1
| #define HAVE_FFI_CLOSURE_ALLOC 1
| #define WITH_DECIMAL_CONTEXTVAR 1
| #define HAVE_RPC_RPC_H 1
| #define HAVE_LIBSQLITE3 1
| #define HAVE_LIBSQLITE3 1
| #define HAVE_LIBSQLITE3 1
| #define HAVE_LIBSQLITE3 1
| #define HAVE_LIBSQLITE3 1
| #define HAVE_LIBSQLITE3 1
| #define HAVE_LIBSQLITE3 1
| #define HAVE_LIBSQLITE3 1
| #define HAVE_LIBSQLITE3 1
| #define PY_SQLITE_HAVE_SERIALIZE 1
| #define HAVE_GDBM_H 1
| #define HAVE_NDBM_H 1
| #define HAVE_DB_H 1
| #define PTHREAD_SYSTEM_SCHED_SUPPORTED 1
| #define HAVE_PTHREAD_SIGMASK 1
| #define HAVE_PTHREAD_GETCPUCLOCKID 1
| #define ENABLE_IPV6 1
| #define WITH_DOC_STRINGS 1
| #define WITH_PYMALLOC 1
| #define WITH_FREELISTS 1
| #define PY_COERCE_C_LOCALE 1
| #define HAVE_DLOPEN 1
| #define HAVE_DYNAMIC_LOADING 1
| #define HAVE_ACCEPT4 1
| #define HAVE_ALARM 1
| #define HAVE_BIND_TEXTDOMAIN_CODESET 1
| #define HAVE_CHMOD 1
| #define HAVE_CHOWN 1
| #define HAVE_CLOCK 1
| #define HAVE_CLOSE_RANGE 1
| #define HAVE_CONFSTR 1
| #define HAVE_COPY_FILE_RANGE 1
| #define HAVE_CTERMID 1
| #define HAVE_DUP 1
| #define HAVE_DUP3 1
| #define HAVE_EXECV 1
| #define HAVE_EXPLICIT_BZERO 1
| #define HAVE_FACCESSAT 1
| #define HAVE_FCHMOD 1
| #define HAVE_FCHMODAT 1
| #define HAVE_FCHOWN 1
| #define HAVE_FCHOWNAT 1
| #define HAVE_FDOPENDIR 1
| #define HAVE_FEXECVE 1
| #define HAVE_FORK 1
| #define HAVE_FPATHCONF 1
| #define HAVE_FSTATAT 1
| #define HAVE_FTRUNCATE 1
| #define HAVE_FUTIMENS 1
| #define HAVE_FUTIMES 1
| #define HAVE_FUTIMESAT 1
| #define HAVE_GAI_STRERROR 1
| #define HAVE_GETEGID 1
| #define HAVE_GETENTROPY 1
| #define HAVE_GETEUID 1
| #define HAVE_GETGID 1
| #define HAVE_GETGRGID 1
| #define HAVE_GETGRGID_R 1
| #define HAVE_GETGRNAM_R 1
| #define HAVE_GETGROUPLIST 1
| #define HAVE_GETGROUPS 1
| #define HAVE_GETHOSTNAME 1
| #define HAVE_GETITIMER 1
| #define HAVE_GETLOADAVG 1
| #define HAVE_GETLOGIN 1
| #define HAVE_GETPEERNAME 1
| #define HAVE_GETPGID 1
| #define HAVE_GETPID 1
| #define HAVE_GETPPID 1
| #define HAVE_GETPRIORITY 1
| #define HAVE_GETPWENT 1
| #define HAVE_GETPWNAM_R 1
| #define HAVE_GETPWUID 1
| #define HAVE_GETPWUID_R 1
| #define HAVE_GETRESGID 1
| #define HAVE_GETRESUID 1
| #define HAVE_GETRUSAGE 1
| #define HAVE_GETSID 1
| #define HAVE_GETUID 1
| #define HAVE_GETWD 1
| #define HAVE_IF_NAMEINDEX 1
| #define HAVE_INITGROUPS 1
| #define HAVE_KILL 1
| #define HAVE_KILLPG 1
| #define HAVE_LCHOWN 1
| #define HAVE_LINKAT 1
| #define HAVE_LOCKF 1
| #define HAVE_LSTAT 1
| #define HAVE_LUTIMES 1
| #define HAVE_MADVISE 1
| #define HAVE_MBRTOWC 1
| #define HAVE_MEMRCHR 1
| #define HAVE_MKDIRAT 1
| #define HAVE_MKFIFO 1
| #define HAVE_MKFIFOAT 1
| #define HAVE_MKNOD 1
| #define HAVE_MKNODAT 1
| #define HAVE_MKTIME 1
| #define HAVE_MMAP 1
| #define HAVE_NICE 1
| #define HAVE_OPENAT 1
| #define HAVE_OPENDIR 1
| #define HAVE_PATHCONF 1
| #define HAVE_PAUSE 1
| #define HAVE_PIPE 1
| #define HAVE_PIPE2 1
| #define HAVE_POLL 1
| #define HAVE_POSIX_FADVISE 1
| #define HAVE_POSIX_FALLOCATE 1
| #define HAVE_POSIX_SPAWN 1
| #define HAVE_POSIX_SPAWNP 1
| #define HAVE_PREAD 1
| #define HAVE_PREADV 1
| #define HAVE_PTHREAD_CONDATTR_SETCLOCK 1
| #define HAVE_PTHREAD_KILL 1
| #define HAVE_PWRITE 1
| #define HAVE_PWRITEV 1
| #define HAVE_READLINK 1
| #define HAVE_READLINKAT 1
| #define HAVE_READV 1
| #define HAVE_REALPATH 1
| #define HAVE_RENAMEAT 1
| #define HAVE_SCHED_GET_PRIORITY_MAX 1
| #define HAVE_SCHED_RR_GET_INTERVAL 1
| #define HAVE_SCHED_SETAFFINITY 1
| #define HAVE_SCHED_SETPARAM 1
| #define HAVE_SCHED_SETSCHEDULER 1
| #define HAVE_SEM_GETVALUE 1
| #define HAVE_SEM_OPEN 1
| #define HAVE_SEM_TIMEDWAIT 1
| #define HAVE_SEM_UNLINK 1
| #define HAVE_SENDFILE 1
| #define HAVE_SETEGID 1
| #define HAVE_SETEUID 1
| #define HAVE_SETGID 1
| #define HAVE_SETHOSTNAME 1
| #define HAVE_SETITIMER 1
| #define HAVE_SETLOCALE 1
| #define HAVE_SETPGID 1
| #define HAVE_SETPGRP 1
| #define HAVE_SETPRIORITY 1
| #define HAVE_SETREGID 1
| #define HAVE_SETRESGID 1
| #define HAVE_SETRESUID 1
| #define HAVE_SETREUID 1
| #define HAVE_SETSID 1
| #define HAVE_SETUID 1
| #define HAVE_SETVBUF 1
| #define HAVE_SHUTDOWN 1
| #define HAVE_SIGACTION 1
| #define HAVE_SIGALTSTACK 1
| #define HAVE_SIGFILLSET 1
| #define HAVE_SIGINTERRUPT 1
| #define HAVE_SIGPENDING 1
| #define HAVE_SIGRELSE 1
| #define HAVE_SIGTIMEDWAIT 1
| #define HAVE_SIGWAIT 1
| #define HAVE_SIGWAITINFO 1
| #define HAVE_SNPRINTF 1
| #define HAVE_STRFTIME 1
| #define HAVE_STRLCPY 1
| #define HAVE_STRSIGNAL 1
| #define HAVE_SYMLINKAT 1
| #define HAVE_SYNC 1
| #define HAVE_SYSCONF 1
| #define HAVE_SYSTEM 1
| #define HAVE_TCGETPGRP 1
| #define HAVE_TCSETPGRP 1
| #define HAVE_TEMPNAM 1
| #define HAVE_TIMEGM 1
| #define HAVE_TIMES 1
| #define HAVE_TMPFILE 1
| #define HAVE_TMPNAM 1
| #define HAVE_TRUNCATE 1
| #define HAVE_TTYNAME 1
| #define HAVE_UMASK 1
| #define HAVE_UNAME 1
| #define HAVE_UNLINKAT 1
| #define HAVE_UTIMENSAT 1
| #define HAVE_UTIMES 1
| #define HAVE_VFORK 1
| #define HAVE_WAIT 1
| #define HAVE_WAIT3 1
| #define HAVE_WAIT4 1
| #define HAVE_WAITID 1
| #define HAVE_WAITPID 1
| #define HAVE_WCSCOLL 1
| #define HAVE_WCSFTIME 1
| #define HAVE_WCSXFRM 1
| #define HAVE_WMEMCMP 1
| #define HAVE_WRITEV 1
| #define HAVE_LCHMOD 1
| #define HAVE_DIRFD 1
| #define HAVE_CHROOT 1
| #define HAVE_LINK 1
| #define HAVE_SYMLINK 1
| #define HAVE_FCHDIR 1
| #define HAVE_FSYNC 1
| #define HAVE_FDATASYNC 1
| #define HAVE_KQUEUE 1
| #define HAVE_MEMFD_CREATE 1
| #define HAVE_EVENTFD 1
| #define HAVE_CTERMID_R 1
| #define HAVE_FLOCK 1
| #define HAVE_GETPAGESIZE 1
| #define HAVE_CHFLAGS 1
| #define HAVE_LCHFLAGS 1
| #define HAVE_ZLIB_COPY 1
| #define HAVE_BZLIB_H 1
| #define HAVE_HSTRERROR 1
| #define HAVE_GETSERVBYNAME 1
| #define HAVE_GETSERVBYPORT 1
| #define HAVE_GETHOSTBYNAME 1
| #define HAVE_GETHOSTBYADDR 1
| #define HAVE_GETPROTOBYNAME 1
| #define HAVE_INET_ATON 1
| #define HAVE_INET_NTOA 1
| #define HAVE_INET_PTON 1
| #define HAVE_GETPEERNAME 1
| #define HAVE_GETSOCKNAME 1
| #define HAVE_ACCEPT 1
| #define HAVE_BIND 1
| #define HAVE_CONNECT 1
| #define HAVE_LISTEN 1
| #define HAVE_RECVFROM 1
| #define HAVE_SENDTO 1
| #define HAVE_SETSOCKOPT 1
| #define HAVE_SOCKET 1
| #define HAVE_SETGROUPS 1
| #define HAVE_OPENPTY 1
| #define HAVE_LOGIN_TTY 1
| #define HAVE_FORKPTY 1
| #define HAVE_FSEEKO 1
| #define HAVE_FSTATVFS 1
| #define HAVE_FTELLO 1
| #define HAVE_STATVFS 1
| #define HAVE_DUP2 1
| #define HAVE_GETPGRP 1
| #define HAVE_SETPGRP 1
| #define SETPGRP_HAVE_ARG 1
| #define HAVE_CRYPT_R 1
| #define HAVE_CLOCK_GETTIME 1
| #define HAVE_CLOCK_GETRES 1
| #define HAVE_CLOCK_SETTIME 1
| #define HAVE_CLOCK_NANOSLEEP 1
| #define HAVE_NANOSLEEP 1
| #define HAVE_DEVICE_MACROS 1
| #define SYS_SELECT_WITH_SYS_TIME 1
| #define HAVE_GETADDRINFO 1
| #define HAVE_GETNAMEINFO 1
| #define HAVE_STRUCT_TM_TM_ZONE 1
| #define HAVE_TM_ZONE 1
| #define HAVE_STRUCT_STAT_ST_RDEV 1
| #define HAVE_STRUCT_STAT_ST_BLKSIZE 1
| #define HAVE_STRUCT_STAT_ST_FLAGS 1
| #define HAVE_STRUCT_STAT_ST_GEN 1
| #define HAVE_STRUCT_STAT_ST_BIRTHTIME 1
| #define HAVE_STRUCT_STAT_ST_BLOCKS 1
| #define HAVE_STRUCT_PASSWD_PW_GECOS 1
| #define HAVE_STRUCT_PASSWD_PW_PASSWD 1
| #define HAVE_SIGINFO_T_SI_BAND 1
| /* end confdefs.h.  */
| #include <time.h>
| int
| main (void)
| {
| return altzone;
|   ;
|   return 0;
| }
configure:22819: result: no
configure:22827: checking for addrinfo
configure:22844: cc -pthread -c -mabi=purecap -I/usr/local/include -I/usr/include conftest.c >&5
configure:22844: $? = 0
configure:22852: result: yes
configure:22860: checking for sockaddr_storage
configure:22879: cc -pthread -c -mabi=purecap -I/usr/local/include -I/usr/include conftest.c >&5
configure:22879: $? = 0
configure:22887: result: yes
configure:22895: checking for sockaddr_alg
configure:22915: cc -pthread -c -mabi=purecap -I/usr/local/include -I/usr/include conftest.c >&5
conftest.c:397:12: fatal error: 'linux/if_alg.h' file not found
#               include <linux/if_alg.h>
                        ^~~~~~~~~~~~~~~~
1 error generated.
configure:22915: $? = 1
configure: failed program was:
| /* confdefs.h */
| #define _NETBSD_SOURCE 1
| #define __BSD_VISIBLE 1
| #define _DARWIN_C_SOURCE 1
| #define _PYTHONFRAMEWORK ""
| #define _XOPEN_SOURCE 700
| #define _XOPEN_SOURCE_EXTENDED 1
| #define _POSIX_C_SOURCE 200809L
| #define HAVE_STDIO_H 1
| #define HAVE_STDLIB_H 1
| #define HAVE_STRING_H 1
| #define HAVE_INTTYPES_H 1
| #define HAVE_STDINT_H 1
| #define HAVE_STRINGS_H 1
| #define HAVE_SYS_STAT_H 1
| #define HAVE_SYS_TYPES_H 1
| #define HAVE_UNISTD_H 1
| #define HAVE_WCHAR_H 1
| #define STDC_HEADERS 1
| #define _ALL_SOURCE 1
| #define _DARWIN_C_SOURCE 1
| #define _GNU_SOURCE 1
| #define _HPUX_ALT_XOPEN_SOCKET_API 1
| #define _NETBSD_SOURCE 1
| #define _OPENBSD_SOURCE 1
| #define _POSIX_PTHREAD_SEMANTICS 1
| #define __STDC_WANT_IEC_60559_ATTRIBS_EXT__ 1
| #define __STDC_WANT_IEC_60559_BFP_EXT__ 1
| #define __STDC_WANT_IEC_60559_DFP_EXT__ 1
| #define __STDC_WANT_IEC_60559_FUNCS_EXT__ 1
| #define __STDC_WANT_IEC_60559_TYPES_EXT__ 1
| #define __STDC_WANT_LIB_EXT2__ 1
| #define __STDC_WANT_MATH_SPEC_FUNCS__ 1
| #define _TANDEM_SOURCE 1
| #define __EXTENSIONS__ 1
| #define PY_SUPPORT_TIER 0
| #define Py_DEBUG 1
| #define STDC_HEADERS 1
| #define HAVE_BLUETOOTH_H 1
| #define HAVE_DLFCN_H 1
| #define HAVE_ENDIAN_H 1
| #define HAVE_ERRNO_H 1
| #define HAVE_FCNTL_H 1
| #define HAVE_GRP_H 1
| #define HAVE_IEEEFP_H 1
| #define HAVE_LANGINFO_H 1
| #define HAVE_LIBINTL_H 1
| #define HAVE_LIBUTIL_H 1
| #define HAVE_SYS_AUXV_H 1
| #define HAVE_NETDB_H 1
| #define HAVE_NET_ETHERNET_H 1
| #define HAVE_NETINET_IN_H 1
| #define HAVE_POLL_H 1
| #define HAVE_PTHREAD_H 1
| #define HAVE_SCHED_H 1
| #define HAVE_SETJMP_H 1
| #define HAVE_SIGNAL_H 1
| #define HAVE_SPAWN_H 1
| #define HAVE_SYS_ENDIAN_H 1
| #define HAVE_SYS_EVENT_H 1
| #define HAVE_SYS_EVENTFD_H 1
| #define HAVE_SYS_FILE_H 1
| #define HAVE_SYS_IOCTL_H 1
| #define HAVE_SYS_LOCK_H 1
| #define HAVE_SYS_MMAN_H 1
| #define HAVE_SYS_PARAM_H 1
| #define HAVE_SYS_POLL_H 1
| #define HAVE_SYS_RANDOM_H 1
| #define HAVE_SYS_RESOURCE_H 1
| #define HAVE_SYS_SELECT_H 1
| #define HAVE_SYS_SOCKET_H 1
| #define HAVE_SYS_SOUNDCARD_H 1
| #define HAVE_SYS_STAT_H 1
| #define HAVE_SYS_STATVFS_H 1
| #define HAVE_SYS_SYSCALL_H 1
| #define HAVE_SYS_TIME_H 1
| #define HAVE_SYS_TIMES_H 1
| #define HAVE_SYS_TYPES_H 1
| #define HAVE_SYS_UIO_H 1
| #define HAVE_SYS_UN_H 1
| #define HAVE_SYS_UTSNAME_H 1
| #define HAVE_SYS_WAIT_H 1
| #define HAVE_SYSEXITS_H 1
| #define HAVE_SYSLOG_H 1
| #define HAVE_TERMIOS_H 1
| #define HAVE_UTIME_H 1
| #define HAVE_DIRENT_H 1
| #define HAVE_NET_IF_H 1
| #define HAVE_MAKEDEV 1
| #define _LARGEFILE_SOURCE 1
| #define _FILE_OFFSET_BITS 64
| #if defined(SCO_DS)
| #undef _OFF_T
| #endif
| #define RETSIGTYPE void
| #define HAVE_SSIZE_T 1
| #define HAVE_GCC_UINT128_T 1
| #define SIZEOF_INT 4
| #define SIZEOF_LONG 8
| #define ALIGNOF_LONG 8
| #define SIZEOF_LONG_LONG 8
| #define SIZEOF_VOID_P 16
| #define SIZEOF_SHORT 2
| #define SIZEOF_FLOAT 4
| #define SIZEOF_DOUBLE 8
| #define SIZEOF_FPOS_T 8
| #define SIZEOF_SIZE_T 8
| #define ALIGNOF_SIZE_T 8
| #define SIZEOF_PID_T 4
| #define SIZEOF_UINTPTR_T 16
| #define ALIGNOF_MAX_ALIGN_T 16
| #define HAVE_LONG_DOUBLE 1
| #define SIZEOF_LONG_DOUBLE 16
| #define SIZEOF__BOOL 1
| #define SIZEOF_OFF_T 8
| #define SIZEOF_TIME_T 8
| #define SIZEOF_PTHREAD_T 16
| #define SIZEOF_PTHREAD_KEY_T 4
| #define PTHREAD_KEY_T_IS_COMPATIBLE_WITH_INT 1
| #define HAVE_LIBDL 1
| #define HAVE_UUID_H 1
| #define HAVE_UUID_CREATE 1
| #define HAVE_UUID_ENC_BE 1
| #define WITH_LIBINTL 1
| #define HAVE_FFI_PREP_CIF_VAR 1
| #define HAVE_FFI_PREP_CLOSURE_LOC 1
| #define HAVE_FFI_CLOSURE_ALLOC 1
| #define WITH_DECIMAL_CONTEXTVAR 1
| #define HAVE_RPC_RPC_H 1
| #define HAVE_LIBSQLITE3 1
| #define HAVE_LIBSQLITE3 1
| #define HAVE_LIBSQLITE3 1
| #define HAVE_LIBSQLITE3 1
| #define HAVE_LIBSQLITE3 1
| #define HAVE_LIBSQLITE3 1
| #define HAVE_LIBSQLITE3 1
| #define HAVE_LIBSQLITE3 1
| #define HAVE_LIBSQLITE3 1
| #define PY_SQLITE_HAVE_SERIALIZE 1
| #define HAVE_GDBM_H 1
| #define HAVE_NDBM_H 1
| #define HAVE_DB_H 1
| #define PTHREAD_SYSTEM_SCHED_SUPPORTED 1
| #define HAVE_PTHREAD_SIGMASK 1
| #define HAVE_PTHREAD_GETCPUCLOCKID 1
| #define ENABLE_IPV6 1
| #define WITH_DOC_STRINGS 1
| #define WITH_PYMALLOC 1
| #define WITH_FREELISTS 1
| #define PY_COERCE_C_LOCALE 1
| #define HAVE_DLOPEN 1
| #define HAVE_DYNAMIC_LOADING 1
| #define HAVE_ACCEPT4 1
| #define HAVE_ALARM 1
| #define HAVE_BIND_TEXTDOMAIN_CODESET 1
| #define HAVE_CHMOD 1
| #define HAVE_CHOWN 1
| #define HAVE_CLOCK 1
| #define HAVE_CLOSE_RANGE 1
| #define HAVE_CONFSTR 1
| #define HAVE_COPY_FILE_RANGE 1
| #define HAVE_CTERMID 1
| #define HAVE_DUP 1
| #define HAVE_DUP3 1
| #define HAVE_EXECV 1
| #define HAVE_EXPLICIT_BZERO 1
| #define HAVE_FACCESSAT 1
| #define HAVE_FCHMOD 1
| #define HAVE_FCHMODAT 1
| #define HAVE_FCHOWN 1
| #define HAVE_FCHOWNAT 1
| #define HAVE_FDOPENDIR 1
| #define HAVE_FEXECVE 1
| #define HAVE_FORK 1
| #define HAVE_FPATHCONF 1
| #define HAVE_FSTATAT 1
| #define HAVE_FTRUNCATE 1
| #define HAVE_FUTIMENS 1
| #define HAVE_FUTIMES 1
| #define HAVE_FUTIMESAT 1
| #define HAVE_GAI_STRERROR 1
| #define HAVE_GETEGID 1
| #define HAVE_GETENTROPY 1
| #define HAVE_GETEUID 1
| #define HAVE_GETGID 1
| #define HAVE_GETGRGID 1
| #define HAVE_GETGRGID_R 1
| #define HAVE_GETGRNAM_R 1
| #define HAVE_GETGROUPLIST 1
| #define HAVE_GETGROUPS 1
| #define HAVE_GETHOSTNAME 1
| #define HAVE_GETITIMER 1
| #define HAVE_GETLOADAVG 1
| #define HAVE_GETLOGIN 1
| #define HAVE_GETPEERNAME 1
| #define HAVE_GETPGID 1
| #define HAVE_GETPID 1
| #define HAVE_GETPPID 1
| #define HAVE_GETPRIORITY 1
| #define HAVE_GETPWENT 1
| #define HAVE_GETPWNAM_R 1
| #define HAVE_GETPWUID 1
| #define HAVE_GETPWUID_R 1
| #define HAVE_GETRESGID 1
| #define HAVE_GETRESUID 1
| #define HAVE_GETRUSAGE 1
| #define HAVE_GETSID 1
| #define HAVE_GETUID 1
| #define HAVE_GETWD 1
| #define HAVE_IF_NAMEINDEX 1
| #define HAVE_INITGROUPS 1
| #define HAVE_KILL 1
| #define HAVE_KILLPG 1
| #define HAVE_LCHOWN 1
| #define HAVE_LINKAT 1
| #define HAVE_LOCKF 1
| #define HAVE_LSTAT 1
| #define HAVE_LUTIMES 1
| #define HAVE_MADVISE 1
| #define HAVE_MBRTOWC 1
| #define HAVE_MEMRCHR 1
| #define HAVE_MKDIRAT 1
| #define HAVE_MKFIFO 1
| #define HAVE_MKFIFOAT 1
| #define HAVE_MKNOD 1
| #define HAVE_MKNODAT 1
| #define HAVE_MKTIME 1
| #define HAVE_MMAP 1
| #define HAVE_NICE 1
| #define HAVE_OPENAT 1
| #define HAVE_OPENDIR 1
| #define HAVE_PATHCONF 1
| #define HAVE_PAUSE 1
| #define HAVE_PIPE 1
| #define HAVE_PIPE2 1
| #define HAVE_POLL 1
| #define HAVE_POSIX_FADVISE 1
| #define HAVE_POSIX_FALLOCATE 1
| #define HAVE_POSIX_SPAWN 1
| #define HAVE_POSIX_SPAWNP 1
| #define HAVE_PREAD 1
| #define HAVE_PREADV 1
| #define HAVE_PTHREAD_CONDATTR_SETCLOCK 1
| #define HAVE_PTHREAD_KILL 1
| #define HAVE_PWRITE 1
| #define HAVE_PWRITEV 1
| #define HAVE_READLINK 1
| #define HAVE_READLINKAT 1
| #define HAVE_READV 1
| #define HAVE_REALPATH 1
| #define HAVE_RENAMEAT 1
| #define HAVE_SCHED_GET_PRIORITY_MAX 1
| #define HAVE_SCHED_RR_GET_INTERVAL 1
| #define HAVE_SCHED_SETAFFINITY 1
| #define HAVE_SCHED_SETPARAM 1
| #define HAVE_SCHED_SETSCHEDULER 1
| #define HAVE_SEM_GETVALUE 1
| #define HAVE_SEM_OPEN 1
| #define HAVE_SEM_TIMEDWAIT 1
| #define HAVE_SEM_UNLINK 1
| #define HAVE_SENDFILE 1
| #define HAVE_SETEGID 1
| #define HAVE_SETEUID 1
| #define HAVE_SETGID 1
| #define HAVE_SETHOSTNAME 1
| #define HAVE_SETITIMER 1
| #define HAVE_SETLOCALE 1
| #define HAVE_SETPGID 1
| #define HAVE_SETPGRP 1
| #define HAVE_SETPRIORITY 1
| #define HAVE_SETREGID 1
| #define HAVE_SETRESGID 1
| #define HAVE_SETRESUID 1
| #define HAVE_SETREUID 1
| #define HAVE_SETSID 1
| #define HAVE_SETUID 1
| #define HAVE_SETVBUF 1
| #define HAVE_SHUTDOWN 1
| #define HAVE_SIGACTION 1
| #define HAVE_SIGALTSTACK 1
| #define HAVE_SIGFILLSET 1
| #define HAVE_SIGINTERRUPT 1
| #define HAVE_SIGPENDING 1
| #define HAVE_SIGRELSE 1
| #define HAVE_SIGTIMEDWAIT 1
| #define HAVE_SIGWAIT 1
| #define HAVE_SIGWAITINFO 1
| #define HAVE_SNPRINTF 1
| #define HAVE_STRFTIME 1
| #define HAVE_STRLCPY 1
| #define HAVE_STRSIGNAL 1
| #define HAVE_SYMLINKAT 1
| #define HAVE_SYNC 1
| #define HAVE_SYSCONF 1
| #define HAVE_SYSTEM 1
| #define HAVE_TCGETPGRP 1
| #define HAVE_TCSETPGRP 1
| #define HAVE_TEMPNAM 1
| #define HAVE_TIMEGM 1
| #define HAVE_TIMES 1
| #define HAVE_TMPFILE 1
| #define HAVE_TMPNAM 1
| #define HAVE_TRUNCATE 1
| #define HAVE_TTYNAME 1
| #define HAVE_UMASK 1
| #define HAVE_UNAME 1
| #define HAVE_UNLINKAT 1
| #define HAVE_UTIMENSAT 1
| #define HAVE_UTIMES 1
| #define HAVE_VFORK 1
| #define HAVE_WAIT 1
| #define HAVE_WAIT3 1
| #define HAVE_WAIT4 1
| #define HAVE_WAITID 1
| #define HAVE_WAITPID 1
| #define HAVE_WCSCOLL 1
| #define HAVE_WCSFTIME 1
| #define HAVE_WCSXFRM 1
| #define HAVE_WMEMCMP 1
| #define HAVE_WRITEV 1
| #define HAVE_LCHMOD 1
| #define HAVE_DIRFD 1
| #define HAVE_CHROOT 1
| #define HAVE_LINK 1
| #define HAVE_SYMLINK 1
| #define HAVE_FCHDIR 1
| #define HAVE_FSYNC 1
| #define HAVE_FDATASYNC 1
| #define HAVE_KQUEUE 1
| #define HAVE_MEMFD_CREATE 1
| #define HAVE_EVENTFD 1
| #define HAVE_CTERMID_R 1
| #define HAVE_FLOCK 1
| #define HAVE_GETPAGESIZE 1
| #define HAVE_CHFLAGS 1
| #define HAVE_LCHFLAGS 1
| #define HAVE_ZLIB_COPY 1
| #define HAVE_BZLIB_H 1
| #define HAVE_HSTRERROR 1
| #define HAVE_GETSERVBYNAME 1
| #define HAVE_GETSERVBYPORT 1
| #define HAVE_GETHOSTBYNAME 1
| #define HAVE_GETHOSTBYADDR 1
| #define HAVE_GETPROTOBYNAME 1
| #define HAVE_INET_ATON 1
| #define HAVE_INET_NTOA 1
| #define HAVE_INET_PTON 1
| #define HAVE_GETPEERNAME 1
| #define HAVE_GETSOCKNAME 1
| #define HAVE_ACCEPT 1
| #define HAVE_BIND 1
| #define HAVE_CONNECT 1
| #define HAVE_LISTEN 1
| #define HAVE_RECVFROM 1
| #define HAVE_SENDTO 1
| #define HAVE_SETSOCKOPT 1
| #define HAVE_SOCKET 1
| #define HAVE_SETGROUPS 1
| #define HAVE_OPENPTY 1
| #define HAVE_LOGIN_TTY 1
| #define HAVE_FORKPTY 1
| #define HAVE_FSEEKO 1
| #define HAVE_FSTATVFS 1
| #define HAVE_FTELLO 1
| #define HAVE_STATVFS 1
| #define HAVE_DUP2 1
| #define HAVE_GETPGRP 1
| #define HAVE_SETPGRP 1
| #define SETPGRP_HAVE_ARG 1
| #define HAVE_CRYPT_R 1
| #define HAVE_CLOCK_GETTIME 1
| #define HAVE_CLOCK_GETRES 1
| #define HAVE_CLOCK_SETTIME 1
| #define HAVE_CLOCK_NANOSLEEP 1
| #define HAVE_NANOSLEEP 1
| #define HAVE_DEVICE_MACROS 1
| #define SYS_SELECT_WITH_SYS_TIME 1
| #define HAVE_GETADDRINFO 1
| #define HAVE_GETNAMEINFO 1
| #define HAVE_STRUCT_TM_TM_ZONE 1
| #define HAVE_TM_ZONE 1
| #define HAVE_STRUCT_STAT_ST_RDEV 1
| #define HAVE_STRUCT_STAT_ST_BLKSIZE 1
| #define HAVE_STRUCT_STAT_ST_FLAGS 1
| #define HAVE_STRUCT_STAT_ST_GEN 1
| #define HAVE_STRUCT_STAT_ST_BIRTHTIME 1
| #define HAVE_STRUCT_STAT_ST_BLOCKS 1
| #define HAVE_STRUCT_PASSWD_PW_GECOS 1
| #define HAVE_STRUCT_PASSWD_PW_PASSWD 1
| #define HAVE_SIGINFO_T_SI_BAND 1
| #define HAVE_ADDRINFO 1
| #define HAVE_SOCKADDR_STORAGE 1
| /* end confdefs.h.  */
| 
| #		include <sys/types.h>
| #		include <sys/socket.h>
| #		include <linux/if_alg.h>
| int
| main (void)
| {
| struct sockaddr_alg s
|   ;
|   return 0;
| }
configure:22923: result: no
configure:22933: checking for an ANSI C-conforming const
configure:23000: cc -pthread -c -mabi=purecap -I/usr/local/include -I/usr/include conftest.c >&5
configure:23000: $? = 0
configure:23008: result: yes
configure:23017: checking for working signed char
configure:23035: cc -pthread -c -mabi=purecap -I/usr/local/include -I/usr/include conftest.c >&5
configure:23035: $? = 0
configure:23044: result: yes
configure:23055: checking for prototypes
configure:23073: cc -pthread -c -mabi=purecap -I/usr/local/include -I/usr/include conftest.c >&5
configure:23073: $? = 0
configure:23082: result: yes
configure:23097: checking for socketpair
configure:23117: cc -pthread -c -mabi=purecap -I/usr/local/include -I/usr/include conftest.c >&5
configure:23117: $? = 0
configure:23126: result: yes
configure:23139: checking if sockaddr has sa_len member
configure:23159: cc -pthread -c -mabi=purecap -I/usr/local/include -I/usr/include conftest.c >&5
configure:23159: $? = 0
configure:23168: result: yes
configure:23182: checking for gethostbyname_r
configure:23182: cc -pthread -o conftest -mabi=purecap -I/usr/local/include -I/usr/include -mabi=purecap -L/usr/local/lib -L/usr/lib -lmd -lcheri_caprevoke conftest.c -lintl -ldl  -lutil >&5
configure:23182: $? = 0
configure:23182: result: yes
configure:23187: checking gethostbyname_r with 6 args
configure:23212: cc -pthread -c -mabi=purecap    -I/usr/local/include -I/usr/include conftest.c >&5
configure:23212: $? = 0
configure:23220: result: yes
configure:23334: checking for __fpu_control
configure:23334: cc -pthread -o conftest -mabi=purecap -I/usr/local/include -I/usr/include -mabi=purecap -L/usr/local/lib -L/usr/lib -lmd -lcheri_caprevoke conftest.c -lintl -ldl  -lutil >&5
ld: error: undefined symbol: __fpu_control
>>> referenced by conftest.c
>>>               /tmp/conftest-3b18fa.o:(main)
clang-14: error: linker command failed with exit code 1 (use -v to see invocation)
configure:23334: $? = 1
configure: failed program was:
| /* confdefs.h */
| #define _NETBSD_SOURCE 1
| #define __BSD_VISIBLE 1
| #define _DARWIN_C_SOURCE 1
| #define _PYTHONFRAMEWORK ""
| #define _XOPEN_SOURCE 700
| #define _XOPEN_SOURCE_EXTENDED 1
| #define _POSIX_C_SOURCE 200809L
| #define HAVE_STDIO_H 1
| #define HAVE_STDLIB_H 1
| #define HAVE_STRING_H 1
| #define HAVE_INTTYPES_H 1
| #define HAVE_STDINT_H 1
| #define HAVE_STRINGS_H 1
| #define HAVE_SYS_STAT_H 1
| #define HAVE_SYS_TYPES_H 1
| #define HAVE_UNISTD_H 1
| #define HAVE_WCHAR_H 1
| #define STDC_HEADERS 1
| #define _ALL_SOURCE 1
| #define _DARWIN_C_SOURCE 1
| #define _GNU_SOURCE 1
| #define _HPUX_ALT_XOPEN_SOCKET_API 1
| #define _NETBSD_SOURCE 1
| #define _OPENBSD_SOURCE 1
| #define _POSIX_PTHREAD_SEMANTICS 1
| #define __STDC_WANT_IEC_60559_ATTRIBS_EXT__ 1
| #define __STDC_WANT_IEC_60559_BFP_EXT__ 1
| #define __STDC_WANT_IEC_60559_DFP_EXT__ 1
| #define __STDC_WANT_IEC_60559_FUNCS_EXT__ 1
| #define __STDC_WANT_IEC_60559_TYPES_EXT__ 1
| #define __STDC_WANT_LIB_EXT2__ 1
| #define __STDC_WANT_MATH_SPEC_FUNCS__ 1
| #define _TANDEM_SOURCE 1
| #define __EXTENSIONS__ 1
| #define PY_SUPPORT_TIER 0
| #define Py_DEBUG 1
| #define STDC_HEADERS 1
| #define HAVE_BLUETOOTH_H 1
| #define HAVE_DLFCN_H 1
| #define HAVE_ENDIAN_H 1
| #define HAVE_ERRNO_H 1
| #define HAVE_FCNTL_H 1
| #define HAVE_GRP_H 1
| #define HAVE_IEEEFP_H 1
| #define HAVE_LANGINFO_H 1
| #define HAVE_LIBINTL_H 1
| #define HAVE_LIBUTIL_H 1
| #define HAVE_SYS_AUXV_H 1
| #define HAVE_NETDB_H 1
| #define HAVE_NET_ETHERNET_H 1
| #define HAVE_NETINET_IN_H 1
| #define HAVE_POLL_H 1
| #define HAVE_PTHREAD_H 1
| #define HAVE_SCHED_H 1
| #define HAVE_SETJMP_H 1
| #define HAVE_SIGNAL_H 1
| #define HAVE_SPAWN_H 1
| #define HAVE_SYS_ENDIAN_H 1
| #define HAVE_SYS_EVENT_H 1
| #define HAVE_SYS_EVENTFD_H 1
| #define HAVE_SYS_FILE_H 1
| #define HAVE_SYS_IOCTL_H 1
| #define HAVE_SYS_LOCK_H 1
| #define HAVE_SYS_MMAN_H 1
| #define HAVE_SYS_PARAM_H 1
| #define HAVE_SYS_POLL_H 1
| #define HAVE_SYS_RANDOM_H 1
| #define HAVE_SYS_RESOURCE_H 1
| #define HAVE_SYS_SELECT_H 1
| #define HAVE_SYS_SOCKET_H 1
| #define HAVE_SYS_SOUNDCARD_H 1
| #define HAVE_SYS_STAT_H 1
| #define HAVE_SYS_STATVFS_H 1
| #define HAVE_SYS_SYSCALL_H 1
| #define HAVE_SYS_TIME_H 1
| #define HAVE_SYS_TIMES_H 1
| #define HAVE_SYS_TYPES_H 1
| #define HAVE_SYS_UIO_H 1
| #define HAVE_SYS_UN_H 1
| #define HAVE_SYS_UTSNAME_H 1
| #define HAVE_SYS_WAIT_H 1
| #define HAVE_SYSEXITS_H 1
| #define HAVE_SYSLOG_H 1
| #define HAVE_TERMIOS_H 1
| #define HAVE_UTIME_H 1
| #define HAVE_DIRENT_H 1
| #define HAVE_NET_IF_H 1
| #define HAVE_MAKEDEV 1
| #define _LARGEFILE_SOURCE 1
| #define _FILE_OFFSET_BITS 64
| #if defined(SCO_DS)
| #undef _OFF_T
| #endif
| #define RETSIGTYPE void
| #define HAVE_SSIZE_T 1
| #define HAVE_GCC_UINT128_T 1
| #define SIZEOF_INT 4
| #define SIZEOF_LONG 8
| #define ALIGNOF_LONG 8
| #define SIZEOF_LONG_LONG 8
| #define SIZEOF_VOID_P 16
| #define SIZEOF_SHORT 2
| #define SIZEOF_FLOAT 4
| #define SIZEOF_DOUBLE 8
| #define SIZEOF_FPOS_T 8
| #define SIZEOF_SIZE_T 8
| #define ALIGNOF_SIZE_T 8
| #define SIZEOF_PID_T 4
| #define SIZEOF_UINTPTR_T 16
| #define ALIGNOF_MAX_ALIGN_T 16
| #define HAVE_LONG_DOUBLE 1
| #define SIZEOF_LONG_DOUBLE 16
| #define SIZEOF__BOOL 1
| #define SIZEOF_OFF_T 8
| #define SIZEOF_TIME_T 8
| #define SIZEOF_PTHREAD_T 16
| #define SIZEOF_PTHREAD_KEY_T 4
| #define PTHREAD_KEY_T_IS_COMPATIBLE_WITH_INT 1
| #define HAVE_LIBDL 1
| #define HAVE_UUID_H 1
| #define HAVE_UUID_CREATE 1
| #define HAVE_UUID_ENC_BE 1
| #define WITH_LIBINTL 1
| #define HAVE_FFI_PREP_CIF_VAR 1
| #define HAVE_FFI_PREP_CLOSURE_LOC 1
| #define HAVE_FFI_CLOSURE_ALLOC 1
| #define WITH_DECIMAL_CONTEXTVAR 1
| #define HAVE_RPC_RPC_H 1
| #define HAVE_LIBSQLITE3 1
| #define HAVE_LIBSQLITE3 1
| #define HAVE_LIBSQLITE3 1
| #define HAVE_LIBSQLITE3 1
| #define HAVE_LIBSQLITE3 1
| #define HAVE_LIBSQLITE3 1
| #define HAVE_LIBSQLITE3 1
| #define HAVE_LIBSQLITE3 1
| #define HAVE_LIBSQLITE3 1
| #define PY_SQLITE_HAVE_SERIALIZE 1
| #define HAVE_GDBM_H 1
| #define HAVE_NDBM_H 1
| #define HAVE_DB_H 1
| #define PTHREAD_SYSTEM_SCHED_SUPPORTED 1
| #define HAVE_PTHREAD_SIGMASK 1
| #define HAVE_PTHREAD_GETCPUCLOCKID 1
| #define ENABLE_IPV6 1
| #define WITH_DOC_STRINGS 1
| #define WITH_PYMALLOC 1
| #define WITH_FREELISTS 1
| #define PY_COERCE_C_LOCALE 1
| #define HAVE_DLOPEN 1
| #define HAVE_DYNAMIC_LOADING 1
| #define HAVE_ACCEPT4 1
| #define HAVE_ALARM 1
| #define HAVE_BIND_TEXTDOMAIN_CODESET 1
| #define HAVE_CHMOD 1
| #define HAVE_CHOWN 1
| #define HAVE_CLOCK 1
| #define HAVE_CLOSE_RANGE 1
| #define HAVE_CONFSTR 1
| #define HAVE_COPY_FILE_RANGE 1
| #define HAVE_CTERMID 1
| #define HAVE_DUP 1
| #define HAVE_DUP3 1
| #define HAVE_EXECV 1
| #define HAVE_EXPLICIT_BZERO 1
| #define HAVE_FACCESSAT 1
| #define HAVE_FCHMOD 1
| #define HAVE_FCHMODAT 1
| #define HAVE_FCHOWN 1
| #define HAVE_FCHOWNAT 1
| #define HAVE_FDOPENDIR 1
| #define HAVE_FEXECVE 1
| #define HAVE_FORK 1
| #define HAVE_FPATHCONF 1
| #define HAVE_FSTATAT 1
| #define HAVE_FTRUNCATE 1
| #define HAVE_FUTIMENS 1
| #define HAVE_FUTIMES 1
| #define HAVE_FUTIMESAT 1
| #define HAVE_GAI_STRERROR 1
| #define HAVE_GETEGID 1
| #define HAVE_GETENTROPY 1
| #define HAVE_GETEUID 1
| #define HAVE_GETGID 1
| #define HAVE_GETGRGID 1
| #define HAVE_GETGRGID_R 1
| #define HAVE_GETGRNAM_R 1
| #define HAVE_GETGROUPLIST 1
| #define HAVE_GETGROUPS 1
| #define HAVE_GETHOSTNAME 1
| #define HAVE_GETITIMER 1
| #define HAVE_GETLOADAVG 1
| #define HAVE_GETLOGIN 1
| #define HAVE_GETPEERNAME 1
| #define HAVE_GETPGID 1
| #define HAVE_GETPID 1
| #define HAVE_GETPPID 1
| #define HAVE_GETPRIORITY 1
| #define HAVE_GETPWENT 1
| #define HAVE_GETPWNAM_R 1
| #define HAVE_GETPWUID 1
| #define HAVE_GETPWUID_R 1
| #define HAVE_GETRESGID 1
| #define HAVE_GETRESUID 1
| #define HAVE_GETRUSAGE 1
| #define HAVE_GETSID 1
| #define HAVE_GETUID 1
| #define HAVE_GETWD 1
| #define HAVE_IF_NAMEINDEX 1
| #define HAVE_INITGROUPS 1
| #define HAVE_KILL 1
| #define HAVE_KILLPG 1
| #define HAVE_LCHOWN 1
| #define HAVE_LINKAT 1
| #define HAVE_LOCKF 1
| #define HAVE_LSTAT 1
| #define HAVE_LUTIMES 1
| #define HAVE_MADVISE 1
| #define HAVE_MBRTOWC 1
| #define HAVE_MEMRCHR 1
| #define HAVE_MKDIRAT 1
| #define HAVE_MKFIFO 1
| #define HAVE_MKFIFOAT 1
| #define HAVE_MKNOD 1
| #define HAVE_MKNODAT 1
| #define HAVE_MKTIME 1
| #define HAVE_MMAP 1
| #define HAVE_NICE 1
| #define HAVE_OPENAT 1
| #define HAVE_OPENDIR 1
| #define HAVE_PATHCONF 1
| #define HAVE_PAUSE 1
| #define HAVE_PIPE 1
| #define HAVE_PIPE2 1
| #define HAVE_POLL 1
| #define HAVE_POSIX_FADVISE 1
| #define HAVE_POSIX_FALLOCATE 1
| #define HAVE_POSIX_SPAWN 1
| #define HAVE_POSIX_SPAWNP 1
| #define HAVE_PREAD 1
| #define HAVE_PREADV 1
| #define HAVE_PTHREAD_CONDATTR_SETCLOCK 1
| #define HAVE_PTHREAD_KILL 1
| #define HAVE_PWRITE 1
| #define HAVE_PWRITEV 1
| #define HAVE_READLINK 1
| #define HAVE_READLINKAT 1
| #define HAVE_READV 1
| #define HAVE_REALPATH 1
| #define HAVE_RENAMEAT 1
| #define HAVE_SCHED_GET_PRIORITY_MAX 1
| #define HAVE_SCHED_RR_GET_INTERVAL 1
| #define HAVE_SCHED_SETAFFINITY 1
| #define HAVE_SCHED_SETPARAM 1
| #define HAVE_SCHED_SETSCHEDULER 1
| #define HAVE_SEM_GETVALUE 1
| #define HAVE_SEM_OPEN 1
| #define HAVE_SEM_TIMEDWAIT 1
| #define HAVE_SEM_UNLINK 1
| #define HAVE_SENDFILE 1
| #define HAVE_SETEGID 1
| #define HAVE_SETEUID 1
| #define HAVE_SETGID 1
| #define HAVE_SETHOSTNAME 1
| #define HAVE_SETITIMER 1
| #define HAVE_SETLOCALE 1
| #define HAVE_SETPGID 1
| #define HAVE_SETPGRP 1
| #define HAVE_SETPRIORITY 1
| #define HAVE_SETREGID 1
| #define HAVE_SETRESGID 1
| #define HAVE_SETRESUID 1
| #define HAVE_SETREUID 1
| #define HAVE_SETSID 1
| #define HAVE_SETUID 1
| #define HAVE_SETVBUF 1
| #define HAVE_SHUTDOWN 1
| #define HAVE_SIGACTION 1
| #define HAVE_SIGALTSTACK 1
| #define HAVE_SIGFILLSET 1
| #define HAVE_SIGINTERRUPT 1
| #define HAVE_SIGPENDING 1
| #define HAVE_SIGRELSE 1
| #define HAVE_SIGTIMEDWAIT 1
| #define HAVE_SIGWAIT 1
| #define HAVE_SIGWAITINFO 1
| #define HAVE_SNPRINTF 1
| #define HAVE_STRFTIME 1
| #define HAVE_STRLCPY 1
| #define HAVE_STRSIGNAL 1
| #define HAVE_SYMLINKAT 1
| #define HAVE_SYNC 1
| #define HAVE_SYSCONF 1
| #define HAVE_SYSTEM 1
| #define HAVE_TCGETPGRP 1
| #define HAVE_TCSETPGRP 1
| #define HAVE_TEMPNAM 1
| #define HAVE_TIMEGM 1
| #define HAVE_TIMES 1
| #define HAVE_TMPFILE 1
| #define HAVE_TMPNAM 1
| #define HAVE_TRUNCATE 1
| #define HAVE_TTYNAME 1
| #define HAVE_UMASK 1
| #define HAVE_UNAME 1
| #define HAVE_UNLINKAT 1
| #define HAVE_UTIMENSAT 1
| #define HAVE_UTIMES 1
| #define HAVE_VFORK 1
| #define HAVE_WAIT 1
| #define HAVE_WAIT3 1
| #define HAVE_WAIT4 1
| #define HAVE_WAITID 1
| #define HAVE_WAITPID 1
| #define HAVE_WCSCOLL 1
| #define HAVE_WCSFTIME 1
| #define HAVE_WCSXFRM 1
| #define HAVE_WMEMCMP 1
| #define HAVE_WRITEV 1
| #define HAVE_LCHMOD 1
| #define HAVE_DIRFD 1
| #define HAVE_CHROOT 1
| #define HAVE_LINK 1
| #define HAVE_SYMLINK 1
| #define HAVE_FCHDIR 1
| #define HAVE_FSYNC 1
| #define HAVE_FDATASYNC 1
| #define HAVE_KQUEUE 1
| #define HAVE_MEMFD_CREATE 1
| #define HAVE_EVENTFD 1
| #define HAVE_CTERMID_R 1
| #define HAVE_FLOCK 1
| #define HAVE_GETPAGESIZE 1
| #define HAVE_CHFLAGS 1
| #define HAVE_LCHFLAGS 1
| #define HAVE_ZLIB_COPY 1
| #define HAVE_BZLIB_H 1
| #define HAVE_HSTRERROR 1
| #define HAVE_GETSERVBYNAME 1
| #define HAVE_GETSERVBYPORT 1
| #define HAVE_GETHOSTBYNAME 1
| #define HAVE_GETHOSTBYADDR 1
| #define HAVE_GETPROTOBYNAME 1
| #define HAVE_INET_ATON 1
| #define HAVE_INET_NTOA 1
| #define HAVE_INET_PTON 1
| #define HAVE_GETPEERNAME 1
| #define HAVE_GETSOCKNAME 1
| #define HAVE_ACCEPT 1
| #define HAVE_BIND 1
| #define HAVE_CONNECT 1
| #define HAVE_LISTEN 1
| #define HAVE_RECVFROM 1
| #define HAVE_SENDTO 1
| #define HAVE_SETSOCKOPT 1
| #define HAVE_SOCKET 1
| #define HAVE_SETGROUPS 1
| #define HAVE_OPENPTY 1
| #define HAVE_LOGIN_TTY 1
| #define HAVE_FORKPTY 1
| #define HAVE_FSEEKO 1
| #define HAVE_FSTATVFS 1
| #define HAVE_FTELLO 1
| #define HAVE_STATVFS 1
| #define HAVE_DUP2 1
| #define HAVE_GETPGRP 1
| #define HAVE_SETPGRP 1
| #define SETPGRP_HAVE_ARG 1
| #define HAVE_CRYPT_R 1
| #define HAVE_CLOCK_GETTIME 1
| #define HAVE_CLOCK_GETRES 1
| #define HAVE_CLOCK_SETTIME 1
| #define HAVE_CLOCK_NANOSLEEP 1
| #define HAVE_NANOSLEEP 1
| #define HAVE_DEVICE_MACROS 1
| #define SYS_SELECT_WITH_SYS_TIME 1
| #define HAVE_GETADDRINFO 1
| #define HAVE_GETNAMEINFO 1
| #define HAVE_STRUCT_TM_TM_ZONE 1
| #define HAVE_TM_ZONE 1
| #define HAVE_STRUCT_STAT_ST_RDEV 1
| #define HAVE_STRUCT_STAT_ST_BLKSIZE 1
| #define HAVE_STRUCT_STAT_ST_FLAGS 1
| #define HAVE_STRUCT_STAT_ST_GEN 1
| #define HAVE_STRUCT_STAT_ST_BIRTHTIME 1
| #define HAVE_STRUCT_STAT_ST_BLOCKS 1
| #define HAVE_STRUCT_PASSWD_PW_GECOS 1
| #define HAVE_STRUCT_PASSWD_PW_PASSWD 1
| #define HAVE_SIGINFO_T_SI_BAND 1
| #define HAVE_ADDRINFO 1
| #define HAVE_SOCKADDR_STORAGE 1
| #define HAVE_PROTOTYPES 1
| #define HAVE_SOCKETPAIR 1
| #define HAVE_SOCKADDR_SA_LEN 1
| #define HAVE_GETHOSTBYNAME_R 1
| #define HAVE_GETHOSTBYNAME_R 1
| #define HAVE_GETHOSTBYNAME_R_6_ARG 1
| /* end confdefs.h.  */
| /* Define __fpu_control to an innocuous variant, in case <limits.h> declares __fpu_control.
|    For example, HP-UX 11i <limits.h> declares gettimeofday.  */
| #define __fpu_control innocuous___fpu_control
| 
| /* System header to define __stub macros and hopefully few prototypes,
|    which can conflict with char __fpu_control (); below.  */
| 
| #include <limits.h>
| #undef __fpu_control
| 
| /* Override any GCC internal prototype to avoid an error.
|    Use char because int might match the return type of a GCC
|    builtin and then its argument prototype would still apply.  */
| #ifdef __cplusplus
| extern "C"
| #endif
| char __fpu_control ();
| /* The GNU C library defines this for functions which it implements
|     to always fail with ENOSYS.  Some functions are actually named
|     something starting with __ and the normal name is an alias.  */
| #if defined __stub___fpu_control || defined __stub_____fpu_control
| choke me
| #endif
| 
| int
| main (void)
| {
| return __fpu_control ();
|   ;
|   return 0;
| }
configure:23334: result: no
configure:23339: checking for __fpu_control in -lieee
configure:23362: cc -pthread -o conftest -mabi=purecap -I/usr/local/include -I/usr/include -mabi=purecap -L/usr/local/lib -L/usr/lib -lmd -lcheri_caprevoke conftest.c -lieee  -lintl -ldl  -lutil >&5
ld: error: unable to find library -lieee
clang-14: error: linker command failed with exit code 1 (use -v to see invocation)
configure:23362: $? = 1
configure: failed program was:
| /* confdefs.h */
| #define _NETBSD_SOURCE 1
| #define __BSD_VISIBLE 1
| #define _DARWIN_C_SOURCE 1
| #define _PYTHONFRAMEWORK ""
| #define _XOPEN_SOURCE 700
| #define _XOPEN_SOURCE_EXTENDED 1
| #define _POSIX_C_SOURCE 200809L
| #define HAVE_STDIO_H 1
| #define HAVE_STDLIB_H 1
| #define HAVE_STRING_H 1
| #define HAVE_INTTYPES_H 1
| #define HAVE_STDINT_H 1
| #define HAVE_STRINGS_H 1
| #define HAVE_SYS_STAT_H 1
| #define HAVE_SYS_TYPES_H 1
| #define HAVE_UNISTD_H 1
| #define HAVE_WCHAR_H 1
| #define STDC_HEADERS 1
| #define _ALL_SOURCE 1
| #define _DARWIN_C_SOURCE 1
| #define _GNU_SOURCE 1
| #define _HPUX_ALT_XOPEN_SOCKET_API 1
| #define _NETBSD_SOURCE 1
| #define _OPENBSD_SOURCE 1
| #define _POSIX_PTHREAD_SEMANTICS 1
| #define __STDC_WANT_IEC_60559_ATTRIBS_EXT__ 1
| #define __STDC_WANT_IEC_60559_BFP_EXT__ 1
| #define __STDC_WANT_IEC_60559_DFP_EXT__ 1
| #define __STDC_WANT_IEC_60559_FUNCS_EXT__ 1
| #define __STDC_WANT_IEC_60559_TYPES_EXT__ 1
| #define __STDC_WANT_LIB_EXT2__ 1
| #define __STDC_WANT_MATH_SPEC_FUNCS__ 1
| #define _TANDEM_SOURCE 1
| #define __EXTENSIONS__ 1
| #define PY_SUPPORT_TIER 0
| #define Py_DEBUG 1
| #define STDC_HEADERS 1
| #define HAVE_BLUETOOTH_H 1
| #define HAVE_DLFCN_H 1
| #define HAVE_ENDIAN_H 1
| #define HAVE_ERRNO_H 1
| #define HAVE_FCNTL_H 1
| #define HAVE_GRP_H 1
| #define HAVE_IEEEFP_H 1
| #define HAVE_LANGINFO_H 1
| #define HAVE_LIBINTL_H 1
| #define HAVE_LIBUTIL_H 1
| #define HAVE_SYS_AUXV_H 1
| #define HAVE_NETDB_H 1
| #define HAVE_NET_ETHERNET_H 1
| #define HAVE_NETINET_IN_H 1
| #define HAVE_POLL_H 1
| #define HAVE_PTHREAD_H 1
| #define HAVE_SCHED_H 1
| #define HAVE_SETJMP_H 1
| #define HAVE_SIGNAL_H 1
| #define HAVE_SPAWN_H 1
| #define HAVE_SYS_ENDIAN_H 1
| #define HAVE_SYS_EVENT_H 1
| #define HAVE_SYS_EVENTFD_H 1
| #define HAVE_SYS_FILE_H 1
| #define HAVE_SYS_IOCTL_H 1
| #define HAVE_SYS_LOCK_H 1
| #define HAVE_SYS_MMAN_H 1
| #define HAVE_SYS_PARAM_H 1
| #define HAVE_SYS_POLL_H 1
| #define HAVE_SYS_RANDOM_H 1
| #define HAVE_SYS_RESOURCE_H 1
| #define HAVE_SYS_SELECT_H 1
| #define HAVE_SYS_SOCKET_H 1
| #define HAVE_SYS_SOUNDCARD_H 1
| #define HAVE_SYS_STAT_H 1
| #define HAVE_SYS_STATVFS_H 1
| #define HAVE_SYS_SYSCALL_H 1
| #define HAVE_SYS_TIME_H 1
| #define HAVE_SYS_TIMES_H 1
| #define HAVE_SYS_TYPES_H 1
| #define HAVE_SYS_UIO_H 1
| #define HAVE_SYS_UN_H 1
| #define HAVE_SYS_UTSNAME_H 1
| #define HAVE_SYS_WAIT_H 1
| #define HAVE_SYSEXITS_H 1
| #define HAVE_SYSLOG_H 1
| #define HAVE_TERMIOS_H 1
| #define HAVE_UTIME_H 1
| #define HAVE_DIRENT_H 1
| #define HAVE_NET_IF_H 1
| #define HAVE_MAKEDEV 1
| #define _LARGEFILE_SOURCE 1
| #define _FILE_OFFSET_BITS 64
| #if defined(SCO_DS)
| #undef _OFF_T
| #endif
| #define RETSIGTYPE void
| #define HAVE_SSIZE_T 1
| #define HAVE_GCC_UINT128_T 1
| #define SIZEOF_INT 4
| #define SIZEOF_LONG 8
| #define ALIGNOF_LONG 8
| #define SIZEOF_LONG_LONG 8
| #define SIZEOF_VOID_P 16
| #define SIZEOF_SHORT 2
| #define SIZEOF_FLOAT 4
| #define SIZEOF_DOUBLE 8
| #define SIZEOF_FPOS_T 8
| #define SIZEOF_SIZE_T 8
| #define ALIGNOF_SIZE_T 8
| #define SIZEOF_PID_T 4
| #define SIZEOF_UINTPTR_T 16
| #define ALIGNOF_MAX_ALIGN_T 16
| #define HAVE_LONG_DOUBLE 1
| #define SIZEOF_LONG_DOUBLE 16
| #define SIZEOF__BOOL 1
| #define SIZEOF_OFF_T 8
| #define SIZEOF_TIME_T 8
| #define SIZEOF_PTHREAD_T 16
| #define SIZEOF_PTHREAD_KEY_T 4
| #define PTHREAD_KEY_T_IS_COMPATIBLE_WITH_INT 1
| #define HAVE_LIBDL 1
| #define HAVE_UUID_H 1
| #define HAVE_UUID_CREATE 1
| #define HAVE_UUID_ENC_BE 1
| #define WITH_LIBINTL 1
| #define HAVE_FFI_PREP_CIF_VAR 1
| #define HAVE_FFI_PREP_CLOSURE_LOC 1
| #define HAVE_FFI_CLOSURE_ALLOC 1
| #define WITH_DECIMAL_CONTEXTVAR 1
| #define HAVE_RPC_RPC_H 1
| #define HAVE_LIBSQLITE3 1
| #define HAVE_LIBSQLITE3 1
| #define HAVE_LIBSQLITE3 1
| #define HAVE_LIBSQLITE3 1
| #define HAVE_LIBSQLITE3 1
| #define HAVE_LIBSQLITE3 1
| #define HAVE_LIBSQLITE3 1
| #define HAVE_LIBSQLITE3 1
| #define HAVE_LIBSQLITE3 1
| #define PY_SQLITE_HAVE_SERIALIZE 1
| #define HAVE_GDBM_H 1
| #define HAVE_NDBM_H 1
| #define HAVE_DB_H 1
| #define PTHREAD_SYSTEM_SCHED_SUPPORTED 1
| #define HAVE_PTHREAD_SIGMASK 1
| #define HAVE_PTHREAD_GETCPUCLOCKID 1
| #define ENABLE_IPV6 1
| #define WITH_DOC_STRINGS 1
| #define WITH_PYMALLOC 1
| #define WITH_FREELISTS 1
| #define PY_COERCE_C_LOCALE 1
| #define HAVE_DLOPEN 1
| #define HAVE_DYNAMIC_LOADING 1
| #define HAVE_ACCEPT4 1
| #define HAVE_ALARM 1
| #define HAVE_BIND_TEXTDOMAIN_CODESET 1
| #define HAVE_CHMOD 1
| #define HAVE_CHOWN 1
| #define HAVE_CLOCK 1
| #define HAVE_CLOSE_RANGE 1
| #define HAVE_CONFSTR 1
| #define HAVE_COPY_FILE_RANGE 1
| #define HAVE_CTERMID 1
| #define HAVE_DUP 1
| #define HAVE_DUP3 1
| #define HAVE_EXECV 1
| #define HAVE_EXPLICIT_BZERO 1
| #define HAVE_FACCESSAT 1
| #define HAVE_FCHMOD 1
| #define HAVE_FCHMODAT 1
| #define HAVE_FCHOWN 1
| #define HAVE_FCHOWNAT 1
| #define HAVE_FDOPENDIR 1
| #define HAVE_FEXECVE 1
| #define HAVE_FORK 1
| #define HAVE_FPATHCONF 1
| #define HAVE_FSTATAT 1
| #define HAVE_FTRUNCATE 1
| #define HAVE_FUTIMENS 1
| #define HAVE_FUTIMES 1
| #define HAVE_FUTIMESAT 1
| #define HAVE_GAI_STRERROR 1
| #define HAVE_GETEGID 1
| #define HAVE_GETENTROPY 1
| #define HAVE_GETEUID 1
| #define HAVE_GETGID 1
| #define HAVE_GETGRGID 1
| #define HAVE_GETGRGID_R 1
| #define HAVE_GETGRNAM_R 1
| #define HAVE_GETGROUPLIST 1
| #define HAVE_GETGROUPS 1
| #define HAVE_GETHOSTNAME 1
| #define HAVE_GETITIMER 1
| #define HAVE_GETLOADAVG 1
| #define HAVE_GETLOGIN 1
| #define HAVE_GETPEERNAME 1
| #define HAVE_GETPGID 1
| #define HAVE_GETPID 1
| #define HAVE_GETPPID 1
| #define HAVE_GETPRIORITY 1
| #define HAVE_GETPWENT 1
| #define HAVE_GETPWNAM_R 1
| #define HAVE_GETPWUID 1
| #define HAVE_GETPWUID_R 1
| #define HAVE_GETRESGID 1
| #define HAVE_GETRESUID 1
| #define HAVE_GETRUSAGE 1
| #define HAVE_GETSID 1
| #define HAVE_GETUID 1
| #define HAVE_GETWD 1
| #define HAVE_IF_NAMEINDEX 1
| #define HAVE_INITGROUPS 1
| #define HAVE_KILL 1
| #define HAVE_KILLPG 1
| #define HAVE_LCHOWN 1
| #define HAVE_LINKAT 1
| #define HAVE_LOCKF 1
| #define HAVE_LSTAT 1
| #define HAVE_LUTIMES 1
| #define HAVE_MADVISE 1
| #define HAVE_MBRTOWC 1
| #define HAVE_MEMRCHR 1
| #define HAVE_MKDIRAT 1
| #define HAVE_MKFIFO 1
| #define HAVE_MKFIFOAT 1
| #define HAVE_MKNOD 1
| #define HAVE_MKNODAT 1
| #define HAVE_MKTIME 1
| #define HAVE_MMAP 1
| #define HAVE_NICE 1
| #define HAVE_OPENAT 1
| #define HAVE_OPENDIR 1
| #define HAVE_PATHCONF 1
| #define HAVE_PAUSE 1
| #define HAVE_PIPE 1
| #define HAVE_PIPE2 1
| #define HAVE_POLL 1
| #define HAVE_POSIX_FADVISE 1
| #define HAVE_POSIX_FALLOCATE 1
| #define HAVE_POSIX_SPAWN 1
| #define HAVE_POSIX_SPAWNP 1
| #define HAVE_PREAD 1
| #define HAVE_PREADV 1
| #define HAVE_PTHREAD_CONDATTR_SETCLOCK 1
| #define HAVE_PTHREAD_KILL 1
| #define HAVE_PWRITE 1
| #define HAVE_PWRITEV 1
| #define HAVE_READLINK 1
| #define HAVE_READLINKAT 1
| #define HAVE_READV 1
| #define HAVE_REALPATH 1
| #define HAVE_RENAMEAT 1
| #define HAVE_SCHED_GET_PRIORITY_MAX 1
| #define HAVE_SCHED_RR_GET_INTERVAL 1
| #define HAVE_SCHED_SETAFFINITY 1
| #define HAVE_SCHED_SETPARAM 1
| #define HAVE_SCHED_SETSCHEDULER 1
| #define HAVE_SEM_GETVALUE 1
| #define HAVE_SEM_OPEN 1
| #define HAVE_SEM_TIMEDWAIT 1
| #define HAVE_SEM_UNLINK 1
| #define HAVE_SENDFILE 1
| #define HAVE_SETEGID 1
| #define HAVE_SETEUID 1
| #define HAVE_SETGID 1
| #define HAVE_SETHOSTNAME 1
| #define HAVE_SETITIMER 1
| #define HAVE_SETLOCALE 1
| #define HAVE_SETPGID 1
| #define HAVE_SETPGRP 1
| #define HAVE_SETPRIORITY 1
| #define HAVE_SETREGID 1
| #define HAVE_SETRESGID 1
| #define HAVE_SETRESUID 1
| #define HAVE_SETREUID 1
| #define HAVE_SETSID 1
| #define HAVE_SETUID 1
| #define HAVE_SETVBUF 1
| #define HAVE_SHUTDOWN 1
| #define HAVE_SIGACTION 1
| #define HAVE_SIGALTSTACK 1
| #define HAVE_SIGFILLSET 1
| #define HAVE_SIGINTERRUPT 1
| #define HAVE_SIGPENDING 1
| #define HAVE_SIGRELSE 1
| #define HAVE_SIGTIMEDWAIT 1
| #define HAVE_SIGWAIT 1
| #define HAVE_SIGWAITINFO 1
| #define HAVE_SNPRINTF 1
| #define HAVE_STRFTIME 1
| #define HAVE_STRLCPY 1
| #define HAVE_STRSIGNAL 1
| #define HAVE_SYMLINKAT 1
| #define HAVE_SYNC 1
| #define HAVE_SYSCONF 1
| #define HAVE_SYSTEM 1
| #define HAVE_TCGETPGRP 1
| #define HAVE_TCSETPGRP 1
| #define HAVE_TEMPNAM 1
| #define HAVE_TIMEGM 1
| #define HAVE_TIMES 1
| #define HAVE_TMPFILE 1
| #define HAVE_TMPNAM 1
| #define HAVE_TRUNCATE 1
| #define HAVE_TTYNAME 1
| #define HAVE_UMASK 1
| #define HAVE_UNAME 1
| #define HAVE_UNLINKAT 1
| #define HAVE_UTIMENSAT 1
| #define HAVE_UTIMES 1
| #define HAVE_VFORK 1
| #define HAVE_WAIT 1
| #define HAVE_WAIT3 1
| #define HAVE_WAIT4 1
| #define HAVE_WAITID 1
| #define HAVE_WAITPID 1
| #define HAVE_WCSCOLL 1
| #define HAVE_WCSFTIME 1
| #define HAVE_WCSXFRM 1
| #define HAVE_WMEMCMP 1
| #define HAVE_WRITEV 1
| #define HAVE_LCHMOD 1
| #define HAVE_DIRFD 1
| #define HAVE_CHROOT 1
| #define HAVE_LINK 1
| #define HAVE_SYMLINK 1
| #define HAVE_FCHDIR 1
| #define HAVE_FSYNC 1
| #define HAVE_FDATASYNC 1
| #define HAVE_KQUEUE 1
| #define HAVE_MEMFD_CREATE 1
| #define HAVE_EVENTFD 1
| #define HAVE_CTERMID_R 1
| #define HAVE_FLOCK 1
| #define HAVE_GETPAGESIZE 1
| #define HAVE_CHFLAGS 1
| #define HAVE_LCHFLAGS 1
| #define HAVE_ZLIB_COPY 1
| #define HAVE_BZLIB_H 1
| #define HAVE_HSTRERROR 1
| #define HAVE_GETSERVBYNAME 1
| #define HAVE_GETSERVBYPORT 1
| #define HAVE_GETHOSTBYNAME 1
| #define HAVE_GETHOSTBYADDR 1
| #define HAVE_GETPROTOBYNAME 1
| #define HAVE_INET_ATON 1
| #define HAVE_INET_NTOA 1
| #define HAVE_INET_PTON 1
| #define HAVE_GETPEERNAME 1
| #define HAVE_GETSOCKNAME 1
| #define HAVE_ACCEPT 1
| #define HAVE_BIND 1
| #define HAVE_CONNECT 1
| #define HAVE_LISTEN 1
| #define HAVE_RECVFROM 1
| #define HAVE_SENDTO 1
| #define HAVE_SETSOCKOPT 1
| #define HAVE_SOCKET 1
| #define HAVE_SETGROUPS 1
| #define HAVE_OPENPTY 1
| #define HAVE_LOGIN_TTY 1
| #define HAVE_FORKPTY 1
| #define HAVE_FSEEKO 1
| #define HAVE_FSTATVFS 1
| #define HAVE_FTELLO 1
| #define HAVE_STATVFS 1
| #define HAVE_DUP2 1
| #define HAVE_GETPGRP 1
| #define HAVE_SETPGRP 1
| #define SETPGRP_HAVE_ARG 1
| #define HAVE_CRYPT_R 1
| #define HAVE_CLOCK_GETTIME 1
| #define HAVE_CLOCK_GETRES 1
| #define HAVE_CLOCK_SETTIME 1
| #define HAVE_CLOCK_NANOSLEEP 1
| #define HAVE_NANOSLEEP 1
| #define HAVE_DEVICE_MACROS 1
| #define SYS_SELECT_WITH_SYS_TIME 1
| #define HAVE_GETADDRINFO 1
| #define HAVE_GETNAMEINFO 1
| #define HAVE_STRUCT_TM_TM_ZONE 1
| #define HAVE_TM_ZONE 1
| #define HAVE_STRUCT_STAT_ST_RDEV 1
| #define HAVE_STRUCT_STAT_ST_BLKSIZE 1
| #define HAVE_STRUCT_STAT_ST_FLAGS 1
| #define HAVE_STRUCT_STAT_ST_GEN 1
| #define HAVE_STRUCT_STAT_ST_BIRTHTIME 1
| #define HAVE_STRUCT_STAT_ST_BLOCKS 1
| #define HAVE_STRUCT_PASSWD_PW_GECOS 1
| #define HAVE_STRUCT_PASSWD_PW_PASSWD 1
| #define HAVE_SIGINFO_T_SI_BAND 1
| #define HAVE_ADDRINFO 1
| #define HAVE_SOCKADDR_STORAGE 1
| #define HAVE_PROTOTYPES 1
| #define HAVE_SOCKETPAIR 1
| #define HAVE_SOCKADDR_SA_LEN 1
| #define HAVE_GETHOSTBYNAME_R 1
| #define HAVE_GETHOSTBYNAME_R 1
| #define HAVE_GETHOSTBYNAME_R_6_ARG 1
| /* end confdefs.h.  */
| 
| /* Override any GCC internal prototype to avoid an error.
|    Use char because int might match the return type of a GCC
|    builtin and then its argument prototype would still apply.  */
| char __fpu_control ();
| int
| main (void)
| {
| return __fpu_control ();
|   ;
|   return 0;
| }
configure:23372: result: no
configure:23392: checking for --with-libm=STRING
configure:23410: result: default LIBM="-lm"
configure:23417: checking for --with-libc=STRING
configure:23435: result: default LIBC=""
configure:23445: checking for x64 gcc inline assembler
configure:23465: cc -pthread -o conftest -mabi=purecap -I/usr/local/include -I/usr/include -mabi=purecap -L/usr/local/lib -L/usr/lib -lmd -lcheri_caprevoke conftest.c -lintl -ldl  -lutil >&5
conftest.c:405:25: error: unknown token in expression
  __asm__ __volatile__ ("movq %rcx, %rax");
                        ^
<inline asm>:1:7: note: instantiated into assembly here
        movq %rcx, %rax
             ^
conftest.c:405:25: error: invalid operand
  __asm__ __volatile__ ("movq %rcx, %rax");
                        ^
<inline asm>:1:7: note: instantiated into assembly here
        movq %rcx, %rax
             ^
2 errors generated.
configure:23465: $? = 1
configure: failed program was:
| /* confdefs.h */
| #define _NETBSD_SOURCE 1
| #define __BSD_VISIBLE 1
| #define _DARWIN_C_SOURCE 1
| #define _PYTHONFRAMEWORK ""
| #define _XOPEN_SOURCE 700
| #define _XOPEN_SOURCE_EXTENDED 1
| #define _POSIX_C_SOURCE 200809L
| #define HAVE_STDIO_H 1
| #define HAVE_STDLIB_H 1
| #define HAVE_STRING_H 1
| #define HAVE_INTTYPES_H 1
| #define HAVE_STDINT_H 1
| #define HAVE_STRINGS_H 1
| #define HAVE_SYS_STAT_H 1
| #define HAVE_SYS_TYPES_H 1
| #define HAVE_UNISTD_H 1
| #define HAVE_WCHAR_H 1
| #define STDC_HEADERS 1
| #define _ALL_SOURCE 1
| #define _DARWIN_C_SOURCE 1
| #define _GNU_SOURCE 1
| #define _HPUX_ALT_XOPEN_SOCKET_API 1
| #define _NETBSD_SOURCE 1
| #define _OPENBSD_SOURCE 1
| #define _POSIX_PTHREAD_SEMANTICS 1
| #define __STDC_WANT_IEC_60559_ATTRIBS_EXT__ 1
| #define __STDC_WANT_IEC_60559_BFP_EXT__ 1
| #define __STDC_WANT_IEC_60559_DFP_EXT__ 1
| #define __STDC_WANT_IEC_60559_FUNCS_EXT__ 1
| #define __STDC_WANT_IEC_60559_TYPES_EXT__ 1
| #define __STDC_WANT_LIB_EXT2__ 1
| #define __STDC_WANT_MATH_SPEC_FUNCS__ 1
| #define _TANDEM_SOURCE 1
| #define __EXTENSIONS__ 1
| #define PY_SUPPORT_TIER 0
| #define Py_DEBUG 1
| #define STDC_HEADERS 1
| #define HAVE_BLUETOOTH_H 1
| #define HAVE_DLFCN_H 1
| #define HAVE_ENDIAN_H 1
| #define HAVE_ERRNO_H 1
| #define HAVE_FCNTL_H 1
| #define HAVE_GRP_H 1
| #define HAVE_IEEEFP_H 1
| #define HAVE_LANGINFO_H 1
| #define HAVE_LIBINTL_H 1
| #define HAVE_LIBUTIL_H 1
| #define HAVE_SYS_AUXV_H 1
| #define HAVE_NETDB_H 1
| #define HAVE_NET_ETHERNET_H 1
| #define HAVE_NETINET_IN_H 1
| #define HAVE_POLL_H 1
| #define HAVE_PTHREAD_H 1
| #define HAVE_SCHED_H 1
| #define HAVE_SETJMP_H 1
| #define HAVE_SIGNAL_H 1
| #define HAVE_SPAWN_H 1
| #define HAVE_SYS_ENDIAN_H 1
| #define HAVE_SYS_EVENT_H 1
| #define HAVE_SYS_EVENTFD_H 1
| #define HAVE_SYS_FILE_H 1
| #define HAVE_SYS_IOCTL_H 1
| #define HAVE_SYS_LOCK_H 1
| #define HAVE_SYS_MMAN_H 1
| #define HAVE_SYS_PARAM_H 1
| #define HAVE_SYS_POLL_H 1
| #define HAVE_SYS_RANDOM_H 1
| #define HAVE_SYS_RESOURCE_H 1
| #define HAVE_SYS_SELECT_H 1
| #define HAVE_SYS_SOCKET_H 1
| #define HAVE_SYS_SOUNDCARD_H 1
| #define HAVE_SYS_STAT_H 1
| #define HAVE_SYS_STATVFS_H 1
| #define HAVE_SYS_SYSCALL_H 1
| #define HAVE_SYS_TIME_H 1
| #define HAVE_SYS_TIMES_H 1
| #define HAVE_SYS_TYPES_H 1
| #define HAVE_SYS_UIO_H 1
| #define HAVE_SYS_UN_H 1
| #define HAVE_SYS_UTSNAME_H 1
| #define HAVE_SYS_WAIT_H 1
| #define HAVE_SYSEXITS_H 1
| #define HAVE_SYSLOG_H 1
| #define HAVE_TERMIOS_H 1
| #define HAVE_UTIME_H 1
| #define HAVE_DIRENT_H 1
| #define HAVE_NET_IF_H 1
| #define HAVE_MAKEDEV 1
| #define _LARGEFILE_SOURCE 1
| #define _FILE_OFFSET_BITS 64
| #if defined(SCO_DS)
| #undef _OFF_T
| #endif
| #define RETSIGTYPE void
| #define HAVE_SSIZE_T 1
| #define HAVE_GCC_UINT128_T 1
| #define SIZEOF_INT 4
| #define SIZEOF_LONG 8
| #define ALIGNOF_LONG 8
| #define SIZEOF_LONG_LONG 8
| #define SIZEOF_VOID_P 16
| #define SIZEOF_SHORT 2
| #define SIZEOF_FLOAT 4
| #define SIZEOF_DOUBLE 8
| #define SIZEOF_FPOS_T 8
| #define SIZEOF_SIZE_T 8
| #define ALIGNOF_SIZE_T 8
| #define SIZEOF_PID_T 4
| #define SIZEOF_UINTPTR_T 16
| #define ALIGNOF_MAX_ALIGN_T 16
| #define HAVE_LONG_DOUBLE 1
| #define SIZEOF_LONG_DOUBLE 16
| #define SIZEOF__BOOL 1
| #define SIZEOF_OFF_T 8
| #define SIZEOF_TIME_T 8
| #define SIZEOF_PTHREAD_T 16
| #define SIZEOF_PTHREAD_KEY_T 4
| #define PTHREAD_KEY_T_IS_COMPATIBLE_WITH_INT 1
| #define HAVE_LIBDL 1
| #define HAVE_UUID_H 1
| #define HAVE_UUID_CREATE 1
| #define HAVE_UUID_ENC_BE 1
| #define WITH_LIBINTL 1
| #define HAVE_FFI_PREP_CIF_VAR 1
| #define HAVE_FFI_PREP_CLOSURE_LOC 1
| #define HAVE_FFI_CLOSURE_ALLOC 1
| #define WITH_DECIMAL_CONTEXTVAR 1
| #define HAVE_RPC_RPC_H 1
| #define HAVE_LIBSQLITE3 1
| #define HAVE_LIBSQLITE3 1
| #define HAVE_LIBSQLITE3 1
| #define HAVE_LIBSQLITE3 1
| #define HAVE_LIBSQLITE3 1
| #define HAVE_LIBSQLITE3 1
| #define HAVE_LIBSQLITE3 1
| #define HAVE_LIBSQLITE3 1
| #define HAVE_LIBSQLITE3 1
| #define PY_SQLITE_HAVE_SERIALIZE 1
| #define HAVE_GDBM_H 1
| #define HAVE_NDBM_H 1
| #define HAVE_DB_H 1
| #define PTHREAD_SYSTEM_SCHED_SUPPORTED 1
| #define HAVE_PTHREAD_SIGMASK 1
| #define HAVE_PTHREAD_GETCPUCLOCKID 1
| #define ENABLE_IPV6 1
| #define WITH_DOC_STRINGS 1
| #define WITH_PYMALLOC 1
| #define WITH_FREELISTS 1
| #define PY_COERCE_C_LOCALE 1
| #define HAVE_DLOPEN 1
| #define HAVE_DYNAMIC_LOADING 1
| #define HAVE_ACCEPT4 1
| #define HAVE_ALARM 1
| #define HAVE_BIND_TEXTDOMAIN_CODESET 1
| #define HAVE_CHMOD 1
| #define HAVE_CHOWN 1
| #define HAVE_CLOCK 1
| #define HAVE_CLOSE_RANGE 1
| #define HAVE_CONFSTR 1
| #define HAVE_COPY_FILE_RANGE 1
| #define HAVE_CTERMID 1
| #define HAVE_DUP 1
| #define HAVE_DUP3 1
| #define HAVE_EXECV 1
| #define HAVE_EXPLICIT_BZERO 1
| #define HAVE_FACCESSAT 1
| #define HAVE_FCHMOD 1
| #define HAVE_FCHMODAT 1
| #define HAVE_FCHOWN 1
| #define HAVE_FCHOWNAT 1
| #define HAVE_FDOPENDIR 1
| #define HAVE_FEXECVE 1
| #define HAVE_FORK 1
| #define HAVE_FPATHCONF 1
| #define HAVE_FSTATAT 1
| #define HAVE_FTRUNCATE 1
| #define HAVE_FUTIMENS 1
| #define HAVE_FUTIMES 1
| #define HAVE_FUTIMESAT 1
| #define HAVE_GAI_STRERROR 1
| #define HAVE_GETEGID 1
| #define HAVE_GETENTROPY 1
| #define HAVE_GETEUID 1
| #define HAVE_GETGID 1
| #define HAVE_GETGRGID 1
| #define HAVE_GETGRGID_R 1
| #define HAVE_GETGRNAM_R 1
| #define HAVE_GETGROUPLIST 1
| #define HAVE_GETGROUPS 1
| #define HAVE_GETHOSTNAME 1
| #define HAVE_GETITIMER 1
| #define HAVE_GETLOADAVG 1
| #define HAVE_GETLOGIN 1
| #define HAVE_GETPEERNAME 1
| #define HAVE_GETPGID 1
| #define HAVE_GETPID 1
| #define HAVE_GETPPID 1
| #define HAVE_GETPRIORITY 1
| #define HAVE_GETPWENT 1
| #define HAVE_GETPWNAM_R 1
| #define HAVE_GETPWUID 1
| #define HAVE_GETPWUID_R 1
| #define HAVE_GETRESGID 1
| #define HAVE_GETRESUID 1
| #define HAVE_GETRUSAGE 1
| #define HAVE_GETSID 1
| #define HAVE_GETUID 1
| #define HAVE_GETWD 1
| #define HAVE_IF_NAMEINDEX 1
| #define HAVE_INITGROUPS 1
| #define HAVE_KILL 1
| #define HAVE_KILLPG 1
| #define HAVE_LCHOWN 1
| #define HAVE_LINKAT 1
| #define HAVE_LOCKF 1
| #define HAVE_LSTAT 1
| #define HAVE_LUTIMES 1
| #define HAVE_MADVISE 1
| #define HAVE_MBRTOWC 1
| #define HAVE_MEMRCHR 1
| #define HAVE_MKDIRAT 1
| #define HAVE_MKFIFO 1
| #define HAVE_MKFIFOAT 1
| #define HAVE_MKNOD 1
| #define HAVE_MKNODAT 1
| #define HAVE_MKTIME 1
| #define HAVE_MMAP 1
| #define HAVE_NICE 1
| #define HAVE_OPENAT 1
| #define HAVE_OPENDIR 1
| #define HAVE_PATHCONF 1
| #define HAVE_PAUSE 1
| #define HAVE_PIPE 1
| #define HAVE_PIPE2 1
| #define HAVE_POLL 1
| #define HAVE_POSIX_FADVISE 1
| #define HAVE_POSIX_FALLOCATE 1
| #define HAVE_POSIX_SPAWN 1
| #define HAVE_POSIX_SPAWNP 1
| #define HAVE_PREAD 1
| #define HAVE_PREADV 1
| #define HAVE_PTHREAD_CONDATTR_SETCLOCK 1
| #define HAVE_PTHREAD_KILL 1
| #define HAVE_PWRITE 1
| #define HAVE_PWRITEV 1
| #define HAVE_READLINK 1
| #define HAVE_READLINKAT 1
| #define HAVE_READV 1
| #define HAVE_REALPATH 1
| #define HAVE_RENAMEAT 1
| #define HAVE_SCHED_GET_PRIORITY_MAX 1
| #define HAVE_SCHED_RR_GET_INTERVAL 1
| #define HAVE_SCHED_SETAFFINITY 1
| #define HAVE_SCHED_SETPARAM 1
| #define HAVE_SCHED_SETSCHEDULER 1
| #define HAVE_SEM_GETVALUE 1
| #define HAVE_SEM_OPEN 1
| #define HAVE_SEM_TIMEDWAIT 1
| #define HAVE_SEM_UNLINK 1
| #define HAVE_SENDFILE 1
| #define HAVE_SETEGID 1
| #define HAVE_SETEUID 1
| #define HAVE_SETGID 1
| #define HAVE_SETHOSTNAME 1
| #define HAVE_SETITIMER 1
| #define HAVE_SETLOCALE 1
| #define HAVE_SETPGID 1
| #define HAVE_SETPGRP 1
| #define HAVE_SETPRIORITY 1
| #define HAVE_SETREGID 1
| #define HAVE_SETRESGID 1
| #define HAVE_SETRESUID 1
| #define HAVE_SETREUID 1
| #define HAVE_SETSID 1
| #define HAVE_SETUID 1
| #define HAVE_SETVBUF 1
| #define HAVE_SHUTDOWN 1
| #define HAVE_SIGACTION 1
| #define HAVE_SIGALTSTACK 1
| #define HAVE_SIGFILLSET 1
| #define HAVE_SIGINTERRUPT 1
| #define HAVE_SIGPENDING 1
| #define HAVE_SIGRELSE 1
| #define HAVE_SIGTIMEDWAIT 1
| #define HAVE_SIGWAIT 1
| #define HAVE_SIGWAITINFO 1
| #define HAVE_SNPRINTF 1
| #define HAVE_STRFTIME 1
| #define HAVE_STRLCPY 1
| #define HAVE_STRSIGNAL 1
| #define HAVE_SYMLINKAT 1
| #define HAVE_SYNC 1
| #define HAVE_SYSCONF 1
| #define HAVE_SYSTEM 1
| #define HAVE_TCGETPGRP 1
| #define HAVE_TCSETPGRP 1
| #define HAVE_TEMPNAM 1
| #define HAVE_TIMEGM 1
| #define HAVE_TIMES 1
| #define HAVE_TMPFILE 1
| #define HAVE_TMPNAM 1
| #define HAVE_TRUNCATE 1
| #define HAVE_TTYNAME 1
| #define HAVE_UMASK 1
| #define HAVE_UNAME 1
| #define HAVE_UNLINKAT 1
| #define HAVE_UTIMENSAT 1
| #define HAVE_UTIMES 1
| #define HAVE_VFORK 1
| #define HAVE_WAIT 1
| #define HAVE_WAIT3 1
| #define HAVE_WAIT4 1
| #define HAVE_WAITID 1
| #define HAVE_WAITPID 1
| #define HAVE_WCSCOLL 1
| #define HAVE_WCSFTIME 1
| #define HAVE_WCSXFRM 1
| #define HAVE_WMEMCMP 1
| #define HAVE_WRITEV 1
| #define HAVE_LCHMOD 1
| #define HAVE_DIRFD 1
| #define HAVE_CHROOT 1
| #define HAVE_LINK 1
| #define HAVE_SYMLINK 1
| #define HAVE_FCHDIR 1
| #define HAVE_FSYNC 1
| #define HAVE_FDATASYNC 1
| #define HAVE_KQUEUE 1
| #define HAVE_MEMFD_CREATE 1
| #define HAVE_EVENTFD 1
| #define HAVE_CTERMID_R 1
| #define HAVE_FLOCK 1
| #define HAVE_GETPAGESIZE 1
| #define HAVE_CHFLAGS 1
| #define HAVE_LCHFLAGS 1
| #define HAVE_ZLIB_COPY 1
| #define HAVE_BZLIB_H 1
| #define HAVE_HSTRERROR 1
| #define HAVE_GETSERVBYNAME 1
| #define HAVE_GETSERVBYPORT 1
| #define HAVE_GETHOSTBYNAME 1
| #define HAVE_GETHOSTBYADDR 1
| #define HAVE_GETPROTOBYNAME 1
| #define HAVE_INET_ATON 1
| #define HAVE_INET_NTOA 1
| #define HAVE_INET_PTON 1
| #define HAVE_GETPEERNAME 1
| #define HAVE_GETSOCKNAME 1
| #define HAVE_ACCEPT 1
| #define HAVE_BIND 1
| #define HAVE_CONNECT 1
| #define HAVE_LISTEN 1
| #define HAVE_RECVFROM 1
| #define HAVE_SENDTO 1
| #define HAVE_SETSOCKOPT 1
| #define HAVE_SOCKET 1
| #define HAVE_SETGROUPS 1
| #define HAVE_OPENPTY 1
| #define HAVE_LOGIN_TTY 1
| #define HAVE_FORKPTY 1
| #define HAVE_FSEEKO 1
| #define HAVE_FSTATVFS 1
| #define HAVE_FTELLO 1
| #define HAVE_STATVFS 1
| #define HAVE_DUP2 1
| #define HAVE_GETPGRP 1
| #define HAVE_SETPGRP 1
| #define SETPGRP_HAVE_ARG 1
| #define HAVE_CRYPT_R 1
| #define HAVE_CLOCK_GETTIME 1
| #define HAVE_CLOCK_GETRES 1
| #define HAVE_CLOCK_SETTIME 1
| #define HAVE_CLOCK_NANOSLEEP 1
| #define HAVE_NANOSLEEP 1
| #define HAVE_DEVICE_MACROS 1
| #define SYS_SELECT_WITH_SYS_TIME 1
| #define HAVE_GETADDRINFO 1
| #define HAVE_GETNAMEINFO 1
| #define HAVE_STRUCT_TM_TM_ZONE 1
| #define HAVE_TM_ZONE 1
| #define HAVE_STRUCT_STAT_ST_RDEV 1
| #define HAVE_STRUCT_STAT_ST_BLKSIZE 1
| #define HAVE_STRUCT_STAT_ST_FLAGS 1
| #define HAVE_STRUCT_STAT_ST_GEN 1
| #define HAVE_STRUCT_STAT_ST_BIRTHTIME 1
| #define HAVE_STRUCT_STAT_ST_BLOCKS 1
| #define HAVE_STRUCT_PASSWD_PW_GECOS 1
| #define HAVE_STRUCT_PASSWD_PW_PASSWD 1
| #define HAVE_SIGINFO_T_SI_BAND 1
| #define HAVE_ADDRINFO 1
| #define HAVE_SOCKADDR_STORAGE 1
| #define HAVE_PROTOTYPES 1
| #define HAVE_SOCKETPAIR 1
| #define HAVE_SOCKADDR_SA_LEN 1
| #define HAVE_GETHOSTBYNAME_R 1
| #define HAVE_GETHOSTBYNAME_R 1
| #define HAVE_GETHOSTBYNAME_R_6_ARG 1
| /* end confdefs.h.  */
| 
| int
| main (void)
| {
| 
|   __asm__ __volatile__ ("movq %rcx, %rax");
| 
|   ;
|   return 0;
| }
configure:23475: result: no
configure:23491: checking whether float word ordering is bigendian
configure:23508: cc -pthread -c -mabi=purecap -I/usr/local/include -I/usr/include conftest.c >&5
configure:23508: $? = 0
configure:23527: result: no
configure:23579: checking whether we can use gcc inline assembler to get and set x87 control word
configure:23601: cc -pthread -o conftest -mabi=purecap -I/usr/local/include -I/usr/include -mabi=purecap -L/usr/local/lib -L/usr/lib -lmd -lcheri_caprevoke conftest.c -lintl -ldl  -lutil >&5
conftest.c:407:25: error: unrecognized instruction mnemonic
  __asm__ __volatile__ ("fnstcw %0" : "=m" (cw));
                        ^
<inline asm>:1:2: note: instantiated into assembly here
        fnstcw [c1]
        ^
conftest.c:408:25: error: unrecognized instruction mnemonic
  __asm__ __volatile__ ("fldcw %0" : : "m" (cw));
                        ^
<inline asm>:1:2: note: instantiated into assembly here
        fldcw [c1]
        ^
2 errors generated.
configure:23601: $? = 1
configure: failed program was:
| /* confdefs.h */
| #define _NETBSD_SOURCE 1
| #define __BSD_VISIBLE 1
| #define _DARWIN_C_SOURCE 1
| #define _PYTHONFRAMEWORK ""
| #define _XOPEN_SOURCE 700
| #define _XOPEN_SOURCE_EXTENDED 1
| #define _POSIX_C_SOURCE 200809L
| #define HAVE_STDIO_H 1
| #define HAVE_STDLIB_H 1
| #define HAVE_STRING_H 1
| #define HAVE_INTTYPES_H 1
| #define HAVE_STDINT_H 1
| #define HAVE_STRINGS_H 1
| #define HAVE_SYS_STAT_H 1
| #define HAVE_SYS_TYPES_H 1
| #define HAVE_UNISTD_H 1
| #define HAVE_WCHAR_H 1
| #define STDC_HEADERS 1
| #define _ALL_SOURCE 1
| #define _DARWIN_C_SOURCE 1
| #define _GNU_SOURCE 1
| #define _HPUX_ALT_XOPEN_SOCKET_API 1
| #define _NETBSD_SOURCE 1
| #define _OPENBSD_SOURCE 1
| #define _POSIX_PTHREAD_SEMANTICS 1
| #define __STDC_WANT_IEC_60559_ATTRIBS_EXT__ 1
| #define __STDC_WANT_IEC_60559_BFP_EXT__ 1
| #define __STDC_WANT_IEC_60559_DFP_EXT__ 1
| #define __STDC_WANT_IEC_60559_FUNCS_EXT__ 1
| #define __STDC_WANT_IEC_60559_TYPES_EXT__ 1
| #define __STDC_WANT_LIB_EXT2__ 1
| #define __STDC_WANT_MATH_SPEC_FUNCS__ 1
| #define _TANDEM_SOURCE 1
| #define __EXTENSIONS__ 1
| #define PY_SUPPORT_TIER 0
| #define Py_DEBUG 1
| #define STDC_HEADERS 1
| #define HAVE_BLUETOOTH_H 1
| #define HAVE_DLFCN_H 1
| #define HAVE_ENDIAN_H 1
| #define HAVE_ERRNO_H 1
| #define HAVE_FCNTL_H 1
| #define HAVE_GRP_H 1
| #define HAVE_IEEEFP_H 1
| #define HAVE_LANGINFO_H 1
| #define HAVE_LIBINTL_H 1
| #define HAVE_LIBUTIL_H 1
| #define HAVE_SYS_AUXV_H 1
| #define HAVE_NETDB_H 1
| #define HAVE_NET_ETHERNET_H 1
| #define HAVE_NETINET_IN_H 1
| #define HAVE_POLL_H 1
| #define HAVE_PTHREAD_H 1
| #define HAVE_SCHED_H 1
| #define HAVE_SETJMP_H 1
| #define HAVE_SIGNAL_H 1
| #define HAVE_SPAWN_H 1
| #define HAVE_SYS_ENDIAN_H 1
| #define HAVE_SYS_EVENT_H 1
| #define HAVE_SYS_EVENTFD_H 1
| #define HAVE_SYS_FILE_H 1
| #define HAVE_SYS_IOCTL_H 1
| #define HAVE_SYS_LOCK_H 1
| #define HAVE_SYS_MMAN_H 1
| #define HAVE_SYS_PARAM_H 1
| #define HAVE_SYS_POLL_H 1
| #define HAVE_SYS_RANDOM_H 1
| #define HAVE_SYS_RESOURCE_H 1
| #define HAVE_SYS_SELECT_H 1
| #define HAVE_SYS_SOCKET_H 1
| #define HAVE_SYS_SOUNDCARD_H 1
| #define HAVE_SYS_STAT_H 1
| #define HAVE_SYS_STATVFS_H 1
| #define HAVE_SYS_SYSCALL_H 1
| #define HAVE_SYS_TIME_H 1
| #define HAVE_SYS_TIMES_H 1
| #define HAVE_SYS_TYPES_H 1
| #define HAVE_SYS_UIO_H 1
| #define HAVE_SYS_UN_H 1
| #define HAVE_SYS_UTSNAME_H 1
| #define HAVE_SYS_WAIT_H 1
| #define HAVE_SYSEXITS_H 1
| #define HAVE_SYSLOG_H 1
| #define HAVE_TERMIOS_H 1
| #define HAVE_UTIME_H 1
| #define HAVE_DIRENT_H 1
| #define HAVE_NET_IF_H 1
| #define HAVE_MAKEDEV 1
| #define _LARGEFILE_SOURCE 1
| #define _FILE_OFFSET_BITS 64
| #if defined(SCO_DS)
| #undef _OFF_T
| #endif
| #define RETSIGTYPE void
| #define HAVE_SSIZE_T 1
| #define HAVE_GCC_UINT128_T 1
| #define SIZEOF_INT 4
| #define SIZEOF_LONG 8
| #define ALIGNOF_LONG 8
| #define SIZEOF_LONG_LONG 8
| #define SIZEOF_VOID_P 16
| #define SIZEOF_SHORT 2
| #define SIZEOF_FLOAT 4
| #define SIZEOF_DOUBLE 8
| #define SIZEOF_FPOS_T 8
| #define SIZEOF_SIZE_T 8
| #define ALIGNOF_SIZE_T 8
| #define SIZEOF_PID_T 4
| #define SIZEOF_UINTPTR_T 16
| #define ALIGNOF_MAX_ALIGN_T 16
| #define HAVE_LONG_DOUBLE 1
| #define SIZEOF_LONG_DOUBLE 16
| #define SIZEOF__BOOL 1
| #define SIZEOF_OFF_T 8
| #define SIZEOF_TIME_T 8
| #define SIZEOF_PTHREAD_T 16
| #define SIZEOF_PTHREAD_KEY_T 4
| #define PTHREAD_KEY_T_IS_COMPATIBLE_WITH_INT 1
| #define HAVE_LIBDL 1
| #define HAVE_UUID_H 1
| #define HAVE_UUID_CREATE 1
| #define HAVE_UUID_ENC_BE 1
| #define WITH_LIBINTL 1
| #define HAVE_FFI_PREP_CIF_VAR 1
| #define HAVE_FFI_PREP_CLOSURE_LOC 1
| #define HAVE_FFI_CLOSURE_ALLOC 1
| #define WITH_DECIMAL_CONTEXTVAR 1
| #define HAVE_RPC_RPC_H 1
| #define HAVE_LIBSQLITE3 1
| #define HAVE_LIBSQLITE3 1
| #define HAVE_LIBSQLITE3 1
| #define HAVE_LIBSQLITE3 1
| #define HAVE_LIBSQLITE3 1
| #define HAVE_LIBSQLITE3 1
| #define HAVE_LIBSQLITE3 1
| #define HAVE_LIBSQLITE3 1
| #define HAVE_LIBSQLITE3 1
| #define PY_SQLITE_HAVE_SERIALIZE 1
| #define HAVE_GDBM_H 1
| #define HAVE_NDBM_H 1
| #define HAVE_DB_H 1
| #define PTHREAD_SYSTEM_SCHED_SUPPORTED 1
| #define HAVE_PTHREAD_SIGMASK 1
| #define HAVE_PTHREAD_GETCPUCLOCKID 1
| #define ENABLE_IPV6 1
| #define WITH_DOC_STRINGS 1
| #define WITH_PYMALLOC 1
| #define WITH_FREELISTS 1
| #define PY_COERCE_C_LOCALE 1
| #define HAVE_DLOPEN 1
| #define HAVE_DYNAMIC_LOADING 1
| #define HAVE_ACCEPT4 1
| #define HAVE_ALARM 1
| #define HAVE_BIND_TEXTDOMAIN_CODESET 1
| #define HAVE_CHMOD 1
| #define HAVE_CHOWN 1
| #define HAVE_CLOCK 1
| #define HAVE_CLOSE_RANGE 1
| #define HAVE_CONFSTR 1
| #define HAVE_COPY_FILE_RANGE 1
| #define HAVE_CTERMID 1
| #define HAVE_DUP 1
| #define HAVE_DUP3 1
| #define HAVE_EXECV 1
| #define HAVE_EXPLICIT_BZERO 1
| #define HAVE_FACCESSAT 1
| #define HAVE_FCHMOD 1
| #define HAVE_FCHMODAT 1
| #define HAVE_FCHOWN 1
| #define HAVE_FCHOWNAT 1
| #define HAVE_FDOPENDIR 1
| #define HAVE_FEXECVE 1
| #define HAVE_FORK 1
| #define HAVE_FPATHCONF 1
| #define HAVE_FSTATAT 1
| #define HAVE_FTRUNCATE 1
| #define HAVE_FUTIMENS 1
| #define HAVE_FUTIMES 1
| #define HAVE_FUTIMESAT 1
| #define HAVE_GAI_STRERROR 1
| #define HAVE_GETEGID 1
| #define HAVE_GETENTROPY 1
| #define HAVE_GETEUID 1
| #define HAVE_GETGID 1
| #define HAVE_GETGRGID 1
| #define HAVE_GETGRGID_R 1
| #define HAVE_GETGRNAM_R 1
| #define HAVE_GETGROUPLIST 1
| #define HAVE_GETGROUPS 1
| #define HAVE_GETHOSTNAME 1
| #define HAVE_GETITIMER 1
| #define HAVE_GETLOADAVG 1
| #define HAVE_GETLOGIN 1
| #define HAVE_GETPEERNAME 1
| #define HAVE_GETPGID 1
| #define HAVE_GETPID 1
| #define HAVE_GETPPID 1
| #define HAVE_GETPRIORITY 1
| #define HAVE_GETPWENT 1
| #define HAVE_GETPWNAM_R 1
| #define HAVE_GETPWUID 1
| #define HAVE_GETPWUID_R 1
| #define HAVE_GETRESGID 1
| #define HAVE_GETRESUID 1
| #define HAVE_GETRUSAGE 1
| #define HAVE_GETSID 1
| #define HAVE_GETUID 1
| #define HAVE_GETWD 1
| #define HAVE_IF_NAMEINDEX 1
| #define HAVE_INITGROUPS 1
| #define HAVE_KILL 1
| #define HAVE_KILLPG 1
| #define HAVE_LCHOWN 1
| #define HAVE_LINKAT 1
| #define HAVE_LOCKF 1
| #define HAVE_LSTAT 1
| #define HAVE_LUTIMES 1
| #define HAVE_MADVISE 1
| #define HAVE_MBRTOWC 1
| #define HAVE_MEMRCHR 1
| #define HAVE_MKDIRAT 1
| #define HAVE_MKFIFO 1
| #define HAVE_MKFIFOAT 1
| #define HAVE_MKNOD 1
| #define HAVE_MKNODAT 1
| #define HAVE_MKTIME 1
| #define HAVE_MMAP 1
| #define HAVE_NICE 1
| #define HAVE_OPENAT 1
| #define HAVE_OPENDIR 1
| #define HAVE_PATHCONF 1
| #define HAVE_PAUSE 1
| #define HAVE_PIPE 1
| #define HAVE_PIPE2 1
| #define HAVE_POLL 1
| #define HAVE_POSIX_FADVISE 1
| #define HAVE_POSIX_FALLOCATE 1
| #define HAVE_POSIX_SPAWN 1
| #define HAVE_POSIX_SPAWNP 1
| #define HAVE_PREAD 1
| #define HAVE_PREADV 1
| #define HAVE_PTHREAD_CONDATTR_SETCLOCK 1
| #define HAVE_PTHREAD_KILL 1
| #define HAVE_PWRITE 1
| #define HAVE_PWRITEV 1
| #define HAVE_READLINK 1
| #define HAVE_READLINKAT 1
| #define HAVE_READV 1
| #define HAVE_REALPATH 1
| #define HAVE_RENAMEAT 1
| #define HAVE_SCHED_GET_PRIORITY_MAX 1
| #define HAVE_SCHED_RR_GET_INTERVAL 1
| #define HAVE_SCHED_SETAFFINITY 1
| #define HAVE_SCHED_SETPARAM 1
| #define HAVE_SCHED_SETSCHEDULER 1
| #define HAVE_SEM_GETVALUE 1
| #define HAVE_SEM_OPEN 1
| #define HAVE_SEM_TIMEDWAIT 1
| #define HAVE_SEM_UNLINK 1
| #define HAVE_SENDFILE 1
| #define HAVE_SETEGID 1
| #define HAVE_SETEUID 1
| #define HAVE_SETGID 1
| #define HAVE_SETHOSTNAME 1
| #define HAVE_SETITIMER 1
| #define HAVE_SETLOCALE 1
| #define HAVE_SETPGID 1
| #define HAVE_SETPGRP 1
| #define HAVE_SETPRIORITY 1
| #define HAVE_SETREGID 1
| #define HAVE_SETRESGID 1
| #define HAVE_SETRESUID 1
| #define HAVE_SETREUID 1
| #define HAVE_SETSID 1
| #define HAVE_SETUID 1
| #define HAVE_SETVBUF 1
| #define HAVE_SHUTDOWN 1
| #define HAVE_SIGACTION 1
| #define HAVE_SIGALTSTACK 1
| #define HAVE_SIGFILLSET 1
| #define HAVE_SIGINTERRUPT 1
| #define HAVE_SIGPENDING 1
| #define HAVE_SIGRELSE 1
| #define HAVE_SIGTIMEDWAIT 1
| #define HAVE_SIGWAIT 1
| #define HAVE_SIGWAITINFO 1
| #define HAVE_SNPRINTF 1
| #define HAVE_STRFTIME 1
| #define HAVE_STRLCPY 1
| #define HAVE_STRSIGNAL 1
| #define HAVE_SYMLINKAT 1
| #define HAVE_SYNC 1
| #define HAVE_SYSCONF 1
| #define HAVE_SYSTEM 1
| #define HAVE_TCGETPGRP 1
| #define HAVE_TCSETPGRP 1
| #define HAVE_TEMPNAM 1
| #define HAVE_TIMEGM 1
| #define HAVE_TIMES 1
| #define HAVE_TMPFILE 1
| #define HAVE_TMPNAM 1
| #define HAVE_TRUNCATE 1
| #define HAVE_TTYNAME 1
| #define HAVE_UMASK 1
| #define HAVE_UNAME 1
| #define HAVE_UNLINKAT 1
| #define HAVE_UTIMENSAT 1
| #define HAVE_UTIMES 1
| #define HAVE_VFORK 1
| #define HAVE_WAIT 1
| #define HAVE_WAIT3 1
| #define HAVE_WAIT4 1
| #define HAVE_WAITID 1
| #define HAVE_WAITPID 1
| #define HAVE_WCSCOLL 1
| #define HAVE_WCSFTIME 1
| #define HAVE_WCSXFRM 1
| #define HAVE_WMEMCMP 1
| #define HAVE_WRITEV 1
| #define HAVE_LCHMOD 1
| #define HAVE_DIRFD 1
| #define HAVE_CHROOT 1
| #define HAVE_LINK 1
| #define HAVE_SYMLINK 1
| #define HAVE_FCHDIR 1
| #define HAVE_FSYNC 1
| #define HAVE_FDATASYNC 1
| #define HAVE_KQUEUE 1
| #define HAVE_MEMFD_CREATE 1
| #define HAVE_EVENTFD 1
| #define HAVE_CTERMID_R 1
| #define HAVE_FLOCK 1
| #define HAVE_GETPAGESIZE 1
| #define HAVE_CHFLAGS 1
| #define HAVE_LCHFLAGS 1
| #define HAVE_ZLIB_COPY 1
| #define HAVE_BZLIB_H 1
| #define HAVE_HSTRERROR 1
| #define HAVE_GETSERVBYNAME 1
| #define HAVE_GETSERVBYPORT 1
| #define HAVE_GETHOSTBYNAME 1
| #define HAVE_GETHOSTBYADDR 1
| #define HAVE_GETPROTOBYNAME 1
| #define HAVE_INET_ATON 1
| #define HAVE_INET_NTOA 1
| #define HAVE_INET_PTON 1
| #define HAVE_GETPEERNAME 1
| #define HAVE_GETSOCKNAME 1
| #define HAVE_ACCEPT 1
| #define HAVE_BIND 1
| #define HAVE_CONNECT 1
| #define HAVE_LISTEN 1
| #define HAVE_RECVFROM 1
| #define HAVE_SENDTO 1
| #define HAVE_SETSOCKOPT 1
| #define HAVE_SOCKET 1
| #define HAVE_SETGROUPS 1
| #define HAVE_OPENPTY 1
| #define HAVE_LOGIN_TTY 1
| #define HAVE_FORKPTY 1
| #define HAVE_FSEEKO 1
| #define HAVE_FSTATVFS 1
| #define HAVE_FTELLO 1
| #define HAVE_STATVFS 1
| #define HAVE_DUP2 1
| #define HAVE_GETPGRP 1
| #define HAVE_SETPGRP 1
| #define SETPGRP_HAVE_ARG 1
| #define HAVE_CRYPT_R 1
| #define HAVE_CLOCK_GETTIME 1
| #define HAVE_CLOCK_GETRES 1
| #define HAVE_CLOCK_SETTIME 1
| #define HAVE_CLOCK_NANOSLEEP 1
| #define HAVE_NANOSLEEP 1
| #define HAVE_DEVICE_MACROS 1
| #define SYS_SELECT_WITH_SYS_TIME 1
| #define HAVE_GETADDRINFO 1
| #define HAVE_GETNAMEINFO 1
| #define HAVE_STRUCT_TM_TM_ZONE 1
| #define HAVE_TM_ZONE 1
| #define HAVE_STRUCT_STAT_ST_RDEV 1
| #define HAVE_STRUCT_STAT_ST_BLKSIZE 1
| #define HAVE_STRUCT_STAT_ST_FLAGS 1
| #define HAVE_STRUCT_STAT_ST_GEN 1
| #define HAVE_STRUCT_STAT_ST_BIRTHTIME 1
| #define HAVE_STRUCT_STAT_ST_BLOCKS 1
| #define HAVE_STRUCT_PASSWD_PW_GECOS 1
| #define HAVE_STRUCT_PASSWD_PW_PASSWD 1
| #define HAVE_SIGINFO_T_SI_BAND 1
| #define HAVE_ADDRINFO 1
| #define HAVE_SOCKADDR_STORAGE 1
| #define HAVE_PROTOTYPES 1
| #define HAVE_SOCKETPAIR 1
| #define HAVE_SOCKADDR_SA_LEN 1
| #define HAVE_GETHOSTBYNAME_R 1
| #define HAVE_GETHOSTBYNAME_R 1
| #define HAVE_GETHOSTBYNAME_R_6_ARG 1
| #define DOUBLE_IS_LITTLE_ENDIAN_IEEE754 1
| /* end confdefs.h.  */
| 
| int
| main (void)
| {
| 
|   unsigned short cw;
|   __asm__ __volatile__ ("fnstcw %0" : "=m" (cw));
|   __asm__ __volatile__ ("fldcw %0" : : "m" (cw));
| 
|   ;
|   return 0;
| }
configure:23611: result: no
configure:23622: checking whether we can use gcc inline assembler to get and set mc68881 fpcr
configure:23644: cc -pthread -o conftest -mabi=purecap -I/usr/local/include -I/usr/include -mabi=purecap -L/usr/local/lib -L/usr/lib -lmd -lcheri_caprevoke conftest.c -lintl -ldl  -lutil >&5
conftest.c:407:25: error: unknown token in expression
  __asm__ __volatile__ ("fmove.l %%fpcr,%0" : "=g" (fpcr));
                        ^
<inline asm>:1:10: note: instantiated into assembly here
        fmove.l %fpcr,[c1]
                ^
conftest.c:407:25: error: invalid operand
  __asm__ __volatile__ ("fmove.l %%fpcr,%0" : "=g" (fpcr));
                        ^
<inline asm>:1:10: note: instantiated into assembly here
        fmove.l %fpcr,[c1]
                ^
conftest.c:408:25: error: unknown token in expression
  __asm__ __volatile__ ("fmove.l %0,%%fpcr" : : "g" (fpcr));
                        ^
<inline asm>:1:15: note: instantiated into assembly here
        fmove.l [c1],%fpcr
                     ^
conftest.c:408:25: error: invalid operand
  __asm__ __volatile__ ("fmove.l %0,%%fpcr" : : "g" (fpcr));
                        ^
<inline asm>:1:15: note: instantiated into assembly here
        fmove.l [c1],%fpcr
                     ^
4 errors generated.
configure:23644: $? = 1
configure: failed program was:
| /* confdefs.h */
| #define _NETBSD_SOURCE 1
| #define __BSD_VISIBLE 1
| #define _DARWIN_C_SOURCE 1
| #define _PYTHONFRAMEWORK ""
| #define _XOPEN_SOURCE 700
| #define _XOPEN_SOURCE_EXTENDED 1
| #define _POSIX_C_SOURCE 200809L
| #define HAVE_STDIO_H 1
| #define HAVE_STDLIB_H 1
| #define HAVE_STRING_H 1
| #define HAVE_INTTYPES_H 1
| #define HAVE_STDINT_H 1
| #define HAVE_STRINGS_H 1
| #define HAVE_SYS_STAT_H 1
| #define HAVE_SYS_TYPES_H 1
| #define HAVE_UNISTD_H 1
| #define HAVE_WCHAR_H 1
| #define STDC_HEADERS 1
| #define _ALL_SOURCE 1
| #define _DARWIN_C_SOURCE 1
| #define _GNU_SOURCE 1
| #define _HPUX_ALT_XOPEN_SOCKET_API 1
| #define _NETBSD_SOURCE 1
| #define _OPENBSD_SOURCE 1
| #define _POSIX_PTHREAD_SEMANTICS 1
| #define __STDC_WANT_IEC_60559_ATTRIBS_EXT__ 1
| #define __STDC_WANT_IEC_60559_BFP_EXT__ 1
| #define __STDC_WANT_IEC_60559_DFP_EXT__ 1
| #define __STDC_WANT_IEC_60559_FUNCS_EXT__ 1
| #define __STDC_WANT_IEC_60559_TYPES_EXT__ 1
| #define __STDC_WANT_LIB_EXT2__ 1
| #define __STDC_WANT_MATH_SPEC_FUNCS__ 1
| #define _TANDEM_SOURCE 1
| #define __EXTENSIONS__ 1
| #define PY_SUPPORT_TIER 0
| #define Py_DEBUG 1
| #define STDC_HEADERS 1
| #define HAVE_BLUETOOTH_H 1
| #define HAVE_DLFCN_H 1
| #define HAVE_ENDIAN_H 1
| #define HAVE_ERRNO_H 1
| #define HAVE_FCNTL_H 1
| #define HAVE_GRP_H 1
| #define HAVE_IEEEFP_H 1
| #define HAVE_LANGINFO_H 1
| #define HAVE_LIBINTL_H 1
| #define HAVE_LIBUTIL_H 1
| #define HAVE_SYS_AUXV_H 1
| #define HAVE_NETDB_H 1
| #define HAVE_NET_ETHERNET_H 1
| #define HAVE_NETINET_IN_H 1
| #define HAVE_POLL_H 1
| #define HAVE_PTHREAD_H 1
| #define HAVE_SCHED_H 1
| #define HAVE_SETJMP_H 1
| #define HAVE_SIGNAL_H 1
| #define HAVE_SPAWN_H 1
| #define HAVE_SYS_ENDIAN_H 1
| #define HAVE_SYS_EVENT_H 1
| #define HAVE_SYS_EVENTFD_H 1
| #define HAVE_SYS_FILE_H 1
| #define HAVE_SYS_IOCTL_H 1
| #define HAVE_SYS_LOCK_H 1
| #define HAVE_SYS_MMAN_H 1
| #define HAVE_SYS_PARAM_H 1
| #define HAVE_SYS_POLL_H 1
| #define HAVE_SYS_RANDOM_H 1
| #define HAVE_SYS_RESOURCE_H 1
| #define HAVE_SYS_SELECT_H 1
| #define HAVE_SYS_SOCKET_H 1
| #define HAVE_SYS_SOUNDCARD_H 1
| #define HAVE_SYS_STAT_H 1
| #define HAVE_SYS_STATVFS_H 1
| #define HAVE_SYS_SYSCALL_H 1
| #define HAVE_SYS_TIME_H 1
| #define HAVE_SYS_TIMES_H 1
| #define HAVE_SYS_TYPES_H 1
| #define HAVE_SYS_UIO_H 1
| #define HAVE_SYS_UN_H 1
| #define HAVE_SYS_UTSNAME_H 1
| #define HAVE_SYS_WAIT_H 1
| #define HAVE_SYSEXITS_H 1
| #define HAVE_SYSLOG_H 1
| #define HAVE_TERMIOS_H 1
| #define HAVE_UTIME_H 1
| #define HAVE_DIRENT_H 1
| #define HAVE_NET_IF_H 1
| #define HAVE_MAKEDEV 1
| #define _LARGEFILE_SOURCE 1
| #define _FILE_OFFSET_BITS 64
| #if defined(SCO_DS)
| #undef _OFF_T
| #endif
| #define RETSIGTYPE void
| #define HAVE_SSIZE_T 1
| #define HAVE_GCC_UINT128_T 1
| #define SIZEOF_INT 4
| #define SIZEOF_LONG 8
| #define ALIGNOF_LONG 8
| #define SIZEOF_LONG_LONG 8
| #define SIZEOF_VOID_P 16
| #define SIZEOF_SHORT 2
| #define SIZEOF_FLOAT 4
| #define SIZEOF_DOUBLE 8
| #define SIZEOF_FPOS_T 8
| #define SIZEOF_SIZE_T 8
| #define ALIGNOF_SIZE_T 8
| #define SIZEOF_PID_T 4
| #define SIZEOF_UINTPTR_T 16
| #define ALIGNOF_MAX_ALIGN_T 16
| #define HAVE_LONG_DOUBLE 1
| #define SIZEOF_LONG_DOUBLE 16
| #define SIZEOF__BOOL 1
| #define SIZEOF_OFF_T 8
| #define SIZEOF_TIME_T 8
| #define SIZEOF_PTHREAD_T 16
| #define SIZEOF_PTHREAD_KEY_T 4
| #define PTHREAD_KEY_T_IS_COMPATIBLE_WITH_INT 1
| #define HAVE_LIBDL 1
| #define HAVE_UUID_H 1
| #define HAVE_UUID_CREATE 1
| #define HAVE_UUID_ENC_BE 1
| #define WITH_LIBINTL 1
| #define HAVE_FFI_PREP_CIF_VAR 1
| #define HAVE_FFI_PREP_CLOSURE_LOC 1
| #define HAVE_FFI_CLOSURE_ALLOC 1
| #define WITH_DECIMAL_CONTEXTVAR 1
| #define HAVE_RPC_RPC_H 1
| #define HAVE_LIBSQLITE3 1
| #define HAVE_LIBSQLITE3 1
| #define HAVE_LIBSQLITE3 1
| #define HAVE_LIBSQLITE3 1
| #define HAVE_LIBSQLITE3 1
| #define HAVE_LIBSQLITE3 1
| #define HAVE_LIBSQLITE3 1
| #define HAVE_LIBSQLITE3 1
| #define HAVE_LIBSQLITE3 1
| #define PY_SQLITE_HAVE_SERIALIZE 1
| #define HAVE_GDBM_H 1
| #define HAVE_NDBM_H 1
| #define HAVE_DB_H 1
| #define PTHREAD_SYSTEM_SCHED_SUPPORTED 1
| #define HAVE_PTHREAD_SIGMASK 1
| #define HAVE_PTHREAD_GETCPUCLOCKID 1
| #define ENABLE_IPV6 1
| #define WITH_DOC_STRINGS 1
| #define WITH_PYMALLOC 1
| #define WITH_FREELISTS 1
| #define PY_COERCE_C_LOCALE 1
| #define HAVE_DLOPEN 1
| #define HAVE_DYNAMIC_LOADING 1
| #define HAVE_ACCEPT4 1
| #define HAVE_ALARM 1
| #define HAVE_BIND_TEXTDOMAIN_CODESET 1
| #define HAVE_CHMOD 1
| #define HAVE_CHOWN 1
| #define HAVE_CLOCK 1
| #define HAVE_CLOSE_RANGE 1
| #define HAVE_CONFSTR 1
| #define HAVE_COPY_FILE_RANGE 1
| #define HAVE_CTERMID 1
| #define HAVE_DUP 1
| #define HAVE_DUP3 1
| #define HAVE_EXECV 1
| #define HAVE_EXPLICIT_BZERO 1
| #define HAVE_FACCESSAT 1
| #define HAVE_FCHMOD 1
| #define HAVE_FCHMODAT 1
| #define HAVE_FCHOWN 1
| #define HAVE_FCHOWNAT 1
| #define HAVE_FDOPENDIR 1
| #define HAVE_FEXECVE 1
| #define HAVE_FORK 1
| #define HAVE_FPATHCONF 1
| #define HAVE_FSTATAT 1
| #define HAVE_FTRUNCATE 1
| #define HAVE_FUTIMENS 1
| #define HAVE_FUTIMES 1
| #define HAVE_FUTIMESAT 1
| #define HAVE_GAI_STRERROR 1
| #define HAVE_GETEGID 1
| #define HAVE_GETENTROPY 1
| #define HAVE_GETEUID 1
| #define HAVE_GETGID 1
| #define HAVE_GETGRGID 1
| #define HAVE_GETGRGID_R 1
| #define HAVE_GETGRNAM_R 1
| #define HAVE_GETGROUPLIST 1
| #define HAVE_GETGROUPS 1
| #define HAVE_GETHOSTNAME 1
| #define HAVE_GETITIMER 1
| #define HAVE_GETLOADAVG 1
| #define HAVE_GETLOGIN 1
| #define HAVE_GETPEERNAME 1
| #define HAVE_GETPGID 1
| #define HAVE_GETPID 1
| #define HAVE_GETPPID 1
| #define HAVE_GETPRIORITY 1
| #define HAVE_GETPWENT 1
| #define HAVE_GETPWNAM_R 1
| #define HAVE_GETPWUID 1
| #define HAVE_GETPWUID_R 1
| #define HAVE_GETRESGID 1
| #define HAVE_GETRESUID 1
| #define HAVE_GETRUSAGE 1
| #define HAVE_GETSID 1
| #define HAVE_GETUID 1
| #define HAVE_GETWD 1
| #define HAVE_IF_NAMEINDEX 1
| #define HAVE_INITGROUPS 1
| #define HAVE_KILL 1
| #define HAVE_KILLPG 1
| #define HAVE_LCHOWN 1
| #define HAVE_LINKAT 1
| #define HAVE_LOCKF 1
| #define HAVE_LSTAT 1
| #define HAVE_LUTIMES 1
| #define HAVE_MADVISE 1
| #define HAVE_MBRTOWC 1
| #define HAVE_MEMRCHR 1
| #define HAVE_MKDIRAT 1
| #define HAVE_MKFIFO 1
| #define HAVE_MKFIFOAT 1
| #define HAVE_MKNOD 1
| #define HAVE_MKNODAT 1
| #define HAVE_MKTIME 1
| #define HAVE_MMAP 1
| #define HAVE_NICE 1
| #define HAVE_OPENAT 1
| #define HAVE_OPENDIR 1
| #define HAVE_PATHCONF 1
| #define HAVE_PAUSE 1
| #define HAVE_PIPE 1
| #define HAVE_PIPE2 1
| #define HAVE_POLL 1
| #define HAVE_POSIX_FADVISE 1
| #define HAVE_POSIX_FALLOCATE 1
| #define HAVE_POSIX_SPAWN 1
| #define HAVE_POSIX_SPAWNP 1
| #define HAVE_PREAD 1
| #define HAVE_PREADV 1
| #define HAVE_PTHREAD_CONDATTR_SETCLOCK 1
| #define HAVE_PTHREAD_KILL 1
| #define HAVE_PWRITE 1
| #define HAVE_PWRITEV 1
| #define HAVE_READLINK 1
| #define HAVE_READLINKAT 1
| #define HAVE_READV 1
| #define HAVE_REALPATH 1
| #define HAVE_RENAMEAT 1
| #define HAVE_SCHED_GET_PRIORITY_MAX 1
| #define HAVE_SCHED_RR_GET_INTERVAL 1
| #define HAVE_SCHED_SETAFFINITY 1
| #define HAVE_SCHED_SETPARAM 1
| #define HAVE_SCHED_SETSCHEDULER 1
| #define HAVE_SEM_GETVALUE 1
| #define HAVE_SEM_OPEN 1
| #define HAVE_SEM_TIMEDWAIT 1
| #define HAVE_SEM_UNLINK 1
| #define HAVE_SENDFILE 1
| #define HAVE_SETEGID 1
| #define HAVE_SETEUID 1
| #define HAVE_SETGID 1
| #define HAVE_SETHOSTNAME 1
| #define HAVE_SETITIMER 1
| #define HAVE_SETLOCALE 1
| #define HAVE_SETPGID 1
| #define HAVE_SETPGRP 1
| #define HAVE_SETPRIORITY 1
| #define HAVE_SETREGID 1
| #define HAVE_SETRESGID 1
| #define HAVE_SETRESUID 1
| #define HAVE_SETREUID 1
| #define HAVE_SETSID 1
| #define HAVE_SETUID 1
| #define HAVE_SETVBUF 1
| #define HAVE_SHUTDOWN 1
| #define HAVE_SIGACTION 1
| #define HAVE_SIGALTSTACK 1
| #define HAVE_SIGFILLSET 1
| #define HAVE_SIGINTERRUPT 1
| #define HAVE_SIGPENDING 1
| #define HAVE_SIGRELSE 1
| #define HAVE_SIGTIMEDWAIT 1
| #define HAVE_SIGWAIT 1
| #define HAVE_SIGWAITINFO 1
| #define HAVE_SNPRINTF 1
| #define HAVE_STRFTIME 1
| #define HAVE_STRLCPY 1
| #define HAVE_STRSIGNAL 1
| #define HAVE_SYMLINKAT 1
| #define HAVE_SYNC 1
| #define HAVE_SYSCONF 1
| #define HAVE_SYSTEM 1
| #define HAVE_TCGETPGRP 1
| #define HAVE_TCSETPGRP 1
| #define HAVE_TEMPNAM 1
| #define HAVE_TIMEGM 1
| #define HAVE_TIMES 1
| #define HAVE_TMPFILE 1
| #define HAVE_TMPNAM 1
| #define HAVE_TRUNCATE 1
| #define HAVE_TTYNAME 1
| #define HAVE_UMASK 1
| #define HAVE_UNAME 1
| #define HAVE_UNLINKAT 1
| #define HAVE_UTIMENSAT 1
| #define HAVE_UTIMES 1
| #define HAVE_VFORK 1
| #define HAVE_WAIT 1
| #define HAVE_WAIT3 1
| #define HAVE_WAIT4 1
| #define HAVE_WAITID 1
| #define HAVE_WAITPID 1
| #define HAVE_WCSCOLL 1
| #define HAVE_WCSFTIME 1
| #define HAVE_WCSXFRM 1
| #define HAVE_WMEMCMP 1
| #define HAVE_WRITEV 1
| #define HAVE_LCHMOD 1
| #define HAVE_DIRFD 1
| #define HAVE_CHROOT 1
| #define HAVE_LINK 1
| #define HAVE_SYMLINK 1
| #define HAVE_FCHDIR 1
| #define HAVE_FSYNC 1
| #define HAVE_FDATASYNC 1
| #define HAVE_KQUEUE 1
| #define HAVE_MEMFD_CREATE 1
| #define HAVE_EVENTFD 1
| #define HAVE_CTERMID_R 1
| #define HAVE_FLOCK 1
| #define HAVE_GETPAGESIZE 1
| #define HAVE_CHFLAGS 1
| #define HAVE_LCHFLAGS 1
| #define HAVE_ZLIB_COPY 1
| #define HAVE_BZLIB_H 1
| #define HAVE_HSTRERROR 1
| #define HAVE_GETSERVBYNAME 1
| #define HAVE_GETSERVBYPORT 1
| #define HAVE_GETHOSTBYNAME 1
| #define HAVE_GETHOSTBYADDR 1
| #define HAVE_GETPROTOBYNAME 1
| #define HAVE_INET_ATON 1
| #define HAVE_INET_NTOA 1
| #define HAVE_INET_PTON 1
| #define HAVE_GETPEERNAME 1
| #define HAVE_GETSOCKNAME 1
| #define HAVE_ACCEPT 1
| #define HAVE_BIND 1
| #define HAVE_CONNECT 1
| #define HAVE_LISTEN 1
| #define HAVE_RECVFROM 1
| #define HAVE_SENDTO 1
| #define HAVE_SETSOCKOPT 1
| #define HAVE_SOCKET 1
| #define HAVE_SETGROUPS 1
| #define HAVE_OPENPTY 1
| #define HAVE_LOGIN_TTY 1
| #define HAVE_FORKPTY 1
| #define HAVE_FSEEKO 1
| #define HAVE_FSTATVFS 1
| #define HAVE_FTELLO 1
| #define HAVE_STATVFS 1
| #define HAVE_DUP2 1
| #define HAVE_GETPGRP 1
| #define HAVE_SETPGRP 1
| #define SETPGRP_HAVE_ARG 1
| #define HAVE_CRYPT_R 1
| #define HAVE_CLOCK_GETTIME 1
| #define HAVE_CLOCK_GETRES 1
| #define HAVE_CLOCK_SETTIME 1
| #define HAVE_CLOCK_NANOSLEEP 1
| #define HAVE_NANOSLEEP 1
| #define HAVE_DEVICE_MACROS 1
| #define SYS_SELECT_WITH_SYS_TIME 1
| #define HAVE_GETADDRINFO 1
| #define HAVE_GETNAMEINFO 1
| #define HAVE_STRUCT_TM_TM_ZONE 1
| #define HAVE_TM_ZONE 1
| #define HAVE_STRUCT_STAT_ST_RDEV 1
| #define HAVE_STRUCT_STAT_ST_BLKSIZE 1
| #define HAVE_STRUCT_STAT_ST_FLAGS 1
| #define HAVE_STRUCT_STAT_ST_GEN 1
| #define HAVE_STRUCT_STAT_ST_BIRTHTIME 1
| #define HAVE_STRUCT_STAT_ST_BLOCKS 1
| #define HAVE_STRUCT_PASSWD_PW_GECOS 1
| #define HAVE_STRUCT_PASSWD_PW_PASSWD 1
| #define HAVE_SIGINFO_T_SI_BAND 1
| #define HAVE_ADDRINFO 1
| #define HAVE_SOCKADDR_STORAGE 1
| #define HAVE_PROTOTYPES 1
| #define HAVE_SOCKETPAIR 1
| #define HAVE_SOCKADDR_SA_LEN 1
| #define HAVE_GETHOSTBYNAME_R 1
| #define HAVE_GETHOSTBYNAME_R 1
| #define HAVE_GETHOSTBYNAME_R_6_ARG 1
| #define DOUBLE_IS_LITTLE_ENDIAN_IEEE754 1
| /* end confdefs.h.  */
| 
| int
| main (void)
| {
| 
|   unsigned int fpcr;
|   __asm__ __volatile__ ("fmove.l %%fpcr,%0" : "=g" (fpcr));
|   __asm__ __volatile__ ("fmove.l %0,%%fpcr" : : "g" (fpcr));
| 
|   ;
|   return 0;
| }
configure:23654: result: no
configure:23670: checking for x87-style double rounding
configure:23707: cc -pthread  -fno-strict-overflow -o conftest -mabi=purecap -I/usr/local/include -I/usr/include -mabi=purecap -L/usr/local/lib -L/usr/lib -lmd -lcheri_caprevoke conftest.c -lintl -ldl  -lutil >&5
configure:23707: $? = 0
configure:23707: ./conftest
configure:23707: $? = 0
configure:23720: result: no
configure:23743: checking for acosh
configure:23743: cc -pthread -o conftest -mabi=purecap -I/usr/local/include -I/usr/include -mabi=purecap -L/usr/local/lib -L/usr/lib -lmd -lcheri_caprevoke conftest.c -lintl -ldl  -lutil -lm >&5
conftest.c:417:6: warning: incompatible redeclaration of library function 'acosh' [-Wincompatible-library-redeclaration]
char acosh ();
     ^
conftest.c:417:6: note: 'acosh' is a builtin with type 'double (double)'
1 warning generated.
configure:23743: $? = 0
configure:23743: result: yes
configure:23743: checking for asinh
configure:23743: cc -pthread -o conftest -mabi=purecap -I/usr/local/include -I/usr/include -mabi=purecap -L/usr/local/lib -L/usr/lib -lmd -lcheri_caprevoke conftest.c -lintl -ldl  -lutil -lm >&5
conftest.c:418:6: warning: incompatible redeclaration of library function 'asinh' [-Wincompatible-library-redeclaration]
char asinh ();
     ^
conftest.c:418:6: note: 'asinh' is a builtin with type 'double (double)'
1 warning generated.
configure:23743: $? = 0
configure:23743: result: yes
configure:23743: checking for atanh
configure:23743: cc -pthread -o conftest -mabi=purecap -I/usr/local/include -I/usr/include -mabi=purecap -L/usr/local/lib -L/usr/lib -lmd -lcheri_caprevoke conftest.c -lintl -ldl  -lutil -lm >&5
conftest.c:419:6: warning: incompatible redeclaration of library function 'atanh' [-Wincompatible-library-redeclaration]
char atanh ();
     ^
conftest.c:419:6: note: 'atanh' is a builtin with type 'double (double)'
1 warning generated.
configure:23743: $? = 0
configure:23743: result: yes
configure:23743: checking for erf
configure:23743: cc -pthread -o conftest -mabi=purecap -I/usr/local/include -I/usr/include -mabi=purecap -L/usr/local/lib -L/usr/lib -lmd -lcheri_caprevoke conftest.c -lintl -ldl  -lutil -lm >&5
conftest.c:420:6: warning: incompatible redeclaration of library function 'erf' [-Wincompatible-library-redeclaration]
char erf ();
     ^
conftest.c:420:6: note: 'erf' is a builtin with type 'double (double)'
1 warning generated.
configure:23743: $? = 0
configure:23743: result: yes
configure:23743: checking for erfc
configure:23743: cc -pthread -o conftest -mabi=purecap -I/usr/local/include -I/usr/include -mabi=purecap -L/usr/local/lib -L/usr/lib -lmd -lcheri_caprevoke conftest.c -lintl -ldl  -lutil -lm >&5
conftest.c:421:6: warning: incompatible redeclaration of library function 'erfc' [-Wincompatible-library-redeclaration]
char erfc ();
     ^
conftest.c:421:6: note: 'erfc' is a builtin with type 'double (double)'
1 warning generated.
configure:23743: $? = 0
configure:23743: result: yes
configure:23743: checking for expm1
configure:23743: cc -pthread -o conftest -mabi=purecap -I/usr/local/include -I/usr/include -mabi=purecap -L/usr/local/lib -L/usr/lib -lmd -lcheri_caprevoke conftest.c -lintl -ldl  -lutil -lm >&5
conftest.c:422:6: warning: incompatible redeclaration of library function 'expm1' [-Wincompatible-library-redeclaration]
char expm1 ();
     ^
conftest.c:422:6: note: 'expm1' is a builtin with type 'double (double)'
1 warning generated.
configure:23743: $? = 0
configure:23743: result: yes
configure:23743: checking for log1p
configure:23743: cc -pthread -o conftest -mabi=purecap -I/usr/local/include -I/usr/include -mabi=purecap -L/usr/local/lib -L/usr/lib -lmd -lcheri_caprevoke conftest.c -lintl -ldl  -lutil -lm >&5
conftest.c:423:6: warning: incompatible redeclaration of library function 'log1p' [-Wincompatible-library-redeclaration]
char log1p ();
     ^
conftest.c:423:6: note: 'log1p' is a builtin with type 'double (double)'
1 warning generated.
configure:23743: $? = 0
configure:23743: result: yes
configure:23743: checking for log2
configure:23743: cc -pthread -o conftest -mabi=purecap -I/usr/local/include -I/usr/include -mabi=purecap -L/usr/local/lib -L/usr/lib -lmd -lcheri_caprevoke conftest.c -lintl -ldl  -lutil -lm >&5
conftest.c:424:6: warning: incompatible redeclaration of library function 'log2' [-Wincompatible-library-redeclaration]
char log2 ();
     ^
conftest.c:424:6: note: 'log2' is a builtin with type 'double (double)'
1 warning generated.
configure:23743: $? = 0
configure:23743: result: yes
configure:23758: checking whether POSIX semaphores are enabled
configure:23791: cc -pthread -o conftest -mabi=purecap -I/usr/local/include -I/usr/include -mabi=purecap -L/usr/local/lib -L/usr/lib -lmd -lcheri_caprevoke conftest.c -lintl -ldl  -lutil >&5
configure:23791: $? = 0
configure:23791: ./conftest
configure:23791: $? = 0
configure:23803: result: yes
configure:23814: checking for broken sem_getvalue
configure:23851: cc -pthread -o conftest -mabi=purecap -I/usr/local/include -I/usr/include -mabi=purecap -L/usr/local/lib -L/usr/lib -lmd -lcheri_caprevoke conftest.c -lintl -ldl  -lutil >&5
configure:23851: $? = 0
configure:23851: ./conftest
configure:23851: $? = 0
configure:23863: result: no
configure:23874: checking whether RTLD_LAZY is declared
configure:23874: cc -pthread -c -mabi=purecap -fno-builtin -I/usr/local/include -I/usr/include conftest.c >&5
configure:23874: $? = 0
configure:23874: result: yes
configure:23883: checking whether RTLD_NOW is declared
configure:23883: cc -pthread -c -mabi=purecap -fno-builtin -I/usr/local/include -I/usr/include conftest.c >&5
configure:23883: $? = 0
configure:23883: result: yes
configure:23892: checking whether RTLD_GLOBAL is declared
configure:23892: cc -pthread -c -mabi=purecap -fno-builtin -I/usr/local/include -I/usr/include conftest.c >&5
configure:23892: $? = 0
configure:23892: result: yes
configure:23901: checking whether RTLD_LOCAL is declared
configure:23901: cc -pthread -c -mabi=purecap -fno-builtin -I/usr/local/include -I/usr/include conftest.c >&5
configure:23901: $? = 0
configure:23901: result: yes
configure:23910: checking whether RTLD_NODELETE is declared
configure:23910: cc -pthread -c -mabi=purecap -fno-builtin -I/usr/local/include -I/usr/include conftest.c >&5
configure:23910: $? = 0
configure:23910: result: yes
configure:23919: checking whether RTLD_NOLOAD is declared
configure:23919: cc -pthread -c -mabi=purecap -fno-builtin -I/usr/local/include -I/usr/include conftest.c >&5
configure:23919: $? = 0
configure:23919: result: yes
configure:23928: checking whether RTLD_DEEPBIND is declared
configure:23928: cc -pthread -c -mabi=purecap -fno-builtin -I/usr/local/include -I/usr/include conftest.c >&5
configure:23928: $? = 0
configure:23928: result: yes
configure:23937: checking whether RTLD_MEMBER is declared
configure:23937: cc -pthread -c -mabi=purecap -fno-builtin -I/usr/local/include -I/usr/include conftest.c >&5
conftest.c:425:10: error: use of undeclared identifier 'RTLD_MEMBER'
  (void) RTLD_MEMBER;
         ^
1 error generated.
configure:23937: $? = 1
configure: failed program was:
| /* confdefs.h */
| #define _NETBSD_SOURCE 1
| #define __BSD_VISIBLE 1
| #define _DARWIN_C_SOURCE 1
| #define _PYTHONFRAMEWORK ""
| #define _XOPEN_SOURCE 700
| #define _XOPEN_SOURCE_EXTENDED 1
| #define _POSIX_C_SOURCE 200809L
| #define HAVE_STDIO_H 1
| #define HAVE_STDLIB_H 1
| #define HAVE_STRING_H 1
| #define HAVE_INTTYPES_H 1
| #define HAVE_STDINT_H 1
| #define HAVE_STRINGS_H 1
| #define HAVE_SYS_STAT_H 1
| #define HAVE_SYS_TYPES_H 1
| #define HAVE_UNISTD_H 1
| #define HAVE_WCHAR_H 1
| #define STDC_HEADERS 1
| #define _ALL_SOURCE 1
| #define _DARWIN_C_SOURCE 1
| #define _GNU_SOURCE 1
| #define _HPUX_ALT_XOPEN_SOCKET_API 1
| #define _NETBSD_SOURCE 1
| #define _OPENBSD_SOURCE 1
| #define _POSIX_PTHREAD_SEMANTICS 1
| #define __STDC_WANT_IEC_60559_ATTRIBS_EXT__ 1
| #define __STDC_WANT_IEC_60559_BFP_EXT__ 1
| #define __STDC_WANT_IEC_60559_DFP_EXT__ 1
| #define __STDC_WANT_IEC_60559_FUNCS_EXT__ 1
| #define __STDC_WANT_IEC_60559_TYPES_EXT__ 1
| #define __STDC_WANT_LIB_EXT2__ 1
| #define __STDC_WANT_MATH_SPEC_FUNCS__ 1
| #define _TANDEM_SOURCE 1
| #define __EXTENSIONS__ 1
| #define PY_SUPPORT_TIER 0
| #define Py_DEBUG 1
| #define STDC_HEADERS 1
| #define HAVE_BLUETOOTH_H 1
| #define HAVE_DLFCN_H 1
| #define HAVE_ENDIAN_H 1
| #define HAVE_ERRNO_H 1
| #define HAVE_FCNTL_H 1
| #define HAVE_GRP_H 1
| #define HAVE_IEEEFP_H 1
| #define HAVE_LANGINFO_H 1
| #define HAVE_LIBINTL_H 1
| #define HAVE_LIBUTIL_H 1
| #define HAVE_SYS_AUXV_H 1
| #define HAVE_NETDB_H 1
| #define HAVE_NET_ETHERNET_H 1
| #define HAVE_NETINET_IN_H 1
| #define HAVE_POLL_H 1
| #define HAVE_PTHREAD_H 1
| #define HAVE_SCHED_H 1
| #define HAVE_SETJMP_H 1
| #define HAVE_SIGNAL_H 1
| #define HAVE_SPAWN_H 1
| #define HAVE_SYS_ENDIAN_H 1
| #define HAVE_SYS_EVENT_H 1
| #define HAVE_SYS_EVENTFD_H 1
| #define HAVE_SYS_FILE_H 1
| #define HAVE_SYS_IOCTL_H 1
| #define HAVE_SYS_LOCK_H 1
| #define HAVE_SYS_MMAN_H 1
| #define HAVE_SYS_PARAM_H 1
| #define HAVE_SYS_POLL_H 1
| #define HAVE_SYS_RANDOM_H 1
| #define HAVE_SYS_RESOURCE_H 1
| #define HAVE_SYS_SELECT_H 1
| #define HAVE_SYS_SOCKET_H 1
| #define HAVE_SYS_SOUNDCARD_H 1
| #define HAVE_SYS_STAT_H 1
| #define HAVE_SYS_STATVFS_H 1
| #define HAVE_SYS_SYSCALL_H 1
| #define HAVE_SYS_TIME_H 1
| #define HAVE_SYS_TIMES_H 1
| #define HAVE_SYS_TYPES_H 1
| #define HAVE_SYS_UIO_H 1
| #define HAVE_SYS_UN_H 1
| #define HAVE_SYS_UTSNAME_H 1
| #define HAVE_SYS_WAIT_H 1
| #define HAVE_SYSEXITS_H 1
| #define HAVE_SYSLOG_H 1
| #define HAVE_TERMIOS_H 1
| #define HAVE_UTIME_H 1
| #define HAVE_DIRENT_H 1
| #define HAVE_NET_IF_H 1
| #define HAVE_MAKEDEV 1
| #define _LARGEFILE_SOURCE 1
| #define _FILE_OFFSET_BITS 64
| #if defined(SCO_DS)
| #undef _OFF_T
| #endif
| #define RETSIGTYPE void
| #define HAVE_SSIZE_T 1
| #define HAVE_GCC_UINT128_T 1
| #define SIZEOF_INT 4
| #define SIZEOF_LONG 8
| #define ALIGNOF_LONG 8
| #define SIZEOF_LONG_LONG 8
| #define SIZEOF_VOID_P 16
| #define SIZEOF_SHORT 2
| #define SIZEOF_FLOAT 4
| #define SIZEOF_DOUBLE 8
| #define SIZEOF_FPOS_T 8
| #define SIZEOF_SIZE_T 8
| #define ALIGNOF_SIZE_T 8
| #define SIZEOF_PID_T 4
| #define SIZEOF_UINTPTR_T 16
| #define ALIGNOF_MAX_ALIGN_T 16
| #define HAVE_LONG_DOUBLE 1
| #define SIZEOF_LONG_DOUBLE 16
| #define SIZEOF__BOOL 1
| #define SIZEOF_OFF_T 8
| #define SIZEOF_TIME_T 8
| #define SIZEOF_PTHREAD_T 16
| #define SIZEOF_PTHREAD_KEY_T 4
| #define PTHREAD_KEY_T_IS_COMPATIBLE_WITH_INT 1
| #define HAVE_LIBDL 1
| #define HAVE_UUID_H 1
| #define HAVE_UUID_CREATE 1
| #define HAVE_UUID_ENC_BE 1
| #define WITH_LIBINTL 1
| #define HAVE_FFI_PREP_CIF_VAR 1
| #define HAVE_FFI_PREP_CLOSURE_LOC 1
| #define HAVE_FFI_CLOSURE_ALLOC 1
| #define WITH_DECIMAL_CONTEXTVAR 1
| #define HAVE_RPC_RPC_H 1
| #define HAVE_LIBSQLITE3 1
| #define HAVE_LIBSQLITE3 1
| #define HAVE_LIBSQLITE3 1
| #define HAVE_LIBSQLITE3 1
| #define HAVE_LIBSQLITE3 1
| #define HAVE_LIBSQLITE3 1
| #define HAVE_LIBSQLITE3 1
| #define HAVE_LIBSQLITE3 1
| #define HAVE_LIBSQLITE3 1
| #define PY_SQLITE_HAVE_SERIALIZE 1
| #define HAVE_GDBM_H 1
| #define HAVE_NDBM_H 1
| #define HAVE_DB_H 1
| #define PTHREAD_SYSTEM_SCHED_SUPPORTED 1
| #define HAVE_PTHREAD_SIGMASK 1
| #define HAVE_PTHREAD_GETCPUCLOCKID 1
| #define ENABLE_IPV6 1
| #define WITH_DOC_STRINGS 1
| #define WITH_PYMALLOC 1
| #define WITH_FREELISTS 1
| #define PY_COERCE_C_LOCALE 1
| #define HAVE_DLOPEN 1
| #define HAVE_DYNAMIC_LOADING 1
| #define HAVE_ACCEPT4 1
| #define HAVE_ALARM 1
| #define HAVE_BIND_TEXTDOMAIN_CODESET 1
| #define HAVE_CHMOD 1
| #define HAVE_CHOWN 1
| #define HAVE_CLOCK 1
| #define HAVE_CLOSE_RANGE 1
| #define HAVE_CONFSTR 1
| #define HAVE_COPY_FILE_RANGE 1
| #define HAVE_CTERMID 1
| #define HAVE_DUP 1
| #define HAVE_DUP3 1
| #define HAVE_EXECV 1
| #define HAVE_EXPLICIT_BZERO 1
| #define HAVE_FACCESSAT 1
| #define HAVE_FCHMOD 1
| #define HAVE_FCHMODAT 1
| #define HAVE_FCHOWN 1
| #define HAVE_FCHOWNAT 1
| #define HAVE_FDOPENDIR 1
| #define HAVE_FEXECVE 1
| #define HAVE_FORK 1
| #define HAVE_FPATHCONF 1
| #define HAVE_FSTATAT 1
| #define HAVE_FTRUNCATE 1
| #define HAVE_FUTIMENS 1
| #define HAVE_FUTIMES 1
| #define HAVE_FUTIMESAT 1
| #define HAVE_GAI_STRERROR 1
| #define HAVE_GETEGID 1
| #define HAVE_GETENTROPY 1
| #define HAVE_GETEUID 1
| #define HAVE_GETGID 1
| #define HAVE_GETGRGID 1
| #define HAVE_GETGRGID_R 1
| #define HAVE_GETGRNAM_R 1
| #define HAVE_GETGROUPLIST 1
| #define HAVE_GETGROUPS 1
| #define HAVE_GETHOSTNAME 1
| #define HAVE_GETITIMER 1
| #define HAVE_GETLOADAVG 1
| #define HAVE_GETLOGIN 1
| #define HAVE_GETPEERNAME 1
| #define HAVE_GETPGID 1
| #define HAVE_GETPID 1
| #define HAVE_GETPPID 1
| #define HAVE_GETPRIORITY 1
| #define HAVE_GETPWENT 1
| #define HAVE_GETPWNAM_R 1
| #define HAVE_GETPWUID 1
| #define HAVE_GETPWUID_R 1
| #define HAVE_GETRESGID 1
| #define HAVE_GETRESUID 1
| #define HAVE_GETRUSAGE 1
| #define HAVE_GETSID 1
| #define HAVE_GETUID 1
| #define HAVE_GETWD 1
| #define HAVE_IF_NAMEINDEX 1
| #define HAVE_INITGROUPS 1
| #define HAVE_KILL 1
| #define HAVE_KILLPG 1
| #define HAVE_LCHOWN 1
| #define HAVE_LINKAT 1
| #define HAVE_LOCKF 1
| #define HAVE_LSTAT 1
| #define HAVE_LUTIMES 1
| #define HAVE_MADVISE 1
| #define HAVE_MBRTOWC 1
| #define HAVE_MEMRCHR 1
| #define HAVE_MKDIRAT 1
| #define HAVE_MKFIFO 1
| #define HAVE_MKFIFOAT 1
| #define HAVE_MKNOD 1
| #define HAVE_MKNODAT 1
| #define HAVE_MKTIME 1
| #define HAVE_MMAP 1
| #define HAVE_NICE 1
| #define HAVE_OPENAT 1
| #define HAVE_OPENDIR 1
| #define HAVE_PATHCONF 1
| #define HAVE_PAUSE 1
| #define HAVE_PIPE 1
| #define HAVE_PIPE2 1
| #define HAVE_POLL 1
| #define HAVE_POSIX_FADVISE 1
| #define HAVE_POSIX_FALLOCATE 1
| #define HAVE_POSIX_SPAWN 1
| #define HAVE_POSIX_SPAWNP 1
| #define HAVE_PREAD 1
| #define HAVE_PREADV 1
| #define HAVE_PTHREAD_CONDATTR_SETCLOCK 1
| #define HAVE_PTHREAD_KILL 1
| #define HAVE_PWRITE 1
| #define HAVE_PWRITEV 1
| #define HAVE_READLINK 1
| #define HAVE_READLINKAT 1
| #define HAVE_READV 1
| #define HAVE_REALPATH 1
| #define HAVE_RENAMEAT 1
| #define HAVE_SCHED_GET_PRIORITY_MAX 1
| #define HAVE_SCHED_RR_GET_INTERVAL 1
| #define HAVE_SCHED_SETAFFINITY 1
| #define HAVE_SCHED_SETPARAM 1
| #define HAVE_SCHED_SETSCHEDULER 1
| #define HAVE_SEM_GETVALUE 1
| #define HAVE_SEM_OPEN 1
| #define HAVE_SEM_TIMEDWAIT 1
| #define HAVE_SEM_UNLINK 1
| #define HAVE_SENDFILE 1
| #define HAVE_SETEGID 1
| #define HAVE_SETEUID 1
| #define HAVE_SETGID 1
| #define HAVE_SETHOSTNAME 1
| #define HAVE_SETITIMER 1
| #define HAVE_SETLOCALE 1
| #define HAVE_SETPGID 1
| #define HAVE_SETPGRP 1
| #define HAVE_SETPRIORITY 1
| #define HAVE_SETREGID 1
| #define HAVE_SETRESGID 1
| #define HAVE_SETRESUID 1
| #define HAVE_SETREUID 1
| #define HAVE_SETSID 1
| #define HAVE_SETUID 1
| #define HAVE_SETVBUF 1
| #define HAVE_SHUTDOWN 1
| #define HAVE_SIGACTION 1
| #define HAVE_SIGALTSTACK 1
| #define HAVE_SIGFILLSET 1
| #define HAVE_SIGINTERRUPT 1
| #define HAVE_SIGPENDING 1
| #define HAVE_SIGRELSE 1
| #define HAVE_SIGTIMEDWAIT 1
| #define HAVE_SIGWAIT 1
| #define HAVE_SIGWAITINFO 1
| #define HAVE_SNPRINTF 1
| #define HAVE_STRFTIME 1
| #define HAVE_STRLCPY 1
| #define HAVE_STRSIGNAL 1
| #define HAVE_SYMLINKAT 1
| #define HAVE_SYNC 1
| #define HAVE_SYSCONF 1
| #define HAVE_SYSTEM 1
| #define HAVE_TCGETPGRP 1
| #define HAVE_TCSETPGRP 1
| #define HAVE_TEMPNAM 1
| #define HAVE_TIMEGM 1
| #define HAVE_TIMES 1
| #define HAVE_TMPFILE 1
| #define HAVE_TMPNAM 1
| #define HAVE_TRUNCATE 1
| #define HAVE_TTYNAME 1
| #define HAVE_UMASK 1
| #define HAVE_UNAME 1
| #define HAVE_UNLINKAT 1
| #define HAVE_UTIMENSAT 1
| #define HAVE_UTIMES 1
| #define HAVE_VFORK 1
| #define HAVE_WAIT 1
| #define HAVE_WAIT3 1
| #define HAVE_WAIT4 1
| #define HAVE_WAITID 1
| #define HAVE_WAITPID 1
| #define HAVE_WCSCOLL 1
| #define HAVE_WCSFTIME 1
| #define HAVE_WCSXFRM 1
| #define HAVE_WMEMCMP 1
| #define HAVE_WRITEV 1
| #define HAVE_LCHMOD 1
| #define HAVE_DIRFD 1
| #define HAVE_CHROOT 1
| #define HAVE_LINK 1
| #define HAVE_SYMLINK 1
| #define HAVE_FCHDIR 1
| #define HAVE_FSYNC 1
| #define HAVE_FDATASYNC 1
| #define HAVE_KQUEUE 1
| #define HAVE_MEMFD_CREATE 1
| #define HAVE_EVENTFD 1
| #define HAVE_CTERMID_R 1
| #define HAVE_FLOCK 1
| #define HAVE_GETPAGESIZE 1
| #define HAVE_CHFLAGS 1
| #define HAVE_LCHFLAGS 1
| #define HAVE_ZLIB_COPY 1
| #define HAVE_BZLIB_H 1
| #define HAVE_HSTRERROR 1
| #define HAVE_GETSERVBYNAME 1
| #define HAVE_GETSERVBYPORT 1
| #define HAVE_GETHOSTBYNAME 1
| #define HAVE_GETHOSTBYADDR 1
| #define HAVE_GETPROTOBYNAME 1
| #define HAVE_INET_ATON 1
| #define HAVE_INET_NTOA 1
| #define HAVE_INET_PTON 1
| #define HAVE_GETPEERNAME 1
| #define HAVE_GETSOCKNAME 1
| #define HAVE_ACCEPT 1
| #define HAVE_BIND 1
| #define HAVE_CONNECT 1
| #define HAVE_LISTEN 1
| #define HAVE_RECVFROM 1
| #define HAVE_SENDTO 1
| #define HAVE_SETSOCKOPT 1
| #define HAVE_SOCKET 1
| #define HAVE_SETGROUPS 1
| #define HAVE_OPENPTY 1
| #define HAVE_LOGIN_TTY 1
| #define HAVE_FORKPTY 1
| #define HAVE_FSEEKO 1
| #define HAVE_FSTATVFS 1
| #define HAVE_FTELLO 1
| #define HAVE_STATVFS 1
| #define HAVE_DUP2 1
| #define HAVE_GETPGRP 1
| #define HAVE_SETPGRP 1
| #define SETPGRP_HAVE_ARG 1
| #define HAVE_CRYPT_R 1
| #define HAVE_CLOCK_GETTIME 1
| #define HAVE_CLOCK_GETRES 1
| #define HAVE_CLOCK_SETTIME 1
| #define HAVE_CLOCK_NANOSLEEP 1
| #define HAVE_NANOSLEEP 1
| #define HAVE_DEVICE_MACROS 1
| #define SYS_SELECT_WITH_SYS_TIME 1
| #define HAVE_GETADDRINFO 1
| #define HAVE_GETNAMEINFO 1
| #define HAVE_STRUCT_TM_TM_ZONE 1
| #define HAVE_TM_ZONE 1
| #define HAVE_STRUCT_STAT_ST_RDEV 1
| #define HAVE_STRUCT_STAT_ST_BLKSIZE 1
| #define HAVE_STRUCT_STAT_ST_FLAGS 1
| #define HAVE_STRUCT_STAT_ST_GEN 1
| #define HAVE_STRUCT_STAT_ST_BIRTHTIME 1
| #define HAVE_STRUCT_STAT_ST_BLOCKS 1
| #define HAVE_STRUCT_PASSWD_PW_GECOS 1
| #define HAVE_STRUCT_PASSWD_PW_PASSWD 1
| #define HAVE_SIGINFO_T_SI_BAND 1
| #define HAVE_ADDRINFO 1
| #define HAVE_SOCKADDR_STORAGE 1
| #define HAVE_PROTOTYPES 1
| #define HAVE_SOCKETPAIR 1
| #define HAVE_SOCKADDR_SA_LEN 1
| #define HAVE_GETHOSTBYNAME_R 1
| #define HAVE_GETHOSTBYNAME_R 1
| #define HAVE_GETHOSTBYNAME_R_6_ARG 1
| #define DOUBLE_IS_LITTLE_ENDIAN_IEEE754 1
| #define HAVE_ACOSH 1
| #define HAVE_ASINH 1
| #define HAVE_ATANH 1
| #define HAVE_ERF 1
| #define HAVE_ERFC 1
| #define HAVE_EXPM1 1
| #define HAVE_LOG1P 1
| #define HAVE_LOG2 1
| #define HAVE_DECL_RTLD_LAZY 1
| #define HAVE_DECL_RTLD_NOW 1
| #define HAVE_DECL_RTLD_GLOBAL 1
| #define HAVE_DECL_RTLD_LOCAL 1
| #define HAVE_DECL_RTLD_NODELETE 1
| #define HAVE_DECL_RTLD_NOLOAD 1
| #define HAVE_DECL_RTLD_DEEPBIND 1
| /* end confdefs.h.  */
| #include <dlfcn.h>
| 
| int
| main (void)
| {
| #ifndef RTLD_MEMBER
| #ifdef __cplusplus
|   (void) RTLD_MEMBER;
| #else
|   (void) RTLD_MEMBER;
| #endif
| #endif
| 
|   ;
|   return 0;
| }
configure:23937: result: no
configure:23949: checking digit size for Python's longs
configure:23971: result: no value specified
configure:23977: checking for wchar.h
configure:23977: result: yes
configure:23999: checking size of wchar_t
configure:24005: cc -pthread -o conftest -mabi=purecap -I/usr/local/include -I/usr/include -mabi=purecap -L/usr/local/lib -L/usr/lib -lmd -lcheri_caprevoke conftest.c -lintl -ldl  -lutil >&5
configure:24005: $? = 0
configure:24005: ./conftest
configure:24005: $? = 0
configure:24021: result: 4
configure:24035: checking whether wchar_t is signed
configure:24057: cc -pthread -o conftest -mabi=purecap -I/usr/local/include -I/usr/include -mabi=purecap -L/usr/local/lib -L/usr/lib -lmd -lcheri_caprevoke conftest.c -lintl -ldl  -lutil >&5
configure:24057: $? = 0
configure:24057: ./conftest
configure:24057: $? = 1
configure: program exited with status 1
configure: failed program was:
| /* confdefs.h */
| #define _NETBSD_SOURCE 1
| #define __BSD_VISIBLE 1
| #define _DARWIN_C_SOURCE 1
| #define _PYTHONFRAMEWORK ""
| #define _XOPEN_SOURCE 700
| #define _XOPEN_SOURCE_EXTENDED 1
| #define _POSIX_C_SOURCE 200809L
| #define HAVE_STDIO_H 1
| #define HAVE_STDLIB_H 1
| #define HAVE_STRING_H 1
| #define HAVE_INTTYPES_H 1
| #define HAVE_STDINT_H 1
| #define HAVE_STRINGS_H 1
| #define HAVE_SYS_STAT_H 1
| #define HAVE_SYS_TYPES_H 1
| #define HAVE_UNISTD_H 1
| #define HAVE_WCHAR_H 1
| #define STDC_HEADERS 1
| #define _ALL_SOURCE 1
| #define _DARWIN_C_SOURCE 1
| #define _GNU_SOURCE 1
| #define _HPUX_ALT_XOPEN_SOCKET_API 1
| #define _NETBSD_SOURCE 1
| #define _OPENBSD_SOURCE 1
| #define _POSIX_PTHREAD_SEMANTICS 1
| #define __STDC_WANT_IEC_60559_ATTRIBS_EXT__ 1
| #define __STDC_WANT_IEC_60559_BFP_EXT__ 1
| #define __STDC_WANT_IEC_60559_DFP_EXT__ 1
| #define __STDC_WANT_IEC_60559_FUNCS_EXT__ 1
| #define __STDC_WANT_IEC_60559_TYPES_EXT__ 1
| #define __STDC_WANT_LIB_EXT2__ 1
| #define __STDC_WANT_MATH_SPEC_FUNCS__ 1
| #define _TANDEM_SOURCE 1
| #define __EXTENSIONS__ 1
| #define PY_SUPPORT_TIER 0
| #define Py_DEBUG 1
| #define STDC_HEADERS 1
| #define HAVE_BLUETOOTH_H 1
| #define HAVE_DLFCN_H 1
| #define HAVE_ENDIAN_H 1
| #define HAVE_ERRNO_H 1
| #define HAVE_FCNTL_H 1
| #define HAVE_GRP_H 1
| #define HAVE_IEEEFP_H 1
| #define HAVE_LANGINFO_H 1
| #define HAVE_LIBINTL_H 1
| #define HAVE_LIBUTIL_H 1
| #define HAVE_SYS_AUXV_H 1
| #define HAVE_NETDB_H 1
| #define HAVE_NET_ETHERNET_H 1
| #define HAVE_NETINET_IN_H 1
| #define HAVE_POLL_H 1
| #define HAVE_PTHREAD_H 1
| #define HAVE_SCHED_H 1
| #define HAVE_SETJMP_H 1
| #define HAVE_SIGNAL_H 1
| #define HAVE_SPAWN_H 1
| #define HAVE_SYS_ENDIAN_H 1
| #define HAVE_SYS_EVENT_H 1
| #define HAVE_SYS_EVENTFD_H 1
| #define HAVE_SYS_FILE_H 1
| #define HAVE_SYS_IOCTL_H 1
| #define HAVE_SYS_LOCK_H 1
| #define HAVE_SYS_MMAN_H 1
| #define HAVE_SYS_PARAM_H 1
| #define HAVE_SYS_POLL_H 1
| #define HAVE_SYS_RANDOM_H 1
| #define HAVE_SYS_RESOURCE_H 1
| #define HAVE_SYS_SELECT_H 1
| #define HAVE_SYS_SOCKET_H 1
| #define HAVE_SYS_SOUNDCARD_H 1
| #define HAVE_SYS_STAT_H 1
| #define HAVE_SYS_STATVFS_H 1
| #define HAVE_SYS_SYSCALL_H 1
| #define HAVE_SYS_TIME_H 1
| #define HAVE_SYS_TIMES_H 1
| #define HAVE_SYS_TYPES_H 1
| #define HAVE_SYS_UIO_H 1
| #define HAVE_SYS_UN_H 1
| #define HAVE_SYS_UTSNAME_H 1
| #define HAVE_SYS_WAIT_H 1
| #define HAVE_SYSEXITS_H 1
| #define HAVE_SYSLOG_H 1
| #define HAVE_TERMIOS_H 1
| #define HAVE_UTIME_H 1
| #define HAVE_DIRENT_H 1
| #define HAVE_NET_IF_H 1
| #define HAVE_MAKEDEV 1
| #define _LARGEFILE_SOURCE 1
| #define _FILE_OFFSET_BITS 64
| #if defined(SCO_DS)
| #undef _OFF_T
| #endif
| #define RETSIGTYPE void
| #define HAVE_SSIZE_T 1
| #define HAVE_GCC_UINT128_T 1
| #define SIZEOF_INT 4
| #define SIZEOF_LONG 8
| #define ALIGNOF_LONG 8
| #define SIZEOF_LONG_LONG 8
| #define SIZEOF_VOID_P 16
| #define SIZEOF_SHORT 2
| #define SIZEOF_FLOAT 4
| #define SIZEOF_DOUBLE 8
| #define SIZEOF_FPOS_T 8
| #define SIZEOF_SIZE_T 8
| #define ALIGNOF_SIZE_T 8
| #define SIZEOF_PID_T 4
| #define SIZEOF_UINTPTR_T 16
| #define ALIGNOF_MAX_ALIGN_T 16
| #define HAVE_LONG_DOUBLE 1
| #define SIZEOF_LONG_DOUBLE 16
| #define SIZEOF__BOOL 1
| #define SIZEOF_OFF_T 8
| #define SIZEOF_TIME_T 8
| #define SIZEOF_PTHREAD_T 16
| #define SIZEOF_PTHREAD_KEY_T 4
| #define PTHREAD_KEY_T_IS_COMPATIBLE_WITH_INT 1
| #define HAVE_LIBDL 1
| #define HAVE_UUID_H 1
| #define HAVE_UUID_CREATE 1
| #define HAVE_UUID_ENC_BE 1
| #define WITH_LIBINTL 1
| #define HAVE_FFI_PREP_CIF_VAR 1
| #define HAVE_FFI_PREP_CLOSURE_LOC 1
| #define HAVE_FFI_CLOSURE_ALLOC 1
| #define WITH_DECIMAL_CONTEXTVAR 1
| #define HAVE_RPC_RPC_H 1
| #define HAVE_LIBSQLITE3 1
| #define HAVE_LIBSQLITE3 1
| #define HAVE_LIBSQLITE3 1
| #define HAVE_LIBSQLITE3 1
| #define HAVE_LIBSQLITE3 1
| #define HAVE_LIBSQLITE3 1
| #define HAVE_LIBSQLITE3 1
| #define HAVE_LIBSQLITE3 1
| #define HAVE_LIBSQLITE3 1
| #define PY_SQLITE_HAVE_SERIALIZE 1
| #define HAVE_GDBM_H 1
| #define HAVE_NDBM_H 1
| #define HAVE_DB_H 1
| #define PTHREAD_SYSTEM_SCHED_SUPPORTED 1
| #define HAVE_PTHREAD_SIGMASK 1
| #define HAVE_PTHREAD_GETCPUCLOCKID 1
| #define ENABLE_IPV6 1
| #define WITH_DOC_STRINGS 1
| #define WITH_PYMALLOC 1
| #define WITH_FREELISTS 1
| #define PY_COERCE_C_LOCALE 1
| #define HAVE_DLOPEN 1
| #define HAVE_DYNAMIC_LOADING 1
| #define HAVE_ACCEPT4 1
| #define HAVE_ALARM 1
| #define HAVE_BIND_TEXTDOMAIN_CODESET 1
| #define HAVE_CHMOD 1
| #define HAVE_CHOWN 1
| #define HAVE_CLOCK 1
| #define HAVE_CLOSE_RANGE 1
| #define HAVE_CONFSTR 1
| #define HAVE_COPY_FILE_RANGE 1
| #define HAVE_CTERMID 1
| #define HAVE_DUP 1
| #define HAVE_DUP3 1
| #define HAVE_EXECV 1
| #define HAVE_EXPLICIT_BZERO 1
| #define HAVE_FACCESSAT 1
| #define HAVE_FCHMOD 1
| #define HAVE_FCHMODAT 1
| #define HAVE_FCHOWN 1
| #define HAVE_FCHOWNAT 1
| #define HAVE_FDOPENDIR 1
| #define HAVE_FEXECVE 1
| #define HAVE_FORK 1
| #define HAVE_FPATHCONF 1
| #define HAVE_FSTATAT 1
| #define HAVE_FTRUNCATE 1
| #define HAVE_FUTIMENS 1
| #define HAVE_FUTIMES 1
| #define HAVE_FUTIMESAT 1
| #define HAVE_GAI_STRERROR 1
| #define HAVE_GETEGID 1
| #define HAVE_GETENTROPY 1
| #define HAVE_GETEUID 1
| #define HAVE_GETGID 1
| #define HAVE_GETGRGID 1
| #define HAVE_GETGRGID_R 1
| #define HAVE_GETGRNAM_R 1
| #define HAVE_GETGROUPLIST 1
| #define HAVE_GETGROUPS 1
| #define HAVE_GETHOSTNAME 1
| #define HAVE_GETITIMER 1
| #define HAVE_GETLOADAVG 1
| #define HAVE_GETLOGIN 1
| #define HAVE_GETPEERNAME 1
| #define HAVE_GETPGID 1
| #define HAVE_GETPID 1
| #define HAVE_GETPPID 1
| #define HAVE_GETPRIORITY 1
| #define HAVE_GETPWENT 1
| #define HAVE_GETPWNAM_R 1
| #define HAVE_GETPWUID 1
| #define HAVE_GETPWUID_R 1
| #define HAVE_GETRESGID 1
| #define HAVE_GETRESUID 1
| #define HAVE_GETRUSAGE 1
| #define HAVE_GETSID 1
| #define HAVE_GETUID 1
| #define HAVE_GETWD 1
| #define HAVE_IF_NAMEINDEX 1
| #define HAVE_INITGROUPS 1
| #define HAVE_KILL 1
| #define HAVE_KILLPG 1
| #define HAVE_LCHOWN 1
| #define HAVE_LINKAT 1
| #define HAVE_LOCKF 1
| #define HAVE_LSTAT 1
| #define HAVE_LUTIMES 1
| #define HAVE_MADVISE 1
| #define HAVE_MBRTOWC 1
| #define HAVE_MEMRCHR 1
| #define HAVE_MKDIRAT 1
| #define HAVE_MKFIFO 1
| #define HAVE_MKFIFOAT 1
| #define HAVE_MKNOD 1
| #define HAVE_MKNODAT 1
| #define HAVE_MKTIME 1
| #define HAVE_MMAP 1
| #define HAVE_NICE 1
| #define HAVE_OPENAT 1
| #define HAVE_OPENDIR 1
| #define HAVE_PATHCONF 1
| #define HAVE_PAUSE 1
| #define HAVE_PIPE 1
| #define HAVE_PIPE2 1
| #define HAVE_POLL 1
| #define HAVE_POSIX_FADVISE 1
| #define HAVE_POSIX_FALLOCATE 1
| #define HAVE_POSIX_SPAWN 1
| #define HAVE_POSIX_SPAWNP 1
| #define HAVE_PREAD 1
| #define HAVE_PREADV 1
| #define HAVE_PTHREAD_CONDATTR_SETCLOCK 1
| #define HAVE_PTHREAD_KILL 1
| #define HAVE_PWRITE 1
| #define HAVE_PWRITEV 1
| #define HAVE_READLINK 1
| #define HAVE_READLINKAT 1
| #define HAVE_READV 1
| #define HAVE_REALPATH 1
| #define HAVE_RENAMEAT 1
| #define HAVE_SCHED_GET_PRIORITY_MAX 1
| #define HAVE_SCHED_RR_GET_INTERVAL 1
| #define HAVE_SCHED_SETAFFINITY 1
| #define HAVE_SCHED_SETPARAM 1
| #define HAVE_SCHED_SETSCHEDULER 1
| #define HAVE_SEM_GETVALUE 1
| #define HAVE_SEM_OPEN 1
| #define HAVE_SEM_TIMEDWAIT 1
| #define HAVE_SEM_UNLINK 1
| #define HAVE_SENDFILE 1
| #define HAVE_SETEGID 1
| #define HAVE_SETEUID 1
| #define HAVE_SETGID 1
| #define HAVE_SETHOSTNAME 1
| #define HAVE_SETITIMER 1
| #define HAVE_SETLOCALE 1
| #define HAVE_SETPGID 1
| #define HAVE_SETPGRP 1
| #define HAVE_SETPRIORITY 1
| #define HAVE_SETREGID 1
| #define HAVE_SETRESGID 1
| #define HAVE_SETRESUID 1
| #define HAVE_SETREUID 1
| #define HAVE_SETSID 1
| #define HAVE_SETUID 1
| #define HAVE_SETVBUF 1
| #define HAVE_SHUTDOWN 1
| #define HAVE_SIGACTION 1
| #define HAVE_SIGALTSTACK 1
| #define HAVE_SIGFILLSET 1
| #define HAVE_SIGINTERRUPT 1
| #define HAVE_SIGPENDING 1
| #define HAVE_SIGRELSE 1
| #define HAVE_SIGTIMEDWAIT 1
| #define HAVE_SIGWAIT 1
| #define HAVE_SIGWAITINFO 1
| #define HAVE_SNPRINTF 1
| #define HAVE_STRFTIME 1
| #define HAVE_STRLCPY 1
| #define HAVE_STRSIGNAL 1
| #define HAVE_SYMLINKAT 1
| #define HAVE_SYNC 1
| #define HAVE_SYSCONF 1
| #define HAVE_SYSTEM 1
| #define HAVE_TCGETPGRP 1
| #define HAVE_TCSETPGRP 1
| #define HAVE_TEMPNAM 1
| #define HAVE_TIMEGM 1
| #define HAVE_TIMES 1
| #define HAVE_TMPFILE 1
| #define HAVE_TMPNAM 1
| #define HAVE_TRUNCATE 1
| #define HAVE_TTYNAME 1
| #define HAVE_UMASK 1
| #define HAVE_UNAME 1
| #define HAVE_UNLINKAT 1
| #define HAVE_UTIMENSAT 1
| #define HAVE_UTIMES 1
| #define HAVE_VFORK 1
| #define HAVE_WAIT 1
| #define HAVE_WAIT3 1
| #define HAVE_WAIT4 1
| #define HAVE_WAITID 1
| #define HAVE_WAITPID 1
| #define HAVE_WCSCOLL 1
| #define HAVE_WCSFTIME 1
| #define HAVE_WCSXFRM 1
| #define HAVE_WMEMCMP 1
| #define HAVE_WRITEV 1
| #define HAVE_LCHMOD 1
| #define HAVE_DIRFD 1
| #define HAVE_CHROOT 1
| #define HAVE_LINK 1
| #define HAVE_SYMLINK 1
| #define HAVE_FCHDIR 1
| #define HAVE_FSYNC 1
| #define HAVE_FDATASYNC 1
| #define HAVE_KQUEUE 1
| #define HAVE_MEMFD_CREATE 1
| #define HAVE_EVENTFD 1
| #define HAVE_CTERMID_R 1
| #define HAVE_FLOCK 1
| #define HAVE_GETPAGESIZE 1
| #define HAVE_CHFLAGS 1
| #define HAVE_LCHFLAGS 1
| #define HAVE_ZLIB_COPY 1
| #define HAVE_BZLIB_H 1
| #define HAVE_HSTRERROR 1
| #define HAVE_GETSERVBYNAME 1
| #define HAVE_GETSERVBYPORT 1
| #define HAVE_GETHOSTBYNAME 1
| #define HAVE_GETHOSTBYADDR 1
| #define HAVE_GETPROTOBYNAME 1
| #define HAVE_INET_ATON 1
| #define HAVE_INET_NTOA 1
| #define HAVE_INET_PTON 1
| #define HAVE_GETPEERNAME 1
| #define HAVE_GETSOCKNAME 1
| #define HAVE_ACCEPT 1
| #define HAVE_BIND 1
| #define HAVE_CONNECT 1
| #define HAVE_LISTEN 1
| #define HAVE_RECVFROM 1
| #define HAVE_SENDTO 1
| #define HAVE_SETSOCKOPT 1
| #define HAVE_SOCKET 1
| #define HAVE_SETGROUPS 1
| #define HAVE_OPENPTY 1
| #define HAVE_LOGIN_TTY 1
| #define HAVE_FORKPTY 1
| #define HAVE_FSEEKO 1
| #define HAVE_FSTATVFS 1
| #define HAVE_FTELLO 1
| #define HAVE_STATVFS 1
| #define HAVE_DUP2 1
| #define HAVE_GETPGRP 1
| #define HAVE_SETPGRP 1
| #define SETPGRP_HAVE_ARG 1
| #define HAVE_CRYPT_R 1
| #define HAVE_CLOCK_GETTIME 1
| #define HAVE_CLOCK_GETRES 1
| #define HAVE_CLOCK_SETTIME 1
| #define HAVE_CLOCK_NANOSLEEP 1
| #define HAVE_NANOSLEEP 1
| #define HAVE_DEVICE_MACROS 1
| #define SYS_SELECT_WITH_SYS_TIME 1
| #define HAVE_GETADDRINFO 1
| #define HAVE_GETNAMEINFO 1
| #define HAVE_STRUCT_TM_TM_ZONE 1
| #define HAVE_TM_ZONE 1
| #define HAVE_STRUCT_STAT_ST_RDEV 1
| #define HAVE_STRUCT_STAT_ST_BLKSIZE 1
| #define HAVE_STRUCT_STAT_ST_FLAGS 1
| #define HAVE_STRUCT_STAT_ST_GEN 1
| #define HAVE_STRUCT_STAT_ST_BIRTHTIME 1
| #define HAVE_STRUCT_STAT_ST_BLOCKS 1
| #define HAVE_STRUCT_PASSWD_PW_GECOS 1
| #define HAVE_STRUCT_PASSWD_PW_PASSWD 1
| #define HAVE_SIGINFO_T_SI_BAND 1
| #define HAVE_ADDRINFO 1
| #define HAVE_SOCKADDR_STORAGE 1
| #define HAVE_PROTOTYPES 1
| #define HAVE_SOCKETPAIR 1
| #define HAVE_SOCKADDR_SA_LEN 1
| #define HAVE_GETHOSTBYNAME_R 1
| #define HAVE_GETHOSTBYNAME_R 1
| #define HAVE_GETHOSTBYNAME_R_6_ARG 1
| #define DOUBLE_IS_LITTLE_ENDIAN_IEEE754 1
| #define HAVE_ACOSH 1
| #define HAVE_ASINH 1
| #define HAVE_ATANH 1
| #define HAVE_ERF 1
| #define HAVE_ERFC 1
| #define HAVE_EXPM1 1
| #define HAVE_LOG1P 1
| #define HAVE_LOG2 1
| #define HAVE_DECL_RTLD_LAZY 1
| #define HAVE_DECL_RTLD_NOW 1
| #define HAVE_DECL_RTLD_GLOBAL 1
| #define HAVE_DECL_RTLD_LOCAL 1
| #define HAVE_DECL_RTLD_NODELETE 1
| #define HAVE_DECL_RTLD_NOLOAD 1
| #define HAVE_DECL_RTLD_DEEPBIND 1
| #define HAVE_DECL_RTLD_MEMBER 0
| #define HAVE_WCHAR_H 1
| #define SIZEOF_WCHAR_T 4
| /* end confdefs.h.  */
| 
|   #include <wchar.h>
|   int main()
|   {
| 	/* Success: exit code 0 */
|         return ((((wchar_t) -1) < ((wchar_t) 0)) ? 0 : 1);
|   }
| 
configure:24068: result: no
configure:24072: checking whether wchar_t is usable
configure:24081: result: yes
configure:24105: checking whether byte ordering is bigendian
configure:24121: cc -pthread -c -mabi=purecap -I/usr/local/include -I/usr/include conftest.c >&5
conftest.c:421:9: error: unknown type name 'not'
               not a universal capable compiler
               ^
conftest.c:421:14: error: expected ';' after top level declarator
               not a universal capable compiler
                    ^
                    ;
2 errors generated.
configure:24121: $? = 1
configure: failed program was:
| /* confdefs.h */
| #define _NETBSD_SOURCE 1
| #define __BSD_VISIBLE 1
| #define _DARWIN_C_SOURCE 1
| #define _PYTHONFRAMEWORK ""
| #define _XOPEN_SOURCE 700
| #define _XOPEN_SOURCE_EXTENDED 1
| #define _POSIX_C_SOURCE 200809L
| #define HAVE_STDIO_H 1
| #define HAVE_STDLIB_H 1
| #define HAVE_STRING_H 1
| #define HAVE_INTTYPES_H 1
| #define HAVE_STDINT_H 1
| #define HAVE_STRINGS_H 1
| #define HAVE_SYS_STAT_H 1
| #define HAVE_SYS_TYPES_H 1
| #define HAVE_UNISTD_H 1
| #define HAVE_WCHAR_H 1
| #define STDC_HEADERS 1
| #define _ALL_SOURCE 1
| #define _DARWIN_C_SOURCE 1
| #define _GNU_SOURCE 1
| #define _HPUX_ALT_XOPEN_SOCKET_API 1
| #define _NETBSD_SOURCE 1
| #define _OPENBSD_SOURCE 1
| #define _POSIX_PTHREAD_SEMANTICS 1
| #define __STDC_WANT_IEC_60559_ATTRIBS_EXT__ 1
| #define __STDC_WANT_IEC_60559_BFP_EXT__ 1
| #define __STDC_WANT_IEC_60559_DFP_EXT__ 1
| #define __STDC_WANT_IEC_60559_FUNCS_EXT__ 1
| #define __STDC_WANT_IEC_60559_TYPES_EXT__ 1
| #define __STDC_WANT_LIB_EXT2__ 1
| #define __STDC_WANT_MATH_SPEC_FUNCS__ 1
| #define _TANDEM_SOURCE 1
| #define __EXTENSIONS__ 1
| #define PY_SUPPORT_TIER 0
| #define Py_DEBUG 1
| #define STDC_HEADERS 1
| #define HAVE_BLUETOOTH_H 1
| #define HAVE_DLFCN_H 1
| #define HAVE_ENDIAN_H 1
| #define HAVE_ERRNO_H 1
| #define HAVE_FCNTL_H 1
| #define HAVE_GRP_H 1
| #define HAVE_IEEEFP_H 1
| #define HAVE_LANGINFO_H 1
| #define HAVE_LIBINTL_H 1
| #define HAVE_LIBUTIL_H 1
| #define HAVE_SYS_AUXV_H 1
| #define HAVE_NETDB_H 1
| #define HAVE_NET_ETHERNET_H 1
| #define HAVE_NETINET_IN_H 1
| #define HAVE_POLL_H 1
| #define HAVE_PTHREAD_H 1
| #define HAVE_SCHED_H 1
| #define HAVE_SETJMP_H 1
| #define HAVE_SIGNAL_H 1
| #define HAVE_SPAWN_H 1
| #define HAVE_SYS_ENDIAN_H 1
| #define HAVE_SYS_EVENT_H 1
| #define HAVE_SYS_EVENTFD_H 1
| #define HAVE_SYS_FILE_H 1
| #define HAVE_SYS_IOCTL_H 1
| #define HAVE_SYS_LOCK_H 1
| #define HAVE_SYS_MMAN_H 1
| #define HAVE_SYS_PARAM_H 1
| #define HAVE_SYS_POLL_H 1
| #define HAVE_SYS_RANDOM_H 1
| #define HAVE_SYS_RESOURCE_H 1
| #define HAVE_SYS_SELECT_H 1
| #define HAVE_SYS_SOCKET_H 1
| #define HAVE_SYS_SOUNDCARD_H 1
| #define HAVE_SYS_STAT_H 1
| #define HAVE_SYS_STATVFS_H 1
| #define HAVE_SYS_SYSCALL_H 1
| #define HAVE_SYS_TIME_H 1
| #define HAVE_SYS_TIMES_H 1
| #define HAVE_SYS_TYPES_H 1
| #define HAVE_SYS_UIO_H 1
| #define HAVE_SYS_UN_H 1
| #define HAVE_SYS_UTSNAME_H 1
| #define HAVE_SYS_WAIT_H 1
| #define HAVE_SYSEXITS_H 1
| #define HAVE_SYSLOG_H 1
| #define HAVE_TERMIOS_H 1
| #define HAVE_UTIME_H 1
| #define HAVE_DIRENT_H 1
| #define HAVE_NET_IF_H 1
| #define HAVE_MAKEDEV 1
| #define _LARGEFILE_SOURCE 1
| #define _FILE_OFFSET_BITS 64
| #if defined(SCO_DS)
| #undef _OFF_T
| #endif
| #define RETSIGTYPE void
| #define HAVE_SSIZE_T 1
| #define HAVE_GCC_UINT128_T 1
| #define SIZEOF_INT 4
| #define SIZEOF_LONG 8
| #define ALIGNOF_LONG 8
| #define SIZEOF_LONG_LONG 8
| #define SIZEOF_VOID_P 16
| #define SIZEOF_SHORT 2
| #define SIZEOF_FLOAT 4
| #define SIZEOF_DOUBLE 8
| #define SIZEOF_FPOS_T 8
| #define SIZEOF_SIZE_T 8
| #define ALIGNOF_SIZE_T 8
| #define SIZEOF_PID_T 4
| #define SIZEOF_UINTPTR_T 16
| #define ALIGNOF_MAX_ALIGN_T 16
| #define HAVE_LONG_DOUBLE 1
| #define SIZEOF_LONG_DOUBLE 16
| #define SIZEOF__BOOL 1
| #define SIZEOF_OFF_T 8
| #define SIZEOF_TIME_T 8
| #define SIZEOF_PTHREAD_T 16
| #define SIZEOF_PTHREAD_KEY_T 4
| #define PTHREAD_KEY_T_IS_COMPATIBLE_WITH_INT 1
| #define HAVE_LIBDL 1
| #define HAVE_UUID_H 1
| #define HAVE_UUID_CREATE 1
| #define HAVE_UUID_ENC_BE 1
| #define WITH_LIBINTL 1
| #define HAVE_FFI_PREP_CIF_VAR 1
| #define HAVE_FFI_PREP_CLOSURE_LOC 1
| #define HAVE_FFI_CLOSURE_ALLOC 1
| #define WITH_DECIMAL_CONTEXTVAR 1
| #define HAVE_RPC_RPC_H 1
| #define HAVE_LIBSQLITE3 1
| #define HAVE_LIBSQLITE3 1
| #define HAVE_LIBSQLITE3 1
| #define HAVE_LIBSQLITE3 1
| #define HAVE_LIBSQLITE3 1
| #define HAVE_LIBSQLITE3 1
| #define HAVE_LIBSQLITE3 1
| #define HAVE_LIBSQLITE3 1
| #define HAVE_LIBSQLITE3 1
| #define PY_SQLITE_HAVE_SERIALIZE 1
| #define HAVE_GDBM_H 1
| #define HAVE_NDBM_H 1
| #define HAVE_DB_H 1
| #define PTHREAD_SYSTEM_SCHED_SUPPORTED 1
| #define HAVE_PTHREAD_SIGMASK 1
| #define HAVE_PTHREAD_GETCPUCLOCKID 1
| #define ENABLE_IPV6 1
| #define WITH_DOC_STRINGS 1
| #define WITH_PYMALLOC 1
| #define WITH_FREELISTS 1
| #define PY_COERCE_C_LOCALE 1
| #define HAVE_DLOPEN 1
| #define HAVE_DYNAMIC_LOADING 1
| #define HAVE_ACCEPT4 1
| #define HAVE_ALARM 1
| #define HAVE_BIND_TEXTDOMAIN_CODESET 1
| #define HAVE_CHMOD 1
| #define HAVE_CHOWN 1
| #define HAVE_CLOCK 1
| #define HAVE_CLOSE_RANGE 1
| #define HAVE_CONFSTR 1
| #define HAVE_COPY_FILE_RANGE 1
| #define HAVE_CTERMID 1
| #define HAVE_DUP 1
| #define HAVE_DUP3 1
| #define HAVE_EXECV 1
| #define HAVE_EXPLICIT_BZERO 1
| #define HAVE_FACCESSAT 1
| #define HAVE_FCHMOD 1
| #define HAVE_FCHMODAT 1
| #define HAVE_FCHOWN 1
| #define HAVE_FCHOWNAT 1
| #define HAVE_FDOPENDIR 1
| #define HAVE_FEXECVE 1
| #define HAVE_FORK 1
| #define HAVE_FPATHCONF 1
| #define HAVE_FSTATAT 1
| #define HAVE_FTRUNCATE 1
| #define HAVE_FUTIMENS 1
| #define HAVE_FUTIMES 1
| #define HAVE_FUTIMESAT 1
| #define HAVE_GAI_STRERROR 1
| #define HAVE_GETEGID 1
| #define HAVE_GETENTROPY 1
| #define HAVE_GETEUID 1
| #define HAVE_GETGID 1
| #define HAVE_GETGRGID 1
| #define HAVE_GETGRGID_R 1
| #define HAVE_GETGRNAM_R 1
| #define HAVE_GETGROUPLIST 1
| #define HAVE_GETGROUPS 1
| #define HAVE_GETHOSTNAME 1
| #define HAVE_GETITIMER 1
| #define HAVE_GETLOADAVG 1
| #define HAVE_GETLOGIN 1
| #define HAVE_GETPEERNAME 1
| #define HAVE_GETPGID 1
| #define HAVE_GETPID 1
| #define HAVE_GETPPID 1
| #define HAVE_GETPRIORITY 1
| #define HAVE_GETPWENT 1
| #define HAVE_GETPWNAM_R 1
| #define HAVE_GETPWUID 1
| #define HAVE_GETPWUID_R 1
| #define HAVE_GETRESGID 1
| #define HAVE_GETRESUID 1
| #define HAVE_GETRUSAGE 1
| #define HAVE_GETSID 1
| #define HAVE_GETUID 1
| #define HAVE_GETWD 1
| #define HAVE_IF_NAMEINDEX 1
| #define HAVE_INITGROUPS 1
| #define HAVE_KILL 1
| #define HAVE_KILLPG 1
| #define HAVE_LCHOWN 1
| #define HAVE_LINKAT 1
| #define HAVE_LOCKF 1
| #define HAVE_LSTAT 1
| #define HAVE_LUTIMES 1
| #define HAVE_MADVISE 1
| #define HAVE_MBRTOWC 1
| #define HAVE_MEMRCHR 1
| #define HAVE_MKDIRAT 1
| #define HAVE_MKFIFO 1
| #define HAVE_MKFIFOAT 1
| #define HAVE_MKNOD 1
| #define HAVE_MKNODAT 1
| #define HAVE_MKTIME 1
| #define HAVE_MMAP 1
| #define HAVE_NICE 1
| #define HAVE_OPENAT 1
| #define HAVE_OPENDIR 1
| #define HAVE_PATHCONF 1
| #define HAVE_PAUSE 1
| #define HAVE_PIPE 1
| #define HAVE_PIPE2 1
| #define HAVE_POLL 1
| #define HAVE_POSIX_FADVISE 1
| #define HAVE_POSIX_FALLOCATE 1
| #define HAVE_POSIX_SPAWN 1
| #define HAVE_POSIX_SPAWNP 1
| #define HAVE_PREAD 1
| #define HAVE_PREADV 1
| #define HAVE_PTHREAD_CONDATTR_SETCLOCK 1
| #define HAVE_PTHREAD_KILL 1
| #define HAVE_PWRITE 1
| #define HAVE_PWRITEV 1
| #define HAVE_READLINK 1
| #define HAVE_READLINKAT 1
| #define HAVE_READV 1
| #define HAVE_REALPATH 1
| #define HAVE_RENAMEAT 1
| #define HAVE_SCHED_GET_PRIORITY_MAX 1
| #define HAVE_SCHED_RR_GET_INTERVAL 1
| #define HAVE_SCHED_SETAFFINITY 1
| #define HAVE_SCHED_SETPARAM 1
| #define HAVE_SCHED_SETSCHEDULER 1
| #define HAVE_SEM_GETVALUE 1
| #define HAVE_SEM_OPEN 1
| #define HAVE_SEM_TIMEDWAIT 1
| #define HAVE_SEM_UNLINK 1
| #define HAVE_SENDFILE 1
| #define HAVE_SETEGID 1
| #define HAVE_SETEUID 1
| #define HAVE_SETGID 1
| #define HAVE_SETHOSTNAME 1
| #define HAVE_SETITIMER 1
| #define HAVE_SETLOCALE 1
| #define HAVE_SETPGID 1
| #define HAVE_SETPGRP 1
| #define HAVE_SETPRIORITY 1
| #define HAVE_SETREGID 1
| #define HAVE_SETRESGID 1
| #define HAVE_SETRESUID 1
| #define HAVE_SETREUID 1
| #define HAVE_SETSID 1
| #define HAVE_SETUID 1
| #define HAVE_SETVBUF 1
| #define HAVE_SHUTDOWN 1
| #define HAVE_SIGACTION 1
| #define HAVE_SIGALTSTACK 1
| #define HAVE_SIGFILLSET 1
| #define HAVE_SIGINTERRUPT 1
| #define HAVE_SIGPENDING 1
| #define HAVE_SIGRELSE 1
| #define HAVE_SIGTIMEDWAIT 1
| #define HAVE_SIGWAIT 1
| #define HAVE_SIGWAITINFO 1
| #define HAVE_SNPRINTF 1
| #define HAVE_STRFTIME 1
| #define HAVE_STRLCPY 1
| #define HAVE_STRSIGNAL 1
| #define HAVE_SYMLINKAT 1
| #define HAVE_SYNC 1
| #define HAVE_SYSCONF 1
| #define HAVE_SYSTEM 1
| #define HAVE_TCGETPGRP 1
| #define HAVE_TCSETPGRP 1
| #define HAVE_TEMPNAM 1
| #define HAVE_TIMEGM 1
| #define HAVE_TIMES 1
| #define HAVE_TMPFILE 1
| #define HAVE_TMPNAM 1
| #define HAVE_TRUNCATE 1
| #define HAVE_TTYNAME 1
| #define HAVE_UMASK 1
| #define HAVE_UNAME 1
| #define HAVE_UNLINKAT 1
| #define HAVE_UTIMENSAT 1
| #define HAVE_UTIMES 1
| #define HAVE_VFORK 1
| #define HAVE_WAIT 1
| #define HAVE_WAIT3 1
| #define HAVE_WAIT4 1
| #define HAVE_WAITID 1
| #define HAVE_WAITPID 1
| #define HAVE_WCSCOLL 1
| #define HAVE_WCSFTIME 1
| #define HAVE_WCSXFRM 1
| #define HAVE_WMEMCMP 1
| #define HAVE_WRITEV 1
| #define HAVE_LCHMOD 1
| #define HAVE_DIRFD 1
| #define HAVE_CHROOT 1
| #define HAVE_LINK 1
| #define HAVE_SYMLINK 1
| #define HAVE_FCHDIR 1
| #define HAVE_FSYNC 1
| #define HAVE_FDATASYNC 1
| #define HAVE_KQUEUE 1
| #define HAVE_MEMFD_CREATE 1
| #define HAVE_EVENTFD 1
| #define HAVE_CTERMID_R 1
| #define HAVE_FLOCK 1
| #define HAVE_GETPAGESIZE 1
| #define HAVE_CHFLAGS 1
| #define HAVE_LCHFLAGS 1
| #define HAVE_ZLIB_COPY 1
| #define HAVE_BZLIB_H 1
| #define HAVE_HSTRERROR 1
| #define HAVE_GETSERVBYNAME 1
| #define HAVE_GETSERVBYPORT 1
| #define HAVE_GETHOSTBYNAME 1
| #define HAVE_GETHOSTBYADDR 1
| #define HAVE_GETPROTOBYNAME 1
| #define HAVE_INET_ATON 1
| #define HAVE_INET_NTOA 1
| #define HAVE_INET_PTON 1
| #define HAVE_GETPEERNAME 1
| #define HAVE_GETSOCKNAME 1
| #define HAVE_ACCEPT 1
| #define HAVE_BIND 1
| #define HAVE_CONNECT 1
| #define HAVE_LISTEN 1
| #define HAVE_RECVFROM 1
| #define HAVE_SENDTO 1
| #define HAVE_SETSOCKOPT 1
| #define HAVE_SOCKET 1
| #define HAVE_SETGROUPS 1
| #define HAVE_OPENPTY 1
| #define HAVE_LOGIN_TTY 1
| #define HAVE_FORKPTY 1
| #define HAVE_FSEEKO 1
| #define HAVE_FSTATVFS 1
| #define HAVE_FTELLO 1
| #define HAVE_STATVFS 1
| #define HAVE_DUP2 1
| #define HAVE_GETPGRP 1
| #define HAVE_SETPGRP 1
| #define SETPGRP_HAVE_ARG 1
| #define HAVE_CRYPT_R 1
| #define HAVE_CLOCK_GETTIME 1
| #define HAVE_CLOCK_GETRES 1
| #define HAVE_CLOCK_SETTIME 1
| #define HAVE_CLOCK_NANOSLEEP 1
| #define HAVE_NANOSLEEP 1
| #define HAVE_DEVICE_MACROS 1
| #define SYS_SELECT_WITH_SYS_TIME 1
| #define HAVE_GETADDRINFO 1
| #define HAVE_GETNAMEINFO 1
| #define HAVE_STRUCT_TM_TM_ZONE 1
| #define HAVE_TM_ZONE 1
| #define HAVE_STRUCT_STAT_ST_RDEV 1
| #define HAVE_STRUCT_STAT_ST_BLKSIZE 1
| #define HAVE_STRUCT_STAT_ST_FLAGS 1
| #define HAVE_STRUCT_STAT_ST_GEN 1
| #define HAVE_STRUCT_STAT_ST_BIRTHTIME 1
| #define HAVE_STRUCT_STAT_ST_BLOCKS 1
| #define HAVE_STRUCT_PASSWD_PW_GECOS 1
| #define HAVE_STRUCT_PASSWD_PW_PASSWD 1
| #define HAVE_SIGINFO_T_SI_BAND 1
| #define HAVE_ADDRINFO 1
| #define HAVE_SOCKADDR_STORAGE 1
| #define HAVE_PROTOTYPES 1
| #define HAVE_SOCKETPAIR 1
| #define HAVE_SOCKADDR_SA_LEN 1
| #define HAVE_GETHOSTBYNAME_R 1
| #define HAVE_GETHOSTBYNAME_R 1
| #define HAVE_GETHOSTBYNAME_R_6_ARG 1
| #define DOUBLE_IS_LITTLE_ENDIAN_IEEE754 1
| #define HAVE_ACOSH 1
| #define HAVE_ASINH 1
| #define HAVE_ATANH 1
| #define HAVE_ERF 1
| #define HAVE_ERFC 1
| #define HAVE_EXPM1 1
| #define HAVE_LOG1P 1
| #define HAVE_LOG2 1
| #define HAVE_DECL_RTLD_LAZY 1
| #define HAVE_DECL_RTLD_NOW 1
| #define HAVE_DECL_RTLD_GLOBAL 1
| #define HAVE_DECL_RTLD_LOCAL 1
| #define HAVE_DECL_RTLD_NODELETE 1
| #define HAVE_DECL_RTLD_NOLOAD 1
| #define HAVE_DECL_RTLD_DEEPBIND 1
| #define HAVE_DECL_RTLD_MEMBER 0
| #define HAVE_WCHAR_H 1
| #define SIZEOF_WCHAR_T 4
| #define HAVE_USABLE_WCHAR_T 1
| /* end confdefs.h.  */
| #ifndef __APPLE_CC__
| 	       not a universal capable compiler
| 	     #endif
| 	     typedef int dummy;
| 
configure:24167: cc -pthread -c -mabi=purecap -I/usr/local/include -I/usr/include conftest.c >&5
configure:24167: $? = 0
configure:24186: cc -pthread -c -mabi=purecap -I/usr/local/include -I/usr/include conftest.c >&5
conftest.c:427:4: error: use of undeclared identifier 'not'
                 not big endian
                 ^
1 error generated.
configure:24186: $? = 1
configure: failed program was:
| /* confdefs.h */
| #define _NETBSD_SOURCE 1
| #define __BSD_VISIBLE 1
| #define _DARWIN_C_SOURCE 1
| #define _PYTHONFRAMEWORK ""
| #define _XOPEN_SOURCE 700
| #define _XOPEN_SOURCE_EXTENDED 1
| #define _POSIX_C_SOURCE 200809L
| #define HAVE_STDIO_H 1
| #define HAVE_STDLIB_H 1
| #define HAVE_STRING_H 1
| #define HAVE_INTTYPES_H 1
| #define HAVE_STDINT_H 1
| #define HAVE_STRINGS_H 1
| #define HAVE_SYS_STAT_H 1
| #define HAVE_SYS_TYPES_H 1
| #define HAVE_UNISTD_H 1
| #define HAVE_WCHAR_H 1
| #define STDC_HEADERS 1
| #define _ALL_SOURCE 1
| #define _DARWIN_C_SOURCE 1
| #define _GNU_SOURCE 1
| #define _HPUX_ALT_XOPEN_SOCKET_API 1
| #define _NETBSD_SOURCE 1
| #define _OPENBSD_SOURCE 1
| #define _POSIX_PTHREAD_SEMANTICS 1
| #define __STDC_WANT_IEC_60559_ATTRIBS_EXT__ 1
| #define __STDC_WANT_IEC_60559_BFP_EXT__ 1
| #define __STDC_WANT_IEC_60559_DFP_EXT__ 1
| #define __STDC_WANT_IEC_60559_FUNCS_EXT__ 1
| #define __STDC_WANT_IEC_60559_TYPES_EXT__ 1
| #define __STDC_WANT_LIB_EXT2__ 1
| #define __STDC_WANT_MATH_SPEC_FUNCS__ 1
| #define _TANDEM_SOURCE 1
| #define __EXTENSIONS__ 1
| #define PY_SUPPORT_TIER 0
| #define Py_DEBUG 1
| #define STDC_HEADERS 1
| #define HAVE_BLUETOOTH_H 1
| #define HAVE_DLFCN_H 1
| #define HAVE_ENDIAN_H 1
| #define HAVE_ERRNO_H 1
| #define HAVE_FCNTL_H 1
| #define HAVE_GRP_H 1
| #define HAVE_IEEEFP_H 1
| #define HAVE_LANGINFO_H 1
| #define HAVE_LIBINTL_H 1
| #define HAVE_LIBUTIL_H 1
| #define HAVE_SYS_AUXV_H 1
| #define HAVE_NETDB_H 1
| #define HAVE_NET_ETHERNET_H 1
| #define HAVE_NETINET_IN_H 1
| #define HAVE_POLL_H 1
| #define HAVE_PTHREAD_H 1
| #define HAVE_SCHED_H 1
| #define HAVE_SETJMP_H 1
| #define HAVE_SIGNAL_H 1
| #define HAVE_SPAWN_H 1
| #define HAVE_SYS_ENDIAN_H 1
| #define HAVE_SYS_EVENT_H 1
| #define HAVE_SYS_EVENTFD_H 1
| #define HAVE_SYS_FILE_H 1
| #define HAVE_SYS_IOCTL_H 1
| #define HAVE_SYS_LOCK_H 1
| #define HAVE_SYS_MMAN_H 1
| #define HAVE_SYS_PARAM_H 1
| #define HAVE_SYS_POLL_H 1
| #define HAVE_SYS_RANDOM_H 1
| #define HAVE_SYS_RESOURCE_H 1
| #define HAVE_SYS_SELECT_H 1
| #define HAVE_SYS_SOCKET_H 1
| #define HAVE_SYS_SOUNDCARD_H 1
| #define HAVE_SYS_STAT_H 1
| #define HAVE_SYS_STATVFS_H 1
| #define HAVE_SYS_SYSCALL_H 1
| #define HAVE_SYS_TIME_H 1
| #define HAVE_SYS_TIMES_H 1
| #define HAVE_SYS_TYPES_H 1
| #define HAVE_SYS_UIO_H 1
| #define HAVE_SYS_UN_H 1
| #define HAVE_SYS_UTSNAME_H 1
| #define HAVE_SYS_WAIT_H 1
| #define HAVE_SYSEXITS_H 1
| #define HAVE_SYSLOG_H 1
| #define HAVE_TERMIOS_H 1
| #define HAVE_UTIME_H 1
| #define HAVE_DIRENT_H 1
| #define HAVE_NET_IF_H 1
| #define HAVE_MAKEDEV 1
| #define _LARGEFILE_SOURCE 1
| #define _FILE_OFFSET_BITS 64
| #if defined(SCO_DS)
| #undef _OFF_T
| #endif
| #define RETSIGTYPE void
| #define HAVE_SSIZE_T 1
| #define HAVE_GCC_UINT128_T 1
| #define SIZEOF_INT 4
| #define SIZEOF_LONG 8
| #define ALIGNOF_LONG 8
| #define SIZEOF_LONG_LONG 8
| #define SIZEOF_VOID_P 16
| #define SIZEOF_SHORT 2
| #define SIZEOF_FLOAT 4
| #define SIZEOF_DOUBLE 8
| #define SIZEOF_FPOS_T 8
| #define SIZEOF_SIZE_T 8
| #define ALIGNOF_SIZE_T 8
| #define SIZEOF_PID_T 4
| #define SIZEOF_UINTPTR_T 16
| #define ALIGNOF_MAX_ALIGN_T 16
| #define HAVE_LONG_DOUBLE 1
| #define SIZEOF_LONG_DOUBLE 16
| #define SIZEOF__BOOL 1
| #define SIZEOF_OFF_T 8
| #define SIZEOF_TIME_T 8
| #define SIZEOF_PTHREAD_T 16
| #define SIZEOF_PTHREAD_KEY_T 4
| #define PTHREAD_KEY_T_IS_COMPATIBLE_WITH_INT 1
| #define HAVE_LIBDL 1
| #define HAVE_UUID_H 1
| #define HAVE_UUID_CREATE 1
| #define HAVE_UUID_ENC_BE 1
| #define WITH_LIBINTL 1
| #define HAVE_FFI_PREP_CIF_VAR 1
| #define HAVE_FFI_PREP_CLOSURE_LOC 1
| #define HAVE_FFI_CLOSURE_ALLOC 1
| #define WITH_DECIMAL_CONTEXTVAR 1
| #define HAVE_RPC_RPC_H 1
| #define HAVE_LIBSQLITE3 1
| #define HAVE_LIBSQLITE3 1
| #define HAVE_LIBSQLITE3 1
| #define HAVE_LIBSQLITE3 1
| #define HAVE_LIBSQLITE3 1
| #define HAVE_LIBSQLITE3 1
| #define HAVE_LIBSQLITE3 1
| #define HAVE_LIBSQLITE3 1
| #define HAVE_LIBSQLITE3 1
| #define PY_SQLITE_HAVE_SERIALIZE 1
| #define HAVE_GDBM_H 1
| #define HAVE_NDBM_H 1
| #define HAVE_DB_H 1
| #define PTHREAD_SYSTEM_SCHED_SUPPORTED 1
| #define HAVE_PTHREAD_SIGMASK 1
| #define HAVE_PTHREAD_GETCPUCLOCKID 1
| #define ENABLE_IPV6 1
| #define WITH_DOC_STRINGS 1
| #define WITH_PYMALLOC 1
| #define WITH_FREELISTS 1
| #define PY_COERCE_C_LOCALE 1
| #define HAVE_DLOPEN 1
| #define HAVE_DYNAMIC_LOADING 1
| #define HAVE_ACCEPT4 1
| #define HAVE_ALARM 1
| #define HAVE_BIND_TEXTDOMAIN_CODESET 1
| #define HAVE_CHMOD 1
| #define HAVE_CHOWN 1
| #define HAVE_CLOCK 1
| #define HAVE_CLOSE_RANGE 1
| #define HAVE_CONFSTR 1
| #define HAVE_COPY_FILE_RANGE 1
| #define HAVE_CTERMID 1
| #define HAVE_DUP 1
| #define HAVE_DUP3 1
| #define HAVE_EXECV 1
| #define HAVE_EXPLICIT_BZERO 1
| #define HAVE_FACCESSAT 1
| #define HAVE_FCHMOD 1
| #define HAVE_FCHMODAT 1
| #define HAVE_FCHOWN 1
| #define HAVE_FCHOWNAT 1
| #define HAVE_FDOPENDIR 1
| #define HAVE_FEXECVE 1
| #define HAVE_FORK 1
| #define HAVE_FPATHCONF 1
| #define HAVE_FSTATAT 1
| #define HAVE_FTRUNCATE 1
| #define HAVE_FUTIMENS 1
| #define HAVE_FUTIMES 1
| #define HAVE_FUTIMESAT 1
| #define HAVE_GAI_STRERROR 1
| #define HAVE_GETEGID 1
| #define HAVE_GETENTROPY 1
| #define HAVE_GETEUID 1
| #define HAVE_GETGID 1
| #define HAVE_GETGRGID 1
| #define HAVE_GETGRGID_R 1
| #define HAVE_GETGRNAM_R 1
| #define HAVE_GETGROUPLIST 1
| #define HAVE_GETGROUPS 1
| #define HAVE_GETHOSTNAME 1
| #define HAVE_GETITIMER 1
| #define HAVE_GETLOADAVG 1
| #define HAVE_GETLOGIN 1
| #define HAVE_GETPEERNAME 1
| #define HAVE_GETPGID 1
| #define HAVE_GETPID 1
| #define HAVE_GETPPID 1
| #define HAVE_GETPRIORITY 1
| #define HAVE_GETPWENT 1
| #define HAVE_GETPWNAM_R 1
| #define HAVE_GETPWUID 1
| #define HAVE_GETPWUID_R 1
| #define HAVE_GETRESGID 1
| #define HAVE_GETRESUID 1
| #define HAVE_GETRUSAGE 1
| #define HAVE_GETSID 1
| #define HAVE_GETUID 1
| #define HAVE_GETWD 1
| #define HAVE_IF_NAMEINDEX 1
| #define HAVE_INITGROUPS 1
| #define HAVE_KILL 1
| #define HAVE_KILLPG 1
| #define HAVE_LCHOWN 1
| #define HAVE_LINKAT 1
| #define HAVE_LOCKF 1
| #define HAVE_LSTAT 1
| #define HAVE_LUTIMES 1
| #define HAVE_MADVISE 1
| #define HAVE_MBRTOWC 1
| #define HAVE_MEMRCHR 1
| #define HAVE_MKDIRAT 1
| #define HAVE_MKFIFO 1
| #define HAVE_MKFIFOAT 1
| #define HAVE_MKNOD 1
| #define HAVE_MKNODAT 1
| #define HAVE_MKTIME 1
| #define HAVE_MMAP 1
| #define HAVE_NICE 1
| #define HAVE_OPENAT 1
| #define HAVE_OPENDIR 1
| #define HAVE_PATHCONF 1
| #define HAVE_PAUSE 1
| #define HAVE_PIPE 1
| #define HAVE_PIPE2 1
| #define HAVE_POLL 1
| #define HAVE_POSIX_FADVISE 1
| #define HAVE_POSIX_FALLOCATE 1
| #define HAVE_POSIX_SPAWN 1
| #define HAVE_POSIX_SPAWNP 1
| #define HAVE_PREAD 1
| #define HAVE_PREADV 1
| #define HAVE_PTHREAD_CONDATTR_SETCLOCK 1
| #define HAVE_PTHREAD_KILL 1
| #define HAVE_PWRITE 1
| #define HAVE_PWRITEV 1
| #define HAVE_READLINK 1
| #define HAVE_READLINKAT 1
| #define HAVE_READV 1
| #define HAVE_REALPATH 1
| #define HAVE_RENAMEAT 1
| #define HAVE_SCHED_GET_PRIORITY_MAX 1
| #define HAVE_SCHED_RR_GET_INTERVAL 1
| #define HAVE_SCHED_SETAFFINITY 1
| #define HAVE_SCHED_SETPARAM 1
| #define HAVE_SCHED_SETSCHEDULER 1
| #define HAVE_SEM_GETVALUE 1
| #define HAVE_SEM_OPEN 1
| #define HAVE_SEM_TIMEDWAIT 1
| #define HAVE_SEM_UNLINK 1
| #define HAVE_SENDFILE 1
| #define HAVE_SETEGID 1
| #define HAVE_SETEUID 1
| #define HAVE_SETGID 1
| #define HAVE_SETHOSTNAME 1
| #define HAVE_SETITIMER 1
| #define HAVE_SETLOCALE 1
| #define HAVE_SETPGID 1
| #define HAVE_SETPGRP 1
| #define HAVE_SETPRIORITY 1
| #define HAVE_SETREGID 1
| #define HAVE_SETRESGID 1
| #define HAVE_SETRESUID 1
| #define HAVE_SETREUID 1
| #define HAVE_SETSID 1
| #define HAVE_SETUID 1
| #define HAVE_SETVBUF 1
| #define HAVE_SHUTDOWN 1
| #define HAVE_SIGACTION 1
| #define HAVE_SIGALTSTACK 1
| #define HAVE_SIGFILLSET 1
| #define HAVE_SIGINTERRUPT 1
| #define HAVE_SIGPENDING 1
| #define HAVE_SIGRELSE 1
| #define HAVE_SIGTIMEDWAIT 1
| #define HAVE_SIGWAIT 1
| #define HAVE_SIGWAITINFO 1
| #define HAVE_SNPRINTF 1
| #define HAVE_STRFTIME 1
| #define HAVE_STRLCPY 1
| #define HAVE_STRSIGNAL 1
| #define HAVE_SYMLINKAT 1
| #define HAVE_SYNC 1
| #define HAVE_SYSCONF 1
| #define HAVE_SYSTEM 1
| #define HAVE_TCGETPGRP 1
| #define HAVE_TCSETPGRP 1
| #define HAVE_TEMPNAM 1
| #define HAVE_TIMEGM 1
| #define HAVE_TIMES 1
| #define HAVE_TMPFILE 1
| #define HAVE_TMPNAM 1
| #define HAVE_TRUNCATE 1
| #define HAVE_TTYNAME 1
| #define HAVE_UMASK 1
| #define HAVE_UNAME 1
| #define HAVE_UNLINKAT 1
| #define HAVE_UTIMENSAT 1
| #define HAVE_UTIMES 1
| #define HAVE_VFORK 1
| #define HAVE_WAIT 1
| #define HAVE_WAIT3 1
| #define HAVE_WAIT4 1
| #define HAVE_WAITID 1
| #define HAVE_WAITPID 1
| #define HAVE_WCSCOLL 1
| #define HAVE_WCSFTIME 1
| #define HAVE_WCSXFRM 1
| #define HAVE_WMEMCMP 1
| #define HAVE_WRITEV 1
| #define HAVE_LCHMOD 1
| #define HAVE_DIRFD 1
| #define HAVE_CHROOT 1
| #define HAVE_LINK 1
| #define HAVE_SYMLINK 1
| #define HAVE_FCHDIR 1
| #define HAVE_FSYNC 1
| #define HAVE_FDATASYNC 1
| #define HAVE_KQUEUE 1
| #define HAVE_MEMFD_CREATE 1
| #define HAVE_EVENTFD 1
| #define HAVE_CTERMID_R 1
| #define HAVE_FLOCK 1
| #define HAVE_GETPAGESIZE 1
| #define HAVE_CHFLAGS 1
| #define HAVE_LCHFLAGS 1
| #define HAVE_ZLIB_COPY 1
| #define HAVE_BZLIB_H 1
| #define HAVE_HSTRERROR 1
| #define HAVE_GETSERVBYNAME 1
| #define HAVE_GETSERVBYPORT 1
| #define HAVE_GETHOSTBYNAME 1
| #define HAVE_GETHOSTBYADDR 1
| #define HAVE_GETPROTOBYNAME 1
| #define HAVE_INET_ATON 1
| #define HAVE_INET_NTOA 1
| #define HAVE_INET_PTON 1
| #define HAVE_GETPEERNAME 1
| #define HAVE_GETSOCKNAME 1
| #define HAVE_ACCEPT 1
| #define HAVE_BIND 1
| #define HAVE_CONNECT 1
| #define HAVE_LISTEN 1
| #define HAVE_RECVFROM 1
| #define HAVE_SENDTO 1
| #define HAVE_SETSOCKOPT 1
| #define HAVE_SOCKET 1
| #define HAVE_SETGROUPS 1
| #define HAVE_OPENPTY 1
| #define HAVE_LOGIN_TTY 1
| #define HAVE_FORKPTY 1
| #define HAVE_FSEEKO 1
| #define HAVE_FSTATVFS 1
| #define HAVE_FTELLO 1
| #define HAVE_STATVFS 1
| #define HAVE_DUP2 1
| #define HAVE_GETPGRP 1
| #define HAVE_SETPGRP 1
| #define SETPGRP_HAVE_ARG 1
| #define HAVE_CRYPT_R 1
| #define HAVE_CLOCK_GETTIME 1
| #define HAVE_CLOCK_GETRES 1
| #define HAVE_CLOCK_SETTIME 1
| #define HAVE_CLOCK_NANOSLEEP 1
| #define HAVE_NANOSLEEP 1
| #define HAVE_DEVICE_MACROS 1
| #define SYS_SELECT_WITH_SYS_TIME 1
| #define HAVE_GETADDRINFO 1
| #define HAVE_GETNAMEINFO 1
| #define HAVE_STRUCT_TM_TM_ZONE 1
| #define HAVE_TM_ZONE 1
| #define HAVE_STRUCT_STAT_ST_RDEV 1
| #define HAVE_STRUCT_STAT_ST_BLKSIZE 1
| #define HAVE_STRUCT_STAT_ST_FLAGS 1
| #define HAVE_STRUCT_STAT_ST_GEN 1
| #define HAVE_STRUCT_STAT_ST_BIRTHTIME 1
| #define HAVE_STRUCT_STAT_ST_BLOCKS 1
| #define HAVE_STRUCT_PASSWD_PW_GECOS 1
| #define HAVE_STRUCT_PASSWD_PW_PASSWD 1
| #define HAVE_SIGINFO_T_SI_BAND 1
| #define HAVE_ADDRINFO 1
| #define HAVE_SOCKADDR_STORAGE 1
| #define HAVE_PROTOTYPES 1
| #define HAVE_SOCKETPAIR 1
| #define HAVE_SOCKADDR_SA_LEN 1
| #define HAVE_GETHOSTBYNAME_R 1
| #define HAVE_GETHOSTBYNAME_R 1
| #define HAVE_GETHOSTBYNAME_R_6_ARG 1
| #define DOUBLE_IS_LITTLE_ENDIAN_IEEE754 1
| #define HAVE_ACOSH 1
| #define HAVE_ASINH 1
| #define HAVE_ATANH 1
| #define HAVE_ERF 1
| #define HAVE_ERFC 1
| #define HAVE_EXPM1 1
| #define HAVE_LOG1P 1
| #define HAVE_LOG2 1
| #define HAVE_DECL_RTLD_LAZY 1
| #define HAVE_DECL_RTLD_NOW 1
| #define HAVE_DECL_RTLD_GLOBAL 1
| #define HAVE_DECL_RTLD_LOCAL 1
| #define HAVE_DECL_RTLD_NODELETE 1
| #define HAVE_DECL_RTLD_NOLOAD 1
| #define HAVE_DECL_RTLD_DEEPBIND 1
| #define HAVE_DECL_RTLD_MEMBER 0
| #define HAVE_WCHAR_H 1
| #define SIZEOF_WCHAR_T 4
| #define HAVE_USABLE_WCHAR_T 1
| /* end confdefs.h.  */
| #include <sys/types.h>
| 		#include <sys/param.h>
| 
| int
| main (void)
| {
| #if BYTE_ORDER != BIG_ENDIAN
| 		 not big endian
| 		#endif
| 
|   ;
|   return 0;
| }
configure:24320: result: no
configure:24355: checking ABIFLAGS
configure:24357: result: d
configure:24359: checking SOABI
configure:24362: result: cpython-312d
configure:24378: checking LDVERSION
configure:24381: result: $(VERSION)$(ABIFLAGS)
configure:24401: checking for --with-platlibdir
configure:24423: result: no
configure:24440: checking for --with-wheel-pkg-dir
configure:24456: result: no
configure:24463: checking whether right shift extends the sign bit
configure:24483: cc -pthread -o conftest -mabi=purecap -I/usr/local/include -I/usr/include -mabi=purecap -L/usr/local/lib -L/usr/lib -lmd -lcheri_caprevoke conftest.c -lintl -ldl  -lutil >&5
configure:24483: $? = 0
configure:24483: ./conftest
configure:24483: $? = 0
configure:24494: result: yes
configure:24504: checking for getc_unlocked() and friends
configure:24527: cc -pthread -o conftest -mabi=purecap -I/usr/local/include -I/usr/include -mabi=purecap -L/usr/local/lib -L/usr/lib -lmd -lcheri_caprevoke conftest.c -lintl -ldl  -lutil >&5
configure:24527: $? = 0
configure:24536: result: yes
configure:24576: checking for readline
configure:24583: $PKG_CONFIG --exists --print-errors "readline"
configure:24586: $? = 0
configure:24600: $PKG_CONFIG --exists --print-errors "readline"
configure:24603: $? = 0
configure:24791: result: yes
configure:25041: checking how to link readline
configure:25051: result: readline (CFLAGS: -I/usr/local/include, LIBS: -L/usr/local/lib -lreadline )
configure:25067: checking whether rl_completion_append_character is declared
configure:25067: cc -pthread -c -mabi=purecap -fno-builtin -I/usr/local/include -I/usr/include -I/usr/local/include conftest.c >&5
configure:25067: $? = 0
configure:25067: result: yes
configure:25086: checking whether rl_completion_suppress_append is declared
configure:25086: cc -pthread -c -mabi=purecap -fno-builtin -I/usr/local/include -I/usr/include -I/usr/local/include conftest.c >&5
configure:25086: $? = 0
configure:25086: result: yes
configure:25106: checking for rl_pre_input_hook in -lreadline
configure:25132: cc -pthread -o conftest -mabi=purecap -I/usr/local/include -I/usr/include -I/usr/local/include -mabi=purecap -L/usr/local/lib -L/usr/lib -lmd -lcheri_caprevoke conftest.c -L/usr/local/lib -lreadline  -lintl -ldl  -lutil >&5
configure:25132: $? = 0
configure:25143: result: yes
configure:25155: checking for rl_completion_display_matches_hook in -lreadline
configure:25181: cc -pthread -o conftest -mabi=purecap -I/usr/local/include -I/usr/include -I/usr/local/include -mabi=purecap -L/usr/local/lib -L/usr/lib -lmd -lcheri_caprevoke conftest.c -L/usr/local/lib -lreadline  -lintl -ldl  -lutil >&5
configure:25181: $? = 0
configure:25192: result: yes
configure:25204: checking for rl_resize_terminal in -lreadline
configure:25230: cc -pthread -o conftest -mabi=purecap -I/usr/local/include -I/usr/include -I/usr/local/include -mabi=purecap -L/usr/local/lib -L/usr/lib -lmd -lcheri_caprevoke conftest.c -L/usr/local/lib -lreadline  -lintl -ldl  -lutil >&5
configure:25230: $? = 0
configure:25241: result: yes
configure:25253: checking for rl_completion_matches in -lreadline
configure:25279: cc -pthread -o conftest -mabi=purecap -I/usr/local/include -I/usr/include -I/usr/local/include -mabi=purecap -L/usr/local/lib -L/usr/lib -lmd -lcheri_caprevoke conftest.c -L/usr/local/lib -lreadline  -lintl -ldl  -lutil >&5
configure:25279: $? = 0
configure:25290: result: yes
configure:25302: checking whether rl_catch_signals is declared
configure:25302: cc -pthread -c -mabi=purecap -fno-builtin -I/usr/local/include -I/usr/include -I/usr/local/include conftest.c >&5
configure:25302: $? = 0
configure:25302: result: yes
configure:25321: checking for append_history in -lreadline
configure:25347: cc -pthread -o conftest -mabi=purecap -I/usr/local/include -I/usr/include -I/usr/local/include -mabi=purecap -L/usr/local/lib -L/usr/lib -lmd -lcheri_caprevoke conftest.c -L/usr/local/lib -lreadline  -lintl -ldl  -lutil >&5
configure:25347: $? = 0
configure:25358: result: yes
configure:25370: checking for rl_compdisp_func_t
configure:25370: cc -pthread -c -mabi=purecap -I/usr/local/include -I/usr/include -I/usr/local/include conftest.c >&5
configure:25370: $? = 0
configure:25370: cc -pthread -c -mabi=purecap -I/usr/local/include -I/usr/include -I/usr/local/include conftest.c >&5
conftest.c:443:33: error: expected expression
if (sizeof ((rl_compdisp_func_t)))
                                ^
1 error generated.
configure:25370: $? = 1
configure: failed program was:
| /* confdefs.h */
| #define _NETBSD_SOURCE 1
| #define __BSD_VISIBLE 1
| #define _DARWIN_C_SOURCE 1
| #define _PYTHONFRAMEWORK ""
| #define _XOPEN_SOURCE 700
| #define _XOPEN_SOURCE_EXTENDED 1
| #define _POSIX_C_SOURCE 200809L
| #define HAVE_STDIO_H 1
| #define HAVE_STDLIB_H 1
| #define HAVE_STRING_H 1
| #define HAVE_INTTYPES_H 1
| #define HAVE_STDINT_H 1
| #define HAVE_STRINGS_H 1
| #define HAVE_SYS_STAT_H 1
| #define HAVE_SYS_TYPES_H 1
| #define HAVE_UNISTD_H 1
| #define HAVE_WCHAR_H 1
| #define STDC_HEADERS 1
| #define _ALL_SOURCE 1
| #define _DARWIN_C_SOURCE 1
| #define _GNU_SOURCE 1
| #define _HPUX_ALT_XOPEN_SOCKET_API 1
| #define _NETBSD_SOURCE 1
| #define _OPENBSD_SOURCE 1
| #define _POSIX_PTHREAD_SEMANTICS 1
| #define __STDC_WANT_IEC_60559_ATTRIBS_EXT__ 1
| #define __STDC_WANT_IEC_60559_BFP_EXT__ 1
| #define __STDC_WANT_IEC_60559_DFP_EXT__ 1
| #define __STDC_WANT_IEC_60559_FUNCS_EXT__ 1
| #define __STDC_WANT_IEC_60559_TYPES_EXT__ 1
| #define __STDC_WANT_LIB_EXT2__ 1
| #define __STDC_WANT_MATH_SPEC_FUNCS__ 1
| #define _TANDEM_SOURCE 1
| #define __EXTENSIONS__ 1
| #define PY_SUPPORT_TIER 0
| #define Py_DEBUG 1
| #define STDC_HEADERS 1
| #define HAVE_BLUETOOTH_H 1
| #define HAVE_DLFCN_H 1
| #define HAVE_ENDIAN_H 1
| #define HAVE_ERRNO_H 1
| #define HAVE_FCNTL_H 1
| #define HAVE_GRP_H 1
| #define HAVE_IEEEFP_H 1
| #define HAVE_LANGINFO_H 1
| #define HAVE_LIBINTL_H 1
| #define HAVE_LIBUTIL_H 1
| #define HAVE_SYS_AUXV_H 1
| #define HAVE_NETDB_H 1
| #define HAVE_NET_ETHERNET_H 1
| #define HAVE_NETINET_IN_H 1
| #define HAVE_POLL_H 1
| #define HAVE_PTHREAD_H 1
| #define HAVE_SCHED_H 1
| #define HAVE_SETJMP_H 1
| #define HAVE_SIGNAL_H 1
| #define HAVE_SPAWN_H 1
| #define HAVE_SYS_ENDIAN_H 1
| #define HAVE_SYS_EVENT_H 1
| #define HAVE_SYS_EVENTFD_H 1
| #define HAVE_SYS_FILE_H 1
| #define HAVE_SYS_IOCTL_H 1
| #define HAVE_SYS_LOCK_H 1
| #define HAVE_SYS_MMAN_H 1
| #define HAVE_SYS_PARAM_H 1
| #define HAVE_SYS_POLL_H 1
| #define HAVE_SYS_RANDOM_H 1
| #define HAVE_SYS_RESOURCE_H 1
| #define HAVE_SYS_SELECT_H 1
| #define HAVE_SYS_SOCKET_H 1
| #define HAVE_SYS_SOUNDCARD_H 1
| #define HAVE_SYS_STAT_H 1
| #define HAVE_SYS_STATVFS_H 1
| #define HAVE_SYS_SYSCALL_H 1
| #define HAVE_SYS_TIME_H 1
| #define HAVE_SYS_TIMES_H 1
| #define HAVE_SYS_TYPES_H 1
| #define HAVE_SYS_UIO_H 1
| #define HAVE_SYS_UN_H 1
| #define HAVE_SYS_UTSNAME_H 1
| #define HAVE_SYS_WAIT_H 1
| #define HAVE_SYSEXITS_H 1
| #define HAVE_SYSLOG_H 1
| #define HAVE_TERMIOS_H 1
| #define HAVE_UTIME_H 1
| #define HAVE_DIRENT_H 1
| #define HAVE_NET_IF_H 1
| #define HAVE_MAKEDEV 1
| #define _LARGEFILE_SOURCE 1
| #define _FILE_OFFSET_BITS 64
| #if defined(SCO_DS)
| #undef _OFF_T
| #endif
| #define RETSIGTYPE void
| #define HAVE_SSIZE_T 1
| #define HAVE_GCC_UINT128_T 1
| #define SIZEOF_INT 4
| #define SIZEOF_LONG 8
| #define ALIGNOF_LONG 8
| #define SIZEOF_LONG_LONG 8
| #define SIZEOF_VOID_P 16
| #define SIZEOF_SHORT 2
| #define SIZEOF_FLOAT 4
| #define SIZEOF_DOUBLE 8
| #define SIZEOF_FPOS_T 8
| #define SIZEOF_SIZE_T 8
| #define ALIGNOF_SIZE_T 8
| #define SIZEOF_PID_T 4
| #define SIZEOF_UINTPTR_T 16
| #define ALIGNOF_MAX_ALIGN_T 16
| #define HAVE_LONG_DOUBLE 1
| #define SIZEOF_LONG_DOUBLE 16
| #define SIZEOF__BOOL 1
| #define SIZEOF_OFF_T 8
| #define SIZEOF_TIME_T 8
| #define SIZEOF_PTHREAD_T 16
| #define SIZEOF_PTHREAD_KEY_T 4
| #define PTHREAD_KEY_T_IS_COMPATIBLE_WITH_INT 1
| #define HAVE_LIBDL 1
| #define HAVE_UUID_H 1
| #define HAVE_UUID_CREATE 1
| #define HAVE_UUID_ENC_BE 1
| #define WITH_LIBINTL 1
| #define HAVE_FFI_PREP_CIF_VAR 1
| #define HAVE_FFI_PREP_CLOSURE_LOC 1
| #define HAVE_FFI_CLOSURE_ALLOC 1
| #define WITH_DECIMAL_CONTEXTVAR 1
| #define HAVE_RPC_RPC_H 1
| #define HAVE_LIBSQLITE3 1
| #define HAVE_LIBSQLITE3 1
| #define HAVE_LIBSQLITE3 1
| #define HAVE_LIBSQLITE3 1
| #define HAVE_LIBSQLITE3 1
| #define HAVE_LIBSQLITE3 1
| #define HAVE_LIBSQLITE3 1
| #define HAVE_LIBSQLITE3 1
| #define HAVE_LIBSQLITE3 1
| #define PY_SQLITE_HAVE_SERIALIZE 1
| #define HAVE_GDBM_H 1
| #define HAVE_NDBM_H 1
| #define HAVE_DB_H 1
| #define PTHREAD_SYSTEM_SCHED_SUPPORTED 1
| #define HAVE_PTHREAD_SIGMASK 1
| #define HAVE_PTHREAD_GETCPUCLOCKID 1
| #define ENABLE_IPV6 1
| #define WITH_DOC_STRINGS 1
| #define WITH_PYMALLOC 1
| #define WITH_FREELISTS 1
| #define PY_COERCE_C_LOCALE 1
| #define HAVE_DLOPEN 1
| #define HAVE_DYNAMIC_LOADING 1
| #define HAVE_ACCEPT4 1
| #define HAVE_ALARM 1
| #define HAVE_BIND_TEXTDOMAIN_CODESET 1
| #define HAVE_CHMOD 1
| #define HAVE_CHOWN 1
| #define HAVE_CLOCK 1
| #define HAVE_CLOSE_RANGE 1
| #define HAVE_CONFSTR 1
| #define HAVE_COPY_FILE_RANGE 1
| #define HAVE_CTERMID 1
| #define HAVE_DUP 1
| #define HAVE_DUP3 1
| #define HAVE_EXECV 1
| #define HAVE_EXPLICIT_BZERO 1
| #define HAVE_FACCESSAT 1
| #define HAVE_FCHMOD 1
| #define HAVE_FCHMODAT 1
| #define HAVE_FCHOWN 1
| #define HAVE_FCHOWNAT 1
| #define HAVE_FDOPENDIR 1
| #define HAVE_FEXECVE 1
| #define HAVE_FORK 1
| #define HAVE_FPATHCONF 1
| #define HAVE_FSTATAT 1
| #define HAVE_FTRUNCATE 1
| #define HAVE_FUTIMENS 1
| #define HAVE_FUTIMES 1
| #define HAVE_FUTIMESAT 1
| #define HAVE_GAI_STRERROR 1
| #define HAVE_GETEGID 1
| #define HAVE_GETENTROPY 1
| #define HAVE_GETEUID 1
| #define HAVE_GETGID 1
| #define HAVE_GETGRGID 1
| #define HAVE_GETGRGID_R 1
| #define HAVE_GETGRNAM_R 1
| #define HAVE_GETGROUPLIST 1
| #define HAVE_GETGROUPS 1
| #define HAVE_GETHOSTNAME 1
| #define HAVE_GETITIMER 1
| #define HAVE_GETLOADAVG 1
| #define HAVE_GETLOGIN 1
| #define HAVE_GETPEERNAME 1
| #define HAVE_GETPGID 1
| #define HAVE_GETPID 1
| #define HAVE_GETPPID 1
| #define HAVE_GETPRIORITY 1
| #define HAVE_GETPWENT 1
| #define HAVE_GETPWNAM_R 1
| #define HAVE_GETPWUID 1
| #define HAVE_GETPWUID_R 1
| #define HAVE_GETRESGID 1
| #define HAVE_GETRESUID 1
| #define HAVE_GETRUSAGE 1
| #define HAVE_GETSID 1
| #define HAVE_GETUID 1
| #define HAVE_GETWD 1
| #define HAVE_IF_NAMEINDEX 1
| #define HAVE_INITGROUPS 1
| #define HAVE_KILL 1
| #define HAVE_KILLPG 1
| #define HAVE_LCHOWN 1
| #define HAVE_LINKAT 1
| #define HAVE_LOCKF 1
| #define HAVE_LSTAT 1
| #define HAVE_LUTIMES 1
| #define HAVE_MADVISE 1
| #define HAVE_MBRTOWC 1
| #define HAVE_MEMRCHR 1
| #define HAVE_MKDIRAT 1
| #define HAVE_MKFIFO 1
| #define HAVE_MKFIFOAT 1
| #define HAVE_MKNOD 1
| #define HAVE_MKNODAT 1
| #define HAVE_MKTIME 1
| #define HAVE_MMAP 1
| #define HAVE_NICE 1
| #define HAVE_OPENAT 1
| #define HAVE_OPENDIR 1
| #define HAVE_PATHCONF 1
| #define HAVE_PAUSE 1
| #define HAVE_PIPE 1
| #define HAVE_PIPE2 1
| #define HAVE_POLL 1
| #define HAVE_POSIX_FADVISE 1
| #define HAVE_POSIX_FALLOCATE 1
| #define HAVE_POSIX_SPAWN 1
| #define HAVE_POSIX_SPAWNP 1
| #define HAVE_PREAD 1
| #define HAVE_PREADV 1
| #define HAVE_PTHREAD_CONDATTR_SETCLOCK 1
| #define HAVE_PTHREAD_KILL 1
| #define HAVE_PWRITE 1
| #define HAVE_PWRITEV 1
| #define HAVE_READLINK 1
| #define HAVE_READLINKAT 1
| #define HAVE_READV 1
| #define HAVE_REALPATH 1
| #define HAVE_RENAMEAT 1
| #define HAVE_SCHED_GET_PRIORITY_MAX 1
| #define HAVE_SCHED_RR_GET_INTERVAL 1
| #define HAVE_SCHED_SETAFFINITY 1
| #define HAVE_SCHED_SETPARAM 1
| #define HAVE_SCHED_SETSCHEDULER 1
| #define HAVE_SEM_GETVALUE 1
| #define HAVE_SEM_OPEN 1
| #define HAVE_SEM_TIMEDWAIT 1
| #define HAVE_SEM_UNLINK 1
| #define HAVE_SENDFILE 1
| #define HAVE_SETEGID 1
| #define HAVE_SETEUID 1
| #define HAVE_SETGID 1
| #define HAVE_SETHOSTNAME 1
| #define HAVE_SETITIMER 1
| #define HAVE_SETLOCALE 1
| #define HAVE_SETPGID 1
| #define HAVE_SETPGRP 1
| #define HAVE_SETPRIORITY 1
| #define HAVE_SETREGID 1
| #define HAVE_SETRESGID 1
| #define HAVE_SETRESUID 1
| #define HAVE_SETREUID 1
| #define HAVE_SETSID 1
| #define HAVE_SETUID 1
| #define HAVE_SETVBUF 1
| #define HAVE_SHUTDOWN 1
| #define HAVE_SIGACTION 1
| #define HAVE_SIGALTSTACK 1
| #define HAVE_SIGFILLSET 1
| #define HAVE_SIGINTERRUPT 1
| #define HAVE_SIGPENDING 1
| #define HAVE_SIGRELSE 1
| #define HAVE_SIGTIMEDWAIT 1
| #define HAVE_SIGWAIT 1
| #define HAVE_SIGWAITINFO 1
| #define HAVE_SNPRINTF 1
| #define HAVE_STRFTIME 1
| #define HAVE_STRLCPY 1
| #define HAVE_STRSIGNAL 1
| #define HAVE_SYMLINKAT 1
| #define HAVE_SYNC 1
| #define HAVE_SYSCONF 1
| #define HAVE_SYSTEM 1
| #define HAVE_TCGETPGRP 1
| #define HAVE_TCSETPGRP 1
| #define HAVE_TEMPNAM 1
| #define HAVE_TIMEGM 1
| #define HAVE_TIMES 1
| #define HAVE_TMPFILE 1
| #define HAVE_TMPNAM 1
| #define HAVE_TRUNCATE 1
| #define HAVE_TTYNAME 1
| #define HAVE_UMASK 1
| #define HAVE_UNAME 1
| #define HAVE_UNLINKAT 1
| #define HAVE_UTIMENSAT 1
| #define HAVE_UTIMES 1
| #define HAVE_VFORK 1
| #define HAVE_WAIT 1
| #define HAVE_WAIT3 1
| #define HAVE_WAIT4 1
| #define HAVE_WAITID 1
| #define HAVE_WAITPID 1
| #define HAVE_WCSCOLL 1
| #define HAVE_WCSFTIME 1
| #define HAVE_WCSXFRM 1
| #define HAVE_WMEMCMP 1
| #define HAVE_WRITEV 1
| #define HAVE_LCHMOD 1
| #define HAVE_DIRFD 1
| #define HAVE_CHROOT 1
| #define HAVE_LINK 1
| #define HAVE_SYMLINK 1
| #define HAVE_FCHDIR 1
| #define HAVE_FSYNC 1
| #define HAVE_FDATASYNC 1
| #define HAVE_KQUEUE 1
| #define HAVE_MEMFD_CREATE 1
| #define HAVE_EVENTFD 1
| #define HAVE_CTERMID_R 1
| #define HAVE_FLOCK 1
| #define HAVE_GETPAGESIZE 1
| #define HAVE_CHFLAGS 1
| #define HAVE_LCHFLAGS 1
| #define HAVE_ZLIB_COPY 1
| #define HAVE_BZLIB_H 1
| #define HAVE_HSTRERROR 1
| #define HAVE_GETSERVBYNAME 1
| #define HAVE_GETSERVBYPORT 1
| #define HAVE_GETHOSTBYNAME 1
| #define HAVE_GETHOSTBYADDR 1
| #define HAVE_GETPROTOBYNAME 1
| #define HAVE_INET_ATON 1
| #define HAVE_INET_NTOA 1
| #define HAVE_INET_PTON 1
| #define HAVE_GETPEERNAME 1
| #define HAVE_GETSOCKNAME 1
| #define HAVE_ACCEPT 1
| #define HAVE_BIND 1
| #define HAVE_CONNECT 1
| #define HAVE_LISTEN 1
| #define HAVE_RECVFROM 1
| #define HAVE_SENDTO 1
| #define HAVE_SETSOCKOPT 1
| #define HAVE_SOCKET 1
| #define HAVE_SETGROUPS 1
| #define HAVE_OPENPTY 1
| #define HAVE_LOGIN_TTY 1
| #define HAVE_FORKPTY 1
| #define HAVE_FSEEKO 1
| #define HAVE_FSTATVFS 1
| #define HAVE_FTELLO 1
| #define HAVE_STATVFS 1
| #define HAVE_DUP2 1
| #define HAVE_GETPGRP 1
| #define HAVE_SETPGRP 1
| #define SETPGRP_HAVE_ARG 1
| #define HAVE_CRYPT_R 1
| #define HAVE_CLOCK_GETTIME 1
| #define HAVE_CLOCK_GETRES 1
| #define HAVE_CLOCK_SETTIME 1
| #define HAVE_CLOCK_NANOSLEEP 1
| #define HAVE_NANOSLEEP 1
| #define HAVE_DEVICE_MACROS 1
| #define SYS_SELECT_WITH_SYS_TIME 1
| #define HAVE_GETADDRINFO 1
| #define HAVE_GETNAMEINFO 1
| #define HAVE_STRUCT_TM_TM_ZONE 1
| #define HAVE_TM_ZONE 1
| #define HAVE_STRUCT_STAT_ST_RDEV 1
| #define HAVE_STRUCT_STAT_ST_BLKSIZE 1
| #define HAVE_STRUCT_STAT_ST_FLAGS 1
| #define HAVE_STRUCT_STAT_ST_GEN 1
| #define HAVE_STRUCT_STAT_ST_BIRTHTIME 1
| #define HAVE_STRUCT_STAT_ST_BLOCKS 1
| #define HAVE_STRUCT_PASSWD_PW_GECOS 1
| #define HAVE_STRUCT_PASSWD_PW_PASSWD 1
| #define HAVE_SIGINFO_T_SI_BAND 1
| #define HAVE_ADDRINFO 1
| #define HAVE_SOCKADDR_STORAGE 1
| #define HAVE_PROTOTYPES 1
| #define HAVE_SOCKETPAIR 1
| #define HAVE_SOCKADDR_SA_LEN 1
| #define HAVE_GETHOSTBYNAME_R 1
| #define HAVE_GETHOSTBYNAME_R 1
| #define HAVE_GETHOSTBYNAME_R_6_ARG 1
| #define DOUBLE_IS_LITTLE_ENDIAN_IEEE754 1
| #define HAVE_ACOSH 1
| #define HAVE_ASINH 1
| #define HAVE_ATANH 1
| #define HAVE_ERF 1
| #define HAVE_ERFC 1
| #define HAVE_EXPM1 1
| #define HAVE_LOG1P 1
| #define HAVE_LOG2 1
| #define HAVE_DECL_RTLD_LAZY 1
| #define HAVE_DECL_RTLD_NOW 1
| #define HAVE_DECL_RTLD_GLOBAL 1
| #define HAVE_DECL_RTLD_LOCAL 1
| #define HAVE_DECL_RTLD_NODELETE 1
| #define HAVE_DECL_RTLD_NOLOAD 1
| #define HAVE_DECL_RTLD_DEEPBIND 1
| #define HAVE_DECL_RTLD_MEMBER 0
| #define HAVE_WCHAR_H 1
| #define SIZEOF_WCHAR_T 4
| #define HAVE_USABLE_WCHAR_T 1
| #define ALT_SOABI "cpython-312"
| #define HAVE_GETC_UNLOCKED 1
| #define HAVE_RL_COMPLETION_APPEND_CHARACTER 1
| #define HAVE_RL_COMPLETION_SUPPRESS_APPEND 1
| #define HAVE_RL_PRE_INPUT_HOOK 1
| #define HAVE_RL_COMPLETION_DISPLAY_MATCHES_HOOK 1
| #define HAVE_RL_RESIZE_TERMINAL 1
| #define HAVE_RL_COMPLETION_MATCHES 1
| #define HAVE_RL_CATCH_SIGNAL 1
| #define HAVE_RL_APPEND_HISTORY 1
| /* end confdefs.h.  */
| 
|       #include <stdio.h> /* Must be first for Gnu Readline */
|       #ifdef WITH_EDITLINE
|       # include <editline/readline.h>
|       #else
|       # include <readline/readline.h>
|       # include <readline/history.h>
|       #endif
| 
| 
| int
| main (void)
| {
| if (sizeof ((rl_compdisp_func_t)))
| 	    return 0;
|   ;
|   return 0;
| }
configure:25370: result: yes
configure:25398: checking for broken nice()
configure:25423: cc -pthread -o conftest -mabi=purecap -I/usr/local/include -I/usr/include -mabi=purecap -L/usr/local/lib -L/usr/lib -lmd -lcheri_caprevoke conftest.c -lintl -ldl  -lutil >&5
configure:25423: $? = 0
configure:25423: ./conftest
configure:25423: $? = 0
configure:25434: result: yes
configure:25443: checking for broken poll()
configure:25476: cc -pthread -o conftest -mabi=purecap -I/usr/local/include -I/usr/include -mabi=purecap -L/usr/local/lib -L/usr/lib -lmd -lcheri_caprevoke conftest.c -lintl -ldl  -lutil >&5
configure:25476: $? = 0
configure:25476: ./conftest
configure:25476: $? = 1
configure: program exited with status 1
configure: failed program was:
| /* confdefs.h */
| #define _NETBSD_SOURCE 1
| #define __BSD_VISIBLE 1
| #define _DARWIN_C_SOURCE 1
| #define _PYTHONFRAMEWORK ""
| #define _XOPEN_SOURCE 700
| #define _XOPEN_SOURCE_EXTENDED 1
| #define _POSIX_C_SOURCE 200809L
| #define HAVE_STDIO_H 1
| #define HAVE_STDLIB_H 1
| #define HAVE_STRING_H 1
| #define HAVE_INTTYPES_H 1
| #define HAVE_STDINT_H 1
| #define HAVE_STRINGS_H 1
| #define HAVE_SYS_STAT_H 1
| #define HAVE_SYS_TYPES_H 1
| #define HAVE_UNISTD_H 1
| #define HAVE_WCHAR_H 1
| #define STDC_HEADERS 1
| #define _ALL_SOURCE 1
| #define _DARWIN_C_SOURCE 1
| #define _GNU_SOURCE 1
| #define _HPUX_ALT_XOPEN_SOCKET_API 1
| #define _NETBSD_SOURCE 1
| #define _OPENBSD_SOURCE 1
| #define _POSIX_PTHREAD_SEMANTICS 1
| #define __STDC_WANT_IEC_60559_ATTRIBS_EXT__ 1
| #define __STDC_WANT_IEC_60559_BFP_EXT__ 1
| #define __STDC_WANT_IEC_60559_DFP_EXT__ 1
| #define __STDC_WANT_IEC_60559_FUNCS_EXT__ 1
| #define __STDC_WANT_IEC_60559_TYPES_EXT__ 1
| #define __STDC_WANT_LIB_EXT2__ 1
| #define __STDC_WANT_MATH_SPEC_FUNCS__ 1
| #define _TANDEM_SOURCE 1
| #define __EXTENSIONS__ 1
| #define PY_SUPPORT_TIER 0
| #define Py_DEBUG 1
| #define STDC_HEADERS 1
| #define HAVE_BLUETOOTH_H 1
| #define HAVE_DLFCN_H 1
| #define HAVE_ENDIAN_H 1
| #define HAVE_ERRNO_H 1
| #define HAVE_FCNTL_H 1
| #define HAVE_GRP_H 1
| #define HAVE_IEEEFP_H 1
| #define HAVE_LANGINFO_H 1
| #define HAVE_LIBINTL_H 1
| #define HAVE_LIBUTIL_H 1
| #define HAVE_SYS_AUXV_H 1
| #define HAVE_NETDB_H 1
| #define HAVE_NET_ETHERNET_H 1
| #define HAVE_NETINET_IN_H 1
| #define HAVE_POLL_H 1
| #define HAVE_PTHREAD_H 1
| #define HAVE_SCHED_H 1
| #define HAVE_SETJMP_H 1
| #define HAVE_SIGNAL_H 1
| #define HAVE_SPAWN_H 1
| #define HAVE_SYS_ENDIAN_H 1
| #define HAVE_SYS_EVENT_H 1
| #define HAVE_SYS_EVENTFD_H 1
| #define HAVE_SYS_FILE_H 1
| #define HAVE_SYS_IOCTL_H 1
| #define HAVE_SYS_LOCK_H 1
| #define HAVE_SYS_MMAN_H 1
| #define HAVE_SYS_PARAM_H 1
| #define HAVE_SYS_POLL_H 1
| #define HAVE_SYS_RANDOM_H 1
| #define HAVE_SYS_RESOURCE_H 1
| #define HAVE_SYS_SELECT_H 1
| #define HAVE_SYS_SOCKET_H 1
| #define HAVE_SYS_SOUNDCARD_H 1
| #define HAVE_SYS_STAT_H 1
| #define HAVE_SYS_STATVFS_H 1
| #define HAVE_SYS_SYSCALL_H 1
| #define HAVE_SYS_TIME_H 1
| #define HAVE_SYS_TIMES_H 1
| #define HAVE_SYS_TYPES_H 1
| #define HAVE_SYS_UIO_H 1
| #define HAVE_SYS_UN_H 1
| #define HAVE_SYS_UTSNAME_H 1
| #define HAVE_SYS_WAIT_H 1
| #define HAVE_SYSEXITS_H 1
| #define HAVE_SYSLOG_H 1
| #define HAVE_TERMIOS_H 1
| #define HAVE_UTIME_H 1
| #define HAVE_DIRENT_H 1
| #define HAVE_NET_IF_H 1
| #define HAVE_MAKEDEV 1
| #define _LARGEFILE_SOURCE 1
| #define _FILE_OFFSET_BITS 64
| #if defined(SCO_DS)
| #undef _OFF_T
| #endif
| #define RETSIGTYPE void
| #define HAVE_SSIZE_T 1
| #define HAVE_GCC_UINT128_T 1
| #define SIZEOF_INT 4
| #define SIZEOF_LONG 8
| #define ALIGNOF_LONG 8
| #define SIZEOF_LONG_LONG 8
| #define SIZEOF_VOID_P 16
| #define SIZEOF_SHORT 2
| #define SIZEOF_FLOAT 4
| #define SIZEOF_DOUBLE 8
| #define SIZEOF_FPOS_T 8
| #define SIZEOF_SIZE_T 8
| #define ALIGNOF_SIZE_T 8
| #define SIZEOF_PID_T 4
| #define SIZEOF_UINTPTR_T 16
| #define ALIGNOF_MAX_ALIGN_T 16
| #define HAVE_LONG_DOUBLE 1
| #define SIZEOF_LONG_DOUBLE 16
| #define SIZEOF__BOOL 1
| #define SIZEOF_OFF_T 8
| #define SIZEOF_TIME_T 8
| #define SIZEOF_PTHREAD_T 16
| #define SIZEOF_PTHREAD_KEY_T 4
| #define PTHREAD_KEY_T_IS_COMPATIBLE_WITH_INT 1
| #define HAVE_LIBDL 1
| #define HAVE_UUID_H 1
| #define HAVE_UUID_CREATE 1
| #define HAVE_UUID_ENC_BE 1
| #define WITH_LIBINTL 1
| #define HAVE_FFI_PREP_CIF_VAR 1
| #define HAVE_FFI_PREP_CLOSURE_LOC 1
| #define HAVE_FFI_CLOSURE_ALLOC 1
| #define WITH_DECIMAL_CONTEXTVAR 1
| #define HAVE_RPC_RPC_H 1
| #define HAVE_LIBSQLITE3 1
| #define HAVE_LIBSQLITE3 1
| #define HAVE_LIBSQLITE3 1
| #define HAVE_LIBSQLITE3 1
| #define HAVE_LIBSQLITE3 1
| #define HAVE_LIBSQLITE3 1
| #define HAVE_LIBSQLITE3 1
| #define HAVE_LIBSQLITE3 1
| #define HAVE_LIBSQLITE3 1
| #define PY_SQLITE_HAVE_SERIALIZE 1
| #define HAVE_GDBM_H 1
| #define HAVE_NDBM_H 1
| #define HAVE_DB_H 1
| #define PTHREAD_SYSTEM_SCHED_SUPPORTED 1
| #define HAVE_PTHREAD_SIGMASK 1
| #define HAVE_PTHREAD_GETCPUCLOCKID 1
| #define ENABLE_IPV6 1
| #define WITH_DOC_STRINGS 1
| #define WITH_PYMALLOC 1
| #define WITH_FREELISTS 1
| #define PY_COERCE_C_LOCALE 1
| #define HAVE_DLOPEN 1
| #define HAVE_DYNAMIC_LOADING 1
| #define HAVE_ACCEPT4 1
| #define HAVE_ALARM 1
| #define HAVE_BIND_TEXTDOMAIN_CODESET 1
| #define HAVE_CHMOD 1
| #define HAVE_CHOWN 1
| #define HAVE_CLOCK 1
| #define HAVE_CLOSE_RANGE 1
| #define HAVE_CONFSTR 1
| #define HAVE_COPY_FILE_RANGE 1
| #define HAVE_CTERMID 1
| #define HAVE_DUP 1
| #define HAVE_DUP3 1
| #define HAVE_EXECV 1
| #define HAVE_EXPLICIT_BZERO 1
| #define HAVE_FACCESSAT 1
| #define HAVE_FCHMOD 1
| #define HAVE_FCHMODAT 1
| #define HAVE_FCHOWN 1
| #define HAVE_FCHOWNAT 1
| #define HAVE_FDOPENDIR 1
| #define HAVE_FEXECVE 1
| #define HAVE_FORK 1
| #define HAVE_FPATHCONF 1
| #define HAVE_FSTATAT 1
| #define HAVE_FTRUNCATE 1
| #define HAVE_FUTIMENS 1
| #define HAVE_FUTIMES 1
| #define HAVE_FUTIMESAT 1
| #define HAVE_GAI_STRERROR 1
| #define HAVE_GETEGID 1
| #define HAVE_GETENTROPY 1
| #define HAVE_GETEUID 1
| #define HAVE_GETGID 1
| #define HAVE_GETGRGID 1
| #define HAVE_GETGRGID_R 1
| #define HAVE_GETGRNAM_R 1
| #define HAVE_GETGROUPLIST 1
| #define HAVE_GETGROUPS 1
| #define HAVE_GETHOSTNAME 1
| #define HAVE_GETITIMER 1
| #define HAVE_GETLOADAVG 1
| #define HAVE_GETLOGIN 1
| #define HAVE_GETPEERNAME 1
| #define HAVE_GETPGID 1
| #define HAVE_GETPID 1
| #define HAVE_GETPPID 1
| #define HAVE_GETPRIORITY 1
| #define HAVE_GETPWENT 1
| #define HAVE_GETPWNAM_R 1
| #define HAVE_GETPWUID 1
| #define HAVE_GETPWUID_R 1
| #define HAVE_GETRESGID 1
| #define HAVE_GETRESUID 1
| #define HAVE_GETRUSAGE 1
| #define HAVE_GETSID 1
| #define HAVE_GETUID 1
| #define HAVE_GETWD 1
| #define HAVE_IF_NAMEINDEX 1
| #define HAVE_INITGROUPS 1
| #define HAVE_KILL 1
| #define HAVE_KILLPG 1
| #define HAVE_LCHOWN 1
| #define HAVE_LINKAT 1
| #define HAVE_LOCKF 1
| #define HAVE_LSTAT 1
| #define HAVE_LUTIMES 1
| #define HAVE_MADVISE 1
| #define HAVE_MBRTOWC 1
| #define HAVE_MEMRCHR 1
| #define HAVE_MKDIRAT 1
| #define HAVE_MKFIFO 1
| #define HAVE_MKFIFOAT 1
| #define HAVE_MKNOD 1
| #define HAVE_MKNODAT 1
| #define HAVE_MKTIME 1
| #define HAVE_MMAP 1
| #define HAVE_NICE 1
| #define HAVE_OPENAT 1
| #define HAVE_OPENDIR 1
| #define HAVE_PATHCONF 1
| #define HAVE_PAUSE 1
| #define HAVE_PIPE 1
| #define HAVE_PIPE2 1
| #define HAVE_POLL 1
| #define HAVE_POSIX_FADVISE 1
| #define HAVE_POSIX_FALLOCATE 1
| #define HAVE_POSIX_SPAWN 1
| #define HAVE_POSIX_SPAWNP 1
| #define HAVE_PREAD 1
| #define HAVE_PREADV 1
| #define HAVE_PTHREAD_CONDATTR_SETCLOCK 1
| #define HAVE_PTHREAD_KILL 1
| #define HAVE_PWRITE 1
| #define HAVE_PWRITEV 1
| #define HAVE_READLINK 1
| #define HAVE_READLINKAT 1
| #define HAVE_READV 1
| #define HAVE_REALPATH 1
| #define HAVE_RENAMEAT 1
| #define HAVE_SCHED_GET_PRIORITY_MAX 1
| #define HAVE_SCHED_RR_GET_INTERVAL 1
| #define HAVE_SCHED_SETAFFINITY 1
| #define HAVE_SCHED_SETPARAM 1
| #define HAVE_SCHED_SETSCHEDULER 1
| #define HAVE_SEM_GETVALUE 1
| #define HAVE_SEM_OPEN 1
| #define HAVE_SEM_TIMEDWAIT 1
| #define HAVE_SEM_UNLINK 1
| #define HAVE_SENDFILE 1
| #define HAVE_SETEGID 1
| #define HAVE_SETEUID 1
| #define HAVE_SETGID 1
| #define HAVE_SETHOSTNAME 1
| #define HAVE_SETITIMER 1
| #define HAVE_SETLOCALE 1
| #define HAVE_SETPGID 1
| #define HAVE_SETPGRP 1
| #define HAVE_SETPRIORITY 1
| #define HAVE_SETREGID 1
| #define HAVE_SETRESGID 1
| #define HAVE_SETRESUID 1
| #define HAVE_SETREUID 1
| #define HAVE_SETSID 1
| #define HAVE_SETUID 1
| #define HAVE_SETVBUF 1
| #define HAVE_SHUTDOWN 1
| #define HAVE_SIGACTION 1
| #define HAVE_SIGALTSTACK 1
| #define HAVE_SIGFILLSET 1
| #define HAVE_SIGINTERRUPT 1
| #define HAVE_SIGPENDING 1
| #define HAVE_SIGRELSE 1
| #define HAVE_SIGTIMEDWAIT 1
| #define HAVE_SIGWAIT 1
| #define HAVE_SIGWAITINFO 1
| #define HAVE_SNPRINTF 1
| #define HAVE_STRFTIME 1
| #define HAVE_STRLCPY 1
| #define HAVE_STRSIGNAL 1
| #define HAVE_SYMLINKAT 1
| #define HAVE_SYNC 1
| #define HAVE_SYSCONF 1
| #define HAVE_SYSTEM 1
| #define HAVE_TCGETPGRP 1
| #define HAVE_TCSETPGRP 1
| #define HAVE_TEMPNAM 1
| #define HAVE_TIMEGM 1
| #define HAVE_TIMES 1
| #define HAVE_TMPFILE 1
| #define HAVE_TMPNAM 1
| #define HAVE_TRUNCATE 1
| #define HAVE_TTYNAME 1
| #define HAVE_UMASK 1
| #define HAVE_UNAME 1
| #define HAVE_UNLINKAT 1
| #define HAVE_UTIMENSAT 1
| #define HAVE_UTIMES 1
| #define HAVE_VFORK 1
| #define HAVE_WAIT 1
| #define HAVE_WAIT3 1
| #define HAVE_WAIT4 1
| #define HAVE_WAITID 1
| #define HAVE_WAITPID 1
| #define HAVE_WCSCOLL 1
| #define HAVE_WCSFTIME 1
| #define HAVE_WCSXFRM 1
| #define HAVE_WMEMCMP 1
| #define HAVE_WRITEV 1
| #define HAVE_LCHMOD 1
| #define HAVE_DIRFD 1
| #define HAVE_CHROOT 1
| #define HAVE_LINK 1
| #define HAVE_SYMLINK 1
| #define HAVE_FCHDIR 1
| #define HAVE_FSYNC 1
| #define HAVE_FDATASYNC 1
| #define HAVE_KQUEUE 1
| #define HAVE_MEMFD_CREATE 1
| #define HAVE_EVENTFD 1
| #define HAVE_CTERMID_R 1
| #define HAVE_FLOCK 1
| #define HAVE_GETPAGESIZE 1
| #define HAVE_CHFLAGS 1
| #define HAVE_LCHFLAGS 1
| #define HAVE_ZLIB_COPY 1
| #define HAVE_BZLIB_H 1
| #define HAVE_HSTRERROR 1
| #define HAVE_GETSERVBYNAME 1
| #define HAVE_GETSERVBYPORT 1
| #define HAVE_GETHOSTBYNAME 1
| #define HAVE_GETHOSTBYADDR 1
| #define HAVE_GETPROTOBYNAME 1
| #define HAVE_INET_ATON 1
| #define HAVE_INET_NTOA 1
| #define HAVE_INET_PTON 1
| #define HAVE_GETPEERNAME 1
| #define HAVE_GETSOCKNAME 1
| #define HAVE_ACCEPT 1
| #define HAVE_BIND 1
| #define HAVE_CONNECT 1
| #define HAVE_LISTEN 1
| #define HAVE_RECVFROM 1
| #define HAVE_SENDTO 1
| #define HAVE_SETSOCKOPT 1
| #define HAVE_SOCKET 1
| #define HAVE_SETGROUPS 1
| #define HAVE_OPENPTY 1
| #define HAVE_LOGIN_TTY 1
| #define HAVE_FORKPTY 1
| #define HAVE_FSEEKO 1
| #define HAVE_FSTATVFS 1
| #define HAVE_FTELLO 1
| #define HAVE_STATVFS 1
| #define HAVE_DUP2 1
| #define HAVE_GETPGRP 1
| #define HAVE_SETPGRP 1
| #define SETPGRP_HAVE_ARG 1
| #define HAVE_CRYPT_R 1
| #define HAVE_CLOCK_GETTIME 1
| #define HAVE_CLOCK_GETRES 1
| #define HAVE_CLOCK_SETTIME 1
| #define HAVE_CLOCK_NANOSLEEP 1
| #define HAVE_NANOSLEEP 1
| #define HAVE_DEVICE_MACROS 1
| #define SYS_SELECT_WITH_SYS_TIME 1
| #define HAVE_GETADDRINFO 1
| #define HAVE_GETNAMEINFO 1
| #define HAVE_STRUCT_TM_TM_ZONE 1
| #define HAVE_TM_ZONE 1
| #define HAVE_STRUCT_STAT_ST_RDEV 1
| #define HAVE_STRUCT_STAT_ST_BLKSIZE 1
| #define HAVE_STRUCT_STAT_ST_FLAGS 1
| #define HAVE_STRUCT_STAT_ST_GEN 1
| #define HAVE_STRUCT_STAT_ST_BIRTHTIME 1
| #define HAVE_STRUCT_STAT_ST_BLOCKS 1
| #define HAVE_STRUCT_PASSWD_PW_GECOS 1
| #define HAVE_STRUCT_PASSWD_PW_PASSWD 1
| #define HAVE_SIGINFO_T_SI_BAND 1
| #define HAVE_ADDRINFO 1
| #define HAVE_SOCKADDR_STORAGE 1
| #define HAVE_PROTOTYPES 1
| #define HAVE_SOCKETPAIR 1
| #define HAVE_SOCKADDR_SA_LEN 1
| #define HAVE_GETHOSTBYNAME_R 1
| #define HAVE_GETHOSTBYNAME_R 1
| #define HAVE_GETHOSTBYNAME_R_6_ARG 1
| #define DOUBLE_IS_LITTLE_ENDIAN_IEEE754 1
| #define HAVE_ACOSH 1
| #define HAVE_ASINH 1
| #define HAVE_ATANH 1
| #define HAVE_ERF 1
| #define HAVE_ERFC 1
| #define HAVE_EXPM1 1
| #define HAVE_LOG1P 1
| #define HAVE_LOG2 1
| #define HAVE_DECL_RTLD_LAZY 1
| #define HAVE_DECL_RTLD_NOW 1
| #define HAVE_DECL_RTLD_GLOBAL 1
| #define HAVE_DECL_RTLD_LOCAL 1
| #define HAVE_DECL_RTLD_NODELETE 1
| #define HAVE_DECL_RTLD_NOLOAD 1
| #define HAVE_DECL_RTLD_DEEPBIND 1
| #define HAVE_DECL_RTLD_MEMBER 0
| #define HAVE_WCHAR_H 1
| #define SIZEOF_WCHAR_T 4
| #define HAVE_USABLE_WCHAR_T 1
| #define ALT_SOABI "cpython-312"
| #define HAVE_GETC_UNLOCKED 1
| #define HAVE_RL_COMPLETION_APPEND_CHARACTER 1
| #define HAVE_RL_COMPLETION_SUPPRESS_APPEND 1
| #define HAVE_RL_PRE_INPUT_HOOK 1
| #define HAVE_RL_COMPLETION_DISPLAY_MATCHES_HOOK 1
| #define HAVE_RL_RESIZE_TERMINAL 1
| #define HAVE_RL_COMPLETION_MATCHES 1
| #define HAVE_RL_CATCH_SIGNAL 1
| #define HAVE_RL_APPEND_HISTORY 1
| #define HAVE_RL_COMPDISP_FUNC_T 1
| #define HAVE_BROKEN_NICE 1
| /* end confdefs.h.  */
| 
| #include <poll.h>
| #include <unistd.h>
| 
| int main(void)
| {
|     struct pollfd poll_struct = { 42, POLLIN|POLLPRI|POLLOUT, 0 };
|     int poll_test;
| 
|     close (42);
| 
|     poll_test = poll(&poll_struct, 1, 0);
|     if (poll_test < 0)
|         return 0;
|     else if (poll_test == 0 && poll_struct.revents != POLLNVAL)
|         return 0;
|     else
|         return 1;
| }
| 
configure:25487: result: no
configure:25497: checking for working tzset()
configure:25575: cc -pthread -o conftest -mabi=purecap -I/usr/local/include -I/usr/include -mabi=purecap -L/usr/local/lib -L/usr/lib -lmd -lcheri_caprevoke conftest.c -lintl -ldl  -lutil >&5
configure:25575: $? = 0
configure:25575: ./conftest
configure:25575: $? = 0
configure:25586: result: yes
configure:25596: checking for tv_nsec in struct stat
configure:25616: cc -pthread -c -mabi=purecap -I/usr/local/include -I/usr/include conftest.c >&5
configure:25616: $? = 0
configure:25624: result: yes
configure:25634: checking for tv_nsec2 in struct stat
configure:25654: cc -pthread -c -mabi=purecap -I/usr/local/include -I/usr/include conftest.c >&5
configure:25654: $? = 0
configure:25662: result: yes
configure:25675: checking for curses.h
configure:25675: cc -pthread -c -mabi=purecap -I/usr/local/include -I/usr/include conftest.c >&5
configure:25675: $? = 0
configure:25675: result: yes
configure:25681: checking for ncurses.h
configure:25681: cc -pthread -c -mabi=purecap -I/usr/local/include -I/usr/include conftest.c >&5
configure:25681: $? = 0
configure:25681: result: yes
configure:25695: checking for ncursesw
configure:25702: $PKG_CONFIG --exists --print-errors "ncursesw"
configure:25705: $? = 0
configure:25719: $PKG_CONFIG --exists --print-errors "ncursesw"
configure:25722: $? = 0
configure:25880: result: yes
configure:26097: checking curses module flags
configure:26107: result: ncursesw (CFLAGS: , LIBS: -lncursesw -ltinfow )
configure:26112: checking for panel.h
configure:26112: cc -pthread -c -mabi=purecap -I/usr/local/include -I/usr/include conftest.c >&5
configure:26112: $? = 0
configure:26112: result: yes
configure:26130: checking for panelw
configure:26137: $PKG_CONFIG --exists --print-errors "panelw"
configure:26140: $? = 0
configure:26154: $PKG_CONFIG --exists --print-errors "panelw"
configure:26157: $? = 0
configure:26311: result: yes
configure:26520: checking panel flags
configure:26530: result: panelw (CFLAGS: , LIBS: -lpanelw )
configure:26542: checking for term.h
configure:26542: cc -pthread -c -mabi=purecap -I/usr/local/include -I/usr/include -I/usr/include/ncursesw conftest.c >&5
configure:26542: $? = 0
configure:26542: result: yes
configure:26556: checking whether mvwdelch is an expression
configure:26576: cc -pthread -c -mabi=purecap -I/usr/local/include -I/usr/include -I/usr/include/ncursesw conftest.c >&5
configure:26576: $? = 0
configure:26584: result: yes
configure:26598: checking whether WINDOW has _flags
configure:26621: cc -pthread -c -mabi=purecap -I/usr/local/include -I/usr/include -I/usr/include/ncursesw conftest.c >&5
configure:26621: $? = 0
configure:26629: result: yes
configure:26644: checking for curses function is_pad
configure:26665: cc -pthread -c -mabi=purecap -I/usr/local/include -I/usr/include -I/usr/include/ncursesw conftest.c >&5
configure:26665: $? = 0
configure:26674: result: yes
configure:26687: checking for curses function is_term_resized
configure:26708: cc -pthread -c -mabi=purecap -I/usr/local/include -I/usr/include -I/usr/include/ncursesw conftest.c >&5
configure:26708: $? = 0
configure:26717: result: yes
configure:26730: checking for curses function resize_term
configure:26751: cc -pthread -c -mabi=purecap -I/usr/local/include -I/usr/include -I/usr/include/ncursesw conftest.c >&5
configure:26751: $? = 0
configure:26760: result: yes
configure:26773: checking for curses function resizeterm
configure:26794: cc -pthread -c -mabi=purecap -I/usr/local/include -I/usr/include -I/usr/include/ncursesw conftest.c >&5
configure:26794: $? = 0
configure:26803: result: yes
configure:26816: checking for curses function immedok
configure:26837: cc -pthread -c -mabi=purecap -I/usr/local/include -I/usr/include -I/usr/include/ncursesw conftest.c >&5
configure:26837: $? = 0
configure:26846: result: yes
configure:26859: checking for curses function syncok
configure:26880: cc -pthread -c -mabi=purecap -I/usr/local/include -I/usr/include -I/usr/include/ncursesw conftest.c >&5
configure:26880: $? = 0
configure:26889: result: yes
configure:26902: checking for curses function wchgat
configure:26923: cc -pthread -c -mabi=purecap -I/usr/local/include -I/usr/include -I/usr/include/ncursesw conftest.c >&5
configure:26923: $? = 0
configure:26932: result: yes
configure:26945: checking for curses function filter
configure:26966: cc -pthread -c -mabi=purecap -I/usr/local/include -I/usr/include -I/usr/include/ncursesw conftest.c >&5
configure:26966: $? = 0
configure:26975: result: yes
configure:26988: checking for curses function has_key
configure:27009: cc -pthread -c -mabi=purecap -I/usr/local/include -I/usr/include -I/usr/include/ncursesw conftest.c >&5
configure:27009: $? = 0
configure:27018: result: yes
configure:27031: checking for curses function typeahead
configure:27052: cc -pthread -c -mabi=purecap -I/usr/local/include -I/usr/include -I/usr/include/ncursesw conftest.c >&5
configure:27052: $? = 0
configure:27061: result: yes
configure:27074: checking for curses function use_env
configure:27095: cc -pthread -c -mabi=purecap -I/usr/local/include -I/usr/include -I/usr/include/ncursesw conftest.c >&5
configure:27095: $? = 0
configure:27104: result: yes
configure:27117: checking for device files
configure:27137: checking for /dev/ptmx
configure:27151: result: no
configure:27163: checking for /dev/ptc
configure:27177: result: no
configure:27195: checking for socklen_t
configure:27195: cc -pthread -c -mabi=purecap -I/usr/local/include -I/usr/include conftest.c >&5
configure:27195: $? = 0
configure:27195: cc -pthread -c -mabi=purecap -I/usr/local/include -I/usr/include conftest.c >&5
conftest.c:465:24: error: expected expression
if (sizeof ((socklen_t)))
                       ^
1 error generated.
configure:27195: $? = 1
configure: failed program was:
| /* confdefs.h */
| #define _NETBSD_SOURCE 1
| #define __BSD_VISIBLE 1
| #define _DARWIN_C_SOURCE 1
| #define _PYTHONFRAMEWORK ""
| #define _XOPEN_SOURCE 700
| #define _XOPEN_SOURCE_EXTENDED 1
| #define _POSIX_C_SOURCE 200809L
| #define HAVE_STDIO_H 1
| #define HAVE_STDLIB_H 1
| #define HAVE_STRING_H 1
| #define HAVE_INTTYPES_H 1
| #define HAVE_STDINT_H 1
| #define HAVE_STRINGS_H 1
| #define HAVE_SYS_STAT_H 1
| #define HAVE_SYS_TYPES_H 1
| #define HAVE_UNISTD_H 1
| #define HAVE_WCHAR_H 1
| #define STDC_HEADERS 1
| #define _ALL_SOURCE 1
| #define _DARWIN_C_SOURCE 1
| #define _GNU_SOURCE 1
| #define _HPUX_ALT_XOPEN_SOCKET_API 1
| #define _NETBSD_SOURCE 1
| #define _OPENBSD_SOURCE 1
| #define _POSIX_PTHREAD_SEMANTICS 1
| #define __STDC_WANT_IEC_60559_ATTRIBS_EXT__ 1
| #define __STDC_WANT_IEC_60559_BFP_EXT__ 1
| #define __STDC_WANT_IEC_60559_DFP_EXT__ 1
| #define __STDC_WANT_IEC_60559_FUNCS_EXT__ 1
| #define __STDC_WANT_IEC_60559_TYPES_EXT__ 1
| #define __STDC_WANT_LIB_EXT2__ 1
| #define __STDC_WANT_MATH_SPEC_FUNCS__ 1
| #define _TANDEM_SOURCE 1
| #define __EXTENSIONS__ 1
| #define PY_SUPPORT_TIER 0
| #define Py_DEBUG 1
| #define STDC_HEADERS 1
| #define HAVE_BLUETOOTH_H 1
| #define HAVE_DLFCN_H 1
| #define HAVE_ENDIAN_H 1
| #define HAVE_ERRNO_H 1
| #define HAVE_FCNTL_H 1
| #define HAVE_GRP_H 1
| #define HAVE_IEEEFP_H 1
| #define HAVE_LANGINFO_H 1
| #define HAVE_LIBINTL_H 1
| #define HAVE_LIBUTIL_H 1
| #define HAVE_SYS_AUXV_H 1
| #define HAVE_NETDB_H 1
| #define HAVE_NET_ETHERNET_H 1
| #define HAVE_NETINET_IN_H 1
| #define HAVE_POLL_H 1
| #define HAVE_PTHREAD_H 1
| #define HAVE_SCHED_H 1
| #define HAVE_SETJMP_H 1
| #define HAVE_SIGNAL_H 1
| #define HAVE_SPAWN_H 1
| #define HAVE_SYS_ENDIAN_H 1
| #define HAVE_SYS_EVENT_H 1
| #define HAVE_SYS_EVENTFD_H 1
| #define HAVE_SYS_FILE_H 1
| #define HAVE_SYS_IOCTL_H 1
| #define HAVE_SYS_LOCK_H 1
| #define HAVE_SYS_MMAN_H 1
| #define HAVE_SYS_PARAM_H 1
| #define HAVE_SYS_POLL_H 1
| #define HAVE_SYS_RANDOM_H 1
| #define HAVE_SYS_RESOURCE_H 1
| #define HAVE_SYS_SELECT_H 1
| #define HAVE_SYS_SOCKET_H 1
| #define HAVE_SYS_SOUNDCARD_H 1
| #define HAVE_SYS_STAT_H 1
| #define HAVE_SYS_STATVFS_H 1
| #define HAVE_SYS_SYSCALL_H 1
| #define HAVE_SYS_TIME_H 1
| #define HAVE_SYS_TIMES_H 1
| #define HAVE_SYS_TYPES_H 1
| #define HAVE_SYS_UIO_H 1
| #define HAVE_SYS_UN_H 1
| #define HAVE_SYS_UTSNAME_H 1
| #define HAVE_SYS_WAIT_H 1
| #define HAVE_SYSEXITS_H 1
| #define HAVE_SYSLOG_H 1
| #define HAVE_TERMIOS_H 1
| #define HAVE_UTIME_H 1
| #define HAVE_DIRENT_H 1
| #define HAVE_NET_IF_H 1
| #define HAVE_MAKEDEV 1
| #define _LARGEFILE_SOURCE 1
| #define _FILE_OFFSET_BITS 64
| #if defined(SCO_DS)
| #undef _OFF_T
| #endif
| #define RETSIGTYPE void
| #define HAVE_SSIZE_T 1
| #define HAVE_GCC_UINT128_T 1
| #define SIZEOF_INT 4
| #define SIZEOF_LONG 8
| #define ALIGNOF_LONG 8
| #define SIZEOF_LONG_LONG 8
| #define SIZEOF_VOID_P 16
| #define SIZEOF_SHORT 2
| #define SIZEOF_FLOAT 4
| #define SIZEOF_DOUBLE 8
| #define SIZEOF_FPOS_T 8
| #define SIZEOF_SIZE_T 8
| #define ALIGNOF_SIZE_T 8
| #define SIZEOF_PID_T 4
| #define SIZEOF_UINTPTR_T 16
| #define ALIGNOF_MAX_ALIGN_T 16
| #define HAVE_LONG_DOUBLE 1
| #define SIZEOF_LONG_DOUBLE 16
| #define SIZEOF__BOOL 1
| #define SIZEOF_OFF_T 8
| #define SIZEOF_TIME_T 8
| #define SIZEOF_PTHREAD_T 16
| #define SIZEOF_PTHREAD_KEY_T 4
| #define PTHREAD_KEY_T_IS_COMPATIBLE_WITH_INT 1
| #define HAVE_LIBDL 1
| #define HAVE_UUID_H 1
| #define HAVE_UUID_CREATE 1
| #define HAVE_UUID_ENC_BE 1
| #define WITH_LIBINTL 1
| #define HAVE_FFI_PREP_CIF_VAR 1
| #define HAVE_FFI_PREP_CLOSURE_LOC 1
| #define HAVE_FFI_CLOSURE_ALLOC 1
| #define WITH_DECIMAL_CONTEXTVAR 1
| #define HAVE_RPC_RPC_H 1
| #define HAVE_LIBSQLITE3 1
| #define HAVE_LIBSQLITE3 1
| #define HAVE_LIBSQLITE3 1
| #define HAVE_LIBSQLITE3 1
| #define HAVE_LIBSQLITE3 1
| #define HAVE_LIBSQLITE3 1
| #define HAVE_LIBSQLITE3 1
| #define HAVE_LIBSQLITE3 1
| #define HAVE_LIBSQLITE3 1
| #define PY_SQLITE_HAVE_SERIALIZE 1
| #define HAVE_GDBM_H 1
| #define HAVE_NDBM_H 1
| #define HAVE_DB_H 1
| #define PTHREAD_SYSTEM_SCHED_SUPPORTED 1
| #define HAVE_PTHREAD_SIGMASK 1
| #define HAVE_PTHREAD_GETCPUCLOCKID 1
| #define ENABLE_IPV6 1
| #define WITH_DOC_STRINGS 1
| #define WITH_PYMALLOC 1
| #define WITH_FREELISTS 1
| #define PY_COERCE_C_LOCALE 1
| #define HAVE_DLOPEN 1
| #define HAVE_DYNAMIC_LOADING 1
| #define HAVE_ACCEPT4 1
| #define HAVE_ALARM 1
| #define HAVE_BIND_TEXTDOMAIN_CODESET 1
| #define HAVE_CHMOD 1
| #define HAVE_CHOWN 1
| #define HAVE_CLOCK 1
| #define HAVE_CLOSE_RANGE 1
| #define HAVE_CONFSTR 1
| #define HAVE_COPY_FILE_RANGE 1
| #define HAVE_CTERMID 1
| #define HAVE_DUP 1
| #define HAVE_DUP3 1
| #define HAVE_EXECV 1
| #define HAVE_EXPLICIT_BZERO 1
| #define HAVE_FACCESSAT 1
| #define HAVE_FCHMOD 1
| #define HAVE_FCHMODAT 1
| #define HAVE_FCHOWN 1
| #define HAVE_FCHOWNAT 1
| #define HAVE_FDOPENDIR 1
| #define HAVE_FEXECVE 1
| #define HAVE_FORK 1
| #define HAVE_FPATHCONF 1
| #define HAVE_FSTATAT 1
| #define HAVE_FTRUNCATE 1
| #define HAVE_FUTIMENS 1
| #define HAVE_FUTIMES 1
| #define HAVE_FUTIMESAT 1
| #define HAVE_GAI_STRERROR 1
| #define HAVE_GETEGID 1
| #define HAVE_GETENTROPY 1
| #define HAVE_GETEUID 1
| #define HAVE_GETGID 1
| #define HAVE_GETGRGID 1
| #define HAVE_GETGRGID_R 1
| #define HAVE_GETGRNAM_R 1
| #define HAVE_GETGROUPLIST 1
| #define HAVE_GETGROUPS 1
| #define HAVE_GETHOSTNAME 1
| #define HAVE_GETITIMER 1
| #define HAVE_GETLOADAVG 1
| #define HAVE_GETLOGIN 1
| #define HAVE_GETPEERNAME 1
| #define HAVE_GETPGID 1
| #define HAVE_GETPID 1
| #define HAVE_GETPPID 1
| #define HAVE_GETPRIORITY 1
| #define HAVE_GETPWENT 1
| #define HAVE_GETPWNAM_R 1
| #define HAVE_GETPWUID 1
| #define HAVE_GETPWUID_R 1
| #define HAVE_GETRESGID 1
| #define HAVE_GETRESUID 1
| #define HAVE_GETRUSAGE 1
| #define HAVE_GETSID 1
| #define HAVE_GETUID 1
| #define HAVE_GETWD 1
| #define HAVE_IF_NAMEINDEX 1
| #define HAVE_INITGROUPS 1
| #define HAVE_KILL 1
| #define HAVE_KILLPG 1
| #define HAVE_LCHOWN 1
| #define HAVE_LINKAT 1
| #define HAVE_LOCKF 1
| #define HAVE_LSTAT 1
| #define HAVE_LUTIMES 1
| #define HAVE_MADVISE 1
| #define HAVE_MBRTOWC 1
| #define HAVE_MEMRCHR 1
| #define HAVE_MKDIRAT 1
| #define HAVE_MKFIFO 1
| #define HAVE_MKFIFOAT 1
| #define HAVE_MKNOD 1
| #define HAVE_MKNODAT 1
| #define HAVE_MKTIME 1
| #define HAVE_MMAP 1
| #define HAVE_NICE 1
| #define HAVE_OPENAT 1
| #define HAVE_OPENDIR 1
| #define HAVE_PATHCONF 1
| #define HAVE_PAUSE 1
| #define HAVE_PIPE 1
| #define HAVE_PIPE2 1
| #define HAVE_POLL 1
| #define HAVE_POSIX_FADVISE 1
| #define HAVE_POSIX_FALLOCATE 1
| #define HAVE_POSIX_SPAWN 1
| #define HAVE_POSIX_SPAWNP 1
| #define HAVE_PREAD 1
| #define HAVE_PREADV 1
| #define HAVE_PTHREAD_CONDATTR_SETCLOCK 1
| #define HAVE_PTHREAD_KILL 1
| #define HAVE_PWRITE 1
| #define HAVE_PWRITEV 1
| #define HAVE_READLINK 1
| #define HAVE_READLINKAT 1
| #define HAVE_READV 1
| #define HAVE_REALPATH 1
| #define HAVE_RENAMEAT 1
| #define HAVE_SCHED_GET_PRIORITY_MAX 1
| #define HAVE_SCHED_RR_GET_INTERVAL 1
| #define HAVE_SCHED_SETAFFINITY 1
| #define HAVE_SCHED_SETPARAM 1
| #define HAVE_SCHED_SETSCHEDULER 1
| #define HAVE_SEM_GETVALUE 1
| #define HAVE_SEM_OPEN 1
| #define HAVE_SEM_TIMEDWAIT 1
| #define HAVE_SEM_UNLINK 1
| #define HAVE_SENDFILE 1
| #define HAVE_SETEGID 1
| #define HAVE_SETEUID 1
| #define HAVE_SETGID 1
| #define HAVE_SETHOSTNAME 1
| #define HAVE_SETITIMER 1
| #define HAVE_SETLOCALE 1
| #define HAVE_SETPGID 1
| #define HAVE_SETPGRP 1
| #define HAVE_SETPRIORITY 1
| #define HAVE_SETREGID 1
| #define HAVE_SETRESGID 1
| #define HAVE_SETRESUID 1
| #define HAVE_SETREUID 1
| #define HAVE_SETSID 1
| #define HAVE_SETUID 1
| #define HAVE_SETVBUF 1
| #define HAVE_SHUTDOWN 1
| #define HAVE_SIGACTION 1
| #define HAVE_SIGALTSTACK 1
| #define HAVE_SIGFILLSET 1
| #define HAVE_SIGINTERRUPT 1
| #define HAVE_SIGPENDING 1
| #define HAVE_SIGRELSE 1
| #define HAVE_SIGTIMEDWAIT 1
| #define HAVE_SIGWAIT 1
| #define HAVE_SIGWAITINFO 1
| #define HAVE_SNPRINTF 1
| #define HAVE_STRFTIME 1
| #define HAVE_STRLCPY 1
| #define HAVE_STRSIGNAL 1
| #define HAVE_SYMLINKAT 1
| #define HAVE_SYNC 1
| #define HAVE_SYSCONF 1
| #define HAVE_SYSTEM 1
| #define HAVE_TCGETPGRP 1
| #define HAVE_TCSETPGRP 1
| #define HAVE_TEMPNAM 1
| #define HAVE_TIMEGM 1
| #define HAVE_TIMES 1
| #define HAVE_TMPFILE 1
| #define HAVE_TMPNAM 1
| #define HAVE_TRUNCATE 1
| #define HAVE_TTYNAME 1
| #define HAVE_UMASK 1
| #define HAVE_UNAME 1
| #define HAVE_UNLINKAT 1
| #define HAVE_UTIMENSAT 1
| #define HAVE_UTIMES 1
| #define HAVE_VFORK 1
| #define HAVE_WAIT 1
| #define HAVE_WAIT3 1
| #define HAVE_WAIT4 1
| #define HAVE_WAITID 1
| #define HAVE_WAITPID 1
| #define HAVE_WCSCOLL 1
| #define HAVE_WCSFTIME 1
| #define HAVE_WCSXFRM 1
| #define HAVE_WMEMCMP 1
| #define HAVE_WRITEV 1
| #define HAVE_LCHMOD 1
| #define HAVE_DIRFD 1
| #define HAVE_CHROOT 1
| #define HAVE_LINK 1
| #define HAVE_SYMLINK 1
| #define HAVE_FCHDIR 1
| #define HAVE_FSYNC 1
| #define HAVE_FDATASYNC 1
| #define HAVE_KQUEUE 1
| #define HAVE_MEMFD_CREATE 1
| #define HAVE_EVENTFD 1
| #define HAVE_CTERMID_R 1
| #define HAVE_FLOCK 1
| #define HAVE_GETPAGESIZE 1
| #define HAVE_CHFLAGS 1
| #define HAVE_LCHFLAGS 1
| #define HAVE_ZLIB_COPY 1
| #define HAVE_BZLIB_H 1
| #define HAVE_HSTRERROR 1
| #define HAVE_GETSERVBYNAME 1
| #define HAVE_GETSERVBYPORT 1
| #define HAVE_GETHOSTBYNAME 1
| #define HAVE_GETHOSTBYADDR 1
| #define HAVE_GETPROTOBYNAME 1
| #define HAVE_INET_ATON 1
| #define HAVE_INET_NTOA 1
| #define HAVE_INET_PTON 1
| #define HAVE_GETPEERNAME 1
| #define HAVE_GETSOCKNAME 1
| #define HAVE_ACCEPT 1
| #define HAVE_BIND 1
| #define HAVE_CONNECT 1
| #define HAVE_LISTEN 1
| #define HAVE_RECVFROM 1
| #define HAVE_SENDTO 1
| #define HAVE_SETSOCKOPT 1
| #define HAVE_SOCKET 1
| #define HAVE_SETGROUPS 1
| #define HAVE_OPENPTY 1
| #define HAVE_LOGIN_TTY 1
| #define HAVE_FORKPTY 1
| #define HAVE_FSEEKO 1
| #define HAVE_FSTATVFS 1
| #define HAVE_FTELLO 1
| #define HAVE_STATVFS 1
| #define HAVE_DUP2 1
| #define HAVE_GETPGRP 1
| #define HAVE_SETPGRP 1
| #define SETPGRP_HAVE_ARG 1
| #define HAVE_CRYPT_R 1
| #define HAVE_CLOCK_GETTIME 1
| #define HAVE_CLOCK_GETRES 1
| #define HAVE_CLOCK_SETTIME 1
| #define HAVE_CLOCK_NANOSLEEP 1
| #define HAVE_NANOSLEEP 1
| #define HAVE_DEVICE_MACROS 1
| #define SYS_SELECT_WITH_SYS_TIME 1
| #define HAVE_GETADDRINFO 1
| #define HAVE_GETNAMEINFO 1
| #define HAVE_STRUCT_TM_TM_ZONE 1
| #define HAVE_TM_ZONE 1
| #define HAVE_STRUCT_STAT_ST_RDEV 1
| #define HAVE_STRUCT_STAT_ST_BLKSIZE 1
| #define HAVE_STRUCT_STAT_ST_FLAGS 1
| #define HAVE_STRUCT_STAT_ST_GEN 1
| #define HAVE_STRUCT_STAT_ST_BIRTHTIME 1
| #define HAVE_STRUCT_STAT_ST_BLOCKS 1
| #define HAVE_STRUCT_PASSWD_PW_GECOS 1
| #define HAVE_STRUCT_PASSWD_PW_PASSWD 1
| #define HAVE_SIGINFO_T_SI_BAND 1
| #define HAVE_ADDRINFO 1
| #define HAVE_SOCKADDR_STORAGE 1
| #define HAVE_PROTOTYPES 1
| #define HAVE_SOCKETPAIR 1
| #define HAVE_SOCKADDR_SA_LEN 1
| #define HAVE_GETHOSTBYNAME_R 1
| #define HAVE_GETHOSTBYNAME_R 1
| #define HAVE_GETHOSTBYNAME_R_6_ARG 1
| #define DOUBLE_IS_LITTLE_ENDIAN_IEEE754 1
| #define HAVE_ACOSH 1
| #define HAVE_ASINH 1
| #define HAVE_ATANH 1
| #define HAVE_ERF 1
| #define HAVE_ERFC 1
| #define HAVE_EXPM1 1
| #define HAVE_LOG1P 1
| #define HAVE_LOG2 1
| #define HAVE_DECL_RTLD_LAZY 1
| #define HAVE_DECL_RTLD_NOW 1
| #define HAVE_DECL_RTLD_GLOBAL 1
| #define HAVE_DECL_RTLD_LOCAL 1
| #define HAVE_DECL_RTLD_NODELETE 1
| #define HAVE_DECL_RTLD_NOLOAD 1
| #define HAVE_DECL_RTLD_DEEPBIND 1
| #define HAVE_DECL_RTLD_MEMBER 0
| #define HAVE_WCHAR_H 1
| #define SIZEOF_WCHAR_T 4
| #define HAVE_USABLE_WCHAR_T 1
| #define ALT_SOABI "cpython-312"
| #define HAVE_GETC_UNLOCKED 1
| #define HAVE_RL_COMPLETION_APPEND_CHARACTER 1
| #define HAVE_RL_COMPLETION_SUPPRESS_APPEND 1
| #define HAVE_RL_PRE_INPUT_HOOK 1
| #define HAVE_RL_COMPLETION_DISPLAY_MATCHES_HOOK 1
| #define HAVE_RL_RESIZE_TERMINAL 1
| #define HAVE_RL_COMPLETION_MATCHES 1
| #define HAVE_RL_CATCH_SIGNAL 1
| #define HAVE_RL_APPEND_HISTORY 1
| #define HAVE_RL_COMPDISP_FUNC_T 1
| #define HAVE_BROKEN_NICE 1
| #define HAVE_WORKING_TZSET 1
| #define HAVE_STAT_TV_NSEC 1
| #define HAVE_STAT_TV_NSEC2 1
| #define HAVE_CURSES_H 1
| #define HAVE_NCURSES_H 1
| #define HAVE_NCURSESW 1
| #define HAVE_PANEL_H 1
| #define HAVE_TERM_H 1
| #define MVWDELCH_IS_EXPRESSION 1
| #define WINDOW_HAS_FLAGS 1
| #define HAVE_CURSES_IS_PAD 1
| #define HAVE_CURSES_IS_TERM_RESIZED 1
| #define HAVE_CURSES_RESIZE_TERM 1
| #define HAVE_CURSES_RESIZETERM 1
| #define HAVE_CURSES_IMMEDOK 1
| #define HAVE_CURSES_SYNCOK 1
| #define HAVE_CURSES_WCHGAT 1
| #define HAVE_CURSES_FILTER 1
| #define HAVE_CURSES_HAS_KEY 1
| #define HAVE_CURSES_TYPEAHEAD 1
| #define HAVE_CURSES_USE_ENV 1
| /* end confdefs.h.  */
| 
| #ifdef HAVE_SYS_TYPES_H
| #include <sys/types.h>
| #endif
| #ifdef HAVE_SYS_SOCKET_H
| #include <sys/socket.h>
| #endif
| 
| 
| int
| main (void)
| {
| if (sizeof ((socklen_t)))
| 	    return 0;
|   ;
|   return 0;
| }
configure:27195: result: yes
configure:27214: checking for broken mbstowcs
configure:27238: cc -pthread -o conftest -mabi=purecap -I/usr/local/include -I/usr/include -mabi=purecap -L/usr/local/lib -L/usr/lib -lmd -lcheri_caprevoke conftest.c -lintl -ldl  -lutil >&5
configure:27238: $? = 0
configure:27238: ./conftest
configure:27238: $? = 0
configure:27249: result: no
configure:27259: checking for --with-computed-gotos
configure:27284: result: no value specified
configure:27289: checking whether cc -pthread supports computed gotos
configure:27318: cc -pthread -o conftest -mabi=purecap -I/usr/local/include -I/usr/include -mabi=purecap -L/usr/local/lib -L/usr/lib -lmd -lcheri_caprevoke conftest.c -lintl -ldl  -lutil >&5
configure:27318: $? = 0
configure:27318: ./conftest
configure:27318: $? = 0
configure:27329: result: yes
configure:27374: checking for build directories
configure:27381: result: done
configure:27385: checking for -O2
configure:27405: cc -pthread -c -O2 -I/usr/local/include -I/usr/include conftest.c >&5
configure:27405: $? = 0
configure:27415: result: yes
configure:27420: checking for glibc _FORTIFY_SOURCE/memmove bug
configure:27450: cc -pthread -o conftest -O2 -D_FORTIFY_SOURCE=2 -I/usr/local/include -I/usr/include -mabi=purecap -L/usr/local/lib -L/usr/lib -lmd -lcheri_caprevoke conftest.c -lintl -ldl  -lutil >&5
configure:27450: $? = 0
configure:27450: ./conftest
configure:27450: $? = 0
configure:27461: result: no
configure:27526: checking for stdatomic.h
configure:27549: cc -pthread -o conftest -mabi=purecap -I/usr/local/include -I/usr/include -mabi=purecap -L/usr/local/lib -L/usr/lib -lmd -lcheri_caprevoke conftest.c -lintl -ldl  -lutil >&5
configure:27549: $? = 0
configure:27559: result: yes
configure:27572: checking for builtin __atomic_load_n and __atomic_store_n functions
configure:27592: cc -pthread -o conftest -mabi=purecap -I/usr/local/include -I/usr/include -mabi=purecap -L/usr/local/lib -L/usr/lib -lmd -lcheri_caprevoke conftest.c -lintl -ldl  -lutil >&5
configure:27592: $? = 0
configure:27602: result: yes
configure:27615: checking for ensurepip
configure:27646: result: upgrade
configure:27651: checking if the dirent structure of a d_type field
configure:27671: cc -pthread -o conftest -mabi=purecap -I/usr/local/include -I/usr/include -mabi=purecap -L/usr/local/lib -L/usr/lib -lmd -lcheri_caprevoke conftest.c -lintl -ldl  -lutil >&5
configure:27671: $? = 0
configure:27681: result: yes
configure:27694: checking for the Linux getrandom() syscall
configure:27721: cc -pthread -o conftest -mabi=purecap -I/usr/local/include -I/usr/include -mabi=purecap -L/usr/local/lib -L/usr/lib -lmd -lcheri_caprevoke conftest.c -lintl -ldl  -lutil >&5
conftest.c:462:14: fatal error: 'linux/random.h' file not found
    #include <linux/random.h>
             ^~~~~~~~~~~~~~~~
1 error generated.
configure:27721: $? = 1
configure: failed program was:
| /* confdefs.h */
| #define _NETBSD_SOURCE 1
| #define __BSD_VISIBLE 1
| #define _DARWIN_C_SOURCE 1
| #define _PYTHONFRAMEWORK ""
| #define _XOPEN_SOURCE 700
| #define _XOPEN_SOURCE_EXTENDED 1
| #define _POSIX_C_SOURCE 200809L
| #define HAVE_STDIO_H 1
| #define HAVE_STDLIB_H 1
| #define HAVE_STRING_H 1
| #define HAVE_INTTYPES_H 1
| #define HAVE_STDINT_H 1
| #define HAVE_STRINGS_H 1
| #define HAVE_SYS_STAT_H 1
| #define HAVE_SYS_TYPES_H 1
| #define HAVE_UNISTD_H 1
| #define HAVE_WCHAR_H 1
| #define STDC_HEADERS 1
| #define _ALL_SOURCE 1
| #define _DARWIN_C_SOURCE 1
| #define _GNU_SOURCE 1
| #define _HPUX_ALT_XOPEN_SOCKET_API 1
| #define _NETBSD_SOURCE 1
| #define _OPENBSD_SOURCE 1
| #define _POSIX_PTHREAD_SEMANTICS 1
| #define __STDC_WANT_IEC_60559_ATTRIBS_EXT__ 1
| #define __STDC_WANT_IEC_60559_BFP_EXT__ 1
| #define __STDC_WANT_IEC_60559_DFP_EXT__ 1
| #define __STDC_WANT_IEC_60559_FUNCS_EXT__ 1
| #define __STDC_WANT_IEC_60559_TYPES_EXT__ 1
| #define __STDC_WANT_LIB_EXT2__ 1
| #define __STDC_WANT_MATH_SPEC_FUNCS__ 1
| #define _TANDEM_SOURCE 1
| #define __EXTENSIONS__ 1
| #define PY_SUPPORT_TIER 0
| #define Py_DEBUG 1
| #define STDC_HEADERS 1
| #define HAVE_BLUETOOTH_H 1
| #define HAVE_DLFCN_H 1
| #define HAVE_ENDIAN_H 1
| #define HAVE_ERRNO_H 1
| #define HAVE_FCNTL_H 1
| #define HAVE_GRP_H 1
| #define HAVE_IEEEFP_H 1
| #define HAVE_LANGINFO_H 1
| #define HAVE_LIBINTL_H 1
| #define HAVE_LIBUTIL_H 1
| #define HAVE_SYS_AUXV_H 1
| #define HAVE_NETDB_H 1
| #define HAVE_NET_ETHERNET_H 1
| #define HAVE_NETINET_IN_H 1
| #define HAVE_POLL_H 1
| #define HAVE_PTHREAD_H 1
| #define HAVE_SCHED_H 1
| #define HAVE_SETJMP_H 1
| #define HAVE_SIGNAL_H 1
| #define HAVE_SPAWN_H 1
| #define HAVE_SYS_ENDIAN_H 1
| #define HAVE_SYS_EVENT_H 1
| #define HAVE_SYS_EVENTFD_H 1
| #define HAVE_SYS_FILE_H 1
| #define HAVE_SYS_IOCTL_H 1
| #define HAVE_SYS_LOCK_H 1
| #define HAVE_SYS_MMAN_H 1
| #define HAVE_SYS_PARAM_H 1
| #define HAVE_SYS_POLL_H 1
| #define HAVE_SYS_RANDOM_H 1
| #define HAVE_SYS_RESOURCE_H 1
| #define HAVE_SYS_SELECT_H 1
| #define HAVE_SYS_SOCKET_H 1
| #define HAVE_SYS_SOUNDCARD_H 1
| #define HAVE_SYS_STAT_H 1
| #define HAVE_SYS_STATVFS_H 1
| #define HAVE_SYS_SYSCALL_H 1
| #define HAVE_SYS_TIME_H 1
| #define HAVE_SYS_TIMES_H 1
| #define HAVE_SYS_TYPES_H 1
| #define HAVE_SYS_UIO_H 1
| #define HAVE_SYS_UN_H 1
| #define HAVE_SYS_UTSNAME_H 1
| #define HAVE_SYS_WAIT_H 1
| #define HAVE_SYSEXITS_H 1
| #define HAVE_SYSLOG_H 1
| #define HAVE_TERMIOS_H 1
| #define HAVE_UTIME_H 1
| #define HAVE_DIRENT_H 1
| #define HAVE_NET_IF_H 1
| #define HAVE_MAKEDEV 1
| #define _LARGEFILE_SOURCE 1
| #define _FILE_OFFSET_BITS 64
| #if defined(SCO_DS)
| #undef _OFF_T
| #endif
| #define RETSIGTYPE void
| #define HAVE_SSIZE_T 1
| #define HAVE_GCC_UINT128_T 1
| #define SIZEOF_INT 4
| #define SIZEOF_LONG 8
| #define ALIGNOF_LONG 8
| #define SIZEOF_LONG_LONG 8
| #define SIZEOF_VOID_P 16
| #define SIZEOF_SHORT 2
| #define SIZEOF_FLOAT 4
| #define SIZEOF_DOUBLE 8
| #define SIZEOF_FPOS_T 8
| #define SIZEOF_SIZE_T 8
| #define ALIGNOF_SIZE_T 8
| #define SIZEOF_PID_T 4
| #define SIZEOF_UINTPTR_T 16
| #define ALIGNOF_MAX_ALIGN_T 16
| #define HAVE_LONG_DOUBLE 1
| #define SIZEOF_LONG_DOUBLE 16
| #define SIZEOF__BOOL 1
| #define SIZEOF_OFF_T 8
| #define SIZEOF_TIME_T 8
| #define SIZEOF_PTHREAD_T 16
| #define SIZEOF_PTHREAD_KEY_T 4
| #define PTHREAD_KEY_T_IS_COMPATIBLE_WITH_INT 1
| #define HAVE_LIBDL 1
| #define HAVE_UUID_H 1
| #define HAVE_UUID_CREATE 1
| #define HAVE_UUID_ENC_BE 1
| #define WITH_LIBINTL 1
| #define HAVE_FFI_PREP_CIF_VAR 1
| #define HAVE_FFI_PREP_CLOSURE_LOC 1
| #define HAVE_FFI_CLOSURE_ALLOC 1
| #define WITH_DECIMAL_CONTEXTVAR 1
| #define HAVE_RPC_RPC_H 1
| #define HAVE_LIBSQLITE3 1
| #define HAVE_LIBSQLITE3 1
| #define HAVE_LIBSQLITE3 1
| #define HAVE_LIBSQLITE3 1
| #define HAVE_LIBSQLITE3 1
| #define HAVE_LIBSQLITE3 1
| #define HAVE_LIBSQLITE3 1
| #define HAVE_LIBSQLITE3 1
| #define HAVE_LIBSQLITE3 1
| #define PY_SQLITE_HAVE_SERIALIZE 1
| #define HAVE_GDBM_H 1
| #define HAVE_NDBM_H 1
| #define HAVE_DB_H 1
| #define PTHREAD_SYSTEM_SCHED_SUPPORTED 1
| #define HAVE_PTHREAD_SIGMASK 1
| #define HAVE_PTHREAD_GETCPUCLOCKID 1
| #define ENABLE_IPV6 1
| #define WITH_DOC_STRINGS 1
| #define WITH_PYMALLOC 1
| #define WITH_FREELISTS 1
| #define PY_COERCE_C_LOCALE 1
| #define HAVE_DLOPEN 1
| #define HAVE_DYNAMIC_LOADING 1
| #define HAVE_ACCEPT4 1
| #define HAVE_ALARM 1
| #define HAVE_BIND_TEXTDOMAIN_CODESET 1
| #define HAVE_CHMOD 1
| #define HAVE_CHOWN 1
| #define HAVE_CLOCK 1
| #define HAVE_CLOSE_RANGE 1
| #define HAVE_CONFSTR 1
| #define HAVE_COPY_FILE_RANGE 1
| #define HAVE_CTERMID 1
| #define HAVE_DUP 1
| #define HAVE_DUP3 1
| #define HAVE_EXECV 1
| #define HAVE_EXPLICIT_BZERO 1
| #define HAVE_FACCESSAT 1
| #define HAVE_FCHMOD 1
| #define HAVE_FCHMODAT 1
| #define HAVE_FCHOWN 1
| #define HAVE_FCHOWNAT 1
| #define HAVE_FDOPENDIR 1
| #define HAVE_FEXECVE 1
| #define HAVE_FORK 1
| #define HAVE_FPATHCONF 1
| #define HAVE_FSTATAT 1
| #define HAVE_FTRUNCATE 1
| #define HAVE_FUTIMENS 1
| #define HAVE_FUTIMES 1
| #define HAVE_FUTIMESAT 1
| #define HAVE_GAI_STRERROR 1
| #define HAVE_GETEGID 1
| #define HAVE_GETENTROPY 1
| #define HAVE_GETEUID 1
| #define HAVE_GETGID 1
| #define HAVE_GETGRGID 1
| #define HAVE_GETGRGID_R 1
| #define HAVE_GETGRNAM_R 1
| #define HAVE_GETGROUPLIST 1
| #define HAVE_GETGROUPS 1
| #define HAVE_GETHOSTNAME 1
| #define HAVE_GETITIMER 1
| #define HAVE_GETLOADAVG 1
| #define HAVE_GETLOGIN 1
| #define HAVE_GETPEERNAME 1
| #define HAVE_GETPGID 1
| #define HAVE_GETPID 1
| #define HAVE_GETPPID 1
| #define HAVE_GETPRIORITY 1
| #define HAVE_GETPWENT 1
| #define HAVE_GETPWNAM_R 1
| #define HAVE_GETPWUID 1
| #define HAVE_GETPWUID_R 1
| #define HAVE_GETRESGID 1
| #define HAVE_GETRESUID 1
| #define HAVE_GETRUSAGE 1
| #define HAVE_GETSID 1
| #define HAVE_GETUID 1
| #define HAVE_GETWD 1
| #define HAVE_IF_NAMEINDEX 1
| #define HAVE_INITGROUPS 1
| #define HAVE_KILL 1
| #define HAVE_KILLPG 1
| #define HAVE_LCHOWN 1
| #define HAVE_LINKAT 1
| #define HAVE_LOCKF 1
| #define HAVE_LSTAT 1
| #define HAVE_LUTIMES 1
| #define HAVE_MADVISE 1
| #define HAVE_MBRTOWC 1
| #define HAVE_MEMRCHR 1
| #define HAVE_MKDIRAT 1
| #define HAVE_MKFIFO 1
| #define HAVE_MKFIFOAT 1
| #define HAVE_MKNOD 1
| #define HAVE_MKNODAT 1
| #define HAVE_MKTIME 1
| #define HAVE_MMAP 1
| #define HAVE_NICE 1
| #define HAVE_OPENAT 1
| #define HAVE_OPENDIR 1
| #define HAVE_PATHCONF 1
| #define HAVE_PAUSE 1
| #define HAVE_PIPE 1
| #define HAVE_PIPE2 1
| #define HAVE_POLL 1
| #define HAVE_POSIX_FADVISE 1
| #define HAVE_POSIX_FALLOCATE 1
| #define HAVE_POSIX_SPAWN 1
| #define HAVE_POSIX_SPAWNP 1
| #define HAVE_PREAD 1
| #define HAVE_PREADV 1
| #define HAVE_PTHREAD_CONDATTR_SETCLOCK 1
| #define HAVE_PTHREAD_KILL 1
| #define HAVE_PWRITE 1
| #define HAVE_PWRITEV 1
| #define HAVE_READLINK 1
| #define HAVE_READLINKAT 1
| #define HAVE_READV 1
| #define HAVE_REALPATH 1
| #define HAVE_RENAMEAT 1
| #define HAVE_SCHED_GET_PRIORITY_MAX 1
| #define HAVE_SCHED_RR_GET_INTERVAL 1
| #define HAVE_SCHED_SETAFFINITY 1
| #define HAVE_SCHED_SETPARAM 1
| #define HAVE_SCHED_SETSCHEDULER 1
| #define HAVE_SEM_GETVALUE 1
| #define HAVE_SEM_OPEN 1
| #define HAVE_SEM_TIMEDWAIT 1
| #define HAVE_SEM_UNLINK 1
| #define HAVE_SENDFILE 1
| #define HAVE_SETEGID 1
| #define HAVE_SETEUID 1
| #define HAVE_SETGID 1
| #define HAVE_SETHOSTNAME 1
| #define HAVE_SETITIMER 1
| #define HAVE_SETLOCALE 1
| #define HAVE_SETPGID 1
| #define HAVE_SETPGRP 1
| #define HAVE_SETPRIORITY 1
| #define HAVE_SETREGID 1
| #define HAVE_SETRESGID 1
| #define HAVE_SETRESUID 1
| #define HAVE_SETREUID 1
| #define HAVE_SETSID 1
| #define HAVE_SETUID 1
| #define HAVE_SETVBUF 1
| #define HAVE_SHUTDOWN 1
| #define HAVE_SIGACTION 1
| #define HAVE_SIGALTSTACK 1
| #define HAVE_SIGFILLSET 1
| #define HAVE_SIGINTERRUPT 1
| #define HAVE_SIGPENDING 1
| #define HAVE_SIGRELSE 1
| #define HAVE_SIGTIMEDWAIT 1
| #define HAVE_SIGWAIT 1
| #define HAVE_SIGWAITINFO 1
| #define HAVE_SNPRINTF 1
| #define HAVE_STRFTIME 1
| #define HAVE_STRLCPY 1
| #define HAVE_STRSIGNAL 1
| #define HAVE_SYMLINKAT 1
| #define HAVE_SYNC 1
| #define HAVE_SYSCONF 1
| #define HAVE_SYSTEM 1
| #define HAVE_TCGETPGRP 1
| #define HAVE_TCSETPGRP 1
| #define HAVE_TEMPNAM 1
| #define HAVE_TIMEGM 1
| #define HAVE_TIMES 1
| #define HAVE_TMPFILE 1
| #define HAVE_TMPNAM 1
| #define HAVE_TRUNCATE 1
| #define HAVE_TTYNAME 1
| #define HAVE_UMASK 1
| #define HAVE_UNAME 1
| #define HAVE_UNLINKAT 1
| #define HAVE_UTIMENSAT 1
| #define HAVE_UTIMES 1
| #define HAVE_VFORK 1
| #define HAVE_WAIT 1
| #define HAVE_WAIT3 1
| #define HAVE_WAIT4 1
| #define HAVE_WAITID 1
| #define HAVE_WAITPID 1
| #define HAVE_WCSCOLL 1
| #define HAVE_WCSFTIME 1
| #define HAVE_WCSXFRM 1
| #define HAVE_WMEMCMP 1
| #define HAVE_WRITEV 1
| #define HAVE_LCHMOD 1
| #define HAVE_DIRFD 1
| #define HAVE_CHROOT 1
| #define HAVE_LINK 1
| #define HAVE_SYMLINK 1
| #define HAVE_FCHDIR 1
| #define HAVE_FSYNC 1
| #define HAVE_FDATASYNC 1
| #define HAVE_KQUEUE 1
| #define HAVE_MEMFD_CREATE 1
| #define HAVE_EVENTFD 1
| #define HAVE_CTERMID_R 1
| #define HAVE_FLOCK 1
| #define HAVE_GETPAGESIZE 1
| #define HAVE_CHFLAGS 1
| #define HAVE_LCHFLAGS 1
| #define HAVE_ZLIB_COPY 1
| #define HAVE_BZLIB_H 1
| #define HAVE_HSTRERROR 1
| #define HAVE_GETSERVBYNAME 1
| #define HAVE_GETSERVBYPORT 1
| #define HAVE_GETHOSTBYNAME 1
| #define HAVE_GETHOSTBYADDR 1
| #define HAVE_GETPROTOBYNAME 1
| #define HAVE_INET_ATON 1
| #define HAVE_INET_NTOA 1
| #define HAVE_INET_PTON 1
| #define HAVE_GETPEERNAME 1
| #define HAVE_GETSOCKNAME 1
| #define HAVE_ACCEPT 1
| #define HAVE_BIND 1
| #define HAVE_CONNECT 1
| #define HAVE_LISTEN 1
| #define HAVE_RECVFROM 1
| #define HAVE_SENDTO 1
| #define HAVE_SETSOCKOPT 1
| #define HAVE_SOCKET 1
| #define HAVE_SETGROUPS 1
| #define HAVE_OPENPTY 1
| #define HAVE_LOGIN_TTY 1
| #define HAVE_FORKPTY 1
| #define HAVE_FSEEKO 1
| #define HAVE_FSTATVFS 1
| #define HAVE_FTELLO 1
| #define HAVE_STATVFS 1
| #define HAVE_DUP2 1
| #define HAVE_GETPGRP 1
| #define HAVE_SETPGRP 1
| #define SETPGRP_HAVE_ARG 1
| #define HAVE_CRYPT_R 1
| #define HAVE_CLOCK_GETTIME 1
| #define HAVE_CLOCK_GETRES 1
| #define HAVE_CLOCK_SETTIME 1
| #define HAVE_CLOCK_NANOSLEEP 1
| #define HAVE_NANOSLEEP 1
| #define HAVE_DEVICE_MACROS 1
| #define SYS_SELECT_WITH_SYS_TIME 1
| #define HAVE_GETADDRINFO 1
| #define HAVE_GETNAMEINFO 1
| #define HAVE_STRUCT_TM_TM_ZONE 1
| #define HAVE_TM_ZONE 1
| #define HAVE_STRUCT_STAT_ST_RDEV 1
| #define HAVE_STRUCT_STAT_ST_BLKSIZE 1
| #define HAVE_STRUCT_STAT_ST_FLAGS 1
| #define HAVE_STRUCT_STAT_ST_GEN 1
| #define HAVE_STRUCT_STAT_ST_BIRTHTIME 1
| #define HAVE_STRUCT_STAT_ST_BLOCKS 1
| #define HAVE_STRUCT_PASSWD_PW_GECOS 1
| #define HAVE_STRUCT_PASSWD_PW_PASSWD 1
| #define HAVE_SIGINFO_T_SI_BAND 1
| #define HAVE_ADDRINFO 1
| #define HAVE_SOCKADDR_STORAGE 1
| #define HAVE_PROTOTYPES 1
| #define HAVE_SOCKETPAIR 1
| #define HAVE_SOCKADDR_SA_LEN 1
| #define HAVE_GETHOSTBYNAME_R 1
| #define HAVE_GETHOSTBYNAME_R 1
| #define HAVE_GETHOSTBYNAME_R_6_ARG 1
| #define DOUBLE_IS_LITTLE_ENDIAN_IEEE754 1
| #define HAVE_ACOSH 1
| #define HAVE_ASINH 1
| #define HAVE_ATANH 1
| #define HAVE_ERF 1
| #define HAVE_ERFC 1
| #define HAVE_EXPM1 1
| #define HAVE_LOG1P 1
| #define HAVE_LOG2 1
| #define HAVE_DECL_RTLD_LAZY 1
| #define HAVE_DECL_RTLD_NOW 1
| #define HAVE_DECL_RTLD_GLOBAL 1
| #define HAVE_DECL_RTLD_LOCAL 1
| #define HAVE_DECL_RTLD_NODELETE 1
| #define HAVE_DECL_RTLD_NOLOAD 1
| #define HAVE_DECL_RTLD_DEEPBIND 1
| #define HAVE_DECL_RTLD_MEMBER 0
| #define HAVE_WCHAR_H 1
| #define SIZEOF_WCHAR_T 4
| #define HAVE_USABLE_WCHAR_T 1
| #define ALT_SOABI "cpython-312"
| #define HAVE_GETC_UNLOCKED 1
| #define HAVE_RL_COMPLETION_APPEND_CHARACTER 1
| #define HAVE_RL_COMPLETION_SUPPRESS_APPEND 1
| #define HAVE_RL_PRE_INPUT_HOOK 1
| #define HAVE_RL_COMPLETION_DISPLAY_MATCHES_HOOK 1
| #define HAVE_RL_RESIZE_TERMINAL 1
| #define HAVE_RL_COMPLETION_MATCHES 1
| #define HAVE_RL_CATCH_SIGNAL 1
| #define HAVE_RL_APPEND_HISTORY 1
| #define HAVE_RL_COMPDISP_FUNC_T 1
| #define HAVE_BROKEN_NICE 1
| #define HAVE_WORKING_TZSET 1
| #define HAVE_STAT_TV_NSEC 1
| #define HAVE_STAT_TV_NSEC2 1
| #define HAVE_CURSES_H 1
| #define HAVE_NCURSES_H 1
| #define HAVE_NCURSESW 1
| #define HAVE_PANEL_H 1
| #define HAVE_TERM_H 1
| #define MVWDELCH_IS_EXPRESSION 1
| #define WINDOW_HAS_FLAGS 1
| #define HAVE_CURSES_IS_PAD 1
| #define HAVE_CURSES_IS_TERM_RESIZED 1
| #define HAVE_CURSES_RESIZE_TERM 1
| #define HAVE_CURSES_RESIZETERM 1
| #define HAVE_CURSES_IMMEDOK 1
| #define HAVE_CURSES_SYNCOK 1
| #define HAVE_CURSES_WCHGAT 1
| #define HAVE_CURSES_FILTER 1
| #define HAVE_CURSES_HAS_KEY 1
| #define HAVE_CURSES_TYPEAHEAD 1
| #define HAVE_CURSES_USE_ENV 1
| #define HAVE_COMPUTED_GOTOS 1
| #define HAVE_STD_ATOMIC 1
| #define HAVE_BUILTIN_ATOMIC 1
| #define HAVE_DIRENT_D_TYPE 1
| /* end confdefs.h.  */
| 
| 
|     #include <stddef.h>
|     #include <unistd.h>
|     #include <sys/syscall.h>
|     #include <linux/random.h>
| 
|     int main(void) {
|         char buffer[1];
|         const size_t buflen = sizeof(buffer);
|         const int flags = GRND_NONBLOCK;
|         /* ignore the result, Python checks for ENOSYS and EAGAIN at runtime */
|         (void)syscall(SYS_getrandom, buffer, buflen, flags);
|         return 0;
|     }
| 
| 
configure:27731: result: no
configure:27745: checking for the getrandom() function
configure:27770: cc -pthread -o conftest -mabi=purecap -I/usr/local/include -I/usr/include -mabi=purecap -L/usr/local/lib -L/usr/lib -lmd -lcheri_caprevoke conftest.c -lintl -ldl  -lutil >&5
configure:27770: $? = 0
configure:27780: result: yes
configure:27801: checking for library containing shm_open
configure:27831: cc -pthread -o conftest -mabi=purecap -I/usr/local/include -I/usr/include -mabi=purecap -L/usr/local/lib -L/usr/lib -lmd -lcheri_caprevoke conftest.c -lintl -ldl  -lutil >&5
configure:27831: $? = 0
configure:27851: result: none required
configure:27878: checking for shm_open
configure:27878: cc -pthread -o conftest -mabi=purecap -I/usr/local/include -I/usr/include -mabi=purecap -L/usr/local/lib -L/usr/lib -lmd -lcheri_caprevoke conftest.c -lintl -ldl  -lutil >&5
configure:27878: $? = 0
configure:27878: result: yes
configure:27878: checking for shm_unlink
configure:27878: cc -pthread -o conftest -mabi=purecap -I/usr/local/include -I/usr/include -mabi=purecap -L/usr/local/lib -L/usr/lib -lmd -lcheri_caprevoke conftest.c -lintl -ldl  -lutil >&5
configure:27878: $? = 0
configure:27878: result: yes
configure:27967: checking for pkg-config
configure:27999: result: /usr/local/bin/pkg-config
configure:28069: checking whether compiling and linking against OpenSSL works
Trying link with OPENSSL_LDFLAGS=; OPENSSL_LIBS=-lssl -lcrypto ; OPENSSL_INCLUDES=
configure:28091: cc -pthread -o conftest -mabi=purecap  -I/usr/local/include -I/usr/include -mabi=purecap -L/usr/local/lib -L/usr/lib -lmd -lcheri_caprevoke  conftest.c -lssl -lcrypto  -lintl -ldl  -lutil >&5
configure:28091: $? = 0
configure:28094: result: yes
configure:28133: checking for --with-openssl-rpath
configure:28174: result: 
configure:28227: checking whether OpenSSL provides required ssl module APIs
configure:28260: cc -pthread -o conftest -mabi=purecap  -I/usr/local/include -I/usr/include -mabi=purecap -L/usr/local/lib -L/usr/lib -lmd -lcheri_caprevoke   conftest.c -lintl -ldl  -lutil -lssl -lcrypto  >&5
configure:28260: $? = 0
configure:28270: result: yes
configure:28290: checking whether OpenSSL provides required hashlib module APIs
configure:28320: cc -pthread -o conftest -mabi=purecap  -I/usr/local/include -I/usr/include -mabi=purecap -L/usr/local/lib -L/usr/lib -lmd -lcheri_caprevoke   conftest.c -lintl -ldl  -lutil  -lcrypto >&5
configure:28320: $? = 0
configure:28330: result: yes
configure:28344: checking for --with-ssl-default-suites
configure:28372: result: python
configure:28385: checking for --with-builtin-hashlib-hashes
configure:28407: result: md5,sha1,sha2,sha3,blake2
configure:28438: checking for libb2
configure:28445: $PKG_CONFIG --exists --print-errors "libb2"
Package libb2 was not found in the pkg-config search path.
Perhaps you should add the directory containing `libb2.pc'
to the PKG_CONFIG_PATH environment variable
Package 'libb2', required by 'virtual:world', not found
configure:28448: $? = 1
configure:28462: $PKG_CONFIG --exists --print-errors "libb2"
Package libb2 was not found in the pkg-config search path.
Perhaps you should add the directory containing `libb2.pc'
to the PKG_CONFIG_PATH environment variable
Package 'libb2', required by 'virtual:world', not found
configure:28465: $? = 1
configure:28479: result: no
Package 'libb2', required by 'virtual:world', not found
configure:28517: checking for --disable-test-modules
configure:28542: result: yes
configure:29131: checking for stdlib extension module _multiprocessing
configure:29165: result: yes
configure:29169: checking for stdlib extension module _posixshmem
configure:29203: result: yes
configure:29320: checking for stdlib extension module fcntl
configure:29354: result: yes
configure:29358: checking for stdlib extension module mmap
configure:29392: result: yes
configure:29396: checking for stdlib extension module _socket
configure:29430: result: yes
configure:29435: checking for stdlib extension module grp
configure:29469: result: yes
configure:29473: checking for stdlib extension module ossaudiodev
configure:29507: result: yes
configure:29511: checking for stdlib extension module pwd
configure:29545: result: yes
configure:29549: checking for stdlib extension module resource
configure:29583: result: yes
configure:29587: checking for stdlib extension module _scproxy
configure:29621: result: n/a
configure:29625: checking for stdlib extension module spwd
configure:29659: result: n/a
configure:29663: checking for stdlib extension module syslog
configure:29697: result: yes
configure:29701: checking for stdlib extension module termios
configure:29735: result: yes
configure:29740: checking for stdlib extension module pyexpat
configure:29774: result: yes
configure:29778: checking for stdlib extension module _elementtree
configure:29812: result: yes
configure:29993: checking for stdlib extension module _md5
configure:30027: result: yes
configure:30031: checking for stdlib extension module _sha1
configure:30065: result: yes
configure:30069: checking for stdlib extension module _sha2
configure:30103: result: yes
configure:30107: checking for stdlib extension module _sha3
configure:30141: result: yes
configure:30145: checking for stdlib extension module _blake2
configure:30179: result: yes
configure:30184: checking for stdlib extension module _crypt
configure:30218: result: yes
configure:30222: checking for stdlib extension module _ctypes
configure:30256: result: yes
configure:30260: checking for stdlib extension module _curses
configure:30295: result: yes
configure:30299: checking for stdlib extension module _curses_panel
configure:30334: result: yes
configure:30338: checking for stdlib extension module _decimal
configure:30372: result: yes
configure:30376: checking for stdlib extension module _dbm
configure:30410: result: yes
configure:30414: checking for stdlib extension module _gdbm
configure:30448: result: yes
configure:30452: checking for stdlib extension module nis
configure:30486: result: yes
configure:30490: checking for stdlib extension module readline
configure:30524: result: yes
configure:30528: checking for stdlib extension module _sqlite3
configure:30562: result: yes
configure:30566: checking for stdlib extension module _tkinter
configure:30600: result: yes
configure:30604: checking for stdlib extension module _uuid
configure:30638: result: yes
configure:30643: checking for stdlib extension module zlib
configure:30677: result: yes
configure:30703: checking for stdlib extension module _bz2
configure:30737: result: yes
configure:30741: checking for stdlib extension module _lzma
configure:30775: result: yes
configure:30780: checking for stdlib extension module _ssl
configure:30814: result: yes
configure:30818: checking for stdlib extension module _hashlib
configure:30852: result: yes
configure:30857: checking for stdlib extension module _testcapi
configure:30891: result: yes
configure:30895: checking for stdlib extension module _testclinic
configure:30929: result: yes
configure:30933: checking for stdlib extension module _testinternalcapi
configure:30967: result: yes
configure:30971: checking for stdlib extension module _testbuffer
configure:31005: result: yes
configure:31009: checking for stdlib extension module _testimportmultiple
configure:31043: result: yes
configure:31047: checking for stdlib extension module _testmultiphase
configure:31081: result: yes
configure:31085: checking for stdlib extension module xxsubtype
configure:31119: result: yes
configure:31123: checking for stdlib extension module _xxtestfuzz
configure:31157: result: yes
configure:31161: checking for stdlib extension module _ctypes_test
configure:31195: result: yes
configure:31200: checking for stdlib extension module xxlimited
configure:31234: result: yes
configure:31238: checking for stdlib extension module xxlimited_35
configure:31272: result: yes
configure:31733: creating ./config.status

## ---------------------- ##
## Running config.status. ##
## ---------------------- ##

This file was extended by python config.status 3.12, which was
generated by GNU Autoconf 2.71.  Invocation command line was

  CONFIG_FILES    = 
  CONFIG_HEADERS  = 
  CONFIG_LINKS    = 
  CONFIG_COMMANDS = 
  $ ./config.status 

on cheribsd

config.status:1753: creating Makefile.pre
config.status:1753: creating Misc/python.pc
config.status:1753: creating Misc/python-embed.pc
config.status:1753: creating Misc/python-config.sh
config.status:1753: creating Modules/Setup.bootstrap
config.status:1753: creating Modules/Setup.stdlib
config.status:1753: creating Modules/ld_so_aix
config.status:1753: creating pyconfig.h
config.status:1919: pyconfig.h is unchanged
configure:32915: creating Modules/Setup.local
configure:32922: creating Makefile
configure:32953: WARNING:

Platform "aarch64-unknown-freebsd" with compiler "clang" is not supported by the
CPython core team, see https://peps.python.org/pep-0011/ for more information.


## ---------------- ##
## Cache variables. ##
## ---------------- ##

ac_cv_aligned_required=no
ac_cv_alignof_long=8
ac_cv_alignof_max_align_t=16
ac_cv_alignof_size_t=8
ac_cv_broken_mbstowcs=no
ac_cv_broken_nice=yes
ac_cv_broken_poll=no
ac_cv_broken_sem_getvalue=no
ac_cv_broken_unsetenv=no
ac_cv_buggy_getaddrinfo=no
ac_cv_build=aarch64-unknown-freebsd
ac_cv_builtin_atomic=yes
ac_cv_c_bigendian=no
ac_cv_c_compiler_gnu=yes
ac_cv_c_const=yes
ac_cv_c_undeclared_builtin_options=-fno-builtin
ac_cv_can_raw_fd_frames=no
ac_cv_can_raw_join_filters=no
ac_cv_cc_name=clang
ac_cv_cc_supports_fstrict_overflow=yes
ac_cv_cc_supports_og=yes
ac_cv_clock_t_time_h=yes
ac_cv_compile_o2=yes
ac_cv_computed_gotos=yes
ac_cv_crypt_crypt=yes
ac_cv_cxx_thread=yes
ac_cv_device_macros=yes
ac_cv_dirent_d_type=yes
ac_cv_disable_int_conversion_warning=no
ac_cv_disable_missing_field_initializers_warning=no
ac_cv_disable_unused_parameter_warning=no
ac_cv_enable_extra_warning=no
ac_cv_enable_implicit_function_declaration_error=yes
ac_cv_enable_sign_compare_warning=no
ac_cv_enable_strict_prototypes_warning=no
ac_cv_enable_unreachable_code_warning=no
ac_cv_enable_visibility=yes
ac_cv_env_BOLT_APPLY_FLAGS_set=''
ac_cv_env_BOLT_APPLY_FLAGS_value=''
ac_cv_env_BOLT_INSTRUMENT_FLAGS_set=''
ac_cv_env_BOLT_INSTRUMENT_FLAGS_value=''
ac_cv_env_BZIP2_CFLAGS_set=''
ac_cv_env_BZIP2_CFLAGS_value=''
ac_cv_env_BZIP2_LIBS_set=''
ac_cv_env_BZIP2_LIBS_value=''
ac_cv_env_CC_set=set
ac_cv_env_CC_value=cc
ac_cv_env_CFLAGS_set=set
ac_cv_env_CFLAGS_value='-mabi=purecap'
ac_cv_env_CPPFLAGS_set=set
ac_cv_env_CPPFLAGS_value='-I/usr/local/include -I/usr/include'
ac_cv_env_CPP_set=''
ac_cv_env_CPP_value=''
ac_cv_env_CURSES_CFLAGS_set=''
ac_cv_env_CURSES_CFLAGS_value=''
ac_cv_env_CURSES_LIBS_set=''
ac_cv_env_CURSES_LIBS_value=''
ac_cv_env_GDBM_CFLAGS_set=''
ac_cv_env_GDBM_CFLAGS_value=''
ac_cv_env_GDBM_LIBS_set=''
ac_cv_env_GDBM_LIBS_value=''
ac_cv_env_HOSTRUNNER_set=''
ac_cv_env_HOSTRUNNER_value=''
ac_cv_env_LDFLAGS_set=set
ac_cv_env_LDFLAGS_value='-mabi=purecap -L/usr/local/lib -L/usr/lib -lmd -lcheri_caprevoke'
ac_cv_env_LIBB2_CFLAGS_set=''
ac_cv_env_LIBB2_CFLAGS_value=''
ac_cv_env_LIBB2_LIBS_set=''
ac_cv_env_LIBB2_LIBS_value=''
ac_cv_env_LIBCRYPT_CFLAGS_set=''
ac_cv_env_LIBCRYPT_CFLAGS_value=''
ac_cv_env_LIBCRYPT_LIBS_set=''
ac_cv_env_LIBCRYPT_LIBS_value=''
ac_cv_env_LIBEDIT_CFLAGS_set=''
ac_cv_env_LIBEDIT_CFLAGS_value=''
ac_cv_env_LIBEDIT_LIBS_set=''
ac_cv_env_LIBEDIT_LIBS_value=''
ac_cv_env_LIBFFI_CFLAGS_set=''
ac_cv_env_LIBFFI_CFLAGS_value=''
ac_cv_env_LIBFFI_LIBS_set=''
ac_cv_env_LIBFFI_LIBS_value=''
ac_cv_env_LIBLZMA_CFLAGS_set=''
ac_cv_env_LIBLZMA_CFLAGS_value=''
ac_cv_env_LIBLZMA_LIBS_set=''
ac_cv_env_LIBLZMA_LIBS_value=''
ac_cv_env_LIBNSL_CFLAGS_set=''
ac_cv_env_LIBNSL_CFLAGS_value=''
ac_cv_env_LIBNSL_LIBS_set=''
ac_cv_env_LIBNSL_LIBS_value=''
ac_cv_env_LIBREADLINE_CFLAGS_set=''
ac_cv_env_LIBREADLINE_CFLAGS_value=''
ac_cv_env_LIBREADLINE_LIBS_set=''
ac_cv_env_LIBREADLINE_LIBS_value=''
ac_cv_env_LIBSQLITE3_CFLAGS_set=''
ac_cv_env_LIBSQLITE3_CFLAGS_value=''
ac_cv_env_LIBSQLITE3_LIBS_set=''
ac_cv_env_LIBSQLITE3_LIBS_value=''
ac_cv_env_LIBS_set=''
ac_cv_env_LIBS_value=''
ac_cv_env_LIBUUID_CFLAGS_set=''
ac_cv_env_LIBUUID_CFLAGS_value=''
ac_cv_env_LIBUUID_LIBS_set=''
ac_cv_env_LIBUUID_LIBS_value=''
ac_cv_env_MACHDEP_set=''
ac_cv_env_MACHDEP_value=''
ac_cv_env_PANEL_CFLAGS_set=''
ac_cv_env_PANEL_CFLAGS_value=''
ac_cv_env_PANEL_LIBS_set=''
ac_cv_env_PANEL_LIBS_value=''
ac_cv_env_PKG_CONFIG_LIBDIR_set=''
ac_cv_env_PKG_CONFIG_LIBDIR_value=''
ac_cv_env_PKG_CONFIG_PATH_set=set
ac_cv_env_PKG_CONFIG_PATH_value=/usr/local/lib/pkgconfig
ac_cv_env_PKG_CONFIG_set=set
ac_cv_env_PKG_CONFIG_value=/usr/local/bin/pkg-config
ac_cv_env_PROFILE_TASK_set=''
ac_cv_env_PROFILE_TASK_value=''
ac_cv_env_TCLTK_CFLAGS_set=''
ac_cv_env_TCLTK_CFLAGS_value=''
ac_cv_env_TCLTK_LIBS_set=''
ac_cv_env_TCLTK_LIBS_value=''
ac_cv_env_X11_CFLAGS_set=''
ac_cv_env_X11_CFLAGS_value=''
ac_cv_env_X11_LIBS_set=''
ac_cv_env_X11_LIBS_value=''
ac_cv_env_ZLIB_CFLAGS_set=''
ac_cv_env_ZLIB_CFLAGS_value=''
ac_cv_env_ZLIB_LIBS_set=''
ac_cv_env_ZLIB_LIBS_value=''
ac_cv_env_build_alias_set=set
ac_cv_env_build_alias_value=aarch64-unknown-freebsd
ac_cv_env_host_alias_set=''
ac_cv_env_host_alias_value=''
ac_cv_env_target_alias_set=''
ac_cv_env_target_alias_value=''
ac_cv_file__dev_ptc=no
ac_cv_file__dev_ptmx=no
ac_cv_flock_decl=yes
ac_cv_func___fpu_control=no
ac_cv_func__dyld_shared_cache_contains_path=no
ac_cv_func__getpty=no
ac_cv_func_accept4=yes
ac_cv_func_accept=yes
ac_cv_func_acosh=yes
ac_cv_func_alarm=yes
ac_cv_func_asinh=yes
ac_cv_func_atanh=yes
ac_cv_func_bind=yes
ac_cv_func_bind_textdomain_codeset=yes
ac_cv_func_chmod=yes
ac_cv_func_chown=yes
ac_cv_func_chroot=yes
ac_cv_func_clock=yes
ac_cv_func_clock_getres=yes
ac_cv_func_clock_gettime=yes
ac_cv_func_clock_nanosleep=yes
ac_cv_func_clock_settime=yes
ac_cv_func_close_range=yes
ac_cv_func_confstr=yes
ac_cv_func_connect=yes
ac_cv_func_copy_file_range=yes
ac_cv_func_ctermid=yes
ac_cv_func_ctermid_r=yes
ac_cv_func_dlopen=yes
ac_cv_func_dup2=yes
ac_cv_func_dup3=yes
ac_cv_func_dup=yes
ac_cv_func_epoll_create1=no
ac_cv_func_epoll_create=no
ac_cv_func_erf=yes
ac_cv_func_erfc=yes
ac_cv_func_eventfd=yes
ac_cv_func_execv=yes
ac_cv_func_explicit_bzero=yes
ac_cv_func_explicit_memset=no
ac_cv_func_expm1=yes
ac_cv_func_faccessat=yes
ac_cv_func_fchdir=yes
ac_cv_func_fchmod=yes
ac_cv_func_fchmodat=yes
ac_cv_func_fchown=yes
ac_cv_func_fchownat=yes
ac_cv_func_fdatasync=yes
ac_cv_func_fdopendir=yes
ac_cv_func_fdwalk=no
ac_cv_func_fexecve=yes
ac_cv_func_ffi_closure_alloc=yes
ac_cv_func_ffi_prep_cif_var=yes
ac_cv_func_ffi_prep_closure_loc=yes
ac_cv_func_flock=yes
ac_cv_func_fork1=no
ac_cv_func_fork=yes
ac_cv_func_forkpty=yes
ac_cv_func_fpathconf=yes
ac_cv_func_fseek64=no
ac_cv_func_fseeko=yes
ac_cv_func_fstatat=yes
ac_cv_func_fstatvfs=yes
ac_cv_func_fsync=yes
ac_cv_func_ftell64=no
ac_cv_func_ftello=yes
ac_cv_func_ftime=no
ac_cv_func_ftruncate=yes
ac_cv_func_futimens=yes
ac_cv_func_futimes=yes
ac_cv_func_futimesat=yes
ac_cv_func_gai_strerror=yes
ac_cv_func_getaddrinfo=yes
ac_cv_func_getegid=yes
ac_cv_func_getentropy=yes
ac_cv_func_geteuid=yes
ac_cv_func_getgid=yes
ac_cv_func_getgrgid=yes
ac_cv_func_getgrgid_r=yes
ac_cv_func_getgrnam_r=yes
ac_cv_func_getgrouplist=yes
ac_cv_func_getgroups=yes
ac_cv_func_gethostbyaddr=yes
ac_cv_func_gethostbyname=yes
ac_cv_func_gethostbyname_r=yes
ac_cv_func_gethostname=yes
ac_cv_func_getitimer=yes
ac_cv_func_getloadavg=yes
ac_cv_func_getlogin=yes
ac_cv_func_getnameinfo=yes
ac_cv_func_getpagesize=yes
ac_cv_func_getpeername=yes
ac_cv_func_getpgid=yes
ac_cv_func_getpgrp=yes
ac_cv_func_getpid=yes
ac_cv_func_getppid=yes
ac_cv_func_getpriority=yes
ac_cv_func_getprotobyname=yes
ac_cv_func_getpwent=yes
ac_cv_func_getpwnam_r=yes
ac_cv_func_getpwuid=yes
ac_cv_func_getpwuid_r=yes
ac_cv_func_getrandom=yes
ac_cv_func_getresgid=yes
ac_cv_func_getresuid=yes
ac_cv_func_getrusage=yes
ac_cv_func_getservbyname=yes
ac_cv_func_getservbyport=yes
ac_cv_func_getsid=yes
ac_cv_func_getsockname=yes
ac_cv_func_getspent=no
ac_cv_func_getspnam=no
ac_cv_func_getuid=yes
ac_cv_func_getwd=yes
ac_cv_func_hstrerror=yes
ac_cv_func_if_nameindex=yes
ac_cv_func_inet_aton=yes
ac_cv_func_inet_ntoa=yes
ac_cv_func_inet_pton=yes
ac_cv_func_initgroups=yes
ac_cv_func_kill=yes
ac_cv_func_killpg=yes
ac_cv_func_kqueue=yes
ac_cv_func_lchmod=yes
ac_cv_func_lchown=yes
ac_cv_func_le64toh=no
ac_cv_func_link=yes
ac_cv_func_linkat=yes
ac_cv_func_listen=yes
ac_cv_func_lockf=yes
ac_cv_func_log1p=yes
ac_cv_func_log2=yes
ac_cv_func_lstat=yes
ac_cv_func_lutimes=yes
ac_cv_func_madvise=yes
ac_cv_func_makedev=yes
ac_cv_func_mbrtowc=yes
ac_cv_func_memfd_create=yes
ac_cv_func_memrchr=yes
ac_cv_func_mkdirat=yes
ac_cv_func_mkfifo=yes
ac_cv_func_mkfifoat=yes
ac_cv_func_mknod=yes
ac_cv_func_mknodat=yes
ac_cv_func_mktime=yes
ac_cv_func_mmap=yes
ac_cv_func_mremap=no
ac_cv_func_nanosleep=yes
ac_cv_func_nice=yes
ac_cv_func_openat=yes
ac_cv_func_opendir=yes
ac_cv_func_openpty=no
ac_cv_func_pathconf=yes
ac_cv_func_pause=yes
ac_cv_func_pipe2=yes
ac_cv_func_pipe=yes
ac_cv_func_plock=no
ac_cv_func_poll=yes
ac_cv_func_posix_fadvise=yes
ac_cv_func_posix_fallocate=yes
ac_cv_func_posix_spawn=yes
ac_cv_func_posix_spawnp=yes
ac_cv_func_pread=yes
ac_cv_func_preadv2=no
ac_cv_func_preadv=yes
ac_cv_func_prlimit=no
ac_cv_func_pthread_condattr_setclock=yes
ac_cv_func_pthread_getcpuclockid=yes
ac_cv_func_pthread_init=no
ac_cv_func_pthread_kill=yes
ac_cv_func_pthread_sigmask=yes
ac_cv_func_pwrite=yes
ac_cv_func_pwritev2=no
ac_cv_func_pwritev=yes
ac_cv_func_readlink=yes
ac_cv_func_readlinkat=yes
ac_cv_func_readv=yes
ac_cv_func_realpath=yes
ac_cv_func_recvfrom=yes
ac_cv_func_renameat=yes
ac_cv_func_rtpSpawn=no
ac_cv_func_sched_get_priority_max=yes
ac_cv_func_sched_rr_get_interval=yes
ac_cv_func_sched_setaffinity=yes
ac_cv_func_sched_setparam=yes
ac_cv_func_sched_setscheduler=yes
ac_cv_func_sem_clockwait=no
ac_cv_func_sem_getvalue=yes
ac_cv_func_sem_open=yes
ac_cv_func_sem_timedwait=yes
ac_cv_func_sem_unlink=yes
ac_cv_func_sendfile=yes
ac_cv_func_sendto=yes
ac_cv_func_setegid=yes
ac_cv_func_seteuid=yes
ac_cv_func_setgid=yes
ac_cv_func_setgroups=yes
ac_cv_func_sethostname=yes
ac_cv_func_setitimer=yes
ac_cv_func_setlocale=yes
ac_cv_func_setns=no
ac_cv_func_setpgid=yes
ac_cv_func_setpgrp=yes
ac_cv_func_setpriority=yes
ac_cv_func_setregid=yes
ac_cv_func_setresgid=yes
ac_cv_func_setresuid=yes
ac_cv_func_setreuid=yes
ac_cv_func_setsid=yes
ac_cv_func_setsockopt=yes
ac_cv_func_setuid=yes
ac_cv_func_setvbuf=yes
ac_cv_func_shm_open=yes
ac_cv_func_shm_unlink=yes
ac_cv_func_shutdown=yes
ac_cv_func_sigaction=yes
ac_cv_func_sigaltstack=yes
ac_cv_func_sigfillset=yes
ac_cv_func_siginterrupt=yes
ac_cv_func_sigpending=yes
ac_cv_func_sigrelse=yes
ac_cv_func_sigtimedwait=yes
ac_cv_func_sigwait=yes
ac_cv_func_sigwaitinfo=yes
ac_cv_func_snprintf=yes
ac_cv_func_socket=yes
ac_cv_func_socketpair=yes
ac_cv_func_splice=no
ac_cv_func_statvfs=yes
ac_cv_func_strftime=yes
ac_cv_func_strlcpy=yes
ac_cv_func_strsignal=yes
ac_cv_func_symlink=yes
ac_cv_func_symlinkat=yes
ac_cv_func_sync=yes
ac_cv_func_sysconf=yes
ac_cv_func_system=yes
ac_cv_func_tcgetpgrp=yes
ac_cv_func_tcsetpgrp=yes
ac_cv_func_tempnam=yes
ac_cv_func_timegm=yes
ac_cv_func_times=yes
ac_cv_func_tmpfile=yes
ac_cv_func_tmpnam=yes
ac_cv_func_tmpnam_r=no
ac_cv_func_truncate=yes
ac_cv_func_ttyname=yes
ac_cv_func_umask=yes
ac_cv_func_uname=yes
ac_cv_func_unlinkat=yes
ac_cv_func_unshare=no
ac_cv_func_utimensat=yes
ac_cv_func_utimes=yes
ac_cv_func_uuid_create=yes
ac_cv_func_uuid_enc_be=yes
ac_cv_func_vfork=yes
ac_cv_func_wait3=yes
ac_cv_func_wait4=yes
ac_cv_func_wait=yes
ac_cv_func_waitid=yes
ac_cv_func_waitpid=yes
ac_cv_func_wcscoll=yes
ac_cv_func_wcsftime=yes
ac_cv_func_wcsxfrm=yes
ac_cv_func_wmemcmp=yes
ac_cv_func_writev=yes
ac_cv_function_prototypes=yes
ac_cv_gcc_asm_for_mc68881=no
ac_cv_gcc_asm_for_x64=no
ac_cv_gcc_asm_for_x87=no
ac_cv_getrandom_syscall=no
ac_cv_have_chflags=yes
ac_cv_have_decl_RTLD_DEEPBIND=yes
ac_cv_have_decl_RTLD_GLOBAL=yes
ac_cv_have_decl_RTLD_LAZY=yes
ac_cv_have_decl_RTLD_LOCAL=yes
ac_cv_have_decl_RTLD_MEMBER=no
ac_cv_have_decl_RTLD_NODELETE=yes
ac_cv_have_decl_RTLD_NOLOAD=yes
ac_cv_have_decl_RTLD_NOW=yes
ac_cv_have_decl_dirfd=yes
ac_cv_have_decl_rl_catch_signals=yes
ac_cv_have_decl_rl_completion_append_character=yes
ac_cv_have_decl_rl_completion_suppress_append=yes
ac_cv_have_getc_unlocked=yes
ac_cv_have_lchflags=yes
ac_cv_have_libdb=no
ac_cv_have_pthread_t=yes
ac_cv_header_alloca_h=no
ac_cv_header_asm_types_h=no
ac_cv_header_bluetooth_bluetooth_h=no
ac_cv_header_bluetooth_h=yes
ac_cv_header_bzlib_h=yes
ac_cv_header_conio_h=no
ac_cv_header_crypt_h=no
ac_cv_header_curses_h=yes
ac_cv_header_db_h=yes
ac_cv_header_direct_h=no
ac_cv_header_dirent_dirent_h=yes
ac_cv_header_dlfcn_h=yes
ac_cv_header_endian_h=yes
ac_cv_header_errno_h=yes
ac_cv_header_fcntl_h=yes
ac_cv_header_gdbm_dash_ndbm_h=no
ac_cv_header_gdbm_h=yes
ac_cv_header_gdbm_slash_ndbm_h=no
ac_cv_header_grp_h=yes
ac_cv_header_ieeefp_h=yes
ac_cv_header_inttypes_h=yes
ac_cv_header_io_h=no
ac_cv_header_langinfo_h=yes
ac_cv_header_libintl_h=yes
ac_cv_header_libutil_h=yes
ac_cv_header_linux_auxvec_h=no
ac_cv_header_linux_can_bcm_h=no
ac_cv_header_linux_can_h=no
ac_cv_header_linux_can_j1939_h=no
ac_cv_header_linux_can_raw_h=no
ac_cv_header_linux_fs_h=no
ac_cv_header_linux_limits_h=no
ac_cv_header_linux_memfd_h=no
ac_cv_header_linux_netlink_h=no
ac_cv_header_linux_qrtr_h=no
ac_cv_header_linux_random_h=no
ac_cv_header_linux_soundcard_h=no
ac_cv_header_linux_tipc_h=no
ac_cv_header_linux_vm_sockets_h=no
ac_cv_header_linux_wait_h=no
ac_cv_header_minix_config_h=no
ac_cv_header_ncurses_h=yes
ac_cv_header_ndbm_h=yes
ac_cv_header_net_ethernet_h=yes
ac_cv_header_net_if_h=yes
ac_cv_header_netcan_can_h=no
ac_cv_header_netdb_h=yes
ac_cv_header_netinet_in_h=yes
ac_cv_header_netpacket_packet_h=no
ac_cv_header_panel_h=yes
ac_cv_header_poll_h=yes
ac_cv_header_process_h=no
ac_cv_header_pthread_h=yes
ac_cv_header_pty_h=no
ac_cv_header_rpc_rpc_h=yes
ac_cv_header_sched_h=yes
ac_cv_header_setjmp_h=yes
ac_cv_header_shadow_h=no
ac_cv_header_signal_h=yes
ac_cv_header_spawn_h=yes
ac_cv_header_sqlite3_h=yes
ac_cv_header_stdatomic_h=yes
ac_cv_header_stdint_h=yes
ac_cv_header_stdio_h=yes
ac_cv_header_stdlib_h=yes
ac_cv_header_string_h=yes
ac_cv_header_strings_h=yes
ac_cv_header_stropts_h=no
ac_cv_header_sys_audioio_h=no
ac_cv_header_sys_auxv_h=yes
ac_cv_header_sys_bsdtty_h=no
ac_cv_header_sys_devpoll_h=no
ac_cv_header_sys_endian_h=yes
ac_cv_header_sys_epoll_h=no
ac_cv_header_sys_event_h=yes
ac_cv_header_sys_eventfd_h=yes
ac_cv_header_sys_file_h=yes
ac_cv_header_sys_ioctl_h=yes
ac_cv_header_sys_kern_control_h=no
ac_cv_header_sys_loadavg_h=no
ac_cv_header_sys_lock_h=yes
ac_cv_header_sys_memfd_h=no
ac_cv_header_sys_mkdev_h=no
ac_cv_header_sys_mman_h=yes
ac_cv_header_sys_modem_h=no
ac_cv_header_sys_param_h=yes
ac_cv_header_sys_poll_h=yes
ac_cv_header_sys_random_h=yes
ac_cv_header_sys_resource_h=yes
ac_cv_header_sys_select_h=yes
ac_cv_header_sys_sendfile_h=no
ac_cv_header_sys_socket_h=yes
ac_cv_header_sys_soundcard_h=yes
ac_cv_header_sys_stat_h=yes
ac_cv_header_sys_statvfs_h=yes
ac_cv_header_sys_sys_domain_h=no
ac_cv_header_sys_syscall_h=yes
ac_cv_header_sys_sysmacros_h=no
ac_cv_header_sys_termio_h=no
ac_cv_header_sys_time_h=yes
ac_cv_header_sys_times_h=yes
ac_cv_header_sys_types_h=yes
ac_cv_header_sys_uio_h=yes
ac_cv_header_sys_un_h=yes
ac_cv_header_sys_utsname_h=yes
ac_cv_header_sys_wait_h=yes
ac_cv_header_sys_xattr_h=no
ac_cv_header_sysexits_h=yes
ac_cv_header_syslog_h=yes
ac_cv_header_term_h=yes
ac_cv_header_termios_h=yes
ac_cv_header_time_altzone=no
ac_cv_header_unistd_h=yes
ac_cv_header_util_h=no
ac_cv_header_utime_h=yes
ac_cv_header_utmp_h=no
ac_cv_header_uuid_h=yes
ac_cv_header_wchar_h=yes
ac_cv_host=aarch64-unknown-freebsd
ac_cv_kpthread=no
ac_cv_kthread=no
ac_cv_lib_bz2_BZ2_bzCompress=yes
ac_cv_lib_c_inet_aton=yes
ac_cv_lib_curses_filter=yes
ac_cv_lib_curses_has_key=yes
ac_cv_lib_curses_immedok=yes
ac_cv_lib_curses_is_pad=yes
ac_cv_lib_curses_is_term_resized=yes
ac_cv_lib_curses_resize_term=yes
ac_cv_lib_curses_resizeterm=yes
ac_cv_lib_curses_syncok=yes
ac_cv_lib_curses_typeahead=yes
ac_cv_lib_curses_use_env=yes
ac_cv_lib_curses_wchgat=yes
ac_cv_lib_dl_dlopen=yes
ac_cv_lib_dld_shl_load=no
ac_cv_lib_gdbm_gdbm_open=yes
ac_cv_lib_ieee___fpu_control=no
ac_cv_lib_intl_textdomain=yes
ac_cv_lib_nsl_t_open=no
ac_cv_lib_sendfile_sendfile=no
ac_cv_lib_socket_socket=no
ac_cv_lib_sqlite3_sqlite3_bind_double=yes
ac_cv_lib_sqlite3_sqlite3_column_decltype=yes
ac_cv_lib_sqlite3_sqlite3_column_double=yes
ac_cv_lib_sqlite3_sqlite3_complete=yes
ac_cv_lib_sqlite3_sqlite3_load_extension=yes
ac_cv_lib_sqlite3_sqlite3_progress_handler=yes
ac_cv_lib_sqlite3_sqlite3_result_double=yes
ac_cv_lib_sqlite3_sqlite3_serialize=yes
ac_cv_lib_sqlite3_sqlite3_set_authorizer=yes
ac_cv_lib_sqlite3_sqlite3_trace_v2=yes
ac_cv_lib_sqlite3_sqlite3_value_double=yes
ac_cv_lib_util_openpty=yes
ac_cv_member_siginfo_t_si_band=yes
ac_cv_member_struct_passwd_pw_gecos=yes
ac_cv_member_struct_passwd_pw_passwd=yes
ac_cv_member_struct_stat_st_birthtime=yes
ac_cv_member_struct_stat_st_blksize=yes
ac_cv_member_struct_stat_st_blocks=yes
ac_cv_member_struct_stat_st_flags=yes
ac_cv_member_struct_stat_st_gen=yes
ac_cv_member_struct_stat_st_rdev=yes
ac_cv_member_struct_tm_tm_zone=yes
ac_cv_mvwdelch_is_expression=yes
ac_cv_no_strict_aliasing=no
ac_cv_objext=o
ac_cv_path_EGREP='/usr/bin/grep -E'
ac_cv_path_GREP=/usr/bin/grep
ac_cv_path_SED=/usr/local/bin/gsed
ac_cv_path_ac_pt_LLVM_PROFDATA=/usr/local64/bin/llvm-profdata
ac_cv_path_install='/usr/bin/install -c'
ac_cv_posix_semaphores_enabled=yes
ac_cv_prog_CPP='cc -E'
ac_cv_prog_HAS_GIT=found
ac_cv_prog_PYTHON_FOR_REGEN=python3.10
ac_cv_prog_TRUE=true
ac_cv_prog_ac_ct_AR=ar
ac_cv_prog_ac_ct_CC=cc
ac_cv_prog_ac_ct_PKG_CONFIG=/usr/local/bin/pkg-config
ac_cv_prog_cc_c11=''
ac_cv_prog_cc_g=yes
ac_cv_prog_cc_stdc=''
ac_cv_pthread=yes
ac_cv_pthread_is_default=no
ac_cv_pthread_key_t_is_arithmetic_type=yes
ac_cv_pthread_system_supported=yes
ac_cv_readline_append_history=yes
ac_cv_readline_rl_completion_display_matches_hook=yes
ac_cv_readline_rl_completion_matches=yes
ac_cv_readline_rl_pre_input_hook=yes
ac_cv_readline_rl_resize_terminal=yes
ac_cv_rshift_extends_sign=yes
ac_cv_safe_to_define___extensions__=yes
ac_cv_search_crypt_r=-lcrypt
ac_cv_search_dbm_open='none required'
ac_cv_search_login_tty='none required'
ac_cv_search_opendir='none required'
ac_cv_search_sem_init='none required'
ac_cv_search_shm_open='none required'
ac_cv_search_yp_match='none required'
ac_cv_should_define__xopen_source=no
ac_cv_sizeof__Bool=1
ac_cv_sizeof_double=8
ac_cv_sizeof_float=4
ac_cv_sizeof_fpos_t=8
ac_cv_sizeof_int=4
ac_cv_sizeof_long=8
ac_cv_sizeof_long_double=16
ac_cv_sizeof_long_long=8
ac_cv_sizeof_off_t=8
ac_cv_sizeof_pid_t=4
ac_cv_sizeof_pthread_key_t=4
ac_cv_sizeof_pthread_t=16
ac_cv_sizeof_short=2
ac_cv_sizeof_size_t=8
ac_cv_sizeof_time_t=8
ac_cv_sizeof_uintptr_t=16
ac_cv_sizeof_void_p=16
ac_cv_sizeof_wchar_t=4
ac_cv_stat_tv_nsec2=yes
ac_cv_stat_tv_nsec=yes
ac_cv_struct_addrinfo=yes
ac_cv_struct_sockaddr_alg=no
ac_cv_struct_sockaddr_sa_len=yes
ac_cv_struct_sockaddr_storage=yes
ac_cv_struct_tm=time.h
ac_cv_type___uint128_t=yes
ac_cv_type_long_double=yes
ac_cv_type_mode_t=yes
ac_cv_type_off_t=yes
ac_cv_type_pid_t=yes
ac_cv_type_rl_compdisp_func_t=yes
ac_cv_type_size_t=yes
ac_cv_type_socklen_t=yes
ac_cv_type_ssize_t=yes
ac_cv_type_uid_t=yes
ac_cv_wchar_t_signed=no
ac_cv_window_has_flags=yes
ac_cv_wl_no_as_needed=yes
ac_cv_working_openssl_hashlib=yes
ac_cv_working_openssl_ssl=yes
ac_cv_working_signed_char_c=yes
ac_cv_working_tzset=yes
ac_cv_x87_double_rounding=no
ax_cv_c_float_words_bigendian=no
pkg_cv_CURSES_CFLAGS=''
pkg_cv_CURSES_LIBS='-lncursesw -ltinfow '
pkg_cv_LIBFFI_CFLAGS='-I/usr/local/include '
pkg_cv_LIBFFI_LIBS='-L/usr/local/lib -lffi '
pkg_cv_LIBLZMA_CFLAGS=''
pkg_cv_LIBLZMA_LIBS='-llzma '
pkg_cv_LIBREADLINE_CFLAGS='-I/usr/local/include '
pkg_cv_LIBREADLINE_LIBS='-L/usr/local/lib -lreadline '
pkg_cv_LIBSQLITE3_CFLAGS='-I/usr/local/include '
pkg_cv_LIBSQLITE3_LIBS='-L/usr/local/lib -lsqlite3 '
pkg_cv_PANEL_CFLAGS=''
pkg_cv_PANEL_LIBS='-lpanelw '
pkg_cv_TCLTK_CFLAGS='-I/usr/local/include/tcl8.6 -I/usr/local/include '
pkg_cv_TCLTK_LIBS='-L/usr/local/lib -ltk8.6 -ltkstub8.6 -ltcl86 -ltclstub86 '
pkg_cv_X11_CFLAGS='-I/usr/local/include -D_THREAD_SAFE '
pkg_cv_X11_LIBS='-L/usr/local/lib -lX11 '
pkg_cv_ZLIB_CFLAGS=''
pkg_cv_ZLIB_LIBS='-L/lib -lz '
py_cv_module__asyncio=yes
py_cv_module__bisect=yes
py_cv_module__blake2=yes
py_cv_module__bz2=yes
py_cv_module__codecs_cn=yes
py_cv_module__codecs_hk=yes
py_cv_module__codecs_iso2022=yes
py_cv_module__codecs_jp=yes
py_cv_module__codecs_kr=yes
py_cv_module__codecs_tw=yes
py_cv_module__contextvars=yes
py_cv_module__crypt=yes
py_cv_module__csv=yes
py_cv_module__ctypes=yes
py_cv_module__ctypes_test=yes
py_cv_module__curses=yes
py_cv_module__curses_panel=yes
py_cv_module__datetime=yes
py_cv_module__dbm=yes
py_cv_module__decimal=yes
py_cv_module__elementtree=yes
py_cv_module__gdbm=yes
py_cv_module__hashlib=yes
py_cv_module__heapq=yes
py_cv_module__io=yes
py_cv_module__json=yes
py_cv_module__lsprof=yes
py_cv_module__lzma=yes
py_cv_module__md5=yes
py_cv_module__multibytecodec=yes
py_cv_module__multiprocessing=yes
py_cv_module__opcode=yes
py_cv_module__pickle=yes
py_cv_module__posixshmem=yes
py_cv_module__posixsubprocess=yes
py_cv_module__queue=yes
py_cv_module__random=yes
py_cv_module__scproxy=n/a
py_cv_module__sha1=yes
py_cv_module__sha2=yes
py_cv_module__sha3=yes
py_cv_module__socket=yes
py_cv_module__sqlite3=yes
py_cv_module__ssl=yes
py_cv_module__statistics=yes
py_cv_module__struct=yes
py_cv_module__testbuffer=yes
py_cv_module__testcapi=yes
py_cv_module__testclinic=yes
py_cv_module__testimportmultiple=yes
py_cv_module__testinternalcapi=yes
py_cv_module__testmultiphase=yes
py_cv_module__tkinter=yes
py_cv_module__typing=yes
py_cv_module__uuid=yes
py_cv_module__xxinterpchannels=yes
py_cv_module__xxsubinterpreters=yes
py_cv_module__xxtestfuzz=yes
py_cv_module__zoneinfo=yes
py_cv_module_array=yes
py_cv_module_audioop=yes
py_cv_module_binascii=yes
py_cv_module_cmath=yes
py_cv_module_fcntl=yes
py_cv_module_grp=yes
py_cv_module_math=yes
py_cv_module_mmap=yes
py_cv_module_nis=yes
py_cv_module_ossaudiodev=yes
py_cv_module_pwd=yes
py_cv_module_pyexpat=yes
py_cv_module_readline=yes
py_cv_module_resource=yes
py_cv_module_select=yes
py_cv_module_spwd=n/a
py_cv_module_syslog=yes
py_cv_module_termios=yes
py_cv_module_time=yes
py_cv_module_unicodedata=yes
py_cv_module_xxlimited=yes
py_cv_module_xxlimited_35=yes
py_cv_module_xxsubtype=yes
py_cv_module_zlib=yes

## ----------------- ##
## Output variables. ##
## ----------------- ##



'
ABIFLAGS='d'
ALT_SOABI='cpython-312'
AR='ar'
ARCH_RUN_32BIT=''
ARFLAGS='rcs'
BASECFLAGS=' -fno-strict-overflow'
BASECPPFLAGS='-IObjects -IInclude -IPython'
BINLIBDEST='$(LIBDIR)/python$(VERSION)'
BLDLIBRARY='$(LDLIBRARY)'
BLDSHARED='$(CC) -shared'
BOLT_APPLY_FLAGS=' -update-debug-sections -reorder-blocks=ext-tsp -reorder-functions=hfsort+ -split-functions -icf=1 -inline-all -split-eh -reorder-functions-use-hot-size -peepholes=none -jump-tables=aggressive -inline-ap -indirect-call-promotion=all -dyno-stats -use-gnu-stack -frame-opt=hot '
BOLT_BINARIES='$(BUILDPYTHON)'
BOLT_INSTRUMENT_FLAGS=''
BUILDEXEEXT=''
BZIP2_CFLAGS=''
BZIP2_LIBS='-lbz2'
CC='cc -pthread'
CCSHARED='-fPIC'
CFLAGS='-mabi=purecap'
CFLAGSFORSHARED=''
CFLAGS_ALIASING='-fno-strict-aliasing'
CFLAGS_NODIST=' -std=c11 -Werror=implicit-function-declaration -fvisibility=hidden'
CONFIGURE_MACOSX_DEPLOYMENT_TARGET=''
CONFIG_ARGS=' '\''--with-pydebug'\'' '\''--build=aarch64-unknown-freebsd'\'' '\''--with-assertions'\'' '\''--prefix=/home/qianhuiwang/cpython/build-purecap'\'' '\''build_alias=aarch64-unknown-freebsd'\'' '\''PKG_CONFIG=/usr/local/bin/pkg-config'\'' '\''PKG_CONFIG_PATH=/usr/local/lib/pkgconfig'\'' '\''CC=cc'\'' '\''CFLAGS=-mabi=purecap'\'' '\''LDFLAGS=-mabi=purecap -L/usr/local/lib -L/usr/lib -lmd -lcheri_caprevoke'\'' '\''CPPFLAGS=-I/usr/local/include -I/usr/include'\'''
CPP='cc -E'
CPPFLAGS='-I/usr/local/include -I/usr/include'
CURSES_CFLAGS=''
CURSES_LIBS='-lncursesw -ltinfow '
CXX='c++ -pthread'
DEFS='-DHAVE_CONFIG_H'
DEF_MAKE_ALL_RULE='build_all'
DEF_MAKE_RULE='all'
DFLAGS=''
DLINCLDIR='.'
DLLLIBRARY=''
DSYMUTIL=''
DSYMUTIL_PATH=''
DTRACE=''
DTRACE_HEADERS=''
DTRACE_OBJS=''
DYNLOADFILE='dynload_shlib.o'
ECHO_C=''
ECHO_N='-n'
ECHO_T=''
EGREP='/usr/bin/grep -E'
ENSUREPIP='upgrade'
EXEEXT=''
EXPORTSFROM=''
EXPORTSYMS=''
EXPORT_MACOSX_DEPLOYMENT_TARGET='#'
EXT_SUFFIX='.cpython-312d.so'
FRAMEWORKALTINSTALLFIRST=''
FRAMEWORKALTINSTALLLAST=''
FRAMEWORKINSTALLAPPSPREFIX=''
FRAMEWORKINSTALLFIRST=''
FRAMEWORKINSTALLLAST=''
FRAMEWORKPYTHONW=''
FRAMEWORKUNIXTOOLSPREFIX='/home/qianhuiwang/cpython/build-purecap'
FREEZE_MODULE='$(PYTHON_FOR_FREEZE) $(srcdir)/Programs/_freeze_module.py'
FREEZE_MODULE_BOOTSTRAP='./Programs/_freeze_module'
FREEZE_MODULE_BOOTSTRAP_DEPS='Programs/_freeze_module'
FREEZE_MODULE_DEPS='_bootstrap_python $(srcdir)/Programs/_freeze_module.py'
GDBM_CFLAGS=''
GDBM_LIBS='-lgdbm'
GITBRANCH='git --git-dir $(srcdir)/.git name-rev --name-only HEAD'
GITTAG='git --git-dir $(srcdir)/.git describe --all --always --dirty'
GITVERSION='git --git-dir $(srcdir)/.git rev-parse --short HEAD'
GNULD='yes'
GREP='/usr/bin/grep'
HAS_GIT='found'
HAS_XCRUN=''
HAVE_GETHOSTBYNAME=''
HAVE_GETHOSTBYNAME_R=''
HAVE_GETHOSTBYNAME_R_3_ARG=''
HAVE_GETHOSTBYNAME_R_5_ARG=''
HAVE_GETHOSTBYNAME_R_6_ARG=''
HOSTRUNNER=''
INSTALL_DATA='${INSTALL} -m 644'
INSTALL_PROGRAM='${INSTALL}'
INSTALL_SCRIPT='${INSTALL}'
INSTSONAME='$(LDLIBRARY)'
LDCXXSHARED='$(CXX) -shared'
LDFLAGS='-mabi=purecap -L/usr/local/lib -L/usr/lib -lmd -lcheri_caprevoke'
LDFLAGS_NODIST=''
LDFLAGS_NOLTO=''
LDLIBRARY='libpython$(VERSION)$(ABIFLAGS).a'
LDLIBRARYDIR=''
LDSHARED='$(CC) -shared'
LDVERSION='$(VERSION)$(ABIFLAGS)'
LIBB2_CFLAGS=''
LIBB2_LIBS=''
LIBC=''
LIBCRYPT_CFLAGS=''
LIBCRYPT_LIBS='-lcrypt'
LIBEDIT_CFLAGS=''
LIBEDIT_LIBS=''
LIBEXPAT_CFLAGS='-I$(srcdir)/Modules/expat'
LIBEXPAT_INTERNAL='$(LIBEXPAT_HEADERS) $(LIBEXPAT_A)'
LIBFFI_CFLAGS='-I/usr/local/include '
LIBFFI_LIBS='-L/usr/local/lib -lffi  -ldl'
LIBLZMA_CFLAGS=''
LIBLZMA_LIBS='-llzma '
LIBM='-lm'
LIBMPDEC_CFLAGS='-I$(srcdir)/Modules/_decimal/libmpdec -DTEST_COVERAGE -DCONFIG_64=1 -DANSI=1 -DHAVE_UINT128_T=1'
LIBMPDEC_INTERNAL='$(LIBMPDEC_HEADERS) $(LIBMPDEC_A)'
LIBNSL_CFLAGS=''
LIBNSL_LIBS=''
LIBOBJS=''
LIBPL='$(prefix)/lib/python3.12/config-$(VERSION)$(ABIFLAGS)'
LIBPYTHON=''
LIBRARY='libpython$(VERSION)$(ABIFLAGS).a'
LIBRARY_DEPS='$(LIBRARY) $(PY3LIBRARY) $(EXPORTSYMS)'
LIBREADLINE_CFLAGS='-I/usr/local/include '
LIBREADLINE_LIBS='-L/usr/local/lib -lreadline '
LIBS='-lintl -ldl  -lutil'
LIBSQLITE3_CFLAGS='-I/usr/local/include  -I$(srcdir)/Modules/_sqlite'
LIBSQLITE3_LIBS='-L/usr/local/lib -lsqlite3 '
LIBUUID_CFLAGS=''
LIBUUID_LIBS=''
LINKCC='$(PURIFY) $(CC)'
LINKFORSHARED='-Wl,--export-dynamic'
LINK_PYTHON_DEPS='$(LIBRARY_DEPS)'
LINK_PYTHON_OBJS='$(LIBRARY_OBJS)'
LIPO_32BIT_FLAGS=''
LIPO_INTEL64_FLAGS=''
LLVM_AR=''
LLVM_AR_FOUND=''
LLVM_BOLT=''
LLVM_PROFDATA='/usr/local64/bin/llvm-profdata'
LLVM_PROF_ERR='no'
LLVM_PROF_FILE=''
LLVM_PROF_FOUND='found'
LLVM_PROF_MERGER=''
LN='ln'
LTLIBOBJS=''
MACHDEP='freebsd15'
MACHDEP_OBJS=''
MERGE_FDATA=''
MKDIR_P='../install-sh -c -d'
MODULE_ARRAY_FALSE='#'
MODULE_ARRAY_STATE=yes
MODULE_ARRAY_TRUE=''
MODULE_AUDIOOP_FALSE='#'
MODULE_AUDIOOP_LDFLAGS=-lm
MODULE_AUDIOOP_STATE=yes
MODULE_AUDIOOP_TRUE=''
MODULE_BINASCII_CFLAGS=-DUSE_ZLIB_CRC32 
MODULE_BINASCII_FALSE='#'
MODULE_BINASCII_LDFLAGS=-L/lib -lz 
MODULE_BINASCII_STATE=yes
MODULE_BINASCII_TRUE=''
MODULE_BLOCK='MODULE__IO_STATE=yes
MODULE_BUILDTYPE='shared'
MODULE_CMATH_FALSE='#'
MODULE_CMATH_LDFLAGS=-lm
MODULE_CMATH_STATE=yes
MODULE_CMATH_TRUE=''
MODULE_FCNTL_FALSE='#'
MODULE_FCNTL_LDFLAGS=
MODULE_FCNTL_STATE=yes
MODULE_FCNTL_TRUE=''
MODULE_GRP_FALSE='#'
MODULE_GRP_STATE=yes
MODULE_GRP_TRUE=''
MODULE_MATH_FALSE='#'
MODULE_MATH_LDFLAGS=-lm
MODULE_MATH_STATE=yes
MODULE_MATH_TRUE=''
MODULE_MMAP_FALSE='#'
MODULE_MMAP_STATE=yes
MODULE_MMAP_TRUE=''
MODULE_NIS_CFLAGS=
MODULE_NIS_FALSE='#'
MODULE_NIS_LDFLAGS=
MODULE_NIS_STATE=yes
MODULE_NIS_TRUE=''
MODULE_OSSAUDIODEV_FALSE='#'
MODULE_OSSAUDIODEV_LDFLAGS=
MODULE_OSSAUDIODEV_STATE=yes
MODULE_OSSAUDIODEV_TRUE=''
MODULE_PWD_FALSE='#'
MODULE_PWD_STATE=yes
MODULE_PWD_TRUE=''
MODULE_PYEXPAT_CFLAGS=-I$(srcdir)/Modules/expat
MODULE_PYEXPAT_FALSE='#'
MODULE_PYEXPAT_LDFLAGS=-lm $(LIBEXPAT_A)
MODULE_PYEXPAT_STATE=yes
MODULE_PYEXPAT_TRUE=''
MODULE_READLINE_CFLAGS=-I/usr/local/include
MODULE_READLINE_FALSE='#'
MODULE_READLINE_LDFLAGS=-L/usr/local/lib -lreadline 
MODULE_READLINE_STATE=yes
MODULE_READLINE_TRUE=''
MODULE_RESOURCE_FALSE='#'
MODULE_RESOURCE_STATE=yes
MODULE_RESOURCE_TRUE=''
MODULE_SELECT_FALSE='#'
MODULE_SELECT_STATE=yes
MODULE_SELECT_TRUE=''
MODULE_SPWD_FALSE=''
MODULE_SPWD_STATE=n/a
MODULE_SPWD_TRUE='#'
MODULE_SYSLOG_FALSE='#'
MODULE_SYSLOG_STATE=yes
MODULE_SYSLOG_TRUE=''
MODULE_TERMIOS_FALSE='#'
MODULE_TERMIOS_STATE=yes
MODULE_TERMIOS_TRUE=''
MODULE_TIME_FALSE='#'
MODULE_TIME_LDFLAGS=
MODULE_TIME_STATE=yes
MODULE_TIME_TRUE=''
MODULE_UNICODEDATA_FALSE='#'
MODULE_UNICODEDATA_STATE=yes
MODULE_UNICODEDATA_TRUE=''
MODULE_XXLIMITED_35_FALSE='#'
MODULE_XXLIMITED_35_STATE=yes
MODULE_XXLIMITED_35_TRUE=''
MODULE_XXLIMITED_FALSE='#'
MODULE_XXLIMITED_STATE=yes
MODULE_XXLIMITED_TRUE=''
MODULE_XXSUBTYPE_FALSE='#'
MODULE_XXSUBTYPE_STATE=yes
MODULE_XXSUBTYPE_TRUE=''
MODULE_ZLIB_CFLAGS=
MODULE_ZLIB_FALSE='#'
MODULE_ZLIB_LDFLAGS=-L/lib -lz 
MODULE_ZLIB_STATE=yes
MODULE_ZLIB_TRUE=''
MODULE__ASYNCIO_FALSE='#'
MODULE__ASYNCIO_STATE=yes
MODULE__ASYNCIO_TRUE=''
MODULE__BISECT_FALSE='#'
MODULE__BISECT_STATE=yes
MODULE__BISECT_TRUE=''
MODULE__BLAKE2_CFLAGS=
MODULE__BLAKE2_FALSE='#'
MODULE__BLAKE2_LDFLAGS=
MODULE__BLAKE2_STATE=yes
MODULE__BLAKE2_TRUE=''
MODULE__BZ2_CFLAGS=
MODULE__BZ2_FALSE='#'
MODULE__BZ2_LDFLAGS=-lbz2
MODULE__BZ2_STATE=yes
MODULE__BZ2_TRUE=''
MODULE__CODECS_CN_FALSE='#'
MODULE__CODECS_CN_STATE=yes
MODULE__CODECS_CN_TRUE=''
MODULE__CODECS_HK_FALSE='#'
MODULE__CODECS_HK_STATE=yes
MODULE__CODECS_HK_TRUE=''
MODULE__CODECS_ISO2022_FALSE='#'
MODULE__CODECS_ISO2022_STATE=yes
MODULE__CODECS_ISO2022_TRUE=''
MODULE__CODECS_JP_FALSE='#'
MODULE__CODECS_JP_STATE=yes
MODULE__CODECS_JP_TRUE=''
MODULE__CODECS_KR_FALSE='#'
MODULE__CODECS_KR_STATE=yes
MODULE__CODECS_KR_TRUE=''
MODULE__CODECS_TW_FALSE='#'
MODULE__CODECS_TW_STATE=yes
MODULE__CODECS_TW_TRUE=''
MODULE__CONTEXTVARS_FALSE='#'
MODULE__CONTEXTVARS_STATE=yes
MODULE__CONTEXTVARS_TRUE=''
MODULE__CRYPT_CFLAGS=
MODULE__CRYPT_FALSE='#'
MODULE__CRYPT_LDFLAGS=-lcrypt
MODULE__CRYPT_STATE=yes
MODULE__CRYPT_TRUE=''
MODULE__CSV_FALSE='#'
MODULE__CSV_STATE=yes
MODULE__CSV_TRUE=''
MODULE__CTYPES_CFLAGS=-fno-strict-overflow -I/usr/local/include 
MODULE__CTYPES_FALSE='#'
MODULE__CTYPES_LDFLAGS=-L/usr/local/lib -lffi  -ldl
MODULE__CTYPES_MALLOC_CLOSURE=''
MODULE__CTYPES_STATE=yes
MODULE__CTYPES_TEST_FALSE='#'
MODULE__CTYPES_TEST_LDFLAGS=-lm
MODULE__CTYPES_TEST_STATE=yes
MODULE__CTYPES_TEST_TRUE=''
MODULE__CTYPES_TRUE=''
MODULE__CURSES_CFLAGS=
MODULE__CURSES_FALSE='#'
MODULE__CURSES_LDFLAGS=-lncursesw -ltinfow 
MODULE__CURSES_PANEL_CFLAGS= 
MODULE__CURSES_PANEL_FALSE='#'
MODULE__CURSES_PANEL_LDFLAGS=-lpanelw  -lncursesw -ltinfow 
MODULE__CURSES_PANEL_STATE=yes
MODULE__CURSES_PANEL_TRUE=''
MODULE__CURSES_STATE=yes
MODULE__CURSES_TRUE=''
MODULE__DATETIME_FALSE='#'
MODULE__DATETIME_LDFLAGS= -lm
MODULE__DATETIME_STATE=yes
MODULE__DATETIME_TRUE=''
MODULE__DBM_CFLAGS=-DUSE_NDBM
MODULE__DBM_FALSE='#'
MODULE__DBM_LDFLAGS=
MODULE__DBM_STATE=yes
MODULE__DBM_TRUE=''
MODULE__DECIMAL_CFLAGS=-I$(srcdir)/Modules/_decimal/libmpdec -DTEST_COVERAGE -DCONFIG_64=1 -DANSI=1 -DHAVE_UINT128_T=1
MODULE__DECIMAL_FALSE='#'
MODULE__DECIMAL_LDFLAGS=-lm $(LIBMPDEC_A)
MODULE__DECIMAL_STATE=yes
MODULE__DECIMAL_TRUE=''
MODULE__ELEMENTTREE_CFLAGS=-I$(srcdir)/Modules/expat
MODULE__ELEMENTTREE_FALSE='#'
MODULE__ELEMENTTREE_STATE=yes
MODULE__ELEMENTTREE_TRUE=''
MODULE__GDBM_CFLAGS=
MODULE__GDBM_FALSE='#'
MODULE__GDBM_LDFLAGS=-lgdbm
MODULE__GDBM_STATE=yes
MODULE__GDBM_TRUE=''
MODULE__HASHLIB_CFLAGS=
MODULE__HASHLIB_FALSE='#'
MODULE__HASHLIB_LDFLAGS=   -lcrypto
MODULE__HASHLIB_STATE=yes
MODULE__HASHLIB_TRUE=''
MODULE__HEAPQ_FALSE='#'
MODULE__HEAPQ_STATE=yes
MODULE__HEAPQ_TRUE=''
MODULE__IO_CFLAGS=-I$(srcdir)/Modules/_io
MODULE__IO_FALSE='#'
MODULE__IO_TRUE=''
MODULE__JSON_FALSE='#'
MODULE__JSON_STATE=yes
MODULE__JSON_TRUE=''
MODULE__LSPROF_FALSE='#'
MODULE__LSPROF_STATE=yes
MODULE__LSPROF_TRUE=''
MODULE__LZMA_CFLAGS=
MODULE__LZMA_FALSE='#'
MODULE__LZMA_LDFLAGS=-llzma 
MODULE__LZMA_STATE=yes
MODULE__LZMA_TRUE=''
MODULE__MD5_CFLAGS=-I$(srcdir)/Modules/_hacl/include -I$(srcdir)/Modules/_hacl/internal -D_BSD_SOURCE -D_DEFAULT_SOURCE
MODULE__MD5_FALSE='#'
MODULE__MD5_STATE=yes
MODULE__MD5_TRUE=''
MODULE__MULTIBYTECODEC_FALSE='#'
MODULE__MULTIBYTECODEC_STATE=yes
MODULE__MULTIBYTECODEC_TRUE=''
MODULE__MULTIPROCESSING_CFLAGS=-I$(srcdir)/Modules/_multiprocessing
MODULE__MULTIPROCESSING_FALSE='#'
MODULE__MULTIPROCESSING_STATE=yes
MODULE__MULTIPROCESSING_TRUE=''
MODULE__OPCODE_FALSE='#'
MODULE__OPCODE_STATE=yes
MODULE__OPCODE_TRUE=''
MODULE__PICKLE_FALSE='#'
MODULE__PICKLE_STATE=yes
MODULE__PICKLE_TRUE=''
MODULE__POSIXSHMEM_CFLAGS=-I$(srcdir)/Modules/_multiprocessing
MODULE__POSIXSHMEM_FALSE='#'
MODULE__POSIXSHMEM_LDFLAGS=
MODULE__POSIXSHMEM_STATE=yes
MODULE__POSIXSHMEM_TRUE=''
MODULE__POSIXSUBPROCESS_FALSE='#'
MODULE__POSIXSUBPROCESS_STATE=yes
MODULE__POSIXSUBPROCESS_TRUE=''
MODULE__QUEUE_FALSE='#'
MODULE__QUEUE_STATE=yes
MODULE__QUEUE_TRUE=''
MODULE__RANDOM_FALSE='#'
MODULE__RANDOM_STATE=yes
MODULE__RANDOM_TRUE=''
MODULE__SCPROXY_FALSE=''
MODULE__SCPROXY_STATE=n/a
MODULE__SCPROXY_TRUE='#'
MODULE__SHA1_CFLAGS=-I$(srcdir)/Modules/_hacl/include -I$(srcdir)/Modules/_hacl/internal -D_BSD_SOURCE -D_DEFAULT_SOURCE
MODULE__SHA1_FALSE='#'
MODULE__SHA1_STATE=yes
MODULE__SHA1_TRUE=''
MODULE__SHA2_CFLAGS=-I$(srcdir)/Modules/_hacl/include -I$(srcdir)/Modules/_hacl/internal -D_BSD_SOURCE -D_DEFAULT_SOURCE
MODULE__SHA2_FALSE='#'
MODULE__SHA2_STATE=yes
MODULE__SHA2_TRUE=''
MODULE__SHA3_FALSE='#'
MODULE__SHA3_STATE=yes
MODULE__SHA3_TRUE=''
MODULE__SOCKET_FALSE='#'
MODULE__SOCKET_STATE=yes
MODULE__SOCKET_TRUE=''
MODULE__SQLITE3_CFLAGS=-I/usr/local/include  -I$(srcdir)/Modules/_sqlite
MODULE__SQLITE3_FALSE='#'
MODULE__SQLITE3_LDFLAGS=-L/usr/local/lib -lsqlite3 
MODULE__SQLITE3_STATE=yes
MODULE__SQLITE3_TRUE=''
MODULE__SSL_CFLAGS=
MODULE__SSL_FALSE='#'
MODULE__SSL_LDFLAGS=  -lssl -lcrypto 
MODULE__SSL_STATE=yes
MODULE__SSL_TRUE=''
MODULE__STATISTICS_FALSE='#'
MODULE__STATISTICS_LDFLAGS=-lm
MODULE__STATISTICS_STATE=yes
MODULE__STATISTICS_TRUE=''
MODULE__STRUCT_FALSE='#'
MODULE__STRUCT_STATE=yes
MODULE__STRUCT_TRUE=''
MODULE__TESTBUFFER_FALSE='#'
MODULE__TESTBUFFER_STATE=yes
MODULE__TESTBUFFER_TRUE=''
MODULE__TESTCAPI_FALSE='#'
MODULE__TESTCAPI_STATE=yes
MODULE__TESTCAPI_TRUE=''
MODULE__TESTCLINIC_FALSE='#'
MODULE__TESTCLINIC_STATE=yes
MODULE__TESTCLINIC_TRUE=''
MODULE__TESTIMPORTMULTIPLE_FALSE='#'
MODULE__TESTIMPORTMULTIPLE_STATE=yes
MODULE__TESTIMPORTMULTIPLE_TRUE=''
MODULE__TESTINTERNALCAPI_FALSE='#'
MODULE__TESTINTERNALCAPI_STATE=yes
MODULE__TESTINTERNALCAPI_TRUE=''
MODULE__TESTMULTIPHASE_FALSE='#'
MODULE__TESTMULTIPHASE_STATE=yes
MODULE__TESTMULTIPHASE_TRUE=''
MODULE__TKINTER_CFLAGS=-I/usr/local/include/tcl8.6 -I/usr/local/include  -I/usr/local/include -D_THREAD_SAFE  -Wno-strict-prototypes -DWITH_APPINIT=1
MODULE__TKINTER_FALSE='#'
MODULE__TKINTER_LDFLAGS=-L/usr/local/lib -ltk8.6 -ltkstub8.6 -ltcl86 -ltclstub86  -L/usr/local/lib -lX11 
MODULE__TKINTER_STATE=yes
MODULE__TKINTER_TRUE=''
MODULE__TYPING_FALSE='#'
MODULE__TYPING_STATE=yes
MODULE__TYPING_TRUE=''
MODULE__UUID_CFLAGS=
MODULE__UUID_FALSE='#'
MODULE__UUID_LDFLAGS=
MODULE__UUID_STATE=yes
MODULE__UUID_TRUE=''
MODULE__XXINTERPCHANNELS_FALSE='#'
MODULE__XXINTERPCHANNELS_STATE=yes
MODULE__XXINTERPCHANNELS_TRUE=''
MODULE__XXSUBINTERPRETERS_FALSE='#'
MODULE__XXSUBINTERPRETERS_STATE=yes
MODULE__XXSUBINTERPRETERS_TRUE=''
MODULE__XXTESTFUZZ_FALSE='#'
MODULE__XXTESTFUZZ_STATE=yes
MODULE__XXTESTFUZZ_TRUE=''
MODULE__ZONEINFO_FALSE='#'
MODULE__ZONEINFO_STATE=yes
MODULE__ZONEINFO_TRUE=''
MULTIARCH=''
MULTIARCH_CPPFLAGS=''
NODE=''
NO_AS_NEEDED='-Wl,--no-as-needed'
OBJEXT='o'
OPENSSL_INCLUDES=''
OPENSSL_LDFLAGS=''
OPENSSL_LIBS='-lssl -lcrypto '
OPT='-g -Og -Wall'
PACKAGE_BUGREPORT='https://github.com/python/cpython/issues/'
PACKAGE_NAME='python'
PACKAGE_STRING='python 3.12'
PACKAGE_TARNAME='python'
PACKAGE_URL=''
PACKAGE_VERSION='3.12'
PANEL_CFLAGS=''
PANEL_LIBS='-lpanelw '
PATH_SEPARATOR=':'
PERF_TRAMPOLINE_OBJ=''
PGO_PROF_GEN_FLAG=''
PGO_PROF_USE_FLAG=''
PKG_CONFIG='/usr/local/bin/pkg-config'
PKG_CONFIG_LIBDIR=''
PKG_CONFIG_PATH='/usr/local/lib/pkgconfig'
PLATFORM_HEADERS=''
PLATFORM_OBJS=''
PLATFORM_TRIPLET=''
PLATLIBDIR='lib'
PREBOLT_RULE=''
PROFILE_TASK='-m test --pgo --timeout=$(TESTTIMEOUT)'
PY3LIBRARY=''
PYTHONFRAMEWORK=''
PYTHONFRAMEWORKDIR='no-framework'
PYTHONFRAMEWORKIDENTIFIER='org.python.python'
PYTHONFRAMEWORKINSTALLDIR=''
PYTHONFRAMEWORKPREFIX=''
PYTHON_FOR_BUILD='./$(BUILDPYTHON) -E'
PYTHON_FOR_BUILD_DEPS='$(BUILDPYTHON)'
PYTHON_FOR_FREEZE='./_bootstrap_python'
PYTHON_FOR_REGEN='python3.10'
PY_ENABLE_SHARED='0'
RUNSHARED=''
SED='/usr/local/bin/gsed'
SHELL='/bin/sh'
SHLIBS='$(LIBS)'
SHLIB_SUFFIX='.so'
SOABI='cpython-312d'
SOVERSION='1.0'
SRCDIRS='  Modules   Modules/_blake2   Modules/_ctypes   Modules/_decimal   Modules/_decimal/libmpdec   Modules/_hacl   Modules/_io   Modules/_multiprocessing   Modules/_sqlite   Modules/_sre   Modules/_testcapi   Modules/_xxtestfuzz   Modules/cjkcodecs   Modules/expat   Objects   Parser   Programs   Python   Python/frozen_modules   Python/deepfreeze'
STATIC_LIBPYTHON='1'
TCLTK_CFLAGS='-I/usr/local/include/tcl8.6 -I/usr/local/include  -I/usr/local/include -D_THREAD_SAFE  -Wno-strict-prototypes -DWITH_APPINIT=1'
TCLTK_LIBS='-L/usr/local/lib -ltk8.6 -ltkstub8.6 -ltcl86 -ltclstub86  -L/usr/local/lib -lX11 '
TEST_MODULES='yes'
THREADHEADERS=' $(srcdir)/Python/thread_nt.h $(srcdir)/Python/thread_pthread.h $(srcdir)/Python/thread_pthread_stubs.h'
TRUE='true'
TZPATH='/usr/share/zoneinfo:/usr/lib/zoneinfo:/usr/share/lib/zoneinfo:/etc/zoneinfo'
UNIVERSALSDK=''
UNIVERSAL_ARCH_FLAGS=''
VERSION='3.12'
WASM_ASSETS_DIR=''
WASM_STDLIB=''
WHEEL_PKG_DIR=''
X11_CFLAGS='-I/usr/local/include -D_THREAD_SAFE '
X11_LIBS='-L/usr/local/lib -lX11 '
ZLIB_CFLAGS=''
ZLIB_LIBS='-L/lib -lz '
_PYTHON_HOST_PLATFORM=''
ac_ct_AR='ar'
ac_ct_CC='cc'
ac_ct_CXX=''
bindir='${exec_prefix}/bin'
build='aarch64-unknown-freebsd'
build_alias='aarch64-unknown-freebsd'
build_cpu='aarch64'
build_os='freebsd'
build_vendor='unknown'
datadir='${datarootdir}'
datarootdir='${prefix}/share'
docdir='${datarootdir}/doc/${PACKAGE_TARNAME}'
dvidir='${docdir}'
exec_prefix='${prefix}'
host='aarch64-unknown-freebsd'
host_alias=''
host_cpu='aarch64'
host_os='freebsd'
host_vendor='unknown'
htmldir='${docdir}'
includedir='${prefix}/include'
infodir='${datarootdir}/info'
libdir='${exec_prefix}/lib'
libexecdir='${exec_prefix}/libexec'
localedir='${datarootdir}/locale'
localstatedir='${prefix}/var'
mandir='${datarootdir}/man'
oldincludedir='/usr/include'
pdfdir='${docdir}'
prefix='/home/qianhuiwang/cpython/build-purecap'
program_transform_name='s,x,x,'
psdir='${docdir}'
runstatedir='${localstatedir}/run'
sbindir='${exec_prefix}/sbin'
sharedstatedir='${prefix}/com'
sysconfdir='${prefix}/etc'
target_alias=''

## ----------- ##
## confdefs.h. ##
## ----------- ##

/* confdefs.h */
#define _NETBSD_SOURCE 1
#define __BSD_VISIBLE 1
#define _DARWIN_C_SOURCE 1
#define _PYTHONFRAMEWORK ""
#define _XOPEN_SOURCE 700
#define _XOPEN_SOURCE_EXTENDED 1
#define _POSIX_C_SOURCE 200809L
#define HAVE_STDIO_H 1
#define HAVE_STDLIB_H 1
#define HAVE_STRING_H 1
#define HAVE_INTTYPES_H 1
#define HAVE_STDINT_H 1
#define HAVE_STRINGS_H 1
#define HAVE_SYS_STAT_H 1
#define HAVE_SYS_TYPES_H 1
#define HAVE_UNISTD_H 1
#define HAVE_WCHAR_H 1
#define STDC_HEADERS 1
#define _ALL_SOURCE 1
#define _DARWIN_C_SOURCE 1
#define _GNU_SOURCE 1
#define _HPUX_ALT_XOPEN_SOCKET_API 1
#define _NETBSD_SOURCE 1
#define _OPENBSD_SOURCE 1
#define _POSIX_PTHREAD_SEMANTICS 1
#define __STDC_WANT_IEC_60559_ATTRIBS_EXT__ 1
#define __STDC_WANT_IEC_60559_BFP_EXT__ 1
#define __STDC_WANT_IEC_60559_DFP_EXT__ 1
#define __STDC_WANT_IEC_60559_FUNCS_EXT__ 1
#define __STDC_WANT_IEC_60559_TYPES_EXT__ 1
#define __STDC_WANT_LIB_EXT2__ 1
#define __STDC_WANT_MATH_SPEC_FUNCS__ 1
#define _TANDEM_SOURCE 1
#define __EXTENSIONS__ 1
#define PY_SUPPORT_TIER 0
#define Py_DEBUG 1
#define STDC_HEADERS 1
#define HAVE_BLUETOOTH_H 1
#define HAVE_DLFCN_H 1
#define HAVE_ENDIAN_H 1
#define HAVE_ERRNO_H 1
#define HAVE_FCNTL_H 1
#define HAVE_GRP_H 1
#define HAVE_IEEEFP_H 1
#define HAVE_LANGINFO_H 1
#define HAVE_LIBINTL_H 1
#define HAVE_LIBUTIL_H 1
#define HAVE_SYS_AUXV_H 1
#define HAVE_NETDB_H 1
#define HAVE_NET_ETHERNET_H 1
#define HAVE_NETINET_IN_H 1
#define HAVE_POLL_H 1
#define HAVE_PTHREAD_H 1
#define HAVE_SCHED_H 1
#define HAVE_SETJMP_H 1
#define HAVE_SIGNAL_H 1
#define HAVE_SPAWN_H 1
#define HAVE_SYS_ENDIAN_H 1
#define HAVE_SYS_EVENT_H 1
#define HAVE_SYS_EVENTFD_H 1
#define HAVE_SYS_FILE_H 1
#define HAVE_SYS_IOCTL_H 1
#define HAVE_SYS_LOCK_H 1
#define HAVE_SYS_MMAN_H 1
#define HAVE_SYS_PARAM_H 1
#define HAVE_SYS_POLL_H 1
#define HAVE_SYS_RANDOM_H 1
#define HAVE_SYS_RESOURCE_H 1
#define HAVE_SYS_SELECT_H 1
#define HAVE_SYS_SOCKET_H 1
#define HAVE_SYS_SOUNDCARD_H 1
#define HAVE_SYS_STAT_H 1
#define HAVE_SYS_STATVFS_H 1
#define HAVE_SYS_SYSCALL_H 1
#define HAVE_SYS_TIME_H 1
#define HAVE_SYS_TIMES_H 1
#define HAVE_SYS_TYPES_H 1
#define HAVE_SYS_UIO_H 1
#define HAVE_SYS_UN_H 1
#define HAVE_SYS_UTSNAME_H 1
#define HAVE_SYS_WAIT_H 1
#define HAVE_SYSEXITS_H 1
#define HAVE_SYSLOG_H 1
#define HAVE_TERMIOS_H 1
#define HAVE_UTIME_H 1
#define HAVE_DIRENT_H 1
#define HAVE_NET_IF_H 1
#define HAVE_MAKEDEV 1
#define _LARGEFILE_SOURCE 1
#define _FILE_OFFSET_BITS 64
#if defined(SCO_DS)
#undef _OFF_T
#endif
#define RETSIGTYPE void
#define HAVE_SSIZE_T 1
#define HAVE_GCC_UINT128_T 1
#define SIZEOF_INT 4
#define SIZEOF_LONG 8
#define ALIGNOF_LONG 8
#define SIZEOF_LONG_LONG 8
#define SIZEOF_VOID_P 16
#define SIZEOF_SHORT 2
#define SIZEOF_FLOAT 4
#define SIZEOF_DOUBLE 8
#define SIZEOF_FPOS_T 8
#define SIZEOF_SIZE_T 8
#define ALIGNOF_SIZE_T 8
#define SIZEOF_PID_T 4
#define SIZEOF_UINTPTR_T 16
#define ALIGNOF_MAX_ALIGN_T 16
#define HAVE_LONG_DOUBLE 1
#define SIZEOF_LONG_DOUBLE 16
#define SIZEOF__BOOL 1
#define SIZEOF_OFF_T 8
#define SIZEOF_TIME_T 8
#define SIZEOF_PTHREAD_T 16
#define SIZEOF_PTHREAD_KEY_T 4
#define PTHREAD_KEY_T_IS_COMPATIBLE_WITH_INT 1
#define HAVE_LIBDL 1
#define HAVE_UUID_H 1
#define HAVE_UUID_CREATE 1
#define HAVE_UUID_ENC_BE 1
#define WITH_LIBINTL 1
#define HAVE_FFI_PREP_CIF_VAR 1
#define HAVE_FFI_PREP_CLOSURE_LOC 1
#define HAVE_FFI_CLOSURE_ALLOC 1
#define WITH_DECIMAL_CONTEXTVAR 1
#define HAVE_RPC_RPC_H 1
#define HAVE_LIBSQLITE3 1
#define HAVE_LIBSQLITE3 1
#define HAVE_LIBSQLITE3 1
#define HAVE_LIBSQLITE3 1
#define HAVE_LIBSQLITE3 1
#define HAVE_LIBSQLITE3 1
#define HAVE_LIBSQLITE3 1
#define HAVE_LIBSQLITE3 1
#define HAVE_LIBSQLITE3 1
#define PY_SQLITE_HAVE_SERIALIZE 1
#define HAVE_GDBM_H 1
#define HAVE_NDBM_H 1
#define HAVE_DB_H 1
#define PTHREAD_SYSTEM_SCHED_SUPPORTED 1
#define HAVE_PTHREAD_SIGMASK 1
#define HAVE_PTHREAD_GETCPUCLOCKID 1
#define ENABLE_IPV6 1
#define WITH_DOC_STRINGS 1
#define WITH_PYMALLOC 1
#define WITH_FREELISTS 1
#define PY_COERCE_C_LOCALE 1
#define HAVE_DLOPEN 1
#define HAVE_DYNAMIC_LOADING 1
#define HAVE_ACCEPT4 1
#define HAVE_ALARM 1
#define HAVE_BIND_TEXTDOMAIN_CODESET 1
#define HAVE_CHMOD 1
#define HAVE_CHOWN 1
#define HAVE_CLOCK 1
#define HAVE_CLOSE_RANGE 1
#define HAVE_CONFSTR 1
#define HAVE_COPY_FILE_RANGE 1
#define HAVE_CTERMID 1
#define HAVE_DUP 1
#define HAVE_DUP3 1
#define HAVE_EXECV 1
#define HAVE_EXPLICIT_BZERO 1
#define HAVE_FACCESSAT 1
#define HAVE_FCHMOD 1
#define HAVE_FCHMODAT 1
#define HAVE_FCHOWN 1
#define HAVE_FCHOWNAT 1
#define HAVE_FDOPENDIR 1
#define HAVE_FEXECVE 1
#define HAVE_FORK 1
#define HAVE_FPATHCONF 1
#define HAVE_FSTATAT 1
#define HAVE_FTRUNCATE 1
#define HAVE_FUTIMENS 1
#define HAVE_FUTIMES 1
#define HAVE_FUTIMESAT 1
#define HAVE_GAI_STRERROR 1
#define HAVE_GETEGID 1
#define HAVE_GETENTROPY 1
#define HAVE_GETEUID 1
#define HAVE_GETGID 1
#define HAVE_GETGRGID 1
#define HAVE_GETGRGID_R 1
#define HAVE_GETGRNAM_R 1
#define HAVE_GETGROUPLIST 1
#define HAVE_GETGROUPS 1
#define HAVE_GETHOSTNAME 1
#define HAVE_GETITIMER 1
#define HAVE_GETLOADAVG 1
#define HAVE_GETLOGIN 1
#define HAVE_GETPEERNAME 1
#define HAVE_GETPGID 1
#define HAVE_GETPID 1
#define HAVE_GETPPID 1
#define HAVE_GETPRIORITY 1
#define HAVE_GETPWENT 1
#define HAVE_GETPWNAM_R 1
#define HAVE_GETPWUID 1
#define HAVE_GETPWUID_R 1
#define HAVE_GETRESGID 1
#define HAVE_GETRESUID 1
#define HAVE_GETRUSAGE 1
#define HAVE_GETSID 1
#define HAVE_GETUID 1
#define HAVE_GETWD 1
#define HAVE_IF_NAMEINDEX 1
#define HAVE_INITGROUPS 1
#define HAVE_KILL 1
#define HAVE_KILLPG 1
#define HAVE_LCHOWN 1
#define HAVE_LINKAT 1
#define HAVE_LOCKF 1
#define HAVE_LSTAT 1
#define HAVE_LUTIMES 1
#define HAVE_MADVISE 1
#define HAVE_MBRTOWC 1
#define HAVE_MEMRCHR 1
#define HAVE_MKDIRAT 1
#define HAVE_MKFIFO 1
#define HAVE_MKFIFOAT 1
#define HAVE_MKNOD 1
#define HAVE_MKNODAT 1
#define HAVE_MKTIME 1
#define HAVE_MMAP 1
#define HAVE_NICE 1
#define HAVE_OPENAT 1
#define HAVE_OPENDIR 1
#define HAVE_PATHCONF 1
#define HAVE_PAUSE 1
#define HAVE_PIPE 1
#define HAVE_PIPE2 1
#define HAVE_POLL 1
#define HAVE_POSIX_FADVISE 1
#define HAVE_POSIX_FALLOCATE 1
#define HAVE_POSIX_SPAWN 1
#define HAVE_POSIX_SPAWNP 1
#define HAVE_PREAD 1
#define HAVE_PREADV 1
#define HAVE_PTHREAD_CONDATTR_SETCLOCK 1
#define HAVE_PTHREAD_KILL 1
#define HAVE_PWRITE 1
#define HAVE_PWRITEV 1
#define HAVE_READLINK 1
#define HAVE_READLINKAT 1
#define HAVE_READV 1
#define HAVE_REALPATH 1
#define HAVE_RENAMEAT 1
#define HAVE_SCHED_GET_PRIORITY_MAX 1
#define HAVE_SCHED_RR_GET_INTERVAL 1
#define HAVE_SCHED_SETAFFINITY 1
#define HAVE_SCHED_SETPARAM 1
#define HAVE_SCHED_SETSCHEDULER 1
#define HAVE_SEM_GETVALUE 1
#define HAVE_SEM_OPEN 1
#define HAVE_SEM_TIMEDWAIT 1
#define HAVE_SEM_UNLINK 1
#define HAVE_SENDFILE 1
#define HAVE_SETEGID 1
#define HAVE_SETEUID 1
#define HAVE_SETGID 1
#define HAVE_SETHOSTNAME 1
#define HAVE_SETITIMER 1
#define HAVE_SETLOCALE 1
#define HAVE_SETPGID 1
#define HAVE_SETPGRP 1
#define HAVE_SETPRIORITY 1
#define HAVE_SETREGID 1
#define HAVE_SETRESGID 1
#define HAVE_SETRESUID 1
#define HAVE_SETREUID 1
#define HAVE_SETSID 1
#define HAVE_SETUID 1
#define HAVE_SETVBUF 1
#define HAVE_SHUTDOWN 1
#define HAVE_SIGACTION 1
#define HAVE_SIGALTSTACK 1
#define HAVE_SIGFILLSET 1
#define HAVE_SIGINTERRUPT 1
#define HAVE_SIGPENDING 1
#define HAVE_SIGRELSE 1
#define HAVE_SIGTIMEDWAIT 1
#define HAVE_SIGWAIT 1
#define HAVE_SIGWAITINFO 1
#define HAVE_SNPRINTF 1
#define HAVE_STRFTIME 1
#define HAVE_STRLCPY 1
#define HAVE_STRSIGNAL 1
#define HAVE_SYMLINKAT 1
#define HAVE_SYNC 1
#define HAVE_SYSCONF 1
#define HAVE_SYSTEM 1
#define HAVE_TCGETPGRP 1
#define HAVE_TCSETPGRP 1
#define HAVE_TEMPNAM 1
#define HAVE_TIMEGM 1
#define HAVE_TIMES 1
#define HAVE_TMPFILE 1
#define HAVE_TMPNAM 1
#define HAVE_TRUNCATE 1
#define HAVE_TTYNAME 1
#define HAVE_UMASK 1
#define HAVE_UNAME 1
#define HAVE_UNLINKAT 1
#define HAVE_UTIMENSAT 1
#define HAVE_UTIMES 1
#define HAVE_VFORK 1
#define HAVE_WAIT 1
#define HAVE_WAIT3 1
#define HAVE_WAIT4 1
#define HAVE_WAITID 1
#define HAVE_WAITPID 1
#define HAVE_WCSCOLL 1
#define HAVE_WCSFTIME 1
#define HAVE_WCSXFRM 1
#define HAVE_WMEMCMP 1
#define HAVE_WRITEV 1
#define HAVE_LCHMOD 1
#define HAVE_DIRFD 1
#define HAVE_CHROOT 1
#define HAVE_LINK 1
#define HAVE_SYMLINK 1
#define HAVE_FCHDIR 1
#define HAVE_FSYNC 1
#define HAVE_FDATASYNC 1
#define HAVE_KQUEUE 1
#define HAVE_MEMFD_CREATE 1
#define HAVE_EVENTFD 1
#define HAVE_CTERMID_R 1
#define HAVE_FLOCK 1
#define HAVE_GETPAGESIZE 1
#define HAVE_CHFLAGS 1
#define HAVE_LCHFLAGS 1
#define HAVE_ZLIB_COPY 1
#define HAVE_BZLIB_H 1
#define HAVE_HSTRERROR 1
#define HAVE_GETSERVBYNAME 1
#define HAVE_GETSERVBYPORT 1
#define HAVE_GETHOSTBYNAME 1
#define HAVE_GETHOSTBYADDR 1
#define HAVE_GETPROTOBYNAME 1
#define HAVE_INET_ATON 1
#define HAVE_INET_NTOA 1
#define HAVE_INET_PTON 1
#define HAVE_GETPEERNAME 1
#define HAVE_GETSOCKNAME 1
#define HAVE_ACCEPT 1
#define HAVE_BIND 1
#define HAVE_CONNECT 1
#define HAVE_LISTEN 1
#define HAVE_RECVFROM 1
#define HAVE_SENDTO 1
#define HAVE_SETSOCKOPT 1
#define HAVE_SOCKET 1
#define HAVE_SETGROUPS 1
#define HAVE_OPENPTY 1
#define HAVE_LOGIN_TTY 1
#define HAVE_FORKPTY 1
#define HAVE_FSEEKO 1
#define HAVE_FSTATVFS 1
#define HAVE_FTELLO 1
#define HAVE_STATVFS 1
#define HAVE_DUP2 1
#define HAVE_GETPGRP 1
#define HAVE_SETPGRP 1
#define SETPGRP_HAVE_ARG 1
#define HAVE_CRYPT_R 1
#define HAVE_CLOCK_GETTIME 1
#define HAVE_CLOCK_GETRES 1
#define HAVE_CLOCK_SETTIME 1
#define HAVE_CLOCK_NANOSLEEP 1
#define HAVE_NANOSLEEP 1
#define HAVE_DEVICE_MACROS 1
#define SYS_SELECT_WITH_SYS_TIME 1
#define HAVE_GETADDRINFO 1
#define HAVE_GETNAMEINFO 1
#define HAVE_STRUCT_TM_TM_ZONE 1
#define HAVE_TM_ZONE 1
#define HAVE_STRUCT_STAT_ST_RDEV 1
#define HAVE_STRUCT_STAT_ST_BLKSIZE 1
#define HAVE_STRUCT_STAT_ST_FLAGS 1
#define HAVE_STRUCT_STAT_ST_GEN 1
#define HAVE_STRUCT_STAT_ST_BIRTHTIME 1
#define HAVE_STRUCT_STAT_ST_BLOCKS 1
#define HAVE_STRUCT_PASSWD_PW_GECOS 1
#define HAVE_STRUCT_PASSWD_PW_PASSWD 1
#define HAVE_SIGINFO_T_SI_BAND 1
#define HAVE_ADDRINFO 1
#define HAVE_SOCKADDR_STORAGE 1
#define HAVE_PROTOTYPES 1
#define HAVE_SOCKETPAIR 1
#define HAVE_SOCKADDR_SA_LEN 1
#define HAVE_GETHOSTBYNAME_R 1
#define HAVE_GETHOSTBYNAME_R 1
#define HAVE_GETHOSTBYNAME_R_6_ARG 1
#define DOUBLE_IS_LITTLE_ENDIAN_IEEE754 1
#define HAVE_ACOSH 1
#define HAVE_ASINH 1
#define HAVE_ATANH 1
#define HAVE_ERF 1
#define HAVE_ERFC 1
#define HAVE_EXPM1 1
#define HAVE_LOG1P 1
#define HAVE_LOG2 1
#define HAVE_DECL_RTLD_LAZY 1
#define HAVE_DECL_RTLD_NOW 1
#define HAVE_DECL_RTLD_GLOBAL 1
#define HAVE_DECL_RTLD_LOCAL 1
#define HAVE_DECL_RTLD_NODELETE 1
#define HAVE_DECL_RTLD_NOLOAD 1
#define HAVE_DECL_RTLD_DEEPBIND 1
#define HAVE_DECL_RTLD_MEMBER 0
#define HAVE_WCHAR_H 1
#define SIZEOF_WCHAR_T 4
#define HAVE_USABLE_WCHAR_T 1
#define ALT_SOABI "cpython-312"
#define HAVE_GETC_UNLOCKED 1
#define HAVE_RL_COMPLETION_APPEND_CHARACTER 1
#define HAVE_RL_COMPLETION_SUPPRESS_APPEND 1
#define HAVE_RL_PRE_INPUT_HOOK 1
#define HAVE_RL_COMPLETION_DISPLAY_MATCHES_HOOK 1
#define HAVE_RL_RESIZE_TERMINAL 1
#define HAVE_RL_COMPLETION_MATCHES 1
#define HAVE_RL_CATCH_SIGNAL 1
#define HAVE_RL_APPEND_HISTORY 1
#define HAVE_RL_COMPDISP_FUNC_T 1
#define HAVE_BROKEN_NICE 1
#define HAVE_WORKING_TZSET 1
#define HAVE_STAT_TV_NSEC 1
#define HAVE_STAT_TV_NSEC2 1
#define HAVE_CURSES_H 1
#define HAVE_NCURSES_H 1
#define HAVE_NCURSESW 1
#define HAVE_PANEL_H 1
#define HAVE_TERM_H 1
#define MVWDELCH_IS_EXPRESSION 1
#define WINDOW_HAS_FLAGS 1
#define HAVE_CURSES_IS_PAD 1
#define HAVE_CURSES_IS_TERM_RESIZED 1
#define HAVE_CURSES_RESIZE_TERM 1
#define HAVE_CURSES_RESIZETERM 1
#define HAVE_CURSES_IMMEDOK 1
#define HAVE_CURSES_SYNCOK 1
#define HAVE_CURSES_WCHGAT 1
#define HAVE_CURSES_FILTER 1
#define HAVE_CURSES_HAS_KEY 1
#define HAVE_CURSES_TYPEAHEAD 1
#define HAVE_CURSES_USE_ENV 1
#define HAVE_COMPUTED_GOTOS 1
#define HAVE_STD_ATOMIC 1
#define HAVE_BUILTIN_ATOMIC 1
#define HAVE_DIRENT_D_TYPE 1
#define HAVE_GETRANDOM 1
#define HAVE_SHM_OPEN 1
#define HAVE_SHM_UNLINK 1
#define PY_SSL_DEFAULT_CIPHERS 1
#define PY_BUILTIN_HASHLIB_HASHES /**/
#define PY_BUILTIN_HASHLIB_HASHES "md5,sha1,sha2,sha3,blake2"

configure: exit 0
