Python benchmark suite 1.11.0


==================================================
( 1/83) creating venv for benchmark (argparse)

(trying common venv first)
Installing requirements into the virtual environment /home/qianhuiwang/cpython/build-purecap
# /home/qianhuiwang/cpython/build-purecap/python -m pip install pyperf==2.9.0
Requirement already satisfied: pyperf==2.9.0 in ./lib/python3.12/site-packages (2.9.0)
Requirement already satisfied: psutil>=5.9.0 in ./lib/python3.12/site-packages (from pyperf==2.9.0) (7.0.0)

[notice] A new release of pip is available: 25.0.1 -> 25.1.1
[notice] To update, run: /home/qianhuiwang/cpython/build-purecap/python -m pip install --upgrade pip
Installing requirements into the virtual environment /home/qianhuiwang/cpython/build-purecap
# /home/qianhuiwang/cpython/build-purecap/python -m pip install psutil
Requirement already satisfied: psutil in ./lib/python3.12/site-packages (7.0.0)

[notice] A new release of pip is available: 25.0.1 -> 25.1.1
[notice] To update, run: /home/qianhuiwang/cpython/build-purecap/python -m pip install --upgrade pip
# /home/qianhuiwang/cpython/build-purecap/python -m pip freeze
alabaster==0.7.16
asgiref==3.6.0
babel==2.17.0
build==1.2.2.post1
certifi==2021.5.30
Chameleon==3.9.1
charset-normalizer==3.4.1
coverage==7.3.2
Django==4.2
docutils==0.21.2
dulwich==0.20.23
Genshi==0.7.7
html5lib==1.1
idna==3.10
imagesize==1.4.1
Jinja2==3.1.6
legacy-cgi==2.6
Mako==1.1.4
MarkupSafe==2.0.1
mpmath==1.2.1
networkx==3.4.2
packaging==24.2
psutil==7.0.0
pyaes==1.6.1
Pygments==2.19.1
pyperf==2.9.0
pyperformance @ file:///home/qianhuiwang/cpython/site-packages/pyperformance/dist/pyperformance-1.11.0-py3-none-any.whl#sha256=5e7db3719781f5aaaa31704d7bc2566ec18ade1aa74b998aae4e93a9ebbaa849
pyproject_hooks==1.2.0
python-docs-theme==2024.6
pytz==2021.1
requests==2.32.3
setuptools==78.1.0
six==1.16.0
snowballstemmer==2.2.0
Sphinx==7.3.7
sphinxcontrib-applehelp==2.0.0
sphinxcontrib-devhelp==2.0.0
sphinxcontrib-htmlhelp==2.1.0
sphinxcontrib-jsmath==1.0.1
sphinxcontrib-qthelp==2.0.0
sphinxcontrib-serializinghtml==2.0.0
sqlglot==4.6.0
sqlparse==0.4.1
sympy==1.13.0
urllib3==1.26.5
webencodings==0.5.1
# /home/qianhuiwang/cpython/build-purecap/python -m pip freeze
alabaster==0.7.16
asgiref==3.6.0
babel==2.17.0
build==1.2.2.post1
certifi==2021.5.30
Chameleon==3.9.1
charset-normalizer==3.4.1
coverage==7.3.2
Django==4.2
docutils==0.21.2
dulwich==0.20.23
Genshi==0.7.7
html5lib==1.1
idna==3.10
imagesize==1.4.1
Jinja2==3.1.6
legacy-cgi==2.6
Mako==1.1.4
MarkupSafe==2.0.1
mpmath==1.2.1
networkx==3.4.2
packaging==24.2
psutil==7.0.0
pyaes==1.6.1
Pygments==2.19.1
pyperf==2.9.0
pyperformance @ file:///home/qianhuiwang/cpython/site-packages/pyperformance/dist/pyperformance-1.11.0-py3-none-any.whl#sha256=5e7db3719781f5aaaa31704d7bc2566ec18ade1aa74b998aae4e93a9ebbaa849
pyproject_hooks==1.2.0
python-docs-theme==2024.6
pytz==2021.1
requests==2.32.3
setuptools==78.1.0
six==1.16.0
snowballstemmer==2.2.0
Sphinx==7.3.7
sphinxcontrib-applehelp==2.0.0
sphinxcontrib-devhelp==2.0.0
sphinxcontrib-htmlhelp==2.1.0
sphinxcontrib-jsmath==1.0.1
sphinxcontrib-qthelp==2.0.0
sphinxcontrib-serializinghtml==2.0.0
sqlglot==4.6.0
sqlparse==0.4.1
sympy==1.13.0
urllib3==1.26.5
webencodings==0.5.1

==================================================
( 2/83) creating venv for benchmark (argparse_subparsers)

(trying common venv first)
Installing requirements into the virtual environment /home/qianhuiwang/cpython/build-purecap
# /home/qianhuiwang/cpython/build-purecap/python -m pip install pyperf==2.9.0
Requirement already satisfied: pyperf==2.9.0 in ./lib/python3.12/site-packages (2.9.0)
Requirement already satisfied: psutil>=5.9.0 in ./lib/python3.12/site-packages (from pyperf==2.9.0) (7.0.0)

[notice] A new release of pip is available: 25.0.1 -> 25.1.1
[notice] To update, run: /home/qianhuiwang/cpython/build-purecap/python -m pip install --upgrade pip
Installing requirements into the virtual environment /home/qianhuiwang/cpython/build-purecap
# /home/qianhuiwang/cpython/build-purecap/python -m pip install psutil
Requirement already satisfied: psutil in ./lib/python3.12/site-packages (7.0.0)

[notice] A new release of pip is available: 25.0.1 -> 25.1.1
[notice] To update, run: /home/qianhuiwang/cpython/build-purecap/python -m pip install --upgrade pip
# /home/qianhuiwang/cpython/build-purecap/python -m pip freeze
alabaster==0.7.16
asgiref==3.6.0
babel==2.17.0
build==1.2.2.post1
certifi==2021.5.30
Chameleon==3.9.1
charset-normalizer==3.4.1
coverage==7.3.2
Django==4.2
docutils==0.21.2
dulwich==0.20.23
Genshi==0.7.7
html5lib==1.1
idna==3.10
imagesize==1.4.1
Jinja2==3.1.6
legacy-cgi==2.6
Mako==1.1.4
MarkupSafe==2.0.1
mpmath==1.2.1
networkx==3.4.2
packaging==24.2
psutil==7.0.0
pyaes==1.6.1
Pygments==2.19.1
pyperf==2.9.0
pyperformance @ file:///home/qianhuiwang/cpython/site-packages/pyperformance/dist/pyperformance-1.11.0-py3-none-any.whl#sha256=5e7db3719781f5aaaa31704d7bc2566ec18ade1aa74b998aae4e93a9ebbaa849
pyproject_hooks==1.2.0
python-docs-theme==2024.6
pytz==2021.1
requests==2.32.3
setuptools==78.1.0
six==1.16.0
snowballstemmer==2.2.0
Sphinx==7.3.7
sphinxcontrib-applehelp==2.0.0
sphinxcontrib-devhelp==2.0.0
sphinxcontrib-htmlhelp==2.1.0
sphinxcontrib-jsmath==1.0.1
sphinxcontrib-qthelp==2.0.0
sphinxcontrib-serializinghtml==2.0.0
sqlglot==4.6.0
sqlparse==0.4.1
sympy==1.13.0
urllib3==1.26.5
webencodings==0.5.1
# /home/qianhuiwang/cpython/build-purecap/python -m pip freeze
alabaster==0.7.16
asgiref==3.6.0
babel==2.17.0
build==1.2.2.post1
certifi==2021.5.30
Chameleon==3.9.1
charset-normalizer==3.4.1
coverage==7.3.2
Django==4.2
docutils==0.21.2
dulwich==0.20.23
Genshi==0.7.7
html5lib==1.1
idna==3.10
imagesize==1.4.1
Jinja2==3.1.6
legacy-cgi==2.6
Mako==1.1.4
MarkupSafe==2.0.1
mpmath==1.2.1
networkx==3.4.2
packaging==24.2
psutil==7.0.0
pyaes==1.6.1
Pygments==2.19.1
pyperf==2.9.0
pyperformance @ file:///home/qianhuiwang/cpython/site-packages/pyperformance/dist/pyperformance-1.11.0-py3-none-any.whl#sha256=5e7db3719781f5aaaa31704d7bc2566ec18ade1aa74b998aae4e93a9ebbaa849
pyproject_hooks==1.2.0
python-docs-theme==2024.6
pytz==2021.1
requests==2.32.3
setuptools==78.1.0
six==1.16.0
snowballstemmer==2.2.0
Sphinx==7.3.7
sphinxcontrib-applehelp==2.0.0
sphinxcontrib-devhelp==2.0.0
sphinxcontrib-htmlhelp==2.1.0
sphinxcontrib-jsmath==1.0.1
sphinxcontrib-qthelp==2.0.0
sphinxcontrib-serializinghtml==2.0.0
sqlglot==4.6.0
sqlparse==0.4.1
sympy==1.13.0
urllib3==1.26.5
webencodings==0.5.1

==================================================
( 3/83) creating venv for benchmark (async_generators)

(trying common venv first)
Installing requirements into the virtual environment /home/qianhuiwang/cpython/build-purecap
# /home/qianhuiwang/cpython/build-purecap/python -m pip install pyperf==2.9.0
Requirement already satisfied: pyperf==2.9.0 in ./lib/python3.12/site-packages (2.9.0)
Requirement already satisfied: psutil>=5.9.0 in ./lib/python3.12/site-packages (from pyperf==2.9.0) (7.0.0)

[notice] A new release of pip is available: 25.0.1 -> 25.1.1
[notice] To update, run: /home/qianhuiwang/cpython/build-purecap/python -m pip install --upgrade pip
Installing requirements into the virtual environment /home/qianhuiwang/cpython/build-purecap
# /home/qianhuiwang/cpython/build-purecap/python -m pip install psutil
Requirement already satisfied: psutil in ./lib/python3.12/site-packages (7.0.0)

[notice] A new release of pip is available: 25.0.1 -> 25.1.1
[notice] To update, run: /home/qianhuiwang/cpython/build-purecap/python -m pip install --upgrade pip
# /home/qianhuiwang/cpython/build-purecap/python -m pip freeze
alabaster==0.7.16
asgiref==3.6.0
babel==2.17.0
build==1.2.2.post1
certifi==2021.5.30
Chameleon==3.9.1
charset-normalizer==3.4.1
coverage==7.3.2
Django==4.2
docutils==0.21.2
dulwich==0.20.23
Genshi==0.7.7
html5lib==1.1
idna==3.10
imagesize==1.4.1
Jinja2==3.1.6
legacy-cgi==2.6
Mako==1.1.4
MarkupSafe==2.0.1
mpmath==1.2.1
networkx==3.4.2
packaging==24.2
psutil==7.0.0
pyaes==1.6.1
Pygments==2.19.1
pyperf==2.9.0
pyperformance @ file:///home/qianhuiwang/cpython/site-packages/pyperformance/dist/pyperformance-1.11.0-py3-none-any.whl#sha256=5e7db3719781f5aaaa31704d7bc2566ec18ade1aa74b998aae4e93a9ebbaa849
pyproject_hooks==1.2.0
python-docs-theme==2024.6
pytz==2021.1
requests==2.32.3
setuptools==78.1.0
six==1.16.0
snowballstemmer==2.2.0
Sphinx==7.3.7
sphinxcontrib-applehelp==2.0.0
sphinxcontrib-devhelp==2.0.0
sphinxcontrib-htmlhelp==2.1.0
sphinxcontrib-jsmath==1.0.1
sphinxcontrib-qthelp==2.0.0
sphinxcontrib-serializinghtml==2.0.0
sqlglot==4.6.0
sqlparse==0.4.1
sympy==1.13.0
urllib3==1.26.5
webencodings==0.5.1
# /home/qianhuiwang/cpython/build-purecap/python -m pip freeze
alabaster==0.7.16
asgiref==3.6.0
babel==2.17.0
build==1.2.2.post1
certifi==2021.5.30
Chameleon==3.9.1
charset-normalizer==3.4.1
coverage==7.3.2
Django==4.2
docutils==0.21.2
dulwich==0.20.23
Genshi==0.7.7
html5lib==1.1
idna==3.10
imagesize==1.4.1
Jinja2==3.1.6
legacy-cgi==2.6
Mako==1.1.4
MarkupSafe==2.0.1
mpmath==1.2.1
networkx==3.4.2
packaging==24.2
psutil==7.0.0
pyaes==1.6.1
Pygments==2.19.1
pyperf==2.9.0
pyperformance @ file:///home/qianhuiwang/cpython/site-packages/pyperformance/dist/pyperformance-1.11.0-py3-none-any.whl#sha256=5e7db3719781f5aaaa31704d7bc2566ec18ade1aa74b998aae4e93a9ebbaa849
pyproject_hooks==1.2.0
python-docs-theme==2024.6
pytz==2021.1
requests==2.32.3
setuptools==78.1.0
six==1.16.0
snowballstemmer==2.2.0
Sphinx==7.3.7
sphinxcontrib-applehelp==2.0.0
sphinxcontrib-devhelp==2.0.0
sphinxcontrib-htmlhelp==2.1.0
sphinxcontrib-jsmath==1.0.1
sphinxcontrib-qthelp==2.0.0
sphinxcontrib-serializinghtml==2.0.0
sqlglot==4.6.0
sqlparse==0.4.1
sympy==1.13.0
urllib3==1.26.5
webencodings==0.5.1

==================================================
( 4/83) creating venv for benchmark (async_tree)

(trying common venv first)
Installing requirements into the virtual environment /home/qianhuiwang/cpython/build-purecap
# /home/qianhuiwang/cpython/build-purecap/python -m pip install pyperf==2.9.0
Requirement already satisfied: pyperf==2.9.0 in ./lib/python3.12/site-packages (2.9.0)
Requirement already satisfied: psutil>=5.9.0 in ./lib/python3.12/site-packages (from pyperf==2.9.0) (7.0.0)

[notice] A new release of pip is available: 25.0.1 -> 25.1.1
[notice] To update, run: /home/qianhuiwang/cpython/build-purecap/python -m pip install --upgrade pip
Installing requirements into the virtual environment /home/qianhuiwang/cpython/build-purecap
# /home/qianhuiwang/cpython/build-purecap/python -m pip install psutil
Requirement already satisfied: psutil in ./lib/python3.12/site-packages (7.0.0)

[notice] A new release of pip is available: 25.0.1 -> 25.1.1
[notice] To update, run: /home/qianhuiwang/cpython/build-purecap/python -m pip install --upgrade pip
# /home/qianhuiwang/cpython/build-purecap/python -m pip freeze
alabaster==0.7.16
asgiref==3.6.0
babel==2.17.0
build==1.2.2.post1
certifi==2021.5.30
Chameleon==3.9.1
charset-normalizer==3.4.1
coverage==7.3.2
Django==4.2
docutils==0.21.2
dulwich==0.20.23
Genshi==0.7.7
html5lib==1.1
idna==3.10
imagesize==1.4.1
Jinja2==3.1.6
legacy-cgi==2.6
Mako==1.1.4
MarkupSafe==2.0.1
mpmath==1.2.1
networkx==3.4.2
packaging==24.2
psutil==7.0.0
pyaes==1.6.1
Pygments==2.19.1
pyperf==2.9.0
pyperformance @ file:///home/qianhuiwang/cpython/site-packages/pyperformance/dist/pyperformance-1.11.0-py3-none-any.whl#sha256=5e7db3719781f5aaaa31704d7bc2566ec18ade1aa74b998aae4e93a9ebbaa849
pyproject_hooks==1.2.0
python-docs-theme==2024.6
pytz==2021.1
requests==2.32.3
setuptools==78.1.0
six==1.16.0
snowballstemmer==2.2.0
Sphinx==7.3.7
sphinxcontrib-applehelp==2.0.0
sphinxcontrib-devhelp==2.0.0
sphinxcontrib-htmlhelp==2.1.0
sphinxcontrib-jsmath==1.0.1
sphinxcontrib-qthelp==2.0.0
sphinxcontrib-serializinghtml==2.0.0
sqlglot==4.6.0
sqlparse==0.4.1
sympy==1.13.0
urllib3==1.26.5
webencodings==0.5.1
# /home/qianhuiwang/cpython/build-purecap/python -m pip freeze
alabaster==0.7.16
asgiref==3.6.0
babel==2.17.0
build==1.2.2.post1
certifi==2021.5.30
Chameleon==3.9.1
charset-normalizer==3.4.1
coverage==7.3.2
Django==4.2
docutils==0.21.2
dulwich==0.20.23
Genshi==0.7.7
html5lib==1.1
idna==3.10
imagesize==1.4.1
Jinja2==3.1.6
legacy-cgi==2.6
Mako==1.1.4
MarkupSafe==2.0.1
mpmath==1.2.1
networkx==3.4.2
packaging==24.2
psutil==7.0.0
pyaes==1.6.1
Pygments==2.19.1
pyperf==2.9.0
pyperformance @ file:///home/qianhuiwang/cpython/site-packages/pyperformance/dist/pyperformance-1.11.0-py3-none-any.whl#sha256=5e7db3719781f5aaaa31704d7bc2566ec18ade1aa74b998aae4e93a9ebbaa849
pyproject_hooks==1.2.0
python-docs-theme==2024.6
pytz==2021.1
requests==2.32.3
setuptools==78.1.0
six==1.16.0
snowballstemmer==2.2.0
Sphinx==7.3.7
sphinxcontrib-applehelp==2.0.0
sphinxcontrib-devhelp==2.0.0
sphinxcontrib-htmlhelp==2.1.0
sphinxcontrib-jsmath==1.0.1
sphinxcontrib-qthelp==2.0.0
sphinxcontrib-serializinghtml==2.0.0
sqlglot==4.6.0
sqlparse==0.4.1
sympy==1.13.0
urllib3==1.26.5
webencodings==0.5.1

==================================================
( 5/83) creating venv for benchmark (async_tree_cpu_io_mixed)

(trying common venv first)
Installing requirements into the virtual environment /home/qianhuiwang/cpython/build-purecap
# /home/qianhuiwang/cpython/build-purecap/python -m pip install pyperf==2.9.0
Requirement already satisfied: pyperf==2.9.0 in ./lib/python3.12/site-packages (2.9.0)
Requirement already satisfied: psutil>=5.9.0 in ./lib/python3.12/site-packages (from pyperf==2.9.0) (7.0.0)

[notice] A new release of pip is available: 25.0.1 -> 25.1.1
[notice] To update, run: /home/qianhuiwang/cpython/build-purecap/python -m pip install --upgrade pip
Installing requirements into the virtual environment /home/qianhuiwang/cpython/build-purecap
# /home/qianhuiwang/cpython/build-purecap/python -m pip install psutil
Requirement already satisfied: psutil in ./lib/python3.12/site-packages (7.0.0)

[notice] A new release of pip is available: 25.0.1 -> 25.1.1
[notice] To update, run: /home/qianhuiwang/cpython/build-purecap/python -m pip install --upgrade pip
# /home/qianhuiwang/cpython/build-purecap/python -m pip freeze
alabaster==0.7.16
asgiref==3.6.0
babel==2.17.0
build==1.2.2.post1
certifi==2021.5.30
Chameleon==3.9.1
charset-normalizer==3.4.1
coverage==7.3.2
Django==4.2
docutils==0.21.2
dulwich==0.20.23
Genshi==0.7.7
html5lib==1.1
idna==3.10
imagesize==1.4.1
Jinja2==3.1.6
legacy-cgi==2.6
Mako==1.1.4
MarkupSafe==2.0.1
mpmath==1.2.1
networkx==3.4.2
packaging==24.2
psutil==7.0.0
pyaes==1.6.1
Pygments==2.19.1
pyperf==2.9.0
pyperformance @ file:///home/qianhuiwang/cpython/site-packages/pyperformance/dist/pyperformance-1.11.0-py3-none-any.whl#sha256=5e7db3719781f5aaaa31704d7bc2566ec18ade1aa74b998aae4e93a9ebbaa849
pyproject_hooks==1.2.0
python-docs-theme==2024.6
pytz==2021.1
requests==2.32.3
setuptools==78.1.0
six==1.16.0
snowballstemmer==2.2.0
Sphinx==7.3.7
sphinxcontrib-applehelp==2.0.0
sphinxcontrib-devhelp==2.0.0
sphinxcontrib-htmlhelp==2.1.0
sphinxcontrib-jsmath==1.0.1
sphinxcontrib-qthelp==2.0.0
sphinxcontrib-serializinghtml==2.0.0
sqlglot==4.6.0
sqlparse==0.4.1
sympy==1.13.0
urllib3==1.26.5
webencodings==0.5.1
# /home/qianhuiwang/cpython/build-purecap/python -m pip freeze
alabaster==0.7.16
asgiref==3.6.0
babel==2.17.0
build==1.2.2.post1
certifi==2021.5.30
Chameleon==3.9.1
charset-normalizer==3.4.1
coverage==7.3.2
Django==4.2
docutils==0.21.2
dulwich==0.20.23
Genshi==0.7.7
html5lib==1.1
idna==3.10
imagesize==1.4.1
Jinja2==3.1.6
legacy-cgi==2.6
Mako==1.1.4
MarkupSafe==2.0.1
mpmath==1.2.1
networkx==3.4.2
packaging==24.2
psutil==7.0.0
pyaes==1.6.1
Pygments==2.19.1
pyperf==2.9.0
pyperformance @ file:///home/qianhuiwang/cpython/site-packages/pyperformance/dist/pyperformance-1.11.0-py3-none-any.whl#sha256=5e7db3719781f5aaaa31704d7bc2566ec18ade1aa74b998aae4e93a9ebbaa849
pyproject_hooks==1.2.0
python-docs-theme==2024.6
pytz==2021.1
requests==2.32.3
setuptools==78.1.0
six==1.16.0
snowballstemmer==2.2.0
Sphinx==7.3.7
sphinxcontrib-applehelp==2.0.0
sphinxcontrib-devhelp==2.0.0
sphinxcontrib-htmlhelp==2.1.0
sphinxcontrib-jsmath==1.0.1
sphinxcontrib-qthelp==2.0.0
sphinxcontrib-serializinghtml==2.0.0
sqlglot==4.6.0
sqlparse==0.4.1
sympy==1.13.0
urllib3==1.26.5
webencodings==0.5.1

==================================================
( 6/83) creating venv for benchmark (async_tree_cpu_io_mixed_tg)

(trying common venv first)
Installing requirements into the virtual environment /home/qianhuiwang/cpython/build-purecap
# /home/qianhuiwang/cpython/build-purecap/python -m pip install pyperf==2.9.0
Requirement already satisfied: pyperf==2.9.0 in ./lib/python3.12/site-packages (2.9.0)
Requirement already satisfied: psutil>=5.9.0 in ./lib/python3.12/site-packages (from pyperf==2.9.0) (7.0.0)

[notice] A new release of pip is available: 25.0.1 -> 25.1.1
[notice] To update, run: /home/qianhuiwang/cpython/build-purecap/python -m pip install --upgrade pip
Installing requirements into the virtual environment /home/qianhuiwang/cpython/build-purecap
# /home/qianhuiwang/cpython/build-purecap/python -m pip install psutil
Requirement already satisfied: psutil in ./lib/python3.12/site-packages (7.0.0)

[notice] A new release of pip is available: 25.0.1 -> 25.1.1
[notice] To update, run: /home/qianhuiwang/cpython/build-purecap/python -m pip install --upgrade pip
# /home/qianhuiwang/cpython/build-purecap/python -m pip freeze
alabaster==0.7.16
asgiref==3.6.0
babel==2.17.0
build==1.2.2.post1
certifi==2021.5.30
Chameleon==3.9.1
charset-normalizer==3.4.1
coverage==7.3.2
Django==4.2
docutils==0.21.2
dulwich==0.20.23
Genshi==0.7.7
html5lib==1.1
idna==3.10
imagesize==1.4.1
Jinja2==3.1.6
legacy-cgi==2.6
Mako==1.1.4
MarkupSafe==2.0.1
mpmath==1.2.1
networkx==3.4.2
packaging==24.2
psutil==7.0.0
pyaes==1.6.1
Pygments==2.19.1
pyperf==2.9.0
pyperformance @ file:///home/qianhuiwang/cpython/site-packages/pyperformance/dist/pyperformance-1.11.0-py3-none-any.whl#sha256=5e7db3719781f5aaaa31704d7bc2566ec18ade1aa74b998aae4e93a9ebbaa849
pyproject_hooks==1.2.0
python-docs-theme==2024.6
pytz==2021.1
requests==2.32.3
setuptools==78.1.0
six==1.16.0
snowballstemmer==2.2.0
Sphinx==7.3.7
sphinxcontrib-applehelp==2.0.0
sphinxcontrib-devhelp==2.0.0
sphinxcontrib-htmlhelp==2.1.0
sphinxcontrib-jsmath==1.0.1
sphinxcontrib-qthelp==2.0.0
sphinxcontrib-serializinghtml==2.0.0
sqlglot==4.6.0
sqlparse==0.4.1
sympy==1.13.0
urllib3==1.26.5
webencodings==0.5.1
# /home/qianhuiwang/cpython/build-purecap/python -m pip freeze
alabaster==0.7.16
asgiref==3.6.0
babel==2.17.0
build==1.2.2.post1
certifi==2021.5.30
Chameleon==3.9.1
charset-normalizer==3.4.1
coverage==7.3.2
Django==4.2
docutils==0.21.2
dulwich==0.20.23
Genshi==0.7.7
html5lib==1.1
idna==3.10
imagesize==1.4.1
Jinja2==3.1.6
legacy-cgi==2.6
Mako==1.1.4
MarkupSafe==2.0.1
mpmath==1.2.1
networkx==3.4.2
packaging==24.2
psutil==7.0.0
pyaes==1.6.1
Pygments==2.19.1
pyperf==2.9.0
pyperformance @ file:///home/qianhuiwang/cpython/site-packages/pyperformance/dist/pyperformance-1.11.0-py3-none-any.whl#sha256=5e7db3719781f5aaaa31704d7bc2566ec18ade1aa74b998aae4e93a9ebbaa849
pyproject_hooks==1.2.0
python-docs-theme==2024.6
pytz==2021.1
requests==2.32.3
setuptools==78.1.0
six==1.16.0
snowballstemmer==2.2.0
Sphinx==7.3.7
sphinxcontrib-applehelp==2.0.0
sphinxcontrib-devhelp==2.0.0
sphinxcontrib-htmlhelp==2.1.0
sphinxcontrib-jsmath==1.0.1
sphinxcontrib-qthelp==2.0.0
sphinxcontrib-serializinghtml==2.0.0
sqlglot==4.6.0
sqlparse==0.4.1
sympy==1.13.0
urllib3==1.26.5
webencodings==0.5.1

==================================================
( 7/83) creating venv for benchmark (async_tree_eager)

(trying common venv first)
Installing requirements into the virtual environment /home/qianhuiwang/cpython/build-purecap
# /home/qianhuiwang/cpython/build-purecap/python -m pip install pyperf==2.9.0
Requirement already satisfied: pyperf==2.9.0 in ./lib/python3.12/site-packages (2.9.0)
Requirement already satisfied: psutil>=5.9.0 in ./lib/python3.12/site-packages (from pyperf==2.9.0) (7.0.0)

[notice] A new release of pip is available: 25.0.1 -> 25.1.1
[notice] To update, run: /home/qianhuiwang/cpython/build-purecap/python -m pip install --upgrade pip
Installing requirements into the virtual environment /home/qianhuiwang/cpython/build-purecap
# /home/qianhuiwang/cpython/build-purecap/python -m pip install psutil
Requirement already satisfied: psutil in ./lib/python3.12/site-packages (7.0.0)

[notice] A new release of pip is available: 25.0.1 -> 25.1.1
[notice] To update, run: /home/qianhuiwang/cpython/build-purecap/python -m pip install --upgrade pip
# /home/qianhuiwang/cpython/build-purecap/python -m pip freeze
alabaster==0.7.16
asgiref==3.6.0
babel==2.17.0
build==1.2.2.post1
certifi==2021.5.30
Chameleon==3.9.1
charset-normalizer==3.4.1
coverage==7.3.2
Django==4.2
docutils==0.21.2
dulwich==0.20.23
Genshi==0.7.7
html5lib==1.1
idna==3.10
imagesize==1.4.1
Jinja2==3.1.6
legacy-cgi==2.6
Mako==1.1.4
MarkupSafe==2.0.1
mpmath==1.2.1
networkx==3.4.2
packaging==24.2
psutil==7.0.0
pyaes==1.6.1
Pygments==2.19.1
pyperf==2.9.0
pyperformance @ file:///home/qianhuiwang/cpython/site-packages/pyperformance/dist/pyperformance-1.11.0-py3-none-any.whl#sha256=5e7db3719781f5aaaa31704d7bc2566ec18ade1aa74b998aae4e93a9ebbaa849
pyproject_hooks==1.2.0
python-docs-theme==2024.6
pytz==2021.1
requests==2.32.3
setuptools==78.1.0
six==1.16.0
snowballstemmer==2.2.0
Sphinx==7.3.7
sphinxcontrib-applehelp==2.0.0
sphinxcontrib-devhelp==2.0.0
sphinxcontrib-htmlhelp==2.1.0
sphinxcontrib-jsmath==1.0.1
sphinxcontrib-qthelp==2.0.0
sphinxcontrib-serializinghtml==2.0.0
sqlglot==4.6.0
sqlparse==0.4.1
sympy==1.13.0
urllib3==1.26.5
webencodings==0.5.1
# /home/qianhuiwang/cpython/build-purecap/python -m pip freeze
alabaster==0.7.16
asgiref==3.6.0
babel==2.17.0
build==1.2.2.post1
certifi==2021.5.30
Chameleon==3.9.1
charset-normalizer==3.4.1
coverage==7.3.2
Django==4.2
docutils==0.21.2
dulwich==0.20.23
Genshi==0.7.7
html5lib==1.1
idna==3.10
imagesize==1.4.1
Jinja2==3.1.6
legacy-cgi==2.6
Mako==1.1.4
MarkupSafe==2.0.1
mpmath==1.2.1
networkx==3.4.2
packaging==24.2
psutil==7.0.0
pyaes==1.6.1
Pygments==2.19.1
pyperf==2.9.0
pyperformance @ file:///home/qianhuiwang/cpython/site-packages/pyperformance/dist/pyperformance-1.11.0-py3-none-any.whl#sha256=5e7db3719781f5aaaa31704d7bc2566ec18ade1aa74b998aae4e93a9ebbaa849
pyproject_hooks==1.2.0
python-docs-theme==2024.6
pytz==2021.1
requests==2.32.3
setuptools==78.1.0
six==1.16.0
snowballstemmer==2.2.0
Sphinx==7.3.7
sphinxcontrib-applehelp==2.0.0
sphinxcontrib-devhelp==2.0.0
sphinxcontrib-htmlhelp==2.1.0
sphinxcontrib-jsmath==1.0.1
sphinxcontrib-qthelp==2.0.0
sphinxcontrib-serializinghtml==2.0.0
sqlglot==4.6.0
sqlparse==0.4.1
sympy==1.13.0
urllib3==1.26.5
webencodings==0.5.1

==================================================
( 8/83) creating venv for benchmark (async_tree_eager_cpu_io_mixed)

(trying common venv first)
Installing requirements into the virtual environment /home/qianhuiwang/cpython/build-purecap
# /home/qianhuiwang/cpython/build-purecap/python -m pip install pyperf==2.9.0
Requirement already satisfied: pyperf==2.9.0 in ./lib/python3.12/site-packages (2.9.0)
Requirement already satisfied: psutil>=5.9.0 in ./lib/python3.12/site-packages (from pyperf==2.9.0) (7.0.0)

[notice] A new release of pip is available: 25.0.1 -> 25.1.1
[notice] To update, run: /home/qianhuiwang/cpython/build-purecap/python -m pip install --upgrade pip
Installing requirements into the virtual environment /home/qianhuiwang/cpython/build-purecap
# /home/qianhuiwang/cpython/build-purecap/python -m pip install psutil
Requirement already satisfied: psutil in ./lib/python3.12/site-packages (7.0.0)

[notice] A new release of pip is available: 25.0.1 -> 25.1.1
[notice] To update, run: /home/qianhuiwang/cpython/build-purecap/python -m pip install --upgrade pip
# /home/qianhuiwang/cpython/build-purecap/python -m pip freeze
alabaster==0.7.16
asgiref==3.6.0
babel==2.17.0
build==1.2.2.post1
certifi==2021.5.30
Chameleon==3.9.1
charset-normalizer==3.4.1
coverage==7.3.2
Django==4.2
docutils==0.21.2
dulwich==0.20.23
Genshi==0.7.7
html5lib==1.1
idna==3.10
imagesize==1.4.1
Jinja2==3.1.6
legacy-cgi==2.6
Mako==1.1.4
MarkupSafe==2.0.1
mpmath==1.2.1
networkx==3.4.2
packaging==24.2
psutil==7.0.0
pyaes==1.6.1
Pygments==2.19.1
pyperf==2.9.0
pyperformance @ file:///home/qianhuiwang/cpython/site-packages/pyperformance/dist/pyperformance-1.11.0-py3-none-any.whl#sha256=5e7db3719781f5aaaa31704d7bc2566ec18ade1aa74b998aae4e93a9ebbaa849
pyproject_hooks==1.2.0
python-docs-theme==2024.6
pytz==2021.1
requests==2.32.3
setuptools==78.1.0
six==1.16.0
snowballstemmer==2.2.0
Sphinx==7.3.7
sphinxcontrib-applehelp==2.0.0
sphinxcontrib-devhelp==2.0.0
sphinxcontrib-htmlhelp==2.1.0
sphinxcontrib-jsmath==1.0.1
sphinxcontrib-qthelp==2.0.0
sphinxcontrib-serializinghtml==2.0.0
sqlglot==4.6.0
sqlparse==0.4.1
sympy==1.13.0
urllib3==1.26.5
webencodings==0.5.1
# /home/qianhuiwang/cpython/build-purecap/python -m pip freeze
alabaster==0.7.16
asgiref==3.6.0
babel==2.17.0
build==1.2.2.post1
certifi==2021.5.30
Chameleon==3.9.1
charset-normalizer==3.4.1
coverage==7.3.2
Django==4.2
docutils==0.21.2
dulwich==0.20.23
Genshi==0.7.7
html5lib==1.1
idna==3.10
imagesize==1.4.1
Jinja2==3.1.6
legacy-cgi==2.6
Mako==1.1.4
MarkupSafe==2.0.1
mpmath==1.2.1
networkx==3.4.2
packaging==24.2
psutil==7.0.0
pyaes==1.6.1
Pygments==2.19.1
pyperf==2.9.0
pyperformance @ file:///home/qianhuiwang/cpython/site-packages/pyperformance/dist/pyperformance-1.11.0-py3-none-any.whl#sha256=5e7db3719781f5aaaa31704d7bc2566ec18ade1aa74b998aae4e93a9ebbaa849
pyproject_hooks==1.2.0
python-docs-theme==2024.6
pytz==2021.1
requests==2.32.3
setuptools==78.1.0
six==1.16.0
snowballstemmer==2.2.0
Sphinx==7.3.7
sphinxcontrib-applehelp==2.0.0
sphinxcontrib-devhelp==2.0.0
sphinxcontrib-htmlhelp==2.1.0
sphinxcontrib-jsmath==1.0.1
sphinxcontrib-qthelp==2.0.0
sphinxcontrib-serializinghtml==2.0.0
sqlglot==4.6.0
sqlparse==0.4.1
sympy==1.13.0
urllib3==1.26.5
webencodings==0.5.1

==================================================
( 9/83) creating venv for benchmark (async_tree_eager_cpu_io_mixed_tg)

(trying common venv first)
Installing requirements into the virtual environment /home/qianhuiwang/cpython/build-purecap
# /home/qianhuiwang/cpython/build-purecap/python -m pip install pyperf==2.9.0
Requirement already satisfied: pyperf==2.9.0 in ./lib/python3.12/site-packages (2.9.0)
Requirement already satisfied: psutil>=5.9.0 in ./lib/python3.12/site-packages (from pyperf==2.9.0) (7.0.0)

[notice] A new release of pip is available: 25.0.1 -> 25.1.1
[notice] To update, run: /home/qianhuiwang/cpython/build-purecap/python -m pip install --upgrade pip
Installing requirements into the virtual environment /home/qianhuiwang/cpython/build-purecap
# /home/qianhuiwang/cpython/build-purecap/python -m pip install psutil
Requirement already satisfied: psutil in ./lib/python3.12/site-packages (7.0.0)

[notice] A new release of pip is available: 25.0.1 -> 25.1.1
[notice] To update, run: /home/qianhuiwang/cpython/build-purecap/python -m pip install --upgrade pip
# /home/qianhuiwang/cpython/build-purecap/python -m pip freeze
alabaster==0.7.16
asgiref==3.6.0
babel==2.17.0
build==1.2.2.post1
certifi==2021.5.30
Chameleon==3.9.1
charset-normalizer==3.4.1
coverage==7.3.2
Django==4.2
docutils==0.21.2
dulwich==0.20.23
Genshi==0.7.7
html5lib==1.1
idna==3.10
imagesize==1.4.1
Jinja2==3.1.6
legacy-cgi==2.6
Mako==1.1.4
MarkupSafe==2.0.1
mpmath==1.2.1
networkx==3.4.2
packaging==24.2
psutil==7.0.0
pyaes==1.6.1
Pygments==2.19.1
pyperf==2.9.0
pyperformance @ file:///home/qianhuiwang/cpython/site-packages/pyperformance/dist/pyperformance-1.11.0-py3-none-any.whl#sha256=5e7db3719781f5aaaa31704d7bc2566ec18ade1aa74b998aae4e93a9ebbaa849
pyproject_hooks==1.2.0
python-docs-theme==2024.6
pytz==2021.1
requests==2.32.3
setuptools==78.1.0
six==1.16.0
snowballstemmer==2.2.0
Sphinx==7.3.7
sphinxcontrib-applehelp==2.0.0
sphinxcontrib-devhelp==2.0.0
sphinxcontrib-htmlhelp==2.1.0
sphinxcontrib-jsmath==1.0.1
sphinxcontrib-qthelp==2.0.0
sphinxcontrib-serializinghtml==2.0.0
sqlglot==4.6.0
sqlparse==0.4.1
sympy==1.13.0
urllib3==1.26.5
webencodings==0.5.1
# /home/qianhuiwang/cpython/build-purecap/python -m pip freeze
alabaster==0.7.16
asgiref==3.6.0
babel==2.17.0
build==1.2.2.post1
certifi==2021.5.30
Chameleon==3.9.1
charset-normalizer==3.4.1
coverage==7.3.2
Django==4.2
docutils==0.21.2
dulwich==0.20.23
Genshi==0.7.7
html5lib==1.1
idna==3.10
imagesize==1.4.1
Jinja2==3.1.6
legacy-cgi==2.6
Mako==1.1.4
MarkupSafe==2.0.1
mpmath==1.2.1
networkx==3.4.2
packaging==24.2
psutil==7.0.0
pyaes==1.6.1
Pygments==2.19.1
pyperf==2.9.0
pyperformance @ file:///home/qianhuiwang/cpython/site-packages/pyperformance/dist/pyperformance-1.11.0-py3-none-any.whl#sha256=5e7db3719781f5aaaa31704d7bc2566ec18ade1aa74b998aae4e93a9ebbaa849
pyproject_hooks==1.2.0
python-docs-theme==2024.6
pytz==2021.1
requests==2.32.3
setuptools==78.1.0
six==1.16.0
snowballstemmer==2.2.0
Sphinx==7.3.7
sphinxcontrib-applehelp==2.0.0
sphinxcontrib-devhelp==2.0.0
sphinxcontrib-htmlhelp==2.1.0
sphinxcontrib-jsmath==1.0.1
sphinxcontrib-qthelp==2.0.0
sphinxcontrib-serializinghtml==2.0.0
sqlglot==4.6.0
sqlparse==0.4.1
sympy==1.13.0
urllib3==1.26.5
webencodings==0.5.1

==================================================
(10/83) creating venv for benchmark (async_tree_eager_io)

(trying common venv first)
Installing requirements into the virtual environment /home/qianhuiwang/cpython/build-purecap
# /home/qianhuiwang/cpython/build-purecap/python -m pip install pyperf==2.9.0
Requirement already satisfied: pyperf==2.9.0 in ./lib/python3.12/site-packages (2.9.0)
Requirement already satisfied: psutil>=5.9.0 in ./lib/python3.12/site-packages (from pyperf==2.9.0) (7.0.0)

[notice] A new release of pip is available: 25.0.1 -> 25.1.1
[notice] To update, run: /home/qianhuiwang/cpython/build-purecap/python -m pip install --upgrade pip
Installing requirements into the virtual environment /home/qianhuiwang/cpython/build-purecap
# /home/qianhuiwang/cpython/build-purecap/python -m pip install psutil
Requirement already satisfied: psutil in ./lib/python3.12/site-packages (7.0.0)

[notice] A new release of pip is available: 25.0.1 -> 25.1.1
[notice] To update, run: /home/qianhuiwang/cpython/build-purecap/python -m pip install --upgrade pip
# /home/qianhuiwang/cpython/build-purecap/python -m pip freeze
alabaster==0.7.16
asgiref==3.6.0
babel==2.17.0
build==1.2.2.post1
certifi==2021.5.30
Chameleon==3.9.1
charset-normalizer==3.4.1
coverage==7.3.2
Django==4.2
docutils==0.21.2
dulwich==0.20.23
Genshi==0.7.7
html5lib==1.1
idna==3.10
imagesize==1.4.1
Jinja2==3.1.6
legacy-cgi==2.6
Mako==1.1.4
MarkupSafe==2.0.1
mpmath==1.2.1
networkx==3.4.2
packaging==24.2
psutil==7.0.0
pyaes==1.6.1
Pygments==2.19.1
pyperf==2.9.0
pyperformance @ file:///home/qianhuiwang/cpython/site-packages/pyperformance/dist/pyperformance-1.11.0-py3-none-any.whl#sha256=5e7db3719781f5aaaa31704d7bc2566ec18ade1aa74b998aae4e93a9ebbaa849
pyproject_hooks==1.2.0
python-docs-theme==2024.6
pytz==2021.1
requests==2.32.3
setuptools==78.1.0
six==1.16.0
snowballstemmer==2.2.0
Sphinx==7.3.7
sphinxcontrib-applehelp==2.0.0
sphinxcontrib-devhelp==2.0.0
sphinxcontrib-htmlhelp==2.1.0
sphinxcontrib-jsmath==1.0.1
sphinxcontrib-qthelp==2.0.0
sphinxcontrib-serializinghtml==2.0.0
sqlglot==4.6.0
sqlparse==0.4.1
sympy==1.13.0
urllib3==1.26.5
webencodings==0.5.1
# /home/qianhuiwang/cpython/build-purecap/python -m pip freeze
alabaster==0.7.16
asgiref==3.6.0
babel==2.17.0
build==1.2.2.post1
certifi==2021.5.30
Chameleon==3.9.1
charset-normalizer==3.4.1
coverage==7.3.2
Django==4.2
docutils==0.21.2
dulwich==0.20.23
Genshi==0.7.7
html5lib==1.1
idna==3.10
imagesize==1.4.1
Jinja2==3.1.6
legacy-cgi==2.6
Mako==1.1.4
MarkupSafe==2.0.1
mpmath==1.2.1
networkx==3.4.2
packaging==24.2
psutil==7.0.0
pyaes==1.6.1
Pygments==2.19.1
pyperf==2.9.0
pyperformance @ file:///home/qianhuiwang/cpython/site-packages/pyperformance/dist/pyperformance-1.11.0-py3-none-any.whl#sha256=5e7db3719781f5aaaa31704d7bc2566ec18ade1aa74b998aae4e93a9ebbaa849
pyproject_hooks==1.2.0
python-docs-theme==2024.6
pytz==2021.1
requests==2.32.3
setuptools==78.1.0
six==1.16.0
snowballstemmer==2.2.0
Sphinx==7.3.7
sphinxcontrib-applehelp==2.0.0
sphinxcontrib-devhelp==2.0.0
sphinxcontrib-htmlhelp==2.1.0
sphinxcontrib-jsmath==1.0.1
sphinxcontrib-qthelp==2.0.0
sphinxcontrib-serializinghtml==2.0.0
sqlglot==4.6.0
sqlparse==0.4.1
sympy==1.13.0
urllib3==1.26.5
webencodings==0.5.1

==================================================
(11/83) creating venv for benchmark (async_tree_eager_io_tg)

(trying common venv first)
Installing requirements into the virtual environment /home/qianhuiwang/cpython/build-purecap
# /home/qianhuiwang/cpython/build-purecap/python -m pip install pyperf==2.9.0
Requirement already satisfied: pyperf==2.9.0 in ./lib/python3.12/site-packages (2.9.0)
Requirement already satisfied: psutil>=5.9.0 in ./lib/python3.12/site-packages (from pyperf==2.9.0) (7.0.0)

[notice] A new release of pip is available: 25.0.1 -> 25.1.1
[notice] To update, run: /home/qianhuiwang/cpython/build-purecap/python -m pip install --upgrade pip
Installing requirements into the virtual environment /home/qianhuiwang/cpython/build-purecap
# /home/qianhuiwang/cpython/build-purecap/python -m pip install psutil
Requirement already satisfied: psutil in ./lib/python3.12/site-packages (7.0.0)

[notice] A new release of pip is available: 25.0.1 -> 25.1.1
[notice] To update, run: /home/qianhuiwang/cpython/build-purecap/python -m pip install --upgrade pip
# /home/qianhuiwang/cpython/build-purecap/python -m pip freeze
alabaster==0.7.16
asgiref==3.6.0
babel==2.17.0
build==1.2.2.post1
certifi==2021.5.30
Chameleon==3.9.1
charset-normalizer==3.4.1
coverage==7.3.2
Django==4.2
docutils==0.21.2
dulwich==0.20.23
Genshi==0.7.7
html5lib==1.1
idna==3.10
imagesize==1.4.1
Jinja2==3.1.6
legacy-cgi==2.6
Mako==1.1.4
MarkupSafe==2.0.1
mpmath==1.2.1
networkx==3.4.2
packaging==24.2
psutil==7.0.0
pyaes==1.6.1
Pygments==2.19.1
pyperf==2.9.0
pyperformance @ file:///home/qianhuiwang/cpython/site-packages/pyperformance/dist/pyperformance-1.11.0-py3-none-any.whl#sha256=5e7db3719781f5aaaa31704d7bc2566ec18ade1aa74b998aae4e93a9ebbaa849
pyproject_hooks==1.2.0
python-docs-theme==2024.6
pytz==2021.1
requests==2.32.3
setuptools==78.1.0
six==1.16.0
snowballstemmer==2.2.0
Sphinx==7.3.7
sphinxcontrib-applehelp==2.0.0
sphinxcontrib-devhelp==2.0.0
sphinxcontrib-htmlhelp==2.1.0
sphinxcontrib-jsmath==1.0.1
sphinxcontrib-qthelp==2.0.0
sphinxcontrib-serializinghtml==2.0.0
sqlglot==4.6.0
sqlparse==0.4.1
sympy==1.13.0
urllib3==1.26.5
webencodings==0.5.1
# /home/qianhuiwang/cpython/build-purecap/python -m pip freeze
alabaster==0.7.16
asgiref==3.6.0
babel==2.17.0
build==1.2.2.post1
certifi==2021.5.30
Chameleon==3.9.1
charset-normalizer==3.4.1
coverage==7.3.2
Django==4.2
docutils==0.21.2
dulwich==0.20.23
Genshi==0.7.7
html5lib==1.1
idna==3.10
imagesize==1.4.1
Jinja2==3.1.6
legacy-cgi==2.6
Mako==1.1.4
MarkupSafe==2.0.1
mpmath==1.2.1
networkx==3.4.2
packaging==24.2
psutil==7.0.0
pyaes==1.6.1
Pygments==2.19.1
pyperf==2.9.0
pyperformance @ file:///home/qianhuiwang/cpython/site-packages/pyperformance/dist/pyperformance-1.11.0-py3-none-any.whl#sha256=5e7db3719781f5aaaa31704d7bc2566ec18ade1aa74b998aae4e93a9ebbaa849
pyproject_hooks==1.2.0
python-docs-theme==2024.6
pytz==2021.1
requests==2.32.3
setuptools==78.1.0
six==1.16.0
snowballstemmer==2.2.0
Sphinx==7.3.7
sphinxcontrib-applehelp==2.0.0
sphinxcontrib-devhelp==2.0.0
sphinxcontrib-htmlhelp==2.1.0
sphinxcontrib-jsmath==1.0.1
sphinxcontrib-qthelp==2.0.0
sphinxcontrib-serializinghtml==2.0.0
sqlglot==4.6.0
sqlparse==0.4.1
sympy==1.13.0
urllib3==1.26.5
webencodings==0.5.1

==================================================
(12/83) creating venv for benchmark (async_tree_eager_memoization)

(trying common venv first)
Installing requirements into the virtual environment /home/qianhuiwang/cpython/build-purecap
# /home/qianhuiwang/cpython/build-purecap/python -m pip install pyperf==2.9.0
Requirement already satisfied: pyperf==2.9.0 in ./lib/python3.12/site-packages (2.9.0)
Requirement already satisfied: psutil>=5.9.0 in ./lib/python3.12/site-packages (from pyperf==2.9.0) (7.0.0)

[notice] A new release of pip is available: 25.0.1 -> 25.1.1
[notice] To update, run: /home/qianhuiwang/cpython/build-purecap/python -m pip install --upgrade pip
Installing requirements into the virtual environment /home/qianhuiwang/cpython/build-purecap
# /home/qianhuiwang/cpython/build-purecap/python -m pip install psutil
Requirement already satisfied: psutil in ./lib/python3.12/site-packages (7.0.0)

[notice] A new release of pip is available: 25.0.1 -> 25.1.1
[notice] To update, run: /home/qianhuiwang/cpython/build-purecap/python -m pip install --upgrade pip
# /home/qianhuiwang/cpython/build-purecap/python -m pip freeze
alabaster==0.7.16
asgiref==3.6.0
babel==2.17.0
build==1.2.2.post1
certifi==2021.5.30
Chameleon==3.9.1
charset-normalizer==3.4.1
coverage==7.3.2
Django==4.2
docutils==0.21.2
dulwich==0.20.23
Genshi==0.7.7
html5lib==1.1
idna==3.10
imagesize==1.4.1
Jinja2==3.1.6
legacy-cgi==2.6
Mako==1.1.4
MarkupSafe==2.0.1
mpmath==1.2.1
networkx==3.4.2
packaging==24.2
psutil==7.0.0
pyaes==1.6.1
Pygments==2.19.1
pyperf==2.9.0
pyperformance @ file:///home/qianhuiwang/cpython/site-packages/pyperformance/dist/pyperformance-1.11.0-py3-none-any.whl#sha256=5e7db3719781f5aaaa31704d7bc2566ec18ade1aa74b998aae4e93a9ebbaa849
pyproject_hooks==1.2.0
python-docs-theme==2024.6
pytz==2021.1
requests==2.32.3
setuptools==78.1.0
six==1.16.0
snowballstemmer==2.2.0
Sphinx==7.3.7
sphinxcontrib-applehelp==2.0.0
sphinxcontrib-devhelp==2.0.0
sphinxcontrib-htmlhelp==2.1.0
sphinxcontrib-jsmath==1.0.1
sphinxcontrib-qthelp==2.0.0
sphinxcontrib-serializinghtml==2.0.0
sqlglot==4.6.0
sqlparse==0.4.1
sympy==1.13.0
urllib3==1.26.5
webencodings==0.5.1
# /home/qianhuiwang/cpython/build-purecap/python -m pip freeze
alabaster==0.7.16
asgiref==3.6.0
babel==2.17.0
build==1.2.2.post1
certifi==2021.5.30
Chameleon==3.9.1
charset-normalizer==3.4.1
coverage==7.3.2
Django==4.2
docutils==0.21.2
dulwich==0.20.23
Genshi==0.7.7
html5lib==1.1
idna==3.10
imagesize==1.4.1
Jinja2==3.1.6
legacy-cgi==2.6
Mako==1.1.4
MarkupSafe==2.0.1
mpmath==1.2.1
networkx==3.4.2
packaging==24.2
psutil==7.0.0
pyaes==1.6.1
Pygments==2.19.1
pyperf==2.9.0
pyperformance @ file:///home/qianhuiwang/cpython/site-packages/pyperformance/dist/pyperformance-1.11.0-py3-none-any.whl#sha256=5e7db3719781f5aaaa31704d7bc2566ec18ade1aa74b998aae4e93a9ebbaa849
pyproject_hooks==1.2.0
python-docs-theme==2024.6
pytz==2021.1
requests==2.32.3
setuptools==78.1.0
six==1.16.0
snowballstemmer==2.2.0
Sphinx==7.3.7
sphinxcontrib-applehelp==2.0.0
sphinxcontrib-devhelp==2.0.0
sphinxcontrib-htmlhelp==2.1.0
sphinxcontrib-jsmath==1.0.1
sphinxcontrib-qthelp==2.0.0
sphinxcontrib-serializinghtml==2.0.0
sqlglot==4.6.0
sqlparse==0.4.1
sympy==1.13.0
urllib3==1.26.5
webencodings==0.5.1

==================================================
(13/83) creating venv for benchmark (async_tree_eager_memoization_tg)

(trying common venv first)
Installing requirements into the virtual environment /home/qianhuiwang/cpython/build-purecap
# /home/qianhuiwang/cpython/build-purecap/python -m pip install pyperf==2.9.0
Requirement already satisfied: pyperf==2.9.0 in ./lib/python3.12/site-packages (2.9.0)
Requirement already satisfied: psutil>=5.9.0 in ./lib/python3.12/site-packages (from pyperf==2.9.0) (7.0.0)

[notice] A new release of pip is available: 25.0.1 -> 25.1.1
[notice] To update, run: /home/qianhuiwang/cpython/build-purecap/python -m pip install --upgrade pip
Installing requirements into the virtual environment /home/qianhuiwang/cpython/build-purecap
# /home/qianhuiwang/cpython/build-purecap/python -m pip install psutil
Requirement already satisfied: psutil in ./lib/python3.12/site-packages (7.0.0)

[notice] A new release of pip is available: 25.0.1 -> 25.1.1
[notice] To update, run: /home/qianhuiwang/cpython/build-purecap/python -m pip install --upgrade pip
# /home/qianhuiwang/cpython/build-purecap/python -m pip freeze
alabaster==0.7.16
asgiref==3.6.0
babel==2.17.0
build==1.2.2.post1
certifi==2021.5.30
Chameleon==3.9.1
charset-normalizer==3.4.1
coverage==7.3.2
Django==4.2
docutils==0.21.2
dulwich==0.20.23
Genshi==0.7.7
html5lib==1.1
idna==3.10
imagesize==1.4.1
Jinja2==3.1.6
legacy-cgi==2.6
Mako==1.1.4
MarkupSafe==2.0.1
mpmath==1.2.1
networkx==3.4.2
packaging==24.2
psutil==7.0.0
pyaes==1.6.1
Pygments==2.19.1
pyperf==2.9.0
pyperformance @ file:///home/qianhuiwang/cpython/site-packages/pyperformance/dist/pyperformance-1.11.0-py3-none-any.whl#sha256=5e7db3719781f5aaaa31704d7bc2566ec18ade1aa74b998aae4e93a9ebbaa849
pyproject_hooks==1.2.0
python-docs-theme==2024.6
pytz==2021.1
requests==2.32.3
setuptools==78.1.0
six==1.16.0
snowballstemmer==2.2.0
Sphinx==7.3.7
sphinxcontrib-applehelp==2.0.0
sphinxcontrib-devhelp==2.0.0
sphinxcontrib-htmlhelp==2.1.0
sphinxcontrib-jsmath==1.0.1
sphinxcontrib-qthelp==2.0.0
sphinxcontrib-serializinghtml==2.0.0
sqlglot==4.6.0
sqlparse==0.4.1
sympy==1.13.0
urllib3==1.26.5
webencodings==0.5.1
# /home/qianhuiwang/cpython/build-purecap/python -m pip freeze
alabaster==0.7.16
asgiref==3.6.0
babel==2.17.0
build==1.2.2.post1
certifi==2021.5.30
Chameleon==3.9.1
charset-normalizer==3.4.1
coverage==7.3.2
Django==4.2
docutils==0.21.2
dulwich==0.20.23
Genshi==0.7.7
html5lib==1.1
idna==3.10
imagesize==1.4.1
Jinja2==3.1.6
legacy-cgi==2.6
Mako==1.1.4
MarkupSafe==2.0.1
mpmath==1.2.1
networkx==3.4.2
packaging==24.2
psutil==7.0.0
pyaes==1.6.1
Pygments==2.19.1
pyperf==2.9.0
pyperformance @ file:///home/qianhuiwang/cpython/site-packages/pyperformance/dist/pyperformance-1.11.0-py3-none-any.whl#sha256=5e7db3719781f5aaaa31704d7bc2566ec18ade1aa74b998aae4e93a9ebbaa849
pyproject_hooks==1.2.0
python-docs-theme==2024.6
pytz==2021.1
requests==2.32.3
setuptools==78.1.0
six==1.16.0
snowballstemmer==2.2.0
Sphinx==7.3.7
sphinxcontrib-applehelp==2.0.0
sphinxcontrib-devhelp==2.0.0
sphinxcontrib-htmlhelp==2.1.0
sphinxcontrib-jsmath==1.0.1
sphinxcontrib-qthelp==2.0.0
sphinxcontrib-serializinghtml==2.0.0
sqlglot==4.6.0
sqlparse==0.4.1
sympy==1.13.0
urllib3==1.26.5
webencodings==0.5.1

==================================================
(14/83) creating venv for benchmark (async_tree_eager_tg)

(trying common venv first)
Installing requirements into the virtual environment /home/qianhuiwang/cpython/build-purecap
# /home/qianhuiwang/cpython/build-purecap/python -m pip install pyperf==2.9.0
Requirement already satisfied: pyperf==2.9.0 in ./lib/python3.12/site-packages (2.9.0)
Requirement already satisfied: psutil>=5.9.0 in ./lib/python3.12/site-packages (from pyperf==2.9.0) (7.0.0)

[notice] A new release of pip is available: 25.0.1 -> 25.1.1
[notice] To update, run: /home/qianhuiwang/cpython/build-purecap/python -m pip install --upgrade pip
Installing requirements into the virtual environment /home/qianhuiwang/cpython/build-purecap
# /home/qianhuiwang/cpython/build-purecap/python -m pip install psutil
Requirement already satisfied: psutil in ./lib/python3.12/site-packages (7.0.0)

[notice] A new release of pip is available: 25.0.1 -> 25.1.1
[notice] To update, run: /home/qianhuiwang/cpython/build-purecap/python -m pip install --upgrade pip
# /home/qianhuiwang/cpython/build-purecap/python -m pip freeze
alabaster==0.7.16
asgiref==3.6.0
babel==2.17.0
build==1.2.2.post1
certifi==2021.5.30
Chameleon==3.9.1
charset-normalizer==3.4.1
coverage==7.3.2
Django==4.2
docutils==0.21.2
dulwich==0.20.23
Genshi==0.7.7
html5lib==1.1
idna==3.10
imagesize==1.4.1
Jinja2==3.1.6
legacy-cgi==2.6
Mako==1.1.4
MarkupSafe==2.0.1
mpmath==1.2.1
networkx==3.4.2
packaging==24.2
psutil==7.0.0
pyaes==1.6.1
Pygments==2.19.1
pyperf==2.9.0
pyperformance @ file:///home/qianhuiwang/cpython/site-packages/pyperformance/dist/pyperformance-1.11.0-py3-none-any.whl#sha256=5e7db3719781f5aaaa31704d7bc2566ec18ade1aa74b998aae4e93a9ebbaa849
pyproject_hooks==1.2.0
python-docs-theme==2024.6
pytz==2021.1
requests==2.32.3
setuptools==78.1.0
six==1.16.0
snowballstemmer==2.2.0
Sphinx==7.3.7
sphinxcontrib-applehelp==2.0.0
sphinxcontrib-devhelp==2.0.0
sphinxcontrib-htmlhelp==2.1.0
sphinxcontrib-jsmath==1.0.1
sphinxcontrib-qthelp==2.0.0
sphinxcontrib-serializinghtml==2.0.0
sqlglot==4.6.0
sqlparse==0.4.1
sympy==1.13.0
urllib3==1.26.5
webencodings==0.5.1
# /home/qianhuiwang/cpython/build-purecap/python -m pip freeze
alabaster==0.7.16
asgiref==3.6.0
babel==2.17.0
build==1.2.2.post1
certifi==2021.5.30
Chameleon==3.9.1
charset-normalizer==3.4.1
coverage==7.3.2
Django==4.2
docutils==0.21.2
dulwich==0.20.23
Genshi==0.7.7
html5lib==1.1
idna==3.10
imagesize==1.4.1
Jinja2==3.1.6
legacy-cgi==2.6
Mako==1.1.4
MarkupSafe==2.0.1
mpmath==1.2.1
networkx==3.4.2
packaging==24.2
psutil==7.0.0
pyaes==1.6.1
Pygments==2.19.1
pyperf==2.9.0
pyperformance @ file:///home/qianhuiwang/cpython/site-packages/pyperformance/dist/pyperformance-1.11.0-py3-none-any.whl#sha256=5e7db3719781f5aaaa31704d7bc2566ec18ade1aa74b998aae4e93a9ebbaa849
pyproject_hooks==1.2.0
python-docs-theme==2024.6
pytz==2021.1
requests==2.32.3
setuptools==78.1.0
six==1.16.0
snowballstemmer==2.2.0
Sphinx==7.3.7
sphinxcontrib-applehelp==2.0.0
sphinxcontrib-devhelp==2.0.0
sphinxcontrib-htmlhelp==2.1.0
sphinxcontrib-jsmath==1.0.1
sphinxcontrib-qthelp==2.0.0
sphinxcontrib-serializinghtml==2.0.0
sqlglot==4.6.0
sqlparse==0.4.1
sympy==1.13.0
urllib3==1.26.5
webencodings==0.5.1

==================================================
(15/83) creating venv for benchmark (async_tree_io)

(trying common venv first)
Installing requirements into the virtual environment /home/qianhuiwang/cpython/build-purecap
# /home/qianhuiwang/cpython/build-purecap/python -m pip install pyperf==2.9.0
Requirement already satisfied: pyperf==2.9.0 in ./lib/python3.12/site-packages (2.9.0)
Requirement already satisfied: psutil>=5.9.0 in ./lib/python3.12/site-packages (from pyperf==2.9.0) (7.0.0)

[notice] A new release of pip is available: 25.0.1 -> 25.1.1
[notice] To update, run: /home/qianhuiwang/cpython/build-purecap/python -m pip install --upgrade pip
Installing requirements into the virtual environment /home/qianhuiwang/cpython/build-purecap
# /home/qianhuiwang/cpython/build-purecap/python -m pip install psutil
Requirement already satisfied: psutil in ./lib/python3.12/site-packages (7.0.0)

[notice] A new release of pip is available: 25.0.1 -> 25.1.1
[notice] To update, run: /home/qianhuiwang/cpython/build-purecap/python -m pip install --upgrade pip
# /home/qianhuiwang/cpython/build-purecap/python -m pip freeze
alabaster==0.7.16
asgiref==3.6.0
babel==2.17.0
build==1.2.2.post1
certifi==2021.5.30
Chameleon==3.9.1
charset-normalizer==3.4.1
coverage==7.3.2
Django==4.2
docutils==0.21.2
dulwich==0.20.23
Genshi==0.7.7
html5lib==1.1
idna==3.10
imagesize==1.4.1
Jinja2==3.1.6
legacy-cgi==2.6
Mako==1.1.4
MarkupSafe==2.0.1
mpmath==1.2.1
networkx==3.4.2
packaging==24.2
psutil==7.0.0
pyaes==1.6.1
Pygments==2.19.1
pyperf==2.9.0
pyperformance @ file:///home/qianhuiwang/cpython/site-packages/pyperformance/dist/pyperformance-1.11.0-py3-none-any.whl#sha256=5e7db3719781f5aaaa31704d7bc2566ec18ade1aa74b998aae4e93a9ebbaa849
pyproject_hooks==1.2.0
python-docs-theme==2024.6
pytz==2021.1
requests==2.32.3
setuptools==78.1.0
six==1.16.0
snowballstemmer==2.2.0
Sphinx==7.3.7
sphinxcontrib-applehelp==2.0.0
sphinxcontrib-devhelp==2.0.0
sphinxcontrib-htmlhelp==2.1.0
sphinxcontrib-jsmath==1.0.1
sphinxcontrib-qthelp==2.0.0
sphinxcontrib-serializinghtml==2.0.0
sqlglot==4.6.0
sqlparse==0.4.1
sympy==1.13.0
urllib3==1.26.5
webencodings==0.5.1
# /home/qianhuiwang/cpython/build-purecap/python -m pip freeze
alabaster==0.7.16
asgiref==3.6.0
babel==2.17.0
build==1.2.2.post1
certifi==2021.5.30
Chameleon==3.9.1
charset-normalizer==3.4.1
coverage==7.3.2
Django==4.2
docutils==0.21.2
dulwich==0.20.23
Genshi==0.7.7
html5lib==1.1
idna==3.10
imagesize==1.4.1
Jinja2==3.1.6
legacy-cgi==2.6
Mako==1.1.4
MarkupSafe==2.0.1
mpmath==1.2.1
networkx==3.4.2
packaging==24.2
psutil==7.0.0
pyaes==1.6.1
Pygments==2.19.1
pyperf==2.9.0
pyperformance @ file:///home/qianhuiwang/cpython/site-packages/pyperformance/dist/pyperformance-1.11.0-py3-none-any.whl#sha256=5e7db3719781f5aaaa31704d7bc2566ec18ade1aa74b998aae4e93a9ebbaa849
pyproject_hooks==1.2.0
python-docs-theme==2024.6
pytz==2021.1
requests==2.32.3
setuptools==78.1.0
six==1.16.0
snowballstemmer==2.2.0
Sphinx==7.3.7
sphinxcontrib-applehelp==2.0.0
sphinxcontrib-devhelp==2.0.0
sphinxcontrib-htmlhelp==2.1.0
sphinxcontrib-jsmath==1.0.1
sphinxcontrib-qthelp==2.0.0
sphinxcontrib-serializinghtml==2.0.0
sqlglot==4.6.0
sqlparse==0.4.1
sympy==1.13.0
urllib3==1.26.5
webencodings==0.5.1

==================================================
(16/83) creating venv for benchmark (async_tree_io_tg)

(trying common venv first)
Installing requirements into the virtual environment /home/qianhuiwang/cpython/build-purecap
# /home/qianhuiwang/cpython/build-purecap/python -m pip install pyperf==2.9.0
Requirement already satisfied: pyperf==2.9.0 in ./lib/python3.12/site-packages (2.9.0)
Requirement already satisfied: psutil>=5.9.0 in ./lib/python3.12/site-packages (from pyperf==2.9.0) (7.0.0)

[notice] A new release of pip is available: 25.0.1 -> 25.1.1
[notice] To update, run: /home/qianhuiwang/cpython/build-purecap/python -m pip install --upgrade pip
Installing requirements into the virtual environment /home/qianhuiwang/cpython/build-purecap
# /home/qianhuiwang/cpython/build-purecap/python -m pip install psutil
Requirement already satisfied: psutil in ./lib/python3.12/site-packages (7.0.0)

[notice] A new release of pip is available: 25.0.1 -> 25.1.1
[notice] To update, run: /home/qianhuiwang/cpython/build-purecap/python -m pip install --upgrade pip
# /home/qianhuiwang/cpython/build-purecap/python -m pip freeze
alabaster==0.7.16
asgiref==3.6.0
babel==2.17.0
build==1.2.2.post1
certifi==2021.5.30
Chameleon==3.9.1
charset-normalizer==3.4.1
coverage==7.3.2
Django==4.2
docutils==0.21.2
dulwich==0.20.23
Genshi==0.7.7
html5lib==1.1
idna==3.10
imagesize==1.4.1
Jinja2==3.1.6
legacy-cgi==2.6
Mako==1.1.4
MarkupSafe==2.0.1
mpmath==1.2.1
networkx==3.4.2
packaging==24.2
psutil==7.0.0
pyaes==1.6.1
Pygments==2.19.1
pyperf==2.9.0
pyperformance @ file:///home/qianhuiwang/cpython/site-packages/pyperformance/dist/pyperformance-1.11.0-py3-none-any.whl#sha256=5e7db3719781f5aaaa31704d7bc2566ec18ade1aa74b998aae4e93a9ebbaa849
pyproject_hooks==1.2.0
python-docs-theme==2024.6
pytz==2021.1
requests==2.32.3
setuptools==78.1.0
six==1.16.0
snowballstemmer==2.2.0
Sphinx==7.3.7
sphinxcontrib-applehelp==2.0.0
sphinxcontrib-devhelp==2.0.0
sphinxcontrib-htmlhelp==2.1.0
sphinxcontrib-jsmath==1.0.1
sphinxcontrib-qthelp==2.0.0
sphinxcontrib-serializinghtml==2.0.0
sqlglot==4.6.0
sqlparse==0.4.1
sympy==1.13.0
urllib3==1.26.5
webencodings==0.5.1
# /home/qianhuiwang/cpython/build-purecap/python -m pip freeze
alabaster==0.7.16
asgiref==3.6.0
babel==2.17.0
build==1.2.2.post1
certifi==2021.5.30
Chameleon==3.9.1
charset-normalizer==3.4.1
coverage==7.3.2
Django==4.2
docutils==0.21.2
dulwich==0.20.23
Genshi==0.7.7
html5lib==1.1
idna==3.10
imagesize==1.4.1
Jinja2==3.1.6
legacy-cgi==2.6
Mako==1.1.4
MarkupSafe==2.0.1
mpmath==1.2.1
networkx==3.4.2
packaging==24.2
psutil==7.0.0
pyaes==1.6.1
Pygments==2.19.1
pyperf==2.9.0
pyperformance @ file:///home/qianhuiwang/cpython/site-packages/pyperformance/dist/pyperformance-1.11.0-py3-none-any.whl#sha256=5e7db3719781f5aaaa31704d7bc2566ec18ade1aa74b998aae4e93a9ebbaa849
pyproject_hooks==1.2.0
python-docs-theme==2024.6
pytz==2021.1
requests==2.32.3
setuptools==78.1.0
six==1.16.0
snowballstemmer==2.2.0
Sphinx==7.3.7
sphinxcontrib-applehelp==2.0.0
sphinxcontrib-devhelp==2.0.0
sphinxcontrib-htmlhelp==2.1.0
sphinxcontrib-jsmath==1.0.1
sphinxcontrib-qthelp==2.0.0
sphinxcontrib-serializinghtml==2.0.0
sqlglot==4.6.0
sqlparse==0.4.1
sympy==1.13.0
urllib3==1.26.5
webencodings==0.5.1

==================================================
(17/83) creating venv for benchmark (async_tree_memoization)

(trying common venv first)
Installing requirements into the virtual environment /home/qianhuiwang/cpython/build-purecap
# /home/qianhuiwang/cpython/build-purecap/python -m pip install pyperf==2.9.0
Requirement already satisfied: pyperf==2.9.0 in ./lib/python3.12/site-packages (2.9.0)
Requirement already satisfied: psutil>=5.9.0 in ./lib/python3.12/site-packages (from pyperf==2.9.0) (7.0.0)

[notice] A new release of pip is available: 25.0.1 -> 25.1.1
[notice] To update, run: /home/qianhuiwang/cpython/build-purecap/python -m pip install --upgrade pip
Installing requirements into the virtual environment /home/qianhuiwang/cpython/build-purecap
# /home/qianhuiwang/cpython/build-purecap/python -m pip install psutil
Requirement already satisfied: psutil in ./lib/python3.12/site-packages (7.0.0)

[notice] A new release of pip is available: 25.0.1 -> 25.1.1
[notice] To update, run: /home/qianhuiwang/cpython/build-purecap/python -m pip install --upgrade pip
# /home/qianhuiwang/cpython/build-purecap/python -m pip freeze
alabaster==0.7.16
asgiref==3.6.0
babel==2.17.0
build==1.2.2.post1
certifi==2021.5.30
Chameleon==3.9.1
charset-normalizer==3.4.1
coverage==7.3.2
Django==4.2
docutils==0.21.2
dulwich==0.20.23
Genshi==0.7.7
html5lib==1.1
idna==3.10
imagesize==1.4.1
Jinja2==3.1.6
legacy-cgi==2.6
Mako==1.1.4
MarkupSafe==2.0.1
mpmath==1.2.1
networkx==3.4.2
packaging==24.2
psutil==7.0.0
pyaes==1.6.1
Pygments==2.19.1
pyperf==2.9.0
pyperformance @ file:///home/qianhuiwang/cpython/site-packages/pyperformance/dist/pyperformance-1.11.0-py3-none-any.whl#sha256=5e7db3719781f5aaaa31704d7bc2566ec18ade1aa74b998aae4e93a9ebbaa849
pyproject_hooks==1.2.0
python-docs-theme==2024.6
pytz==2021.1
requests==2.32.3
setuptools==78.1.0
six==1.16.0
snowballstemmer==2.2.0
Sphinx==7.3.7
sphinxcontrib-applehelp==2.0.0
sphinxcontrib-devhelp==2.0.0
sphinxcontrib-htmlhelp==2.1.0
sphinxcontrib-jsmath==1.0.1
sphinxcontrib-qthelp==2.0.0
sphinxcontrib-serializinghtml==2.0.0
sqlglot==4.6.0
sqlparse==0.4.1
sympy==1.13.0
urllib3==1.26.5
webencodings==0.5.1
# /home/qianhuiwang/cpython/build-purecap/python -m pip freeze
alabaster==0.7.16
asgiref==3.6.0
babel==2.17.0
build==1.2.2.post1
certifi==2021.5.30
Chameleon==3.9.1
charset-normalizer==3.4.1
coverage==7.3.2
Django==4.2
docutils==0.21.2
dulwich==0.20.23
Genshi==0.7.7
html5lib==1.1
idna==3.10
imagesize==1.4.1
Jinja2==3.1.6
legacy-cgi==2.6
Mako==1.1.4
MarkupSafe==2.0.1
mpmath==1.2.1
networkx==3.4.2
packaging==24.2
psutil==7.0.0
pyaes==1.6.1
Pygments==2.19.1
pyperf==2.9.0
pyperformance @ file:///home/qianhuiwang/cpython/site-packages/pyperformance/dist/pyperformance-1.11.0-py3-none-any.whl#sha256=5e7db3719781f5aaaa31704d7bc2566ec18ade1aa74b998aae4e93a9ebbaa849
pyproject_hooks==1.2.0
python-docs-theme==2024.6
pytz==2021.1
requests==2.32.3
setuptools==78.1.0
six==1.16.0
snowballstemmer==2.2.0
Sphinx==7.3.7
sphinxcontrib-applehelp==2.0.0
sphinxcontrib-devhelp==2.0.0
sphinxcontrib-htmlhelp==2.1.0
sphinxcontrib-jsmath==1.0.1
sphinxcontrib-qthelp==2.0.0
sphinxcontrib-serializinghtml==2.0.0
sqlglot==4.6.0
sqlparse==0.4.1
sympy==1.13.0
urllib3==1.26.5
webencodings==0.5.1

==================================================
(18/83) creating venv for benchmark (async_tree_memoization_tg)

(trying common venv first)
Installing requirements into the virtual environment /home/qianhuiwang/cpython/build-purecap
# /home/qianhuiwang/cpython/build-purecap/python -m pip install pyperf==2.9.0
Requirement already satisfied: pyperf==2.9.0 in ./lib/python3.12/site-packages (2.9.0)
Requirement already satisfied: psutil>=5.9.0 in ./lib/python3.12/site-packages (from pyperf==2.9.0) (7.0.0)

[notice] A new release of pip is available: 25.0.1 -> 25.1.1
[notice] To update, run: /home/qianhuiwang/cpython/build-purecap/python -m pip install --upgrade pip
Installing requirements into the virtual environment /home/qianhuiwang/cpython/build-purecap
# /home/qianhuiwang/cpython/build-purecap/python -m pip install psutil
Requirement already satisfied: psutil in ./lib/python3.12/site-packages (7.0.0)

[notice] A new release of pip is available: 25.0.1 -> 25.1.1
[notice] To update, run: /home/qianhuiwang/cpython/build-purecap/python -m pip install --upgrade pip
# /home/qianhuiwang/cpython/build-purecap/python -m pip freeze
alabaster==0.7.16
asgiref==3.6.0
babel==2.17.0
build==1.2.2.post1
certifi==2021.5.30
Chameleon==3.9.1
charset-normalizer==3.4.1
coverage==7.3.2
Django==4.2
docutils==0.21.2
dulwich==0.20.23
Genshi==0.7.7
html5lib==1.1
idna==3.10
imagesize==1.4.1
Jinja2==3.1.6
legacy-cgi==2.6
Mako==1.1.4
MarkupSafe==2.0.1
mpmath==1.2.1
networkx==3.4.2
packaging==24.2
psutil==7.0.0
pyaes==1.6.1
Pygments==2.19.1
pyperf==2.9.0
pyperformance @ file:///home/qianhuiwang/cpython/site-packages/pyperformance/dist/pyperformance-1.11.0-py3-none-any.whl#sha256=5e7db3719781f5aaaa31704d7bc2566ec18ade1aa74b998aae4e93a9ebbaa849
pyproject_hooks==1.2.0
python-docs-theme==2024.6
pytz==2021.1
requests==2.32.3
setuptools==78.1.0
six==1.16.0
snowballstemmer==2.2.0
Sphinx==7.3.7
sphinxcontrib-applehelp==2.0.0
sphinxcontrib-devhelp==2.0.0
sphinxcontrib-htmlhelp==2.1.0
sphinxcontrib-jsmath==1.0.1
sphinxcontrib-qthelp==2.0.0
sphinxcontrib-serializinghtml==2.0.0
sqlglot==4.6.0
sqlparse==0.4.1
sympy==1.13.0
urllib3==1.26.5
webencodings==0.5.1
# /home/qianhuiwang/cpython/build-purecap/python -m pip freeze
alabaster==0.7.16
asgiref==3.6.0
babel==2.17.0
build==1.2.2.post1
certifi==2021.5.30
Chameleon==3.9.1
charset-normalizer==3.4.1
coverage==7.3.2
Django==4.2
docutils==0.21.2
dulwich==0.20.23
Genshi==0.7.7
html5lib==1.1
idna==3.10
imagesize==1.4.1
Jinja2==3.1.6
legacy-cgi==2.6
Mako==1.1.4
MarkupSafe==2.0.1
mpmath==1.2.1
networkx==3.4.2
packaging==24.2
psutil==7.0.0
pyaes==1.6.1
Pygments==2.19.1
pyperf==2.9.0
pyperformance @ file:///home/qianhuiwang/cpython/site-packages/pyperformance/dist/pyperformance-1.11.0-py3-none-any.whl#sha256=5e7db3719781f5aaaa31704d7bc2566ec18ade1aa74b998aae4e93a9ebbaa849
pyproject_hooks==1.2.0
python-docs-theme==2024.6
pytz==2021.1
requests==2.32.3
setuptools==78.1.0
six==1.16.0
snowballstemmer==2.2.0
Sphinx==7.3.7
sphinxcontrib-applehelp==2.0.0
sphinxcontrib-devhelp==2.0.0
sphinxcontrib-htmlhelp==2.1.0
sphinxcontrib-jsmath==1.0.1
sphinxcontrib-qthelp==2.0.0
sphinxcontrib-serializinghtml==2.0.0
sqlglot==4.6.0
sqlparse==0.4.1
sympy==1.13.0
urllib3==1.26.5
webencodings==0.5.1

==================================================
(19/83) creating venv for benchmark (async_tree_tg)

(trying common venv first)
Installing requirements into the virtual environment /home/qianhuiwang/cpython/build-purecap
# /home/qianhuiwang/cpython/build-purecap/python -m pip install pyperf==2.9.0
Requirement already satisfied: pyperf==2.9.0 in ./lib/python3.12/site-packages (2.9.0)
Requirement already satisfied: psutil>=5.9.0 in ./lib/python3.12/site-packages (from pyperf==2.9.0) (7.0.0)

[notice] A new release of pip is available: 25.0.1 -> 25.1.1
[notice] To update, run: /home/qianhuiwang/cpython/build-purecap/python -m pip install --upgrade pip
Installing requirements into the virtual environment /home/qianhuiwang/cpython/build-purecap
# /home/qianhuiwang/cpython/build-purecap/python -m pip install psutil
Requirement already satisfied: psutil in ./lib/python3.12/site-packages (7.0.0)

[notice] A new release of pip is available: 25.0.1 -> 25.1.1
[notice] To update, run: /home/qianhuiwang/cpython/build-purecap/python -m pip install --upgrade pip
# /home/qianhuiwang/cpython/build-purecap/python -m pip freeze
alabaster==0.7.16
asgiref==3.6.0
babel==2.17.0
build==1.2.2.post1
certifi==2021.5.30
Chameleon==3.9.1
charset-normalizer==3.4.1
coverage==7.3.2
Django==4.2
docutils==0.21.2
dulwich==0.20.23
Genshi==0.7.7
html5lib==1.1
idna==3.10
imagesize==1.4.1
Jinja2==3.1.6
legacy-cgi==2.6
Mako==1.1.4
MarkupSafe==2.0.1
mpmath==1.2.1
networkx==3.4.2
packaging==24.2
psutil==7.0.0
pyaes==1.6.1
Pygments==2.19.1
pyperf==2.9.0
pyperformance @ file:///home/qianhuiwang/cpython/site-packages/pyperformance/dist/pyperformance-1.11.0-py3-none-any.whl#sha256=5e7db3719781f5aaaa31704d7bc2566ec18ade1aa74b998aae4e93a9ebbaa849
pyproject_hooks==1.2.0
python-docs-theme==2024.6
pytz==2021.1
requests==2.32.3
setuptools==78.1.0
six==1.16.0
snowballstemmer==2.2.0
Sphinx==7.3.7
sphinxcontrib-applehelp==2.0.0
sphinxcontrib-devhelp==2.0.0
sphinxcontrib-htmlhelp==2.1.0
sphinxcontrib-jsmath==1.0.1
sphinxcontrib-qthelp==2.0.0
sphinxcontrib-serializinghtml==2.0.0
sqlglot==4.6.0
sqlparse==0.4.1
sympy==1.13.0
urllib3==1.26.5
webencodings==0.5.1
# /home/qianhuiwang/cpython/build-purecap/python -m pip freeze
alabaster==0.7.16
asgiref==3.6.0
babel==2.17.0
build==1.2.2.post1
certifi==2021.5.30
Chameleon==3.9.1
charset-normalizer==3.4.1
coverage==7.3.2
Django==4.2
docutils==0.21.2
dulwich==0.20.23
Genshi==0.7.7
html5lib==1.1
idna==3.10
imagesize==1.4.1
Jinja2==3.1.6
legacy-cgi==2.6
Mako==1.1.4
MarkupSafe==2.0.1
mpmath==1.2.1
networkx==3.4.2
packaging==24.2
psutil==7.0.0
pyaes==1.6.1
Pygments==2.19.1
pyperf==2.9.0
pyperformance @ file:///home/qianhuiwang/cpython/site-packages/pyperformance/dist/pyperformance-1.11.0-py3-none-any.whl#sha256=5e7db3719781f5aaaa31704d7bc2566ec18ade1aa74b998aae4e93a9ebbaa849
pyproject_hooks==1.2.0
python-docs-theme==2024.6
pytz==2021.1
requests==2.32.3
setuptools==78.1.0
six==1.16.0
snowballstemmer==2.2.0
Sphinx==7.3.7
sphinxcontrib-applehelp==2.0.0
sphinxcontrib-devhelp==2.0.0
sphinxcontrib-htmlhelp==2.1.0
sphinxcontrib-jsmath==1.0.1
sphinxcontrib-qthelp==2.0.0
sphinxcontrib-serializinghtml==2.0.0
sqlglot==4.6.0
sqlparse==0.4.1
sympy==1.13.0
urllib3==1.26.5
webencodings==0.5.1

==================================================
(20/83) creating venv for benchmark (bpe_tokeniser)

(trying common venv first)
Installing requirements into the virtual environment /home/qianhuiwang/cpython/build-purecap
# /home/qianhuiwang/cpython/build-purecap/python -m pip install pyperf==2.9.0
Requirement already satisfied: pyperf==2.9.0 in ./lib/python3.12/site-packages (2.9.0)
Requirement already satisfied: psutil>=5.9.0 in ./lib/python3.12/site-packages (from pyperf==2.9.0) (7.0.0)

[notice] A new release of pip is available: 25.0.1 -> 25.1.1
[notice] To update, run: /home/qianhuiwang/cpython/build-purecap/python -m pip install --upgrade pip
Installing requirements into the virtual environment /home/qianhuiwang/cpython/build-purecap
# /home/qianhuiwang/cpython/build-purecap/python -m pip install psutil
Requirement already satisfied: psutil in ./lib/python3.12/site-packages (7.0.0)

[notice] A new release of pip is available: 25.0.1 -> 25.1.1
[notice] To update, run: /home/qianhuiwang/cpython/build-purecap/python -m pip install --upgrade pip
# /home/qianhuiwang/cpython/build-purecap/python -m pip freeze
alabaster==0.7.16
asgiref==3.6.0
babel==2.17.0
build==1.2.2.post1
certifi==2021.5.30
Chameleon==3.9.1
charset-normalizer==3.4.1
coverage==7.3.2
Django==4.2
docutils==0.21.2
dulwich==0.20.23
Genshi==0.7.7
html5lib==1.1
idna==3.10
imagesize==1.4.1
Jinja2==3.1.6
legacy-cgi==2.6
Mako==1.1.4
MarkupSafe==2.0.1
mpmath==1.2.1
networkx==3.4.2
packaging==24.2
psutil==7.0.0
pyaes==1.6.1
Pygments==2.19.1
pyperf==2.9.0
pyperformance @ file:///home/qianhuiwang/cpython/site-packages/pyperformance/dist/pyperformance-1.11.0-py3-none-any.whl#sha256=5e7db3719781f5aaaa31704d7bc2566ec18ade1aa74b998aae4e93a9ebbaa849
pyproject_hooks==1.2.0
python-docs-theme==2024.6
pytz==2021.1
requests==2.32.3
setuptools==78.1.0
six==1.16.0
snowballstemmer==2.2.0
Sphinx==7.3.7
sphinxcontrib-applehelp==2.0.0
sphinxcontrib-devhelp==2.0.0
sphinxcontrib-htmlhelp==2.1.0
sphinxcontrib-jsmath==1.0.1
sphinxcontrib-qthelp==2.0.0
sphinxcontrib-serializinghtml==2.0.0
sqlglot==4.6.0
sqlparse==0.4.1
sympy==1.13.0
urllib3==1.26.5
webencodings==0.5.1
# /home/qianhuiwang/cpython/build-purecap/python -m pip freeze
alabaster==0.7.16
asgiref==3.6.0
babel==2.17.0
build==1.2.2.post1
certifi==2021.5.30
Chameleon==3.9.1
charset-normalizer==3.4.1
coverage==7.3.2
Django==4.2
docutils==0.21.2
dulwich==0.20.23
Genshi==0.7.7
html5lib==1.1
idna==3.10
imagesize==1.4.1
Jinja2==3.1.6
legacy-cgi==2.6
Mako==1.1.4
MarkupSafe==2.0.1
mpmath==1.2.1
networkx==3.4.2
packaging==24.2
psutil==7.0.0
pyaes==1.6.1
Pygments==2.19.1
pyperf==2.9.0
pyperformance @ file:///home/qianhuiwang/cpython/site-packages/pyperformance/dist/pyperformance-1.11.0-py3-none-any.whl#sha256=5e7db3719781f5aaaa31704d7bc2566ec18ade1aa74b998aae4e93a9ebbaa849
pyproject_hooks==1.2.0
python-docs-theme==2024.6
pytz==2021.1
requests==2.32.3
setuptools==78.1.0
six==1.16.0
snowballstemmer==2.2.0
Sphinx==7.3.7
sphinxcontrib-applehelp==2.0.0
sphinxcontrib-devhelp==2.0.0
sphinxcontrib-htmlhelp==2.1.0
sphinxcontrib-jsmath==1.0.1
sphinxcontrib-qthelp==2.0.0
sphinxcontrib-serializinghtml==2.0.0
sqlglot==4.6.0
sqlparse==0.4.1
sympy==1.13.0
urllib3==1.26.5
webencodings==0.5.1

==================================================
(21/83) creating venv for benchmark (chameleon)

(trying common venv first)
Installing requirements into the virtual environment /home/qianhuiwang/cpython/build-purecap
# /home/qianhuiwang/cpython/build-purecap/python -m pip install chameleon==3.9.1 pyperf==2.9.0
Requirement already satisfied: chameleon==3.9.1 in ./lib/python3.12/site-packages (3.9.1)
Requirement already satisfied: pyperf==2.9.0 in ./lib/python3.12/site-packages (2.9.0)
Requirement already satisfied: psutil>=5.9.0 in ./lib/python3.12/site-packages (from pyperf==2.9.0) (7.0.0)

[notice] A new release of pip is available: 25.0.1 -> 25.1.1
[notice] To update, run: /home/qianhuiwang/cpython/build-purecap/python -m pip install --upgrade pip
Installing requirements into the virtual environment /home/qianhuiwang/cpython/build-purecap
# /home/qianhuiwang/cpython/build-purecap/python -m pip install psutil
Requirement already satisfied: psutil in ./lib/python3.12/site-packages (7.0.0)

[notice] A new release of pip is available: 25.0.1 -> 25.1.1
[notice] To update, run: /home/qianhuiwang/cpython/build-purecap/python -m pip install --upgrade pip
# /home/qianhuiwang/cpython/build-purecap/python -m pip freeze
alabaster==0.7.16
asgiref==3.6.0
babel==2.17.0
build==1.2.2.post1
certifi==2021.5.30
Chameleon==3.9.1
charset-normalizer==3.4.1
coverage==7.3.2
Django==4.2
docutils==0.21.2
dulwich==0.20.23
Genshi==0.7.7
html5lib==1.1
idna==3.10
imagesize==1.4.1
Jinja2==3.1.6
legacy-cgi==2.6
Mako==1.1.4
MarkupSafe==2.0.1
mpmath==1.2.1
networkx==3.4.2
packaging==24.2
psutil==7.0.0
pyaes==1.6.1
Pygments==2.19.1
pyperf==2.9.0
pyperformance @ file:///home/qianhuiwang/cpython/site-packages/pyperformance/dist/pyperformance-1.11.0-py3-none-any.whl#sha256=5e7db3719781f5aaaa31704d7bc2566ec18ade1aa74b998aae4e93a9ebbaa849
pyproject_hooks==1.2.0
python-docs-theme==2024.6
pytz==2021.1
requests==2.32.3
setuptools==78.1.0
six==1.16.0
snowballstemmer==2.2.0
Sphinx==7.3.7
sphinxcontrib-applehelp==2.0.0
sphinxcontrib-devhelp==2.0.0
sphinxcontrib-htmlhelp==2.1.0
sphinxcontrib-jsmath==1.0.1
sphinxcontrib-qthelp==2.0.0
sphinxcontrib-serializinghtml==2.0.0
sqlglot==4.6.0
sqlparse==0.4.1
sympy==1.13.0
urllib3==1.26.5
webencodings==0.5.1
# /home/qianhuiwang/cpython/build-purecap/python -m pip freeze
alabaster==0.7.16
asgiref==3.6.0
babel==2.17.0
build==1.2.2.post1
certifi==2021.5.30
Chameleon==3.9.1
charset-normalizer==3.4.1
coverage==7.3.2
Django==4.2
docutils==0.21.2
dulwich==0.20.23
Genshi==0.7.7
html5lib==1.1
idna==3.10
imagesize==1.4.1
Jinja2==3.1.6
legacy-cgi==2.6
Mako==1.1.4
MarkupSafe==2.0.1
mpmath==1.2.1
networkx==3.4.2
packaging==24.2
psutil==7.0.0
pyaes==1.6.1
Pygments==2.19.1
pyperf==2.9.0
pyperformance @ file:///home/qianhuiwang/cpython/site-packages/pyperformance/dist/pyperformance-1.11.0-py3-none-any.whl#sha256=5e7db3719781f5aaaa31704d7bc2566ec18ade1aa74b998aae4e93a9ebbaa849
pyproject_hooks==1.2.0
python-docs-theme==2024.6
pytz==2021.1
requests==2.32.3
setuptools==78.1.0
six==1.16.0
snowballstemmer==2.2.0
Sphinx==7.3.7
sphinxcontrib-applehelp==2.0.0
sphinxcontrib-devhelp==2.0.0
sphinxcontrib-htmlhelp==2.1.0
sphinxcontrib-jsmath==1.0.1
sphinxcontrib-qthelp==2.0.0
sphinxcontrib-serializinghtml==2.0.0
sqlglot==4.6.0
sqlparse==0.4.1
sympy==1.13.0
urllib3==1.26.5
webencodings==0.5.1

==================================================
(22/83) creating venv for benchmark (chaos)

(trying common venv first)
Installing requirements into the virtual environment /home/qianhuiwang/cpython/build-purecap
# /home/qianhuiwang/cpython/build-purecap/python -m pip install pyperf==2.9.0
Requirement already satisfied: pyperf==2.9.0 in ./lib/python3.12/site-packages (2.9.0)
Requirement already satisfied: psutil>=5.9.0 in ./lib/python3.12/site-packages (from pyperf==2.9.0) (7.0.0)

[notice] A new release of pip is available: 25.0.1 -> 25.1.1
[notice] To update, run: /home/qianhuiwang/cpython/build-purecap/python -m pip install --upgrade pip
Installing requirements into the virtual environment /home/qianhuiwang/cpython/build-purecap
# /home/qianhuiwang/cpython/build-purecap/python -m pip install psutil
Requirement already satisfied: psutil in ./lib/python3.12/site-packages (7.0.0)

[notice] A new release of pip is available: 25.0.1 -> 25.1.1
[notice] To update, run: /home/qianhuiwang/cpython/build-purecap/python -m pip install --upgrade pip
# /home/qianhuiwang/cpython/build-purecap/python -m pip freeze
alabaster==0.7.16
asgiref==3.6.0
babel==2.17.0
build==1.2.2.post1
certifi==2021.5.30
Chameleon==3.9.1
charset-normalizer==3.4.1
coverage==7.3.2
Django==4.2
docutils==0.21.2
dulwich==0.20.23
Genshi==0.7.7
html5lib==1.1
idna==3.10
imagesize==1.4.1
Jinja2==3.1.6
legacy-cgi==2.6
Mako==1.1.4
MarkupSafe==2.0.1
mpmath==1.2.1
networkx==3.4.2
packaging==24.2
psutil==7.0.0
pyaes==1.6.1
Pygments==2.19.1
pyperf==2.9.0
pyperformance @ file:///home/qianhuiwang/cpython/site-packages/pyperformance/dist/pyperformance-1.11.0-py3-none-any.whl#sha256=5e7db3719781f5aaaa31704d7bc2566ec18ade1aa74b998aae4e93a9ebbaa849
pyproject_hooks==1.2.0
python-docs-theme==2024.6
pytz==2021.1
requests==2.32.3
setuptools==78.1.0
six==1.16.0
snowballstemmer==2.2.0
Sphinx==7.3.7
sphinxcontrib-applehelp==2.0.0
sphinxcontrib-devhelp==2.0.0
sphinxcontrib-htmlhelp==2.1.0
sphinxcontrib-jsmath==1.0.1
sphinxcontrib-qthelp==2.0.0
sphinxcontrib-serializinghtml==2.0.0
sqlglot==4.6.0
sqlparse==0.4.1
sympy==1.13.0
urllib3==1.26.5
webencodings==0.5.1
# /home/qianhuiwang/cpython/build-purecap/python -m pip freeze
alabaster==0.7.16
asgiref==3.6.0
babel==2.17.0
build==1.2.2.post1
certifi==2021.5.30
Chameleon==3.9.1
charset-normalizer==3.4.1
coverage==7.3.2
Django==4.2
docutils==0.21.2
dulwich==0.20.23
Genshi==0.7.7
html5lib==1.1
idna==3.10
imagesize==1.4.1
Jinja2==3.1.6
legacy-cgi==2.6
Mako==1.1.4
MarkupSafe==2.0.1
mpmath==1.2.1
networkx==3.4.2
packaging==24.2
psutil==7.0.0
pyaes==1.6.1
Pygments==2.19.1
pyperf==2.9.0
pyperformance @ file:///home/qianhuiwang/cpython/site-packages/pyperformance/dist/pyperformance-1.11.0-py3-none-any.whl#sha256=5e7db3719781f5aaaa31704d7bc2566ec18ade1aa74b998aae4e93a9ebbaa849
pyproject_hooks==1.2.0
python-docs-theme==2024.6
pytz==2021.1
requests==2.32.3
setuptools==78.1.0
six==1.16.0
snowballstemmer==2.2.0
Sphinx==7.3.7
sphinxcontrib-applehelp==2.0.0
sphinxcontrib-devhelp==2.0.0
sphinxcontrib-htmlhelp==2.1.0
sphinxcontrib-jsmath==1.0.1
sphinxcontrib-qthelp==2.0.0
sphinxcontrib-serializinghtml==2.0.0
sqlglot==4.6.0
sqlparse==0.4.1
sympy==1.13.0
urllib3==1.26.5
webencodings==0.5.1

==================================================
(23/83) creating venv for benchmark (comprehensions)

(trying common venv first)
Installing requirements into the virtual environment /home/qianhuiwang/cpython/build-purecap
# /home/qianhuiwang/cpython/build-purecap/python -m pip install pyperf==2.9.0
Requirement already satisfied: pyperf==2.9.0 in ./lib/python3.12/site-packages (2.9.0)
Requirement already satisfied: psutil>=5.9.0 in ./lib/python3.12/site-packages (from pyperf==2.9.0) (7.0.0)

[notice] A new release of pip is available: 25.0.1 -> 25.1.1
[notice] To update, run: /home/qianhuiwang/cpython/build-purecap/python -m pip install --upgrade pip
Installing requirements into the virtual environment /home/qianhuiwang/cpython/build-purecap
# /home/qianhuiwang/cpython/build-purecap/python -m pip install psutil
Requirement already satisfied: psutil in ./lib/python3.12/site-packages (7.0.0)

[notice] A new release of pip is available: 25.0.1 -> 25.1.1
[notice] To update, run: /home/qianhuiwang/cpython/build-purecap/python -m pip install --upgrade pip
# /home/qianhuiwang/cpython/build-purecap/python -m pip freeze
alabaster==0.7.16
asgiref==3.6.0
babel==2.17.0
build==1.2.2.post1
certifi==2021.5.30
Chameleon==3.9.1
charset-normalizer==3.4.1
coverage==7.3.2
Django==4.2
docutils==0.21.2
dulwich==0.20.23
Genshi==0.7.7
html5lib==1.1
idna==3.10
imagesize==1.4.1
Jinja2==3.1.6
legacy-cgi==2.6
Mako==1.1.4
MarkupSafe==2.0.1
mpmath==1.2.1
networkx==3.4.2
packaging==24.2
psutil==7.0.0
pyaes==1.6.1
Pygments==2.19.1
pyperf==2.9.0
pyperformance @ file:///home/qianhuiwang/cpython/site-packages/pyperformance/dist/pyperformance-1.11.0-py3-none-any.whl#sha256=5e7db3719781f5aaaa31704d7bc2566ec18ade1aa74b998aae4e93a9ebbaa849
pyproject_hooks==1.2.0
python-docs-theme==2024.6
pytz==2021.1
requests==2.32.3
setuptools==78.1.0
six==1.16.0
snowballstemmer==2.2.0
Sphinx==7.3.7
sphinxcontrib-applehelp==2.0.0
sphinxcontrib-devhelp==2.0.0
sphinxcontrib-htmlhelp==2.1.0
sphinxcontrib-jsmath==1.0.1
sphinxcontrib-qthelp==2.0.0
sphinxcontrib-serializinghtml==2.0.0
sqlglot==4.6.0
sqlparse==0.4.1
sympy==1.13.0
urllib3==1.26.5
webencodings==0.5.1
# /home/qianhuiwang/cpython/build-purecap/python -m pip freeze
alabaster==0.7.16
asgiref==3.6.0
babel==2.17.0
build==1.2.2.post1
certifi==2021.5.30
Chameleon==3.9.1
charset-normalizer==3.4.1
coverage==7.3.2
Django==4.2
docutils==0.21.2
dulwich==0.20.23
Genshi==0.7.7
html5lib==1.1
idna==3.10
imagesize==1.4.1
Jinja2==3.1.6
legacy-cgi==2.6
Mako==1.1.4
MarkupSafe==2.0.1
mpmath==1.2.1
networkx==3.4.2
packaging==24.2
psutil==7.0.0
pyaes==1.6.1
Pygments==2.19.1
pyperf==2.9.0
pyperformance @ file:///home/qianhuiwang/cpython/site-packages/pyperformance/dist/pyperformance-1.11.0-py3-none-any.whl#sha256=5e7db3719781f5aaaa31704d7bc2566ec18ade1aa74b998aae4e93a9ebbaa849
pyproject_hooks==1.2.0
python-docs-theme==2024.6
pytz==2021.1
requests==2.32.3
setuptools==78.1.0
six==1.16.0
snowballstemmer==2.2.0
Sphinx==7.3.7
sphinxcontrib-applehelp==2.0.0
sphinxcontrib-devhelp==2.0.0
sphinxcontrib-htmlhelp==2.1.0
sphinxcontrib-jsmath==1.0.1
sphinxcontrib-qthelp==2.0.0
sphinxcontrib-serializinghtml==2.0.0
sqlglot==4.6.0
sqlparse==0.4.1
sympy==1.13.0
urllib3==1.26.5
webencodings==0.5.1

==================================================
(24/83) creating venv for benchmark (concurrent_imap)

(trying common venv first)
Installing requirements into the virtual environment /home/qianhuiwang/cpython/build-purecap
# /home/qianhuiwang/cpython/build-purecap/python -m pip install pyperf==2.9.0
Requirement already satisfied: pyperf==2.9.0 in ./lib/python3.12/site-packages (2.9.0)
Requirement already satisfied: psutil>=5.9.0 in ./lib/python3.12/site-packages (from pyperf==2.9.0) (7.0.0)

[notice] A new release of pip is available: 25.0.1 -> 25.1.1
[notice] To update, run: /home/qianhuiwang/cpython/build-purecap/python -m pip install --upgrade pip
Installing requirements into the virtual environment /home/qianhuiwang/cpython/build-purecap
# /home/qianhuiwang/cpython/build-purecap/python -m pip install psutil
Requirement already satisfied: psutil in ./lib/python3.12/site-packages (7.0.0)

[notice] A new release of pip is available: 25.0.1 -> 25.1.1
[notice] To update, run: /home/qianhuiwang/cpython/build-purecap/python -m pip install --upgrade pip
# /home/qianhuiwang/cpython/build-purecap/python -m pip freeze
alabaster==0.7.16
asgiref==3.6.0
babel==2.17.0
build==1.2.2.post1
certifi==2021.5.30
Chameleon==3.9.1
charset-normalizer==3.4.1
coverage==7.3.2
Django==4.2
docutils==0.21.2
dulwich==0.20.23
Genshi==0.7.7
html5lib==1.1
idna==3.10
imagesize==1.4.1
Jinja2==3.1.6
legacy-cgi==2.6
Mako==1.1.4
MarkupSafe==2.0.1
mpmath==1.2.1
networkx==3.4.2
packaging==24.2
psutil==7.0.0
pyaes==1.6.1
Pygments==2.19.1
pyperf==2.9.0
pyperformance @ file:///home/qianhuiwang/cpython/site-packages/pyperformance/dist/pyperformance-1.11.0-py3-none-any.whl#sha256=5e7db3719781f5aaaa31704d7bc2566ec18ade1aa74b998aae4e93a9ebbaa849
pyproject_hooks==1.2.0
python-docs-theme==2024.6
pytz==2021.1
requests==2.32.3
setuptools==78.1.0
six==1.16.0
snowballstemmer==2.2.0
Sphinx==7.3.7
sphinxcontrib-applehelp==2.0.0
sphinxcontrib-devhelp==2.0.0
sphinxcontrib-htmlhelp==2.1.0
sphinxcontrib-jsmath==1.0.1
sphinxcontrib-qthelp==2.0.0
sphinxcontrib-serializinghtml==2.0.0
sqlglot==4.6.0
sqlparse==0.4.1
sympy==1.13.0
urllib3==1.26.5
webencodings==0.5.1
# /home/qianhuiwang/cpython/build-purecap/python -m pip freeze
alabaster==0.7.16
asgiref==3.6.0
babel==2.17.0
build==1.2.2.post1
certifi==2021.5.30
Chameleon==3.9.1
charset-normalizer==3.4.1
coverage==7.3.2
Django==4.2
docutils==0.21.2
dulwich==0.20.23
Genshi==0.7.7
html5lib==1.1
idna==3.10
imagesize==1.4.1
Jinja2==3.1.6
legacy-cgi==2.6
Mako==1.1.4
MarkupSafe==2.0.1
mpmath==1.2.1
networkx==3.4.2
packaging==24.2
psutil==7.0.0
pyaes==1.6.1
Pygments==2.19.1
pyperf==2.9.0
pyperformance @ file:///home/qianhuiwang/cpython/site-packages/pyperformance/dist/pyperformance-1.11.0-py3-none-any.whl#sha256=5e7db3719781f5aaaa31704d7bc2566ec18ade1aa74b998aae4e93a9ebbaa849
pyproject_hooks==1.2.0
python-docs-theme==2024.6
pytz==2021.1
requests==2.32.3
setuptools==78.1.0
six==1.16.0
snowballstemmer==2.2.0
Sphinx==7.3.7
sphinxcontrib-applehelp==2.0.0
sphinxcontrib-devhelp==2.0.0
sphinxcontrib-htmlhelp==2.1.0
sphinxcontrib-jsmath==1.0.1
sphinxcontrib-qthelp==2.0.0
sphinxcontrib-serializinghtml==2.0.0
sqlglot==4.6.0
sqlparse==0.4.1
sympy==1.13.0
urllib3==1.26.5
webencodings==0.5.1

==================================================
(25/83) creating venv for benchmark (coroutines)

(trying common venv first)
Installing requirements into the virtual environment /home/qianhuiwang/cpython/build-purecap
# /home/qianhuiwang/cpython/build-purecap/python -m pip install pyperf==2.9.0
Requirement already satisfied: pyperf==2.9.0 in ./lib/python3.12/site-packages (2.9.0)
Requirement already satisfied: psutil>=5.9.0 in ./lib/python3.12/site-packages (from pyperf==2.9.0) (7.0.0)

[notice] A new release of pip is available: 25.0.1 -> 25.1.1
[notice] To update, run: /home/qianhuiwang/cpython/build-purecap/python -m pip install --upgrade pip
Installing requirements into the virtual environment /home/qianhuiwang/cpython/build-purecap
# /home/qianhuiwang/cpython/build-purecap/python -m pip install psutil
Requirement already satisfied: psutil in ./lib/python3.12/site-packages (7.0.0)

[notice] A new release of pip is available: 25.0.1 -> 25.1.1
[notice] To update, run: /home/qianhuiwang/cpython/build-purecap/python -m pip install --upgrade pip
# /home/qianhuiwang/cpython/build-purecap/python -m pip freeze
alabaster==0.7.16
asgiref==3.6.0
babel==2.17.0
build==1.2.2.post1
certifi==2021.5.30
Chameleon==3.9.1
charset-normalizer==3.4.1
coverage==7.3.2
Django==4.2
docutils==0.21.2
dulwich==0.20.23
Genshi==0.7.7
html5lib==1.1
idna==3.10
imagesize==1.4.1
Jinja2==3.1.6
legacy-cgi==2.6
Mako==1.1.4
MarkupSafe==2.0.1
mpmath==1.2.1
networkx==3.4.2
packaging==24.2
psutil==7.0.0
pyaes==1.6.1
Pygments==2.19.1
pyperf==2.9.0
pyperformance @ file:///home/qianhuiwang/cpython/site-packages/pyperformance/dist/pyperformance-1.11.0-py3-none-any.whl#sha256=5e7db3719781f5aaaa31704d7bc2566ec18ade1aa74b998aae4e93a9ebbaa849
pyproject_hooks==1.2.0
python-docs-theme==2024.6
pytz==2021.1
requests==2.32.3
setuptools==78.1.0
six==1.16.0
snowballstemmer==2.2.0
Sphinx==7.3.7
sphinxcontrib-applehelp==2.0.0
sphinxcontrib-devhelp==2.0.0
sphinxcontrib-htmlhelp==2.1.0
sphinxcontrib-jsmath==1.0.1
sphinxcontrib-qthelp==2.0.0
sphinxcontrib-serializinghtml==2.0.0
sqlglot==4.6.0
sqlparse==0.4.1
sympy==1.13.0
urllib3==1.26.5
webencodings==0.5.1
# /home/qianhuiwang/cpython/build-purecap/python -m pip freeze
alabaster==0.7.16
asgiref==3.6.0
babel==2.17.0
build==1.2.2.post1
certifi==2021.5.30
Chameleon==3.9.1
charset-normalizer==3.4.1
coverage==7.3.2
Django==4.2
docutils==0.21.2
dulwich==0.20.23
Genshi==0.7.7
html5lib==1.1
idna==3.10
imagesize==1.4.1
Jinja2==3.1.6
legacy-cgi==2.6
Mako==1.1.4
MarkupSafe==2.0.1
mpmath==1.2.1
networkx==3.4.2
packaging==24.2
psutil==7.0.0
pyaes==1.6.1
Pygments==2.19.1
pyperf==2.9.0
pyperformance @ file:///home/qianhuiwang/cpython/site-packages/pyperformance/dist/pyperformance-1.11.0-py3-none-any.whl#sha256=5e7db3719781f5aaaa31704d7bc2566ec18ade1aa74b998aae4e93a9ebbaa849
pyproject_hooks==1.2.0
python-docs-theme==2024.6
pytz==2021.1
requests==2.32.3
setuptools==78.1.0
six==1.16.0
snowballstemmer==2.2.0
Sphinx==7.3.7
sphinxcontrib-applehelp==2.0.0
sphinxcontrib-devhelp==2.0.0
sphinxcontrib-htmlhelp==2.1.0
sphinxcontrib-jsmath==1.0.1
sphinxcontrib-qthelp==2.0.0
sphinxcontrib-serializinghtml==2.0.0
sqlglot==4.6.0
sqlparse==0.4.1
sympy==1.13.0
urllib3==1.26.5
webencodings==0.5.1

==================================================
(26/83) creating venv for benchmark (coverage)

(trying common venv first)
Installing requirements into the virtual environment /home/qianhuiwang/cpython/build-purecap
# /home/qianhuiwang/cpython/build-purecap/python -m pip install coverage==7.3.2 pyperf==2.9.0
Requirement already satisfied: coverage==7.3.2 in ./lib/python3.12/site-packages (7.3.2)
Requirement already satisfied: pyperf==2.9.0 in ./lib/python3.12/site-packages (2.9.0)
Requirement already satisfied: psutil>=5.9.0 in ./lib/python3.12/site-packages (from pyperf==2.9.0) (7.0.0)

[notice] A new release of pip is available: 25.0.1 -> 25.1.1
[notice] To update, run: /home/qianhuiwang/cpython/build-purecap/python -m pip install --upgrade pip
Installing requirements into the virtual environment /home/qianhuiwang/cpython/build-purecap
# /home/qianhuiwang/cpython/build-purecap/python -m pip install psutil
Requirement already satisfied: psutil in ./lib/python3.12/site-packages (7.0.0)

[notice] A new release of pip is available: 25.0.1 -> 25.1.1
[notice] To update, run: /home/qianhuiwang/cpython/build-purecap/python -m pip install --upgrade pip
# /home/qianhuiwang/cpython/build-purecap/python -m pip freeze
alabaster==0.7.16
asgiref==3.6.0
babel==2.17.0
build==1.2.2.post1
certifi==2021.5.30
Chameleon==3.9.1
charset-normalizer==3.4.1
coverage==7.3.2
Django==4.2
docutils==0.21.2
dulwich==0.20.23
Genshi==0.7.7
html5lib==1.1
idna==3.10
imagesize==1.4.1
Jinja2==3.1.6
legacy-cgi==2.6
Mako==1.1.4
MarkupSafe==2.0.1
mpmath==1.2.1
networkx==3.4.2
packaging==24.2
psutil==7.0.0
pyaes==1.6.1
Pygments==2.19.1
pyperf==2.9.0
pyperformance @ file:///home/qianhuiwang/cpython/site-packages/pyperformance/dist/pyperformance-1.11.0-py3-none-any.whl#sha256=5e7db3719781f5aaaa31704d7bc2566ec18ade1aa74b998aae4e93a9ebbaa849
pyproject_hooks==1.2.0
python-docs-theme==2024.6
pytz==2021.1
requests==2.32.3
setuptools==78.1.0
six==1.16.0
snowballstemmer==2.2.0
Sphinx==7.3.7
sphinxcontrib-applehelp==2.0.0
sphinxcontrib-devhelp==2.0.0
sphinxcontrib-htmlhelp==2.1.0
sphinxcontrib-jsmath==1.0.1
sphinxcontrib-qthelp==2.0.0
sphinxcontrib-serializinghtml==2.0.0
sqlglot==4.6.0
sqlparse==0.4.1
sympy==1.13.0
urllib3==1.26.5
webencodings==0.5.1
# /home/qianhuiwang/cpython/build-purecap/python -m pip freeze
alabaster==0.7.16
asgiref==3.6.0
babel==2.17.0
build==1.2.2.post1
certifi==2021.5.30
Chameleon==3.9.1
charset-normalizer==3.4.1
coverage==7.3.2
Django==4.2
docutils==0.21.2
dulwich==0.20.23
Genshi==0.7.7
html5lib==1.1
idna==3.10
imagesize==1.4.1
Jinja2==3.1.6
legacy-cgi==2.6
Mako==1.1.4
MarkupSafe==2.0.1
mpmath==1.2.1
networkx==3.4.2
packaging==24.2
psutil==7.0.0
pyaes==1.6.1
Pygments==2.19.1
pyperf==2.9.0
pyperformance @ file:///home/qianhuiwang/cpython/site-packages/pyperformance/dist/pyperformance-1.11.0-py3-none-any.whl#sha256=5e7db3719781f5aaaa31704d7bc2566ec18ade1aa74b998aae4e93a9ebbaa849
pyproject_hooks==1.2.0
python-docs-theme==2024.6
pytz==2021.1
requests==2.32.3
setuptools==78.1.0
six==1.16.0
snowballstemmer==2.2.0
Sphinx==7.3.7
sphinxcontrib-applehelp==2.0.0
sphinxcontrib-devhelp==2.0.0
sphinxcontrib-htmlhelp==2.1.0
sphinxcontrib-jsmath==1.0.1
sphinxcontrib-qthelp==2.0.0
sphinxcontrib-serializinghtml==2.0.0
sqlglot==4.6.0
sqlparse==0.4.1
sympy==1.13.0
urllib3==1.26.5
webencodings==0.5.1

==================================================
(27/83) creating venv for benchmark (crypto_pyaes)

(trying common venv first)
Installing requirements into the virtual environment /home/qianhuiwang/cpython/build-purecap
# /home/qianhuiwang/cpython/build-purecap/python -m pip install pyaes==1.6.1 pyperf==2.9.0
Requirement already satisfied: pyaes==1.6.1 in ./lib/python3.12/site-packages (1.6.1)
Requirement already satisfied: pyperf==2.9.0 in ./lib/python3.12/site-packages (2.9.0)
Requirement already satisfied: psutil>=5.9.0 in ./lib/python3.12/site-packages (from pyperf==2.9.0) (7.0.0)

[notice] A new release of pip is available: 25.0.1 -> 25.1.1
[notice] To update, run: /home/qianhuiwang/cpython/build-purecap/python -m pip install --upgrade pip
Installing requirements into the virtual environment /home/qianhuiwang/cpython/build-purecap
# /home/qianhuiwang/cpython/build-purecap/python -m pip install psutil
Requirement already satisfied: psutil in ./lib/python3.12/site-packages (7.0.0)

[notice] A new release of pip is available: 25.0.1 -> 25.1.1
[notice] To update, run: /home/qianhuiwang/cpython/build-purecap/python -m pip install --upgrade pip
# /home/qianhuiwang/cpython/build-purecap/python -m pip freeze
alabaster==0.7.16
asgiref==3.6.0
babel==2.17.0
build==1.2.2.post1
certifi==2021.5.30
Chameleon==3.9.1
charset-normalizer==3.4.1
coverage==7.3.2
Django==4.2
docutils==0.21.2
dulwich==0.20.23
Genshi==0.7.7
html5lib==1.1
idna==3.10
imagesize==1.4.1
Jinja2==3.1.6
legacy-cgi==2.6
Mako==1.1.4
MarkupSafe==2.0.1
mpmath==1.2.1
networkx==3.4.2
packaging==24.2
psutil==7.0.0
pyaes==1.6.1
Pygments==2.19.1
pyperf==2.9.0
pyperformance @ file:///home/qianhuiwang/cpython/site-packages/pyperformance/dist/pyperformance-1.11.0-py3-none-any.whl#sha256=5e7db3719781f5aaaa31704d7bc2566ec18ade1aa74b998aae4e93a9ebbaa849
pyproject_hooks==1.2.0
python-docs-theme==2024.6
pytz==2021.1
requests==2.32.3
setuptools==78.1.0
six==1.16.0
snowballstemmer==2.2.0
Sphinx==7.3.7
sphinxcontrib-applehelp==2.0.0
sphinxcontrib-devhelp==2.0.0
sphinxcontrib-htmlhelp==2.1.0
sphinxcontrib-jsmath==1.0.1
sphinxcontrib-qthelp==2.0.0
sphinxcontrib-serializinghtml==2.0.0
sqlglot==4.6.0
sqlparse==0.4.1
sympy==1.13.0
urllib3==1.26.5
webencodings==0.5.1
# /home/qianhuiwang/cpython/build-purecap/python -m pip freeze
alabaster==0.7.16
asgiref==3.6.0
babel==2.17.0
build==1.2.2.post1
certifi==2021.5.30
Chameleon==3.9.1
charset-normalizer==3.4.1
coverage==7.3.2
Django==4.2
docutils==0.21.2
dulwich==0.20.23
Genshi==0.7.7
html5lib==1.1
idna==3.10
imagesize==1.4.1
Jinja2==3.1.6
legacy-cgi==2.6
Mako==1.1.4
MarkupSafe==2.0.1
mpmath==1.2.1
networkx==3.4.2
packaging==24.2
psutil==7.0.0
pyaes==1.6.1
Pygments==2.19.1
pyperf==2.9.0
pyperformance @ file:///home/qianhuiwang/cpython/site-packages/pyperformance/dist/pyperformance-1.11.0-py3-none-any.whl#sha256=5e7db3719781f5aaaa31704d7bc2566ec18ade1aa74b998aae4e93a9ebbaa849
pyproject_hooks==1.2.0
python-docs-theme==2024.6
pytz==2021.1
requests==2.32.3
setuptools==78.1.0
six==1.16.0
snowballstemmer==2.2.0
Sphinx==7.3.7
sphinxcontrib-applehelp==2.0.0
sphinxcontrib-devhelp==2.0.0
sphinxcontrib-htmlhelp==2.1.0
sphinxcontrib-jsmath==1.0.1
sphinxcontrib-qthelp==2.0.0
sphinxcontrib-serializinghtml==2.0.0
sqlglot==4.6.0
sqlparse==0.4.1
sympy==1.13.0
urllib3==1.26.5
webencodings==0.5.1

==================================================
(28/83) creating venv for benchmark (deepcopy)

(trying common venv first)
Installing requirements into the virtual environment /home/qianhuiwang/cpython/build-purecap
# /home/qianhuiwang/cpython/build-purecap/python -m pip install pyperf==2.9.0
Requirement already satisfied: pyperf==2.9.0 in ./lib/python3.12/site-packages (2.9.0)
Requirement already satisfied: psutil>=5.9.0 in ./lib/python3.12/site-packages (from pyperf==2.9.0) (7.0.0)

[notice] A new release of pip is available: 25.0.1 -> 25.1.1
[notice] To update, run: /home/qianhuiwang/cpython/build-purecap/python -m pip install --upgrade pip
Installing requirements into the virtual environment /home/qianhuiwang/cpython/build-purecap
# /home/qianhuiwang/cpython/build-purecap/python -m pip install psutil
Requirement already satisfied: psutil in ./lib/python3.12/site-packages (7.0.0)

[notice] A new release of pip is available: 25.0.1 -> 25.1.1
[notice] To update, run: /home/qianhuiwang/cpython/build-purecap/python -m pip install --upgrade pip
# /home/qianhuiwang/cpython/build-purecap/python -m pip freeze
alabaster==0.7.16
asgiref==3.6.0
babel==2.17.0
build==1.2.2.post1
certifi==2021.5.30
Chameleon==3.9.1
charset-normalizer==3.4.1
coverage==7.3.2
Django==4.2
docutils==0.21.2
dulwich==0.20.23
Genshi==0.7.7
html5lib==1.1
idna==3.10
imagesize==1.4.1
Jinja2==3.1.6
legacy-cgi==2.6
Mako==1.1.4
MarkupSafe==2.0.1
mpmath==1.2.1
networkx==3.4.2
packaging==24.2
psutil==7.0.0
pyaes==1.6.1
Pygments==2.19.1
pyperf==2.9.0
pyperformance @ file:///home/qianhuiwang/cpython/site-packages/pyperformance/dist/pyperformance-1.11.0-py3-none-any.whl#sha256=5e7db3719781f5aaaa31704d7bc2566ec18ade1aa74b998aae4e93a9ebbaa849
pyproject_hooks==1.2.0
python-docs-theme==2024.6
pytz==2021.1
requests==2.32.3
setuptools==78.1.0
six==1.16.0
snowballstemmer==2.2.0
Sphinx==7.3.7
sphinxcontrib-applehelp==2.0.0
sphinxcontrib-devhelp==2.0.0
sphinxcontrib-htmlhelp==2.1.0
sphinxcontrib-jsmath==1.0.1
sphinxcontrib-qthelp==2.0.0
sphinxcontrib-serializinghtml==2.0.0
sqlglot==4.6.0
sqlparse==0.4.1
sympy==1.13.0
urllib3==1.26.5
webencodings==0.5.1
# /home/qianhuiwang/cpython/build-purecap/python -m pip freeze
alabaster==0.7.16
asgiref==3.6.0
babel==2.17.0
build==1.2.2.post1
certifi==2021.5.30
Chameleon==3.9.1
charset-normalizer==3.4.1
coverage==7.3.2
Django==4.2
docutils==0.21.2
dulwich==0.20.23
Genshi==0.7.7
html5lib==1.1
idna==3.10
imagesize==1.4.1
Jinja2==3.1.6
legacy-cgi==2.6
Mako==1.1.4
MarkupSafe==2.0.1
mpmath==1.2.1
networkx==3.4.2
packaging==24.2
psutil==7.0.0
pyaes==1.6.1
Pygments==2.19.1
pyperf==2.9.0
pyperformance @ file:///home/qianhuiwang/cpython/site-packages/pyperformance/dist/pyperformance-1.11.0-py3-none-any.whl#sha256=5e7db3719781f5aaaa31704d7bc2566ec18ade1aa74b998aae4e93a9ebbaa849
pyproject_hooks==1.2.0
python-docs-theme==2024.6
pytz==2021.1
requests==2.32.3
setuptools==78.1.0
six==1.16.0
snowballstemmer==2.2.0
Sphinx==7.3.7
sphinxcontrib-applehelp==2.0.0
sphinxcontrib-devhelp==2.0.0
sphinxcontrib-htmlhelp==2.1.0
sphinxcontrib-jsmath==1.0.1
sphinxcontrib-qthelp==2.0.0
sphinxcontrib-serializinghtml==2.0.0
sqlglot==4.6.0
sqlparse==0.4.1
sympy==1.13.0
urllib3==1.26.5
webencodings==0.5.1

==================================================
(29/83) creating venv for benchmark (deltablue)

(trying common venv first)
Installing requirements into the virtual environment /home/qianhuiwang/cpython/build-purecap
# /home/qianhuiwang/cpython/build-purecap/python -m pip install pyperf==2.9.0
Requirement already satisfied: pyperf==2.9.0 in ./lib/python3.12/site-packages (2.9.0)
Requirement already satisfied: psutil>=5.9.0 in ./lib/python3.12/site-packages (from pyperf==2.9.0) (7.0.0)

[notice] A new release of pip is available: 25.0.1 -> 25.1.1
[notice] To update, run: /home/qianhuiwang/cpython/build-purecap/python -m pip install --upgrade pip
Installing requirements into the virtual environment /home/qianhuiwang/cpython/build-purecap
# /home/qianhuiwang/cpython/build-purecap/python -m pip install psutil
Requirement already satisfied: psutil in ./lib/python3.12/site-packages (7.0.0)

[notice] A new release of pip is available: 25.0.1 -> 25.1.1
[notice] To update, run: /home/qianhuiwang/cpython/build-purecap/python -m pip install --upgrade pip
# /home/qianhuiwang/cpython/build-purecap/python -m pip freeze
alabaster==0.7.16
asgiref==3.6.0
babel==2.17.0
build==1.2.2.post1
certifi==2021.5.30
Chameleon==3.9.1
charset-normalizer==3.4.1
coverage==7.3.2
Django==4.2
docutils==0.21.2
dulwich==0.20.23
Genshi==0.7.7
html5lib==1.1
idna==3.10
imagesize==1.4.1
Jinja2==3.1.6
legacy-cgi==2.6
Mako==1.1.4
MarkupSafe==2.0.1
mpmath==1.2.1
networkx==3.4.2
packaging==24.2
psutil==7.0.0
pyaes==1.6.1
Pygments==2.19.1
pyperf==2.9.0
pyperformance @ file:///home/qianhuiwang/cpython/site-packages/pyperformance/dist/pyperformance-1.11.0-py3-none-any.whl#sha256=5e7db3719781f5aaaa31704d7bc2566ec18ade1aa74b998aae4e93a9ebbaa849
pyproject_hooks==1.2.0
python-docs-theme==2024.6
pytz==2021.1
requests==2.32.3
setuptools==78.1.0
six==1.16.0
snowballstemmer==2.2.0
Sphinx==7.3.7
sphinxcontrib-applehelp==2.0.0
sphinxcontrib-devhelp==2.0.0
sphinxcontrib-htmlhelp==2.1.0
sphinxcontrib-jsmath==1.0.1
sphinxcontrib-qthelp==2.0.0
sphinxcontrib-serializinghtml==2.0.0
sqlglot==4.6.0
sqlparse==0.4.1
sympy==1.13.0
urllib3==1.26.5
webencodings==0.5.1
# /home/qianhuiwang/cpython/build-purecap/python -m pip freeze
alabaster==0.7.16
asgiref==3.6.0
babel==2.17.0
build==1.2.2.post1
certifi==2021.5.30
Chameleon==3.9.1
charset-normalizer==3.4.1
coverage==7.3.2
Django==4.2
docutils==0.21.2
dulwich==0.20.23
Genshi==0.7.7
html5lib==1.1
idna==3.10
imagesize==1.4.1
Jinja2==3.1.6
legacy-cgi==2.6
Mako==1.1.4
MarkupSafe==2.0.1
mpmath==1.2.1
networkx==3.4.2
packaging==24.2
psutil==7.0.0
pyaes==1.6.1
Pygments==2.19.1
pyperf==2.9.0
pyperformance @ file:///home/qianhuiwang/cpython/site-packages/pyperformance/dist/pyperformance-1.11.0-py3-none-any.whl#sha256=5e7db3719781f5aaaa31704d7bc2566ec18ade1aa74b998aae4e93a9ebbaa849
pyproject_hooks==1.2.0
python-docs-theme==2024.6
pytz==2021.1
requests==2.32.3
setuptools==78.1.0
six==1.16.0
snowballstemmer==2.2.0
Sphinx==7.3.7
sphinxcontrib-applehelp==2.0.0
sphinxcontrib-devhelp==2.0.0
sphinxcontrib-htmlhelp==2.1.0
sphinxcontrib-jsmath==1.0.1
sphinxcontrib-qthelp==2.0.0
sphinxcontrib-serializinghtml==2.0.0
sqlglot==4.6.0
sqlparse==0.4.1
sympy==1.13.0
urllib3==1.26.5
webencodings==0.5.1

==================================================
(30/83) creating venv for benchmark (django_template)

(trying common venv first)
Installing requirements into the virtual environment /home/qianhuiwang/cpython/build-purecap
# /home/qianhuiwang/cpython/build-purecap/python -m pip install asgiref==3.6.0 django==4.2 pytz==2021.1 sqlparse==0.4.1 legacy-cgi==2.6 pyperf==2.9.0
Requirement already satisfied: asgiref==3.6.0 in ./lib/python3.12/site-packages (3.6.0)
Requirement already satisfied: django==4.2 in ./lib/python3.12/site-packages (4.2)
Requirement already satisfied: pytz==2021.1 in ./lib/python3.12/site-packages (2021.1)
Requirement already satisfied: sqlparse==0.4.1 in ./lib/python3.12/site-packages (0.4.1)
Requirement already satisfied: legacy-cgi==2.6 in ./lib/python3.12/site-packages (2.6)
Requirement already satisfied: pyperf==2.9.0 in ./lib/python3.12/site-packages (2.9.0)
Requirement already satisfied: psutil>=5.9.0 in ./lib/python3.12/site-packages (from pyperf==2.9.0) (7.0.0)

[notice] A new release of pip is available: 25.0.1 -> 25.1.1
[notice] To update, run: /home/qianhuiwang/cpython/build-purecap/python -m pip install --upgrade pip
Installing requirements into the virtual environment /home/qianhuiwang/cpython/build-purecap
# /home/qianhuiwang/cpython/build-purecap/python -m pip install psutil
Requirement already satisfied: psutil in ./lib/python3.12/site-packages (7.0.0)

[notice] A new release of pip is available: 25.0.1 -> 25.1.1
[notice] To update, run: /home/qianhuiwang/cpython/build-purecap/python -m pip install --upgrade pip
# /home/qianhuiwang/cpython/build-purecap/python -m pip freeze
alabaster==0.7.16
asgiref==3.6.0
babel==2.17.0
build==1.2.2.post1
certifi==2021.5.30
Chameleon==3.9.1
charset-normalizer==3.4.1
coverage==7.3.2
Django==4.2
docutils==0.21.2
dulwich==0.20.23
Genshi==0.7.7
html5lib==1.1
idna==3.10
imagesize==1.4.1
Jinja2==3.1.6
legacy-cgi==2.6
Mako==1.1.4
MarkupSafe==2.0.1
mpmath==1.2.1
networkx==3.4.2
packaging==24.2
psutil==7.0.0
pyaes==1.6.1
Pygments==2.19.1
pyperf==2.9.0
pyperformance @ file:///home/qianhuiwang/cpython/site-packages/pyperformance/dist/pyperformance-1.11.0-py3-none-any.whl#sha256=5e7db3719781f5aaaa31704d7bc2566ec18ade1aa74b998aae4e93a9ebbaa849
pyproject_hooks==1.2.0
python-docs-theme==2024.6
pytz==2021.1
requests==2.32.3
setuptools==78.1.0
six==1.16.0
snowballstemmer==2.2.0
Sphinx==7.3.7
sphinxcontrib-applehelp==2.0.0
sphinxcontrib-devhelp==2.0.0
sphinxcontrib-htmlhelp==2.1.0
sphinxcontrib-jsmath==1.0.1
sphinxcontrib-qthelp==2.0.0
sphinxcontrib-serializinghtml==2.0.0
sqlglot==4.6.0
sqlparse==0.4.1
sympy==1.13.0
urllib3==1.26.5
webencodings==0.5.1
# /home/qianhuiwang/cpython/build-purecap/python -m pip freeze
alabaster==0.7.16
asgiref==3.6.0
babel==2.17.0
build==1.2.2.post1
certifi==2021.5.30
Chameleon==3.9.1
charset-normalizer==3.4.1
coverage==7.3.2
Django==4.2
docutils==0.21.2
dulwich==0.20.23
Genshi==0.7.7
html5lib==1.1
idna==3.10
imagesize==1.4.1
Jinja2==3.1.6
legacy-cgi==2.6
Mako==1.1.4
MarkupSafe==2.0.1
mpmath==1.2.1
networkx==3.4.2
packaging==24.2
psutil==7.0.0
pyaes==1.6.1
Pygments==2.19.1
pyperf==2.9.0
pyperformance @ file:///home/qianhuiwang/cpython/site-packages/pyperformance/dist/pyperformance-1.11.0-py3-none-any.whl#sha256=5e7db3719781f5aaaa31704d7bc2566ec18ade1aa74b998aae4e93a9ebbaa849
pyproject_hooks==1.2.0
python-docs-theme==2024.6
pytz==2021.1
requests==2.32.3
setuptools==78.1.0
six==1.16.0
snowballstemmer==2.2.0
Sphinx==7.3.7
sphinxcontrib-applehelp==2.0.0
sphinxcontrib-devhelp==2.0.0
sphinxcontrib-htmlhelp==2.1.0
sphinxcontrib-jsmath==1.0.1
sphinxcontrib-qthelp==2.0.0
sphinxcontrib-serializinghtml==2.0.0
sqlglot==4.6.0
sqlparse==0.4.1
sympy==1.13.0
urllib3==1.26.5
webencodings==0.5.1

==================================================
(31/83) creating venv for benchmark (dulwich_log)

(trying common venv first)
Installing requirements into the virtual environment /home/qianhuiwang/cpython/build-purecap
# /home/qianhuiwang/cpython/build-purecap/python -m pip install certifi==2021.5.30 dulwich==0.20.23 urllib3==1.26.5 pyperf==2.9.0
Requirement already satisfied: certifi==2021.5.30 in ./lib/python3.12/site-packages (2021.5.30)
Requirement already satisfied: dulwich==0.20.23 in ./lib/python3.12/site-packages (0.20.23)
Requirement already satisfied: urllib3==1.26.5 in ./lib/python3.12/site-packages (1.26.5)
Requirement already satisfied: pyperf==2.9.0 in ./lib/python3.12/site-packages (2.9.0)
Requirement already satisfied: psutil>=5.9.0 in ./lib/python3.12/site-packages (from pyperf==2.9.0) (7.0.0)

[notice] A new release of pip is available: 25.0.1 -> 25.1.1
[notice] To update, run: /home/qianhuiwang/cpython/build-purecap/python -m pip install --upgrade pip
Installing requirements into the virtual environment /home/qianhuiwang/cpython/build-purecap
# /home/qianhuiwang/cpython/build-purecap/python -m pip install psutil
Requirement already satisfied: psutil in ./lib/python3.12/site-packages (7.0.0)

[notice] A new release of pip is available: 25.0.1 -> 25.1.1
[notice] To update, run: /home/qianhuiwang/cpython/build-purecap/python -m pip install --upgrade pip
# /home/qianhuiwang/cpython/build-purecap/python -m pip freeze
alabaster==0.7.16
asgiref==3.6.0
babel==2.17.0
build==1.2.2.post1
certifi==2021.5.30
Chameleon==3.9.1
charset-normalizer==3.4.1
coverage==7.3.2
Django==4.2
docutils==0.21.2
dulwich==0.20.23
Genshi==0.7.7
html5lib==1.1
idna==3.10
imagesize==1.4.1
Jinja2==3.1.6
legacy-cgi==2.6
Mako==1.1.4
MarkupSafe==2.0.1
mpmath==1.2.1
networkx==3.4.2
packaging==24.2
psutil==7.0.0
pyaes==1.6.1
Pygments==2.19.1
pyperf==2.9.0
pyperformance @ file:///home/qianhuiwang/cpython/site-packages/pyperformance/dist/pyperformance-1.11.0-py3-none-any.whl#sha256=5e7db3719781f5aaaa31704d7bc2566ec18ade1aa74b998aae4e93a9ebbaa849
pyproject_hooks==1.2.0
python-docs-theme==2024.6
pytz==2021.1
requests==2.32.3
setuptools==78.1.0
six==1.16.0
snowballstemmer==2.2.0
Sphinx==7.3.7
sphinxcontrib-applehelp==2.0.0
sphinxcontrib-devhelp==2.0.0
sphinxcontrib-htmlhelp==2.1.0
sphinxcontrib-jsmath==1.0.1
sphinxcontrib-qthelp==2.0.0
sphinxcontrib-serializinghtml==2.0.0
sqlglot==4.6.0
sqlparse==0.4.1
sympy==1.13.0
urllib3==1.26.5
webencodings==0.5.1
# /home/qianhuiwang/cpython/build-purecap/python -m pip freeze
alabaster==0.7.16
asgiref==3.6.0
babel==2.17.0
build==1.2.2.post1
certifi==2021.5.30
Chameleon==3.9.1
charset-normalizer==3.4.1
coverage==7.3.2
Django==4.2
docutils==0.21.2
dulwich==0.20.23
Genshi==0.7.7
html5lib==1.1
idna==3.10
imagesize==1.4.1
Jinja2==3.1.6
legacy-cgi==2.6
Mako==1.1.4
MarkupSafe==2.0.1
mpmath==1.2.1
networkx==3.4.2
packaging==24.2
psutil==7.0.0
pyaes==1.6.1
Pygments==2.19.1
pyperf==2.9.0
pyperformance @ file:///home/qianhuiwang/cpython/site-packages/pyperformance/dist/pyperformance-1.11.0-py3-none-any.whl#sha256=5e7db3719781f5aaaa31704d7bc2566ec18ade1aa74b998aae4e93a9ebbaa849
pyproject_hooks==1.2.0
python-docs-theme==2024.6
pytz==2021.1
requests==2.32.3
setuptools==78.1.0
six==1.16.0
snowballstemmer==2.2.0
Sphinx==7.3.7
sphinxcontrib-applehelp==2.0.0
sphinxcontrib-devhelp==2.0.0
sphinxcontrib-htmlhelp==2.1.0
sphinxcontrib-jsmath==1.0.1
sphinxcontrib-qthelp==2.0.0
sphinxcontrib-serializinghtml==2.0.0
sqlglot==4.6.0
sqlparse==0.4.1
sympy==1.13.0
urllib3==1.26.5
webencodings==0.5.1

==================================================
(32/83) creating venv for benchmark (fannkuch)

(trying common venv first)
Installing requirements into the virtual environment /home/qianhuiwang/cpython/build-purecap
# /home/qianhuiwang/cpython/build-purecap/python -m pip install pyperf==2.9.0
Requirement already satisfied: pyperf==2.9.0 in ./lib/python3.12/site-packages (2.9.0)
Requirement already satisfied: psutil>=5.9.0 in ./lib/python3.12/site-packages (from pyperf==2.9.0) (7.0.0)

[notice] A new release of pip is available: 25.0.1 -> 25.1.1
[notice] To update, run: /home/qianhuiwang/cpython/build-purecap/python -m pip install --upgrade pip
Installing requirements into the virtual environment /home/qianhuiwang/cpython/build-purecap
# /home/qianhuiwang/cpython/build-purecap/python -m pip install psutil
Requirement already satisfied: psutil in ./lib/python3.12/site-packages (7.0.0)

[notice] A new release of pip is available: 25.0.1 -> 25.1.1
[notice] To update, run: /home/qianhuiwang/cpython/build-purecap/python -m pip install --upgrade pip
# /home/qianhuiwang/cpython/build-purecap/python -m pip freeze
alabaster==0.7.16
asgiref==3.6.0
babel==2.17.0
build==1.2.2.post1
certifi==2021.5.30
Chameleon==3.9.1
charset-normalizer==3.4.1
coverage==7.3.2
Django==4.2
docutils==0.21.2
dulwich==0.20.23
Genshi==0.7.7
html5lib==1.1
idna==3.10
imagesize==1.4.1
Jinja2==3.1.6
legacy-cgi==2.6
Mako==1.1.4
MarkupSafe==2.0.1
mpmath==1.2.1
networkx==3.4.2
packaging==24.2
psutil==7.0.0
pyaes==1.6.1
Pygments==2.19.1
pyperf==2.9.0
pyperformance @ file:///home/qianhuiwang/cpython/site-packages/pyperformance/dist/pyperformance-1.11.0-py3-none-any.whl#sha256=5e7db3719781f5aaaa31704d7bc2566ec18ade1aa74b998aae4e93a9ebbaa849
pyproject_hooks==1.2.0
python-docs-theme==2024.6
pytz==2021.1
requests==2.32.3
setuptools==78.1.0
six==1.16.0
snowballstemmer==2.2.0
Sphinx==7.3.7
sphinxcontrib-applehelp==2.0.0
sphinxcontrib-devhelp==2.0.0
sphinxcontrib-htmlhelp==2.1.0
sphinxcontrib-jsmath==1.0.1
sphinxcontrib-qthelp==2.0.0
sphinxcontrib-serializinghtml==2.0.0
sqlglot==4.6.0
sqlparse==0.4.1
sympy==1.13.0
urllib3==1.26.5
webencodings==0.5.1
# /home/qianhuiwang/cpython/build-purecap/python -m pip freeze
alabaster==0.7.16
asgiref==3.6.0
babel==2.17.0
build==1.2.2.post1
certifi==2021.5.30
Chameleon==3.9.1
charset-normalizer==3.4.1
coverage==7.3.2
Django==4.2
docutils==0.21.2
dulwich==0.20.23
Genshi==0.7.7
html5lib==1.1
idna==3.10
imagesize==1.4.1
Jinja2==3.1.6
legacy-cgi==2.6
Mako==1.1.4
MarkupSafe==2.0.1
mpmath==1.2.1
networkx==3.4.2
packaging==24.2
psutil==7.0.0
pyaes==1.6.1
Pygments==2.19.1
pyperf==2.9.0
pyperformance @ file:///home/qianhuiwang/cpython/site-packages/pyperformance/dist/pyperformance-1.11.0-py3-none-any.whl#sha256=5e7db3719781f5aaaa31704d7bc2566ec18ade1aa74b998aae4e93a9ebbaa849
pyproject_hooks==1.2.0
python-docs-theme==2024.6
pytz==2021.1
requests==2.32.3
setuptools==78.1.0
six==1.16.0
snowballstemmer==2.2.0
Sphinx==7.3.7
sphinxcontrib-applehelp==2.0.0
sphinxcontrib-devhelp==2.0.0
sphinxcontrib-htmlhelp==2.1.0
sphinxcontrib-jsmath==1.0.1
sphinxcontrib-qthelp==2.0.0
sphinxcontrib-serializinghtml==2.0.0
sqlglot==4.6.0
sqlparse==0.4.1
sympy==1.13.0
urllib3==1.26.5
webencodings==0.5.1

==================================================
(33/83) creating venv for benchmark (float)

(trying common venv first)
Installing requirements into the virtual environment /home/qianhuiwang/cpython/build-purecap
# /home/qianhuiwang/cpython/build-purecap/python -m pip install pyperf==2.9.0
Requirement already satisfied: pyperf==2.9.0 in ./lib/python3.12/site-packages (2.9.0)
Requirement already satisfied: psutil>=5.9.0 in ./lib/python3.12/site-packages (from pyperf==2.9.0) (7.0.0)

[notice] A new release of pip is available: 25.0.1 -> 25.1.1
[notice] To update, run: /home/qianhuiwang/cpython/build-purecap/python -m pip install --upgrade pip
Installing requirements into the virtual environment /home/qianhuiwang/cpython/build-purecap
# /home/qianhuiwang/cpython/build-purecap/python -m pip install psutil
Requirement already satisfied: psutil in ./lib/python3.12/site-packages (7.0.0)

[notice] A new release of pip is available: 25.0.1 -> 25.1.1
[notice] To update, run: /home/qianhuiwang/cpython/build-purecap/python -m pip install --upgrade pip
# /home/qianhuiwang/cpython/build-purecap/python -m pip freeze
alabaster==0.7.16
asgiref==3.6.0
babel==2.17.0
build==1.2.2.post1
certifi==2021.5.30
Chameleon==3.9.1
charset-normalizer==3.4.1
coverage==7.3.2
Django==4.2
docutils==0.21.2
dulwich==0.20.23
Genshi==0.7.7
html5lib==1.1
idna==3.10
imagesize==1.4.1
Jinja2==3.1.6
legacy-cgi==2.6
Mako==1.1.4
MarkupSafe==2.0.1
mpmath==1.2.1
networkx==3.4.2
packaging==24.2
psutil==7.0.0
pyaes==1.6.1
Pygments==2.19.1
pyperf==2.9.0
pyperformance @ file:///home/qianhuiwang/cpython/site-packages/pyperformance/dist/pyperformance-1.11.0-py3-none-any.whl#sha256=5e7db3719781f5aaaa31704d7bc2566ec18ade1aa74b998aae4e93a9ebbaa849
pyproject_hooks==1.2.0
python-docs-theme==2024.6
pytz==2021.1
requests==2.32.3
setuptools==78.1.0
six==1.16.0
snowballstemmer==2.2.0
Sphinx==7.3.7
sphinxcontrib-applehelp==2.0.0
sphinxcontrib-devhelp==2.0.0
sphinxcontrib-htmlhelp==2.1.0
sphinxcontrib-jsmath==1.0.1
sphinxcontrib-qthelp==2.0.0
sphinxcontrib-serializinghtml==2.0.0
sqlglot==4.6.0
sqlparse==0.4.1
sympy==1.13.0
urllib3==1.26.5
webencodings==0.5.1
# /home/qianhuiwang/cpython/build-purecap/python -m pip freeze
alabaster==0.7.16
asgiref==3.6.0
babel==2.17.0
build==1.2.2.post1
certifi==2021.5.30
Chameleon==3.9.1
charset-normalizer==3.4.1
coverage==7.3.2
Django==4.2
docutils==0.21.2
dulwich==0.20.23
Genshi==0.7.7
html5lib==1.1
idna==3.10
imagesize==1.4.1
Jinja2==3.1.6
legacy-cgi==2.6
Mako==1.1.4
MarkupSafe==2.0.1
mpmath==1.2.1
networkx==3.4.2
packaging==24.2
psutil==7.0.0
pyaes==1.6.1
Pygments==2.19.1
pyperf==2.9.0
pyperformance @ file:///home/qianhuiwang/cpython/site-packages/pyperformance/dist/pyperformance-1.11.0-py3-none-any.whl#sha256=5e7db3719781f5aaaa31704d7bc2566ec18ade1aa74b998aae4e93a9ebbaa849
pyproject_hooks==1.2.0
python-docs-theme==2024.6
pytz==2021.1
requests==2.32.3
setuptools==78.1.0
six==1.16.0
snowballstemmer==2.2.0
Sphinx==7.3.7
sphinxcontrib-applehelp==2.0.0
sphinxcontrib-devhelp==2.0.0
sphinxcontrib-htmlhelp==2.1.0
sphinxcontrib-jsmath==1.0.1
sphinxcontrib-qthelp==2.0.0
sphinxcontrib-serializinghtml==2.0.0
sqlglot==4.6.0
sqlparse==0.4.1
sympy==1.13.0
urllib3==1.26.5
webencodings==0.5.1

==================================================
(34/83) creating venv for benchmark (gc_collect)

(trying common venv first)
Installing requirements into the virtual environment /home/qianhuiwang/cpython/build-purecap
# /home/qianhuiwang/cpython/build-purecap/python -m pip install pyperf==2.9.0
Requirement already satisfied: pyperf==2.9.0 in ./lib/python3.12/site-packages (2.9.0)
Requirement already satisfied: psutil>=5.9.0 in ./lib/python3.12/site-packages (from pyperf==2.9.0) (7.0.0)

[notice] A new release of pip is available: 25.0.1 -> 25.1.1
[notice] To update, run: /home/qianhuiwang/cpython/build-purecap/python -m pip install --upgrade pip
Installing requirements into the virtual environment /home/qianhuiwang/cpython/build-purecap
# /home/qianhuiwang/cpython/build-purecap/python -m pip install psutil
Requirement already satisfied: psutil in ./lib/python3.12/site-packages (7.0.0)

[notice] A new release of pip is available: 25.0.1 -> 25.1.1
[notice] To update, run: /home/qianhuiwang/cpython/build-purecap/python -m pip install --upgrade pip
# /home/qianhuiwang/cpython/build-purecap/python -m pip freeze
alabaster==0.7.16
asgiref==3.6.0
babel==2.17.0
build==1.2.2.post1
certifi==2021.5.30
Chameleon==3.9.1
charset-normalizer==3.4.1
coverage==7.3.2
Django==4.2
docutils==0.21.2
dulwich==0.20.23
Genshi==0.7.7
html5lib==1.1
idna==3.10
imagesize==1.4.1
Jinja2==3.1.6
legacy-cgi==2.6
Mako==1.1.4
MarkupSafe==2.0.1
mpmath==1.2.1
networkx==3.4.2
packaging==24.2
psutil==7.0.0
pyaes==1.6.1
Pygments==2.19.1
pyperf==2.9.0
pyperformance @ file:///home/qianhuiwang/cpython/site-packages/pyperformance/dist/pyperformance-1.11.0-py3-none-any.whl#sha256=5e7db3719781f5aaaa31704d7bc2566ec18ade1aa74b998aae4e93a9ebbaa849
pyproject_hooks==1.2.0
python-docs-theme==2024.6
pytz==2021.1
requests==2.32.3
setuptools==78.1.0
six==1.16.0
snowballstemmer==2.2.0
Sphinx==7.3.7
sphinxcontrib-applehelp==2.0.0
sphinxcontrib-devhelp==2.0.0
sphinxcontrib-htmlhelp==2.1.0
sphinxcontrib-jsmath==1.0.1
sphinxcontrib-qthelp==2.0.0
sphinxcontrib-serializinghtml==2.0.0
sqlglot==4.6.0
sqlparse==0.4.1
sympy==1.13.0
urllib3==1.26.5
webencodings==0.5.1
# /home/qianhuiwang/cpython/build-purecap/python -m pip freeze
alabaster==0.7.16
asgiref==3.6.0
babel==2.17.0
build==1.2.2.post1
certifi==2021.5.30
Chameleon==3.9.1
charset-normalizer==3.4.1
coverage==7.3.2
Django==4.2
docutils==0.21.2
dulwich==0.20.23
Genshi==0.7.7
html5lib==1.1
idna==3.10
imagesize==1.4.1
Jinja2==3.1.6
legacy-cgi==2.6
Mako==1.1.4
MarkupSafe==2.0.1
mpmath==1.2.1
networkx==3.4.2
packaging==24.2
psutil==7.0.0
pyaes==1.6.1
Pygments==2.19.1
pyperf==2.9.0
pyperformance @ file:///home/qianhuiwang/cpython/site-packages/pyperformance/dist/pyperformance-1.11.0-py3-none-any.whl#sha256=5e7db3719781f5aaaa31704d7bc2566ec18ade1aa74b998aae4e93a9ebbaa849
pyproject_hooks==1.2.0
python-docs-theme==2024.6
pytz==2021.1
requests==2.32.3
setuptools==78.1.0
six==1.16.0
snowballstemmer==2.2.0
Sphinx==7.3.7
sphinxcontrib-applehelp==2.0.0
sphinxcontrib-devhelp==2.0.0
sphinxcontrib-htmlhelp==2.1.0
sphinxcontrib-jsmath==1.0.1
sphinxcontrib-qthelp==2.0.0
sphinxcontrib-serializinghtml==2.0.0
sqlglot==4.6.0
sqlparse==0.4.1
sympy==1.13.0
urllib3==1.26.5
webencodings==0.5.1

==================================================
(35/83) creating venv for benchmark (gc_traversal)

(trying common venv first)
Installing requirements into the virtual environment /home/qianhuiwang/cpython/build-purecap
# /home/qianhuiwang/cpython/build-purecap/python -m pip install pyperf==2.9.0
Requirement already satisfied: pyperf==2.9.0 in ./lib/python3.12/site-packages (2.9.0)
Requirement already satisfied: psutil>=5.9.0 in ./lib/python3.12/site-packages (from pyperf==2.9.0) (7.0.0)

[notice] A new release of pip is available: 25.0.1 -> 25.1.1
[notice] To update, run: /home/qianhuiwang/cpython/build-purecap/python -m pip install --upgrade pip
Installing requirements into the virtual environment /home/qianhuiwang/cpython/build-purecap
# /home/qianhuiwang/cpython/build-purecap/python -m pip install psutil
Requirement already satisfied: psutil in ./lib/python3.12/site-packages (7.0.0)

[notice] A new release of pip is available: 25.0.1 -> 25.1.1
[notice] To update, run: /home/qianhuiwang/cpython/build-purecap/python -m pip install --upgrade pip
# /home/qianhuiwang/cpython/build-purecap/python -m pip freeze
alabaster==0.7.16
asgiref==3.6.0
babel==2.17.0
build==1.2.2.post1
certifi==2021.5.30
Chameleon==3.9.1
charset-normalizer==3.4.1
coverage==7.3.2
Django==4.2
docutils==0.21.2
dulwich==0.20.23
Genshi==0.7.7
html5lib==1.1
idna==3.10
imagesize==1.4.1
Jinja2==3.1.6
legacy-cgi==2.6
Mako==1.1.4
MarkupSafe==2.0.1
mpmath==1.2.1
networkx==3.4.2
packaging==24.2
psutil==7.0.0
pyaes==1.6.1
Pygments==2.19.1
pyperf==2.9.0
pyperformance @ file:///home/qianhuiwang/cpython/site-packages/pyperformance/dist/pyperformance-1.11.0-py3-none-any.whl#sha256=5e7db3719781f5aaaa31704d7bc2566ec18ade1aa74b998aae4e93a9ebbaa849
pyproject_hooks==1.2.0
python-docs-theme==2024.6
pytz==2021.1
requests==2.32.3
setuptools==78.1.0
six==1.16.0
snowballstemmer==2.2.0
Sphinx==7.3.7
sphinxcontrib-applehelp==2.0.0
sphinxcontrib-devhelp==2.0.0
sphinxcontrib-htmlhelp==2.1.0
sphinxcontrib-jsmath==1.0.1
sphinxcontrib-qthelp==2.0.0
sphinxcontrib-serializinghtml==2.0.0
sqlglot==4.6.0
sqlparse==0.4.1
sympy==1.13.0
urllib3==1.26.5
webencodings==0.5.1
# /home/qianhuiwang/cpython/build-purecap/python -m pip freeze
alabaster==0.7.16
asgiref==3.6.0
babel==2.17.0
build==1.2.2.post1
certifi==2021.5.30
Chameleon==3.9.1
charset-normalizer==3.4.1
coverage==7.3.2
Django==4.2
docutils==0.21.2
dulwich==0.20.23
Genshi==0.7.7
html5lib==1.1
idna==3.10
imagesize==1.4.1
Jinja2==3.1.6
legacy-cgi==2.6
Mako==1.1.4
MarkupSafe==2.0.1
mpmath==1.2.1
networkx==3.4.2
packaging==24.2
psutil==7.0.0
pyaes==1.6.1
Pygments==2.19.1
pyperf==2.9.0
pyperformance @ file:///home/qianhuiwang/cpython/site-packages/pyperformance/dist/pyperformance-1.11.0-py3-none-any.whl#sha256=5e7db3719781f5aaaa31704d7bc2566ec18ade1aa74b998aae4e93a9ebbaa849
pyproject_hooks==1.2.0
python-docs-theme==2024.6
pytz==2021.1
requests==2.32.3
setuptools==78.1.0
six==1.16.0
snowballstemmer==2.2.0
Sphinx==7.3.7
sphinxcontrib-applehelp==2.0.0
sphinxcontrib-devhelp==2.0.0
sphinxcontrib-htmlhelp==2.1.0
sphinxcontrib-jsmath==1.0.1
sphinxcontrib-qthelp==2.0.0
sphinxcontrib-serializinghtml==2.0.0
sqlglot==4.6.0
sqlparse==0.4.1
sympy==1.13.0
urllib3==1.26.5
webencodings==0.5.1

==================================================
(36/83) creating venv for benchmark (generators)

(trying common venv first)
Installing requirements into the virtual environment /home/qianhuiwang/cpython/build-purecap
# /home/qianhuiwang/cpython/build-purecap/python -m pip install pyperf==2.9.0
Requirement already satisfied: pyperf==2.9.0 in ./lib/python3.12/site-packages (2.9.0)
Requirement already satisfied: psutil>=5.9.0 in ./lib/python3.12/site-packages (from pyperf==2.9.0) (7.0.0)

[notice] A new release of pip is available: 25.0.1 -> 25.1.1
[notice] To update, run: /home/qianhuiwang/cpython/build-purecap/python -m pip install --upgrade pip
Installing requirements into the virtual environment /home/qianhuiwang/cpython/build-purecap
# /home/qianhuiwang/cpython/build-purecap/python -m pip install psutil
Requirement already satisfied: psutil in ./lib/python3.12/site-packages (7.0.0)

[notice] A new release of pip is available: 25.0.1 -> 25.1.1
[notice] To update, run: /home/qianhuiwang/cpython/build-purecap/python -m pip install --upgrade pip
# /home/qianhuiwang/cpython/build-purecap/python -m pip freeze
alabaster==0.7.16
asgiref==3.6.0
babel==2.17.0
build==1.2.2.post1
certifi==2021.5.30
Chameleon==3.9.1
charset-normalizer==3.4.1
coverage==7.3.2
Django==4.2
docutils==0.21.2
dulwich==0.20.23
Genshi==0.7.7
html5lib==1.1
idna==3.10
imagesize==1.4.1
Jinja2==3.1.6
legacy-cgi==2.6
Mako==1.1.4
MarkupSafe==2.0.1
mpmath==1.2.1
networkx==3.4.2
packaging==24.2
psutil==7.0.0
pyaes==1.6.1
Pygments==2.19.1
pyperf==2.9.0
pyperformance @ file:///home/qianhuiwang/cpython/site-packages/pyperformance/dist/pyperformance-1.11.0-py3-none-any.whl#sha256=5e7db3719781f5aaaa31704d7bc2566ec18ade1aa74b998aae4e93a9ebbaa849
pyproject_hooks==1.2.0
python-docs-theme==2024.6
pytz==2021.1
requests==2.32.3
setuptools==78.1.0
six==1.16.0
snowballstemmer==2.2.0
Sphinx==7.3.7
sphinxcontrib-applehelp==2.0.0
sphinxcontrib-devhelp==2.0.0
sphinxcontrib-htmlhelp==2.1.0
sphinxcontrib-jsmath==1.0.1
sphinxcontrib-qthelp==2.0.0
sphinxcontrib-serializinghtml==2.0.0
sqlglot==4.6.0
sqlparse==0.4.1
sympy==1.13.0
urllib3==1.26.5
webencodings==0.5.1
# /home/qianhuiwang/cpython/build-purecap/python -m pip freeze
alabaster==0.7.16
asgiref==3.6.0
babel==2.17.0
build==1.2.2.post1
certifi==2021.5.30
Chameleon==3.9.1
charset-normalizer==3.4.1
coverage==7.3.2
Django==4.2
docutils==0.21.2
dulwich==0.20.23
Genshi==0.7.7
html5lib==1.1
idna==3.10
imagesize==1.4.1
Jinja2==3.1.6
legacy-cgi==2.6
Mako==1.1.4
MarkupSafe==2.0.1
mpmath==1.2.1
networkx==3.4.2
packaging==24.2
psutil==7.0.0
pyaes==1.6.1
Pygments==2.19.1
pyperf==2.9.0
pyperformance @ file:///home/qianhuiwang/cpython/site-packages/pyperformance/dist/pyperformance-1.11.0-py3-none-any.whl#sha256=5e7db3719781f5aaaa31704d7bc2566ec18ade1aa74b998aae4e93a9ebbaa849
pyproject_hooks==1.2.0
python-docs-theme==2024.6
pytz==2021.1
requests==2.32.3
setuptools==78.1.0
six==1.16.0
snowballstemmer==2.2.0
Sphinx==7.3.7
sphinxcontrib-applehelp==2.0.0
sphinxcontrib-devhelp==2.0.0
sphinxcontrib-htmlhelp==2.1.0
sphinxcontrib-jsmath==1.0.1
sphinxcontrib-qthelp==2.0.0
sphinxcontrib-serializinghtml==2.0.0
sqlglot==4.6.0
sqlparse==0.4.1
sympy==1.13.0
urllib3==1.26.5
webencodings==0.5.1

==================================================
(37/83) creating venv for benchmark (genshi)

(trying common venv first)
Installing requirements into the virtual environment /home/qianhuiwang/cpython/build-purecap
# /home/qianhuiwang/cpython/build-purecap/python -m pip install genshi==0.7.7 six==1.16.0 pyperf==2.9.0
Requirement already satisfied: genshi==0.7.7 in ./lib/python3.12/site-packages (0.7.7)
Requirement already satisfied: six==1.16.0 in ./lib/python3.12/site-packages (1.16.0)
Requirement already satisfied: pyperf==2.9.0 in ./lib/python3.12/site-packages (2.9.0)
Requirement already satisfied: psutil>=5.9.0 in ./lib/python3.12/site-packages (from pyperf==2.9.0) (7.0.0)

[notice] A new release of pip is available: 25.0.1 -> 25.1.1
[notice] To update, run: /home/qianhuiwang/cpython/build-purecap/python -m pip install --upgrade pip
Installing requirements into the virtual environment /home/qianhuiwang/cpython/build-purecap
# /home/qianhuiwang/cpython/build-purecap/python -m pip install psutil
Requirement already satisfied: psutil in ./lib/python3.12/site-packages (7.0.0)

[notice] A new release of pip is available: 25.0.1 -> 25.1.1
[notice] To update, run: /home/qianhuiwang/cpython/build-purecap/python -m pip install --upgrade pip
# /home/qianhuiwang/cpython/build-purecap/python -m pip freeze
alabaster==0.7.16
asgiref==3.6.0
babel==2.17.0
build==1.2.2.post1
certifi==2021.5.30
Chameleon==3.9.1
charset-normalizer==3.4.1
coverage==7.3.2
Django==4.2
docutils==0.21.2
dulwich==0.20.23
Genshi==0.7.7
html5lib==1.1
idna==3.10
imagesize==1.4.1
Jinja2==3.1.6
legacy-cgi==2.6
Mako==1.1.4
MarkupSafe==2.0.1
mpmath==1.2.1
networkx==3.4.2
packaging==24.2
psutil==7.0.0
pyaes==1.6.1
Pygments==2.19.1
pyperf==2.9.0
pyperformance @ file:///home/qianhuiwang/cpython/site-packages/pyperformance/dist/pyperformance-1.11.0-py3-none-any.whl#sha256=5e7db3719781f5aaaa31704d7bc2566ec18ade1aa74b998aae4e93a9ebbaa849
pyproject_hooks==1.2.0
python-docs-theme==2024.6
pytz==2021.1
requests==2.32.3
setuptools==78.1.0
six==1.16.0
snowballstemmer==2.2.0
Sphinx==7.3.7
sphinxcontrib-applehelp==2.0.0
sphinxcontrib-devhelp==2.0.0
sphinxcontrib-htmlhelp==2.1.0
sphinxcontrib-jsmath==1.0.1
sphinxcontrib-qthelp==2.0.0
sphinxcontrib-serializinghtml==2.0.0
sqlglot==4.6.0
sqlparse==0.4.1
sympy==1.13.0
urllib3==1.26.5
webencodings==0.5.1
# /home/qianhuiwang/cpython/build-purecap/python -m pip freeze
alabaster==0.7.16
asgiref==3.6.0
babel==2.17.0
build==1.2.2.post1
certifi==2021.5.30
Chameleon==3.9.1
charset-normalizer==3.4.1
coverage==7.3.2
Django==4.2
docutils==0.21.2
dulwich==0.20.23
Genshi==0.7.7
html5lib==1.1
idna==3.10
imagesize==1.4.1
Jinja2==3.1.6
legacy-cgi==2.6
Mako==1.1.4
MarkupSafe==2.0.1
mpmath==1.2.1
networkx==3.4.2
packaging==24.2
psutil==7.0.0
pyaes==1.6.1
Pygments==2.19.1
pyperf==2.9.0
pyperformance @ file:///home/qianhuiwang/cpython/site-packages/pyperformance/dist/pyperformance-1.11.0-py3-none-any.whl#sha256=5e7db3719781f5aaaa31704d7bc2566ec18ade1aa74b998aae4e93a9ebbaa849
pyproject_hooks==1.2.0
python-docs-theme==2024.6
pytz==2021.1
requests==2.32.3
setuptools==78.1.0
six==1.16.0
snowballstemmer==2.2.0
Sphinx==7.3.7
sphinxcontrib-applehelp==2.0.0
sphinxcontrib-devhelp==2.0.0
sphinxcontrib-htmlhelp==2.1.0
sphinxcontrib-jsmath==1.0.1
sphinxcontrib-qthelp==2.0.0
sphinxcontrib-serializinghtml==2.0.0
sqlglot==4.6.0
sqlparse==0.4.1
sympy==1.13.0
urllib3==1.26.5
webencodings==0.5.1

==================================================
(38/83) creating venv for benchmark (go)

(trying common venv first)
Installing requirements into the virtual environment /home/qianhuiwang/cpython/build-purecap
# /home/qianhuiwang/cpython/build-purecap/python -m pip install pyperf==2.9.0
Requirement already satisfied: pyperf==2.9.0 in ./lib/python3.12/site-packages (2.9.0)
Requirement already satisfied: psutil>=5.9.0 in ./lib/python3.12/site-packages (from pyperf==2.9.0) (7.0.0)

[notice] A new release of pip is available: 25.0.1 -> 25.1.1
[notice] To update, run: /home/qianhuiwang/cpython/build-purecap/python -m pip install --upgrade pip
Installing requirements into the virtual environment /home/qianhuiwang/cpython/build-purecap
# /home/qianhuiwang/cpython/build-purecap/python -m pip install psutil
Requirement already satisfied: psutil in ./lib/python3.12/site-packages (7.0.0)

[notice] A new release of pip is available: 25.0.1 -> 25.1.1
[notice] To update, run: /home/qianhuiwang/cpython/build-purecap/python -m pip install --upgrade pip
# /home/qianhuiwang/cpython/build-purecap/python -m pip freeze
alabaster==0.7.16
asgiref==3.6.0
babel==2.17.0
build==1.2.2.post1
certifi==2021.5.30
Chameleon==3.9.1
charset-normalizer==3.4.1
coverage==7.3.2
Django==4.2
docutils==0.21.2
dulwich==0.20.23
Genshi==0.7.7
html5lib==1.1
idna==3.10
imagesize==1.4.1
Jinja2==3.1.6
legacy-cgi==2.6
Mako==1.1.4
MarkupSafe==2.0.1
mpmath==1.2.1
networkx==3.4.2
packaging==24.2
psutil==7.0.0
pyaes==1.6.1
Pygments==2.19.1
pyperf==2.9.0
pyperformance @ file:///home/qianhuiwang/cpython/site-packages/pyperformance/dist/pyperformance-1.11.0-py3-none-any.whl#sha256=5e7db3719781f5aaaa31704d7bc2566ec18ade1aa74b998aae4e93a9ebbaa849
pyproject_hooks==1.2.0
python-docs-theme==2024.6
pytz==2021.1
requests==2.32.3
setuptools==78.1.0
six==1.16.0
snowballstemmer==2.2.0
Sphinx==7.3.7
sphinxcontrib-applehelp==2.0.0
sphinxcontrib-devhelp==2.0.0
sphinxcontrib-htmlhelp==2.1.0
sphinxcontrib-jsmath==1.0.1
sphinxcontrib-qthelp==2.0.0
sphinxcontrib-serializinghtml==2.0.0
sqlglot==4.6.0
sqlparse==0.4.1
sympy==1.13.0
urllib3==1.26.5
webencodings==0.5.1
# /home/qianhuiwang/cpython/build-purecap/python -m pip freeze
alabaster==0.7.16
asgiref==3.6.0
babel==2.17.0
build==1.2.2.post1
certifi==2021.5.30
Chameleon==3.9.1
charset-normalizer==3.4.1
coverage==7.3.2
Django==4.2
docutils==0.21.2
dulwich==0.20.23
Genshi==0.7.7
html5lib==1.1
idna==3.10
imagesize==1.4.1
Jinja2==3.1.6
legacy-cgi==2.6
Mako==1.1.4
MarkupSafe==2.0.1
mpmath==1.2.1
networkx==3.4.2
packaging==24.2
psutil==7.0.0
pyaes==1.6.1
Pygments==2.19.1
pyperf==2.9.0
pyperformance @ file:///home/qianhuiwang/cpython/site-packages/pyperformance/dist/pyperformance-1.11.0-py3-none-any.whl#sha256=5e7db3719781f5aaaa31704d7bc2566ec18ade1aa74b998aae4e93a9ebbaa849
pyproject_hooks==1.2.0
python-docs-theme==2024.6
pytz==2021.1
requests==2.32.3
setuptools==78.1.0
six==1.16.0
snowballstemmer==2.2.0
Sphinx==7.3.7
sphinxcontrib-applehelp==2.0.0
sphinxcontrib-devhelp==2.0.0
sphinxcontrib-htmlhelp==2.1.0
sphinxcontrib-jsmath==1.0.1
sphinxcontrib-qthelp==2.0.0
sphinxcontrib-serializinghtml==2.0.0
sqlglot==4.6.0
sqlparse==0.4.1
sympy==1.13.0
urllib3==1.26.5
webencodings==0.5.1

==================================================
(39/83) creating venv for benchmark (hexiom)

(trying common venv first)
Installing requirements into the virtual environment /home/qianhuiwang/cpython/build-purecap
# /home/qianhuiwang/cpython/build-purecap/python -m pip install pyperf==2.9.0
Requirement already satisfied: pyperf==2.9.0 in ./lib/python3.12/site-packages (2.9.0)
Requirement already satisfied: psutil>=5.9.0 in ./lib/python3.12/site-packages (from pyperf==2.9.0) (7.0.0)

[notice] A new release of pip is available: 25.0.1 -> 25.1.1
[notice] To update, run: /home/qianhuiwang/cpython/build-purecap/python -m pip install --upgrade pip
Installing requirements into the virtual environment /home/qianhuiwang/cpython/build-purecap
# /home/qianhuiwang/cpython/build-purecap/python -m pip install psutil
Requirement already satisfied: psutil in ./lib/python3.12/site-packages (7.0.0)

[notice] A new release of pip is available: 25.0.1 -> 25.1.1
[notice] To update, run: /home/qianhuiwang/cpython/build-purecap/python -m pip install --upgrade pip
# /home/qianhuiwang/cpython/build-purecap/python -m pip freeze
alabaster==0.7.16
asgiref==3.6.0
babel==2.17.0
build==1.2.2.post1
certifi==2021.5.30
Chameleon==3.9.1
charset-normalizer==3.4.1
coverage==7.3.2
Django==4.2
docutils==0.21.2
dulwich==0.20.23
Genshi==0.7.7
html5lib==1.1
idna==3.10
imagesize==1.4.1
Jinja2==3.1.6
legacy-cgi==2.6
Mako==1.1.4
MarkupSafe==2.0.1
mpmath==1.2.1
networkx==3.4.2
packaging==24.2
psutil==7.0.0
pyaes==1.6.1
Pygments==2.19.1
pyperf==2.9.0
pyperformance @ file:///home/qianhuiwang/cpython/site-packages/pyperformance/dist/pyperformance-1.11.0-py3-none-any.whl#sha256=5e7db3719781f5aaaa31704d7bc2566ec18ade1aa74b998aae4e93a9ebbaa849
pyproject_hooks==1.2.0
python-docs-theme==2024.6
pytz==2021.1
requests==2.32.3
setuptools==78.1.0
six==1.16.0
snowballstemmer==2.2.0
Sphinx==7.3.7
sphinxcontrib-applehelp==2.0.0
sphinxcontrib-devhelp==2.0.0
sphinxcontrib-htmlhelp==2.1.0
sphinxcontrib-jsmath==1.0.1
sphinxcontrib-qthelp==2.0.0
sphinxcontrib-serializinghtml==2.0.0
sqlglot==4.6.0
sqlparse==0.4.1
sympy==1.13.0
urllib3==1.26.5
webencodings==0.5.1
# /home/qianhuiwang/cpython/build-purecap/python -m pip freeze
alabaster==0.7.16
asgiref==3.6.0
babel==2.17.0
build==1.2.2.post1
certifi==2021.5.30
Chameleon==3.9.1
charset-normalizer==3.4.1
coverage==7.3.2
Django==4.2
docutils==0.21.2
dulwich==0.20.23
Genshi==0.7.7
html5lib==1.1
idna==3.10
imagesize==1.4.1
Jinja2==3.1.6
legacy-cgi==2.6
Mako==1.1.4
MarkupSafe==2.0.1
mpmath==1.2.1
networkx==3.4.2
packaging==24.2
psutil==7.0.0
pyaes==1.6.1
Pygments==2.19.1
pyperf==2.9.0
pyperformance @ file:///home/qianhuiwang/cpython/site-packages/pyperformance/dist/pyperformance-1.11.0-py3-none-any.whl#sha256=5e7db3719781f5aaaa31704d7bc2566ec18ade1aa74b998aae4e93a9ebbaa849
pyproject_hooks==1.2.0
python-docs-theme==2024.6
pytz==2021.1
requests==2.32.3
setuptools==78.1.0
six==1.16.0
snowballstemmer==2.2.0
Sphinx==7.3.7
sphinxcontrib-applehelp==2.0.0
sphinxcontrib-devhelp==2.0.0
sphinxcontrib-htmlhelp==2.1.0
sphinxcontrib-jsmath==1.0.1
sphinxcontrib-qthelp==2.0.0
sphinxcontrib-serializinghtml==2.0.0
sqlglot==4.6.0
sqlparse==0.4.1
sympy==1.13.0
urllib3==1.26.5
webencodings==0.5.1

==================================================
(40/83) creating venv for benchmark (html5lib)

(trying common venv first)
Installing requirements into the virtual environment /home/qianhuiwang/cpython/build-purecap
# /home/qianhuiwang/cpython/build-purecap/python -m pip install html5lib==1.1 six==1.16.0 webencodings==0.5.1 pyperf==2.9.0
Requirement already satisfied: html5lib==1.1 in ./lib/python3.12/site-packages (1.1)
Requirement already satisfied: six==1.16.0 in ./lib/python3.12/site-packages (1.16.0)
Requirement already satisfied: webencodings==0.5.1 in ./lib/python3.12/site-packages (0.5.1)
Requirement already satisfied: pyperf==2.9.0 in ./lib/python3.12/site-packages (2.9.0)
Requirement already satisfied: psutil>=5.9.0 in ./lib/python3.12/site-packages (from pyperf==2.9.0) (7.0.0)

[notice] A new release of pip is available: 25.0.1 -> 25.1.1
[notice] To update, run: /home/qianhuiwang/cpython/build-purecap/python -m pip install --upgrade pip
Installing requirements into the virtual environment /home/qianhuiwang/cpython/build-purecap
# /home/qianhuiwang/cpython/build-purecap/python -m pip install psutil
Requirement already satisfied: psutil in ./lib/python3.12/site-packages (7.0.0)

[notice] A new release of pip is available: 25.0.1 -> 25.1.1
[notice] To update, run: /home/qianhuiwang/cpython/build-purecap/python -m pip install --upgrade pip
# /home/qianhuiwang/cpython/build-purecap/python -m pip freeze
alabaster==0.7.16
asgiref==3.6.0
babel==2.17.0
build==1.2.2.post1
certifi==2021.5.30
Chameleon==3.9.1
charset-normalizer==3.4.1
coverage==7.3.2
Django==4.2
docutils==0.21.2
dulwich==0.20.23
Genshi==0.7.7
html5lib==1.1
idna==3.10
imagesize==1.4.1
Jinja2==3.1.6
legacy-cgi==2.6
Mako==1.1.4
MarkupSafe==2.0.1
mpmath==1.2.1
networkx==3.4.2
packaging==24.2
psutil==7.0.0
pyaes==1.6.1
Pygments==2.19.1
pyperf==2.9.0
pyperformance @ file:///home/qianhuiwang/cpython/site-packages/pyperformance/dist/pyperformance-1.11.0-py3-none-any.whl#sha256=5e7db3719781f5aaaa31704d7bc2566ec18ade1aa74b998aae4e93a9ebbaa849
pyproject_hooks==1.2.0
python-docs-theme==2024.6
pytz==2021.1
requests==2.32.3
setuptools==78.1.0
six==1.16.0
snowballstemmer==2.2.0
Sphinx==7.3.7
sphinxcontrib-applehelp==2.0.0
sphinxcontrib-devhelp==2.0.0
sphinxcontrib-htmlhelp==2.1.0
sphinxcontrib-jsmath==1.0.1
sphinxcontrib-qthelp==2.0.0
sphinxcontrib-serializinghtml==2.0.0
sqlglot==4.6.0
sqlparse==0.4.1
sympy==1.13.0
urllib3==1.26.5
webencodings==0.5.1
# /home/qianhuiwang/cpython/build-purecap/python -m pip freeze
alabaster==0.7.16
asgiref==3.6.0
babel==2.17.0
build==1.2.2.post1
certifi==2021.5.30
Chameleon==3.9.1
charset-normalizer==3.4.1
coverage==7.3.2
Django==4.2
docutils==0.21.2
dulwich==0.20.23
Genshi==0.7.7
html5lib==1.1
idna==3.10
imagesize==1.4.1
Jinja2==3.1.6
legacy-cgi==2.6
Mako==1.1.4
MarkupSafe==2.0.1
mpmath==1.2.1
networkx==3.4.2
packaging==24.2
psutil==7.0.0
pyaes==1.6.1
Pygments==2.19.1
pyperf==2.9.0
pyperformance @ file:///home/qianhuiwang/cpython/site-packages/pyperformance/dist/pyperformance-1.11.0-py3-none-any.whl#sha256=5e7db3719781f5aaaa31704d7bc2566ec18ade1aa74b998aae4e93a9ebbaa849
pyproject_hooks==1.2.0
python-docs-theme==2024.6
pytz==2021.1
requests==2.32.3
setuptools==78.1.0
six==1.16.0
snowballstemmer==2.2.0
Sphinx==7.3.7
sphinxcontrib-applehelp==2.0.0
sphinxcontrib-devhelp==2.0.0
sphinxcontrib-htmlhelp==2.1.0
sphinxcontrib-jsmath==1.0.1
sphinxcontrib-qthelp==2.0.0
sphinxcontrib-serializinghtml==2.0.0
sqlglot==4.6.0
sqlparse==0.4.1
sympy==1.13.0
urllib3==1.26.5
webencodings==0.5.1

==================================================
(41/83) creating venv for benchmark (json_dumps)

(trying common venv first)
Installing requirements into the virtual environment /home/qianhuiwang/cpython/build-purecap
# /home/qianhuiwang/cpython/build-purecap/python -m pip install pyperf==2.9.0
Requirement already satisfied: pyperf==2.9.0 in ./lib/python3.12/site-packages (2.9.0)
Requirement already satisfied: psutil>=5.9.0 in ./lib/python3.12/site-packages (from pyperf==2.9.0) (7.0.0)

[notice] A new release of pip is available: 25.0.1 -> 25.1.1
[notice] To update, run: /home/qianhuiwang/cpython/build-purecap/python -m pip install --upgrade pip
Installing requirements into the virtual environment /home/qianhuiwang/cpython/build-purecap
# /home/qianhuiwang/cpython/build-purecap/python -m pip install psutil
Requirement already satisfied: psutil in ./lib/python3.12/site-packages (7.0.0)

[notice] A new release of pip is available: 25.0.1 -> 25.1.1
[notice] To update, run: /home/qianhuiwang/cpython/build-purecap/python -m pip install --upgrade pip
# /home/qianhuiwang/cpython/build-purecap/python -m pip freeze
alabaster==0.7.16
asgiref==3.6.0
babel==2.17.0
build==1.2.2.post1
certifi==2021.5.30
Chameleon==3.9.1
charset-normalizer==3.4.1
coverage==7.3.2
Django==4.2
docutils==0.21.2
dulwich==0.20.23
Genshi==0.7.7
html5lib==1.1
idna==3.10
imagesize==1.4.1
Jinja2==3.1.6
legacy-cgi==2.6
Mako==1.1.4
MarkupSafe==2.0.1
mpmath==1.2.1
networkx==3.4.2
packaging==24.2
psutil==7.0.0
pyaes==1.6.1
Pygments==2.19.1
pyperf==2.9.0
pyperformance @ file:///home/qianhuiwang/cpython/site-packages/pyperformance/dist/pyperformance-1.11.0-py3-none-any.whl#sha256=5e7db3719781f5aaaa31704d7bc2566ec18ade1aa74b998aae4e93a9ebbaa849
pyproject_hooks==1.2.0
python-docs-theme==2024.6
pytz==2021.1
requests==2.32.3
setuptools==78.1.0
six==1.16.0
snowballstemmer==2.2.0
Sphinx==7.3.7
sphinxcontrib-applehelp==2.0.0
sphinxcontrib-devhelp==2.0.0
sphinxcontrib-htmlhelp==2.1.0
sphinxcontrib-jsmath==1.0.1
sphinxcontrib-qthelp==2.0.0
sphinxcontrib-serializinghtml==2.0.0
sqlglot==4.6.0
sqlparse==0.4.1
sympy==1.13.0
urllib3==1.26.5
webencodings==0.5.1
# /home/qianhuiwang/cpython/build-purecap/python -m pip freeze
alabaster==0.7.16
asgiref==3.6.0
babel==2.17.0
build==1.2.2.post1
certifi==2021.5.30
Chameleon==3.9.1
charset-normalizer==3.4.1
coverage==7.3.2
Django==4.2
docutils==0.21.2
dulwich==0.20.23
Genshi==0.7.7
html5lib==1.1
idna==3.10
imagesize==1.4.1
Jinja2==3.1.6
legacy-cgi==2.6
Mako==1.1.4
MarkupSafe==2.0.1
mpmath==1.2.1
networkx==3.4.2
packaging==24.2
psutil==7.0.0
pyaes==1.6.1
Pygments==2.19.1
pyperf==2.9.0
pyperformance @ file:///home/qianhuiwang/cpython/site-packages/pyperformance/dist/pyperformance-1.11.0-py3-none-any.whl#sha256=5e7db3719781f5aaaa31704d7bc2566ec18ade1aa74b998aae4e93a9ebbaa849
pyproject_hooks==1.2.0
python-docs-theme==2024.6
pytz==2021.1
requests==2.32.3
setuptools==78.1.0
six==1.16.0
snowballstemmer==2.2.0
Sphinx==7.3.7
sphinxcontrib-applehelp==2.0.0
sphinxcontrib-devhelp==2.0.0
sphinxcontrib-htmlhelp==2.1.0
sphinxcontrib-jsmath==1.0.1
sphinxcontrib-qthelp==2.0.0
sphinxcontrib-serializinghtml==2.0.0
sqlglot==4.6.0
sqlparse==0.4.1
sympy==1.13.0
urllib3==1.26.5
webencodings==0.5.1

==================================================
(42/83) creating venv for benchmark (json_loads)

(trying common venv first)
Installing requirements into the virtual environment /home/qianhuiwang/cpython/build-purecap
# /home/qianhuiwang/cpython/build-purecap/python -m pip install pyperf==2.9.0
Requirement already satisfied: pyperf==2.9.0 in ./lib/python3.12/site-packages (2.9.0)
Requirement already satisfied: psutil>=5.9.0 in ./lib/python3.12/site-packages (from pyperf==2.9.0) (7.0.0)

[notice] A new release of pip is available: 25.0.1 -> 25.1.1
[notice] To update, run: /home/qianhuiwang/cpython/build-purecap/python -m pip install --upgrade pip
Installing requirements into the virtual environment /home/qianhuiwang/cpython/build-purecap
# /home/qianhuiwang/cpython/build-purecap/python -m pip install psutil
Requirement already satisfied: psutil in ./lib/python3.12/site-packages (7.0.0)

[notice] A new release of pip is available: 25.0.1 -> 25.1.1
[notice] To update, run: /home/qianhuiwang/cpython/build-purecap/python -m pip install --upgrade pip
# /home/qianhuiwang/cpython/build-purecap/python -m pip freeze
alabaster==0.7.16
asgiref==3.6.0
babel==2.17.0
build==1.2.2.post1
certifi==2021.5.30
Chameleon==3.9.1
charset-normalizer==3.4.1
coverage==7.3.2
Django==4.2
docutils==0.21.2
dulwich==0.20.23
Genshi==0.7.7
html5lib==1.1
idna==3.10
imagesize==1.4.1
Jinja2==3.1.6
legacy-cgi==2.6
Mako==1.1.4
MarkupSafe==2.0.1
mpmath==1.2.1
networkx==3.4.2
packaging==24.2
psutil==7.0.0
pyaes==1.6.1
Pygments==2.19.1
pyperf==2.9.0
pyperformance @ file:///home/qianhuiwang/cpython/site-packages/pyperformance/dist/pyperformance-1.11.0-py3-none-any.whl#sha256=5e7db3719781f5aaaa31704d7bc2566ec18ade1aa74b998aae4e93a9ebbaa849
pyproject_hooks==1.2.0
python-docs-theme==2024.6
pytz==2021.1
requests==2.32.3
setuptools==78.1.0
six==1.16.0
snowballstemmer==2.2.0
Sphinx==7.3.7
sphinxcontrib-applehelp==2.0.0
sphinxcontrib-devhelp==2.0.0
sphinxcontrib-htmlhelp==2.1.0
sphinxcontrib-jsmath==1.0.1
sphinxcontrib-qthelp==2.0.0
sphinxcontrib-serializinghtml==2.0.0
sqlglot==4.6.0
sqlparse==0.4.1
sympy==1.13.0
urllib3==1.26.5
webencodings==0.5.1
# /home/qianhuiwang/cpython/build-purecap/python -m pip freeze
alabaster==0.7.16
asgiref==3.6.0
babel==2.17.0
build==1.2.2.post1
certifi==2021.5.30
Chameleon==3.9.1
charset-normalizer==3.4.1
coverage==7.3.2
Django==4.2
docutils==0.21.2
dulwich==0.20.23
Genshi==0.7.7
html5lib==1.1
idna==3.10
imagesize==1.4.1
Jinja2==3.1.6
legacy-cgi==2.6
Mako==1.1.4
MarkupSafe==2.0.1
mpmath==1.2.1
networkx==3.4.2
packaging==24.2
psutil==7.0.0
pyaes==1.6.1
Pygments==2.19.1
pyperf==2.9.0
pyperformance @ file:///home/qianhuiwang/cpython/site-packages/pyperformance/dist/pyperformance-1.11.0-py3-none-any.whl#sha256=5e7db3719781f5aaaa31704d7bc2566ec18ade1aa74b998aae4e93a9ebbaa849
pyproject_hooks==1.2.0
python-docs-theme==2024.6
pytz==2021.1
requests==2.32.3
setuptools==78.1.0
six==1.16.0
snowballstemmer==2.2.0
Sphinx==7.3.7
sphinxcontrib-applehelp==2.0.0
sphinxcontrib-devhelp==2.0.0
sphinxcontrib-htmlhelp==2.1.0
sphinxcontrib-jsmath==1.0.1
sphinxcontrib-qthelp==2.0.0
sphinxcontrib-serializinghtml==2.0.0
sqlglot==4.6.0
sqlparse==0.4.1
sympy==1.13.0
urllib3==1.26.5
webencodings==0.5.1

==================================================
(43/83) creating venv for benchmark (logging)

(trying common venv first)
Installing requirements into the virtual environment /home/qianhuiwang/cpython/build-purecap
# /home/qianhuiwang/cpython/build-purecap/python -m pip install pyperf==2.9.0
Requirement already satisfied: pyperf==2.9.0 in ./lib/python3.12/site-packages (2.9.0)
Requirement already satisfied: psutil>=5.9.0 in ./lib/python3.12/site-packages (from pyperf==2.9.0) (7.0.0)

[notice] A new release of pip is available: 25.0.1 -> 25.1.1
[notice] To update, run: /home/qianhuiwang/cpython/build-purecap/python -m pip install --upgrade pip
Installing requirements into the virtual environment /home/qianhuiwang/cpython/build-purecap
# /home/qianhuiwang/cpython/build-purecap/python -m pip install psutil
Requirement already satisfied: psutil in ./lib/python3.12/site-packages (7.0.0)

[notice] A new release of pip is available: 25.0.1 -> 25.1.1
[notice] To update, run: /home/qianhuiwang/cpython/build-purecap/python -m pip install --upgrade pip
# /home/qianhuiwang/cpython/build-purecap/python -m pip freeze
alabaster==0.7.16
asgiref==3.6.0
babel==2.17.0
build==1.2.2.post1
certifi==2021.5.30
Chameleon==3.9.1
charset-normalizer==3.4.1
coverage==7.3.2
Django==4.2
docutils==0.21.2
dulwich==0.20.23
Genshi==0.7.7
html5lib==1.1
idna==3.10
imagesize==1.4.1
Jinja2==3.1.6
legacy-cgi==2.6
Mako==1.1.4
MarkupSafe==2.0.1
mpmath==1.2.1
networkx==3.4.2
packaging==24.2
psutil==7.0.0
pyaes==1.6.1
Pygments==2.19.1
pyperf==2.9.0
pyperformance @ file:///home/qianhuiwang/cpython/site-packages/pyperformance/dist/pyperformance-1.11.0-py3-none-any.whl#sha256=5e7db3719781f5aaaa31704d7bc2566ec18ade1aa74b998aae4e93a9ebbaa849
pyproject_hooks==1.2.0
python-docs-theme==2024.6
pytz==2021.1
requests==2.32.3
setuptools==78.1.0
six==1.16.0
snowballstemmer==2.2.0
Sphinx==7.3.7
sphinxcontrib-applehelp==2.0.0
sphinxcontrib-devhelp==2.0.0
sphinxcontrib-htmlhelp==2.1.0
sphinxcontrib-jsmath==1.0.1
sphinxcontrib-qthelp==2.0.0
sphinxcontrib-serializinghtml==2.0.0
sqlglot==4.6.0
sqlparse==0.4.1
sympy==1.13.0
urllib3==1.26.5
webencodings==0.5.1
# /home/qianhuiwang/cpython/build-purecap/python -m pip freeze
alabaster==0.7.16
asgiref==3.6.0
babel==2.17.0
build==1.2.2.post1
certifi==2021.5.30
Chameleon==3.9.1
charset-normalizer==3.4.1
coverage==7.3.2
Django==4.2
docutils==0.21.2
dulwich==0.20.23
Genshi==0.7.7
html5lib==1.1
idna==3.10
imagesize==1.4.1
Jinja2==3.1.6
legacy-cgi==2.6
Mako==1.1.4
MarkupSafe==2.0.1
mpmath==1.2.1
networkx==3.4.2
packaging==24.2
psutil==7.0.0
pyaes==1.6.1
Pygments==2.19.1
pyperf==2.9.0
pyperformance @ file:///home/qianhuiwang/cpython/site-packages/pyperformance/dist/pyperformance-1.11.0-py3-none-any.whl#sha256=5e7db3719781f5aaaa31704d7bc2566ec18ade1aa74b998aae4e93a9ebbaa849
pyproject_hooks==1.2.0
python-docs-theme==2024.6
pytz==2021.1
requests==2.32.3
setuptools==78.1.0
six==1.16.0
snowballstemmer==2.2.0
Sphinx==7.3.7
sphinxcontrib-applehelp==2.0.0
sphinxcontrib-devhelp==2.0.0
sphinxcontrib-htmlhelp==2.1.0
sphinxcontrib-jsmath==1.0.1
sphinxcontrib-qthelp==2.0.0
sphinxcontrib-serializinghtml==2.0.0
sqlglot==4.6.0
sqlparse==0.4.1
sympy==1.13.0
urllib3==1.26.5
webencodings==0.5.1

==================================================
(44/83) creating venv for benchmark (mako)

(trying common venv first)
Installing requirements into the virtual environment /home/qianhuiwang/cpython/build-purecap
# /home/qianhuiwang/cpython/build-purecap/python -m pip install mako==1.1.4 markupsafe==2.0.1 pyperf==2.9.0
Requirement already satisfied: mako==1.1.4 in ./lib/python3.12/site-packages (1.1.4)
Requirement already satisfied: markupsafe==2.0.1 in ./lib/python3.12/site-packages (2.0.1)
Requirement already satisfied: pyperf==2.9.0 in ./lib/python3.12/site-packages (2.9.0)
Requirement already satisfied: psutil>=5.9.0 in ./lib/python3.12/site-packages (from pyperf==2.9.0) (7.0.0)

[notice] A new release of pip is available: 25.0.1 -> 25.1.1
[notice] To update, run: /home/qianhuiwang/cpython/build-purecap/python -m pip install --upgrade pip
Installing requirements into the virtual environment /home/qianhuiwang/cpython/build-purecap
# /home/qianhuiwang/cpython/build-purecap/python -m pip install psutil
Requirement already satisfied: psutil in ./lib/python3.12/site-packages (7.0.0)

[notice] A new release of pip is available: 25.0.1 -> 25.1.1
[notice] To update, run: /home/qianhuiwang/cpython/build-purecap/python -m pip install --upgrade pip
# /home/qianhuiwang/cpython/build-purecap/python -m pip freeze
alabaster==0.7.16
asgiref==3.6.0
babel==2.17.0
build==1.2.2.post1
certifi==2021.5.30
Chameleon==3.9.1
charset-normalizer==3.4.1
coverage==7.3.2
Django==4.2
docutils==0.21.2
dulwich==0.20.23
Genshi==0.7.7
html5lib==1.1
idna==3.10
imagesize==1.4.1
Jinja2==3.1.6
legacy-cgi==2.6
Mako==1.1.4
MarkupSafe==2.0.1
mpmath==1.2.1
networkx==3.4.2
packaging==24.2
psutil==7.0.0
pyaes==1.6.1
Pygments==2.19.1
pyperf==2.9.0
pyperformance @ file:///home/qianhuiwang/cpython/site-packages/pyperformance/dist/pyperformance-1.11.0-py3-none-any.whl#sha256=5e7db3719781f5aaaa31704d7bc2566ec18ade1aa74b998aae4e93a9ebbaa849
pyproject_hooks==1.2.0
python-docs-theme==2024.6
pytz==2021.1
requests==2.32.3
setuptools==78.1.0
six==1.16.0
snowballstemmer==2.2.0
Sphinx==7.3.7
sphinxcontrib-applehelp==2.0.0
sphinxcontrib-devhelp==2.0.0
sphinxcontrib-htmlhelp==2.1.0
sphinxcontrib-jsmath==1.0.1
sphinxcontrib-qthelp==2.0.0
sphinxcontrib-serializinghtml==2.0.0
sqlglot==4.6.0
sqlparse==0.4.1
sympy==1.13.0
urllib3==1.26.5
webencodings==0.5.1
# /home/qianhuiwang/cpython/build-purecap/python -m pip freeze
alabaster==0.7.16
asgiref==3.6.0
babel==2.17.0
build==1.2.2.post1
certifi==2021.5.30
Chameleon==3.9.1
charset-normalizer==3.4.1
coverage==7.3.2
Django==4.2
docutils==0.21.2
dulwich==0.20.23
Genshi==0.7.7
html5lib==1.1
idna==3.10
imagesize==1.4.1
Jinja2==3.1.6
legacy-cgi==2.6
Mako==1.1.4
MarkupSafe==2.0.1
mpmath==1.2.1
networkx==3.4.2
packaging==24.2
psutil==7.0.0
pyaes==1.6.1
Pygments==2.19.1
pyperf==2.9.0
pyperformance @ file:///home/qianhuiwang/cpython/site-packages/pyperformance/dist/pyperformance-1.11.0-py3-none-any.whl#sha256=5e7db3719781f5aaaa31704d7bc2566ec18ade1aa74b998aae4e93a9ebbaa849
pyproject_hooks==1.2.0
python-docs-theme==2024.6
pytz==2021.1
requests==2.32.3
setuptools==78.1.0
six==1.16.0
snowballstemmer==2.2.0
Sphinx==7.3.7
sphinxcontrib-applehelp==2.0.0
sphinxcontrib-devhelp==2.0.0
sphinxcontrib-htmlhelp==2.1.0
sphinxcontrib-jsmath==1.0.1
sphinxcontrib-qthelp==2.0.0
sphinxcontrib-serializinghtml==2.0.0
sqlglot==4.6.0
sqlparse==0.4.1
sympy==1.13.0
urllib3==1.26.5
webencodings==0.5.1

==================================================
(45/83) creating venv for benchmark (mdp)

(trying common venv first)
Installing requirements into the virtual environment /home/qianhuiwang/cpython/build-purecap
# /home/qianhuiwang/cpython/build-purecap/python -m pip install pyperf==2.9.0
Requirement already satisfied: pyperf==2.9.0 in ./lib/python3.12/site-packages (2.9.0)
Requirement already satisfied: psutil>=5.9.0 in ./lib/python3.12/site-packages (from pyperf==2.9.0) (7.0.0)

[notice] A new release of pip is available: 25.0.1 -> 25.1.1
[notice] To update, run: /home/qianhuiwang/cpython/build-purecap/python -m pip install --upgrade pip
Installing requirements into the virtual environment /home/qianhuiwang/cpython/build-purecap
# /home/qianhuiwang/cpython/build-purecap/python -m pip install psutil
Requirement already satisfied: psutil in ./lib/python3.12/site-packages (7.0.0)

[notice] A new release of pip is available: 25.0.1 -> 25.1.1
[notice] To update, run: /home/qianhuiwang/cpython/build-purecap/python -m pip install --upgrade pip
# /home/qianhuiwang/cpython/build-purecap/python -m pip freeze
alabaster==0.7.16
asgiref==3.6.0
babel==2.17.0
build==1.2.2.post1
certifi==2021.5.30
Chameleon==3.9.1
charset-normalizer==3.4.1
coverage==7.3.2
Django==4.2
docutils==0.21.2
dulwich==0.20.23
Genshi==0.7.7
html5lib==1.1
idna==3.10
imagesize==1.4.1
Jinja2==3.1.6
legacy-cgi==2.6
Mako==1.1.4
MarkupSafe==2.0.1
mpmath==1.2.1
networkx==3.4.2
packaging==24.2
psutil==7.0.0
pyaes==1.6.1
Pygments==2.19.1
pyperf==2.9.0
pyperformance @ file:///home/qianhuiwang/cpython/site-packages/pyperformance/dist/pyperformance-1.11.0-py3-none-any.whl#sha256=5e7db3719781f5aaaa31704d7bc2566ec18ade1aa74b998aae4e93a9ebbaa849
pyproject_hooks==1.2.0
python-docs-theme==2024.6
pytz==2021.1
requests==2.32.3
setuptools==78.1.0
six==1.16.0
snowballstemmer==2.2.0
Sphinx==7.3.7
sphinxcontrib-applehelp==2.0.0
sphinxcontrib-devhelp==2.0.0
sphinxcontrib-htmlhelp==2.1.0
sphinxcontrib-jsmath==1.0.1
sphinxcontrib-qthelp==2.0.0
sphinxcontrib-serializinghtml==2.0.0
sqlglot==4.6.0
sqlparse==0.4.1
sympy==1.13.0
urllib3==1.26.5
webencodings==0.5.1
# /home/qianhuiwang/cpython/build-purecap/python -m pip freeze
alabaster==0.7.16
asgiref==3.6.0
babel==2.17.0
build==1.2.2.post1
certifi==2021.5.30
Chameleon==3.9.1
charset-normalizer==3.4.1
coverage==7.3.2
Django==4.2
docutils==0.21.2
dulwich==0.20.23
Genshi==0.7.7
html5lib==1.1
idna==3.10
imagesize==1.4.1
Jinja2==3.1.6
legacy-cgi==2.6
Mako==1.1.4
MarkupSafe==2.0.1
mpmath==1.2.1
networkx==3.4.2
packaging==24.2
psutil==7.0.0
pyaes==1.6.1
Pygments==2.19.1
pyperf==2.9.0
pyperformance @ file:///home/qianhuiwang/cpython/site-packages/pyperformance/dist/pyperformance-1.11.0-py3-none-any.whl#sha256=5e7db3719781f5aaaa31704d7bc2566ec18ade1aa74b998aae4e93a9ebbaa849
pyproject_hooks==1.2.0
python-docs-theme==2024.6
pytz==2021.1
requests==2.32.3
setuptools==78.1.0
six==1.16.0
snowballstemmer==2.2.0
Sphinx==7.3.7
sphinxcontrib-applehelp==2.0.0
sphinxcontrib-devhelp==2.0.0
sphinxcontrib-htmlhelp==2.1.0
sphinxcontrib-jsmath==1.0.1
sphinxcontrib-qthelp==2.0.0
sphinxcontrib-serializinghtml==2.0.0
sqlglot==4.6.0
sqlparse==0.4.1
sympy==1.13.0
urllib3==1.26.5
webencodings==0.5.1

==================================================
(46/83) creating venv for benchmark (meteor_contest)

(trying common venv first)
Installing requirements into the virtual environment /home/qianhuiwang/cpython/build-purecap
# /home/qianhuiwang/cpython/build-purecap/python -m pip install pyperf==2.9.0
Requirement already satisfied: pyperf==2.9.0 in ./lib/python3.12/site-packages (2.9.0)
Requirement already satisfied: psutil>=5.9.0 in ./lib/python3.12/site-packages (from pyperf==2.9.0) (7.0.0)

[notice] A new release of pip is available: 25.0.1 -> 25.1.1
[notice] To update, run: /home/qianhuiwang/cpython/build-purecap/python -m pip install --upgrade pip
Installing requirements into the virtual environment /home/qianhuiwang/cpython/build-purecap
# /home/qianhuiwang/cpython/build-purecap/python -m pip install psutil
Requirement already satisfied: psutil in ./lib/python3.12/site-packages (7.0.0)

[notice] A new release of pip is available: 25.0.1 -> 25.1.1
[notice] To update, run: /home/qianhuiwang/cpython/build-purecap/python -m pip install --upgrade pip
# /home/qianhuiwang/cpython/build-purecap/python -m pip freeze
alabaster==0.7.16
asgiref==3.6.0
babel==2.17.0
build==1.2.2.post1
certifi==2021.5.30
Chameleon==3.9.1
charset-normalizer==3.4.1
coverage==7.3.2
Django==4.2
docutils==0.21.2
dulwich==0.20.23
Genshi==0.7.7
html5lib==1.1
idna==3.10
imagesize==1.4.1
Jinja2==3.1.6
legacy-cgi==2.6
Mako==1.1.4
MarkupSafe==2.0.1
mpmath==1.2.1
networkx==3.4.2
packaging==24.2
psutil==7.0.0
pyaes==1.6.1
Pygments==2.19.1
pyperf==2.9.0
pyperformance @ file:///home/qianhuiwang/cpython/site-packages/pyperformance/dist/pyperformance-1.11.0-py3-none-any.whl#sha256=5e7db3719781f5aaaa31704d7bc2566ec18ade1aa74b998aae4e93a9ebbaa849
pyproject_hooks==1.2.0
python-docs-theme==2024.6
pytz==2021.1
requests==2.32.3
setuptools==78.1.0
six==1.16.0
snowballstemmer==2.2.0
Sphinx==7.3.7
sphinxcontrib-applehelp==2.0.0
sphinxcontrib-devhelp==2.0.0
sphinxcontrib-htmlhelp==2.1.0
sphinxcontrib-jsmath==1.0.1
sphinxcontrib-qthelp==2.0.0
sphinxcontrib-serializinghtml==2.0.0
sqlglot==4.6.0
sqlparse==0.4.1
sympy==1.13.0
urllib3==1.26.5
webencodings==0.5.1
# /home/qianhuiwang/cpython/build-purecap/python -m pip freeze
alabaster==0.7.16
asgiref==3.6.0
babel==2.17.0
build==1.2.2.post1
certifi==2021.5.30
Chameleon==3.9.1
charset-normalizer==3.4.1
coverage==7.3.2
Django==4.2
docutils==0.21.2
dulwich==0.20.23
Genshi==0.7.7
html5lib==1.1
idna==3.10
imagesize==1.4.1
Jinja2==3.1.6
legacy-cgi==2.6
Mako==1.1.4
MarkupSafe==2.0.1
mpmath==1.2.1
networkx==3.4.2
packaging==24.2
psutil==7.0.0
pyaes==1.6.1
Pygments==2.19.1
pyperf==2.9.0
pyperformance @ file:///home/qianhuiwang/cpython/site-packages/pyperformance/dist/pyperformance-1.11.0-py3-none-any.whl#sha256=5e7db3719781f5aaaa31704d7bc2566ec18ade1aa74b998aae4e93a9ebbaa849
pyproject_hooks==1.2.0
python-docs-theme==2024.6
pytz==2021.1
requests==2.32.3
setuptools==78.1.0
six==1.16.0
snowballstemmer==2.2.0
Sphinx==7.3.7
sphinxcontrib-applehelp==2.0.0
sphinxcontrib-devhelp==2.0.0
sphinxcontrib-htmlhelp==2.1.0
sphinxcontrib-jsmath==1.0.1
sphinxcontrib-qthelp==2.0.0
sphinxcontrib-serializinghtml==2.0.0
sqlglot==4.6.0
sqlparse==0.4.1
sympy==1.13.0
urllib3==1.26.5
webencodings==0.5.1

==================================================
(47/83) creating venv for benchmark (nbody)

(trying common venv first)
Installing requirements into the virtual environment /home/qianhuiwang/cpython/build-purecap
# /home/qianhuiwang/cpython/build-purecap/python -m pip install pyperf==2.9.0
Requirement already satisfied: pyperf==2.9.0 in ./lib/python3.12/site-packages (2.9.0)
Requirement already satisfied: psutil>=5.9.0 in ./lib/python3.12/site-packages (from pyperf==2.9.0) (7.0.0)

[notice] A new release of pip is available: 25.0.1 -> 25.1.1
[notice] To update, run: /home/qianhuiwang/cpython/build-purecap/python -m pip install --upgrade pip
Installing requirements into the virtual environment /home/qianhuiwang/cpython/build-purecap
# /home/qianhuiwang/cpython/build-purecap/python -m pip install psutil
Requirement already satisfied: psutil in ./lib/python3.12/site-packages (7.0.0)

[notice] A new release of pip is available: 25.0.1 -> 25.1.1
[notice] To update, run: /home/qianhuiwang/cpython/build-purecap/python -m pip install --upgrade pip
# /home/qianhuiwang/cpython/build-purecap/python -m pip freeze
alabaster==0.7.16
asgiref==3.6.0
babel==2.17.0
build==1.2.2.post1
certifi==2021.5.30
Chameleon==3.9.1
charset-normalizer==3.4.1
coverage==7.3.2
Django==4.2
docutils==0.21.2
dulwich==0.20.23
Genshi==0.7.7
html5lib==1.1
idna==3.10
imagesize==1.4.1
Jinja2==3.1.6
legacy-cgi==2.6
Mako==1.1.4
MarkupSafe==2.0.1
mpmath==1.2.1
networkx==3.4.2
packaging==24.2
psutil==7.0.0
pyaes==1.6.1
Pygments==2.19.1
pyperf==2.9.0
pyperformance @ file:///home/qianhuiwang/cpython/site-packages/pyperformance/dist/pyperformance-1.11.0-py3-none-any.whl#sha256=5e7db3719781f5aaaa31704d7bc2566ec18ade1aa74b998aae4e93a9ebbaa849
pyproject_hooks==1.2.0
python-docs-theme==2024.6
pytz==2021.1
requests==2.32.3
setuptools==78.1.0
six==1.16.0
snowballstemmer==2.2.0
Sphinx==7.3.7
sphinxcontrib-applehelp==2.0.0
sphinxcontrib-devhelp==2.0.0
sphinxcontrib-htmlhelp==2.1.0
sphinxcontrib-jsmath==1.0.1
sphinxcontrib-qthelp==2.0.0
sphinxcontrib-serializinghtml==2.0.0
sqlglot==4.6.0
sqlparse==0.4.1
sympy==1.13.0
urllib3==1.26.5
webencodings==0.5.1
# /home/qianhuiwang/cpython/build-purecap/python -m pip freeze
alabaster==0.7.16
asgiref==3.6.0
babel==2.17.0
build==1.2.2.post1
certifi==2021.5.30
Chameleon==3.9.1
charset-normalizer==3.4.1
coverage==7.3.2
Django==4.2
docutils==0.21.2
dulwich==0.20.23
Genshi==0.7.7
html5lib==1.1
idna==3.10
imagesize==1.4.1
Jinja2==3.1.6
legacy-cgi==2.6
Mako==1.1.4
MarkupSafe==2.0.1
mpmath==1.2.1
networkx==3.4.2
packaging==24.2
psutil==7.0.0
pyaes==1.6.1
Pygments==2.19.1
pyperf==2.9.0
pyperformance @ file:///home/qianhuiwang/cpython/site-packages/pyperformance/dist/pyperformance-1.11.0-py3-none-any.whl#sha256=5e7db3719781f5aaaa31704d7bc2566ec18ade1aa74b998aae4e93a9ebbaa849
pyproject_hooks==1.2.0
python-docs-theme==2024.6
pytz==2021.1
requests==2.32.3
setuptools==78.1.0
six==1.16.0
snowballstemmer==2.2.0
Sphinx==7.3.7
sphinxcontrib-applehelp==2.0.0
sphinxcontrib-devhelp==2.0.0
sphinxcontrib-htmlhelp==2.1.0
sphinxcontrib-jsmath==1.0.1
sphinxcontrib-qthelp==2.0.0
sphinxcontrib-serializinghtml==2.0.0
sqlglot==4.6.0
sqlparse==0.4.1
sympy==1.13.0
urllib3==1.26.5
webencodings==0.5.1

==================================================
(48/83) creating venv for benchmark (networkx)

(trying common venv first)
Installing requirements into the virtual environment /home/qianhuiwang/cpython/build-purecap
# /home/qianhuiwang/cpython/build-purecap/python -m pip install networkx==3.4.2 pyperf==2.9.0
Requirement already satisfied: networkx==3.4.2 in ./lib/python3.12/site-packages (3.4.2)
Requirement already satisfied: pyperf==2.9.0 in ./lib/python3.12/site-packages (2.9.0)
Requirement already satisfied: psutil>=5.9.0 in ./lib/python3.12/site-packages (from pyperf==2.9.0) (7.0.0)

[notice] A new release of pip is available: 25.0.1 -> 25.1.1
[notice] To update, run: /home/qianhuiwang/cpython/build-purecap/python -m pip install --upgrade pip
Installing requirements into the virtual environment /home/qianhuiwang/cpython/build-purecap
# /home/qianhuiwang/cpython/build-purecap/python -m pip install psutil
Requirement already satisfied: psutil in ./lib/python3.12/site-packages (7.0.0)

[notice] A new release of pip is available: 25.0.1 -> 25.1.1
[notice] To update, run: /home/qianhuiwang/cpython/build-purecap/python -m pip install --upgrade pip
# /home/qianhuiwang/cpython/build-purecap/python -m pip freeze
alabaster==0.7.16
asgiref==3.6.0
babel==2.17.0
build==1.2.2.post1
certifi==2021.5.30
Chameleon==3.9.1
charset-normalizer==3.4.1
coverage==7.3.2
Django==4.2
docutils==0.21.2
dulwich==0.20.23
Genshi==0.7.7
html5lib==1.1
idna==3.10
imagesize==1.4.1
Jinja2==3.1.6
legacy-cgi==2.6
Mako==1.1.4
MarkupSafe==2.0.1
mpmath==1.2.1
networkx==3.4.2
packaging==24.2
psutil==7.0.0
pyaes==1.6.1
Pygments==2.19.1
pyperf==2.9.0
pyperformance @ file:///home/qianhuiwang/cpython/site-packages/pyperformance/dist/pyperformance-1.11.0-py3-none-any.whl#sha256=5e7db3719781f5aaaa31704d7bc2566ec18ade1aa74b998aae4e93a9ebbaa849
pyproject_hooks==1.2.0
python-docs-theme==2024.6
pytz==2021.1
requests==2.32.3
setuptools==78.1.0
six==1.16.0
snowballstemmer==2.2.0
Sphinx==7.3.7
sphinxcontrib-applehelp==2.0.0
sphinxcontrib-devhelp==2.0.0
sphinxcontrib-htmlhelp==2.1.0
sphinxcontrib-jsmath==1.0.1
sphinxcontrib-qthelp==2.0.0
sphinxcontrib-serializinghtml==2.0.0
sqlglot==4.6.0
sqlparse==0.4.1
sympy==1.13.0
urllib3==1.26.5
webencodings==0.5.1
# /home/qianhuiwang/cpython/build-purecap/python -m pip freeze
alabaster==0.7.16
asgiref==3.6.0
babel==2.17.0
build==1.2.2.post1
certifi==2021.5.30
Chameleon==3.9.1
charset-normalizer==3.4.1
coverage==7.3.2
Django==4.2
docutils==0.21.2
dulwich==0.20.23
Genshi==0.7.7
html5lib==1.1
idna==3.10
imagesize==1.4.1
Jinja2==3.1.6
legacy-cgi==2.6
Mako==1.1.4
MarkupSafe==2.0.1
mpmath==1.2.1
networkx==3.4.2
packaging==24.2
psutil==7.0.0
pyaes==1.6.1
Pygments==2.19.1
pyperf==2.9.0
pyperformance @ file:///home/qianhuiwang/cpython/site-packages/pyperformance/dist/pyperformance-1.11.0-py3-none-any.whl#sha256=5e7db3719781f5aaaa31704d7bc2566ec18ade1aa74b998aae4e93a9ebbaa849
pyproject_hooks==1.2.0
python-docs-theme==2024.6
pytz==2021.1
requests==2.32.3
setuptools==78.1.0
six==1.16.0
snowballstemmer==2.2.0
Sphinx==7.3.7
sphinxcontrib-applehelp==2.0.0
sphinxcontrib-devhelp==2.0.0
sphinxcontrib-htmlhelp==2.1.0
sphinxcontrib-jsmath==1.0.1
sphinxcontrib-qthelp==2.0.0
sphinxcontrib-serializinghtml==2.0.0
sqlglot==4.6.0
sqlparse==0.4.1
sympy==1.13.0
urllib3==1.26.5
webencodings==0.5.1

==================================================
(49/83) creating venv for benchmark (networkx_connected_components)

(trying common venv first)
Installing requirements into the virtual environment /home/qianhuiwang/cpython/build-purecap
# /home/qianhuiwang/cpython/build-purecap/python -m pip install networkx==3.4.2 pyperf==2.9.0
Requirement already satisfied: networkx==3.4.2 in ./lib/python3.12/site-packages (3.4.2)
Requirement already satisfied: pyperf==2.9.0 in ./lib/python3.12/site-packages (2.9.0)
Requirement already satisfied: psutil>=5.9.0 in ./lib/python3.12/site-packages (from pyperf==2.9.0) (7.0.0)

[notice] A new release of pip is available: 25.0.1 -> 25.1.1
[notice] To update, run: /home/qianhuiwang/cpython/build-purecap/python -m pip install --upgrade pip
Installing requirements into the virtual environment /home/qianhuiwang/cpython/build-purecap
# /home/qianhuiwang/cpython/build-purecap/python -m pip install psutil
Requirement already satisfied: psutil in ./lib/python3.12/site-packages (7.0.0)

[notice] A new release of pip is available: 25.0.1 -> 25.1.1
[notice] To update, run: /home/qianhuiwang/cpython/build-purecap/python -m pip install --upgrade pip
# /home/qianhuiwang/cpython/build-purecap/python -m pip freeze
alabaster==0.7.16
asgiref==3.6.0
babel==2.17.0
build==1.2.2.post1
certifi==2021.5.30
Chameleon==3.9.1
charset-normalizer==3.4.1
coverage==7.3.2
Django==4.2
docutils==0.21.2
dulwich==0.20.23
Genshi==0.7.7
html5lib==1.1
idna==3.10
imagesize==1.4.1
Jinja2==3.1.6
legacy-cgi==2.6
Mako==1.1.4
MarkupSafe==2.0.1
mpmath==1.2.1
networkx==3.4.2
packaging==24.2
psutil==7.0.0
pyaes==1.6.1
Pygments==2.19.1
pyperf==2.9.0
pyperformance @ file:///home/qianhuiwang/cpython/site-packages/pyperformance/dist/pyperformance-1.11.0-py3-none-any.whl#sha256=5e7db3719781f5aaaa31704d7bc2566ec18ade1aa74b998aae4e93a9ebbaa849
pyproject_hooks==1.2.0
python-docs-theme==2024.6
pytz==2021.1
requests==2.32.3
setuptools==78.1.0
six==1.16.0
snowballstemmer==2.2.0
Sphinx==7.3.7
sphinxcontrib-applehelp==2.0.0
sphinxcontrib-devhelp==2.0.0
sphinxcontrib-htmlhelp==2.1.0
sphinxcontrib-jsmath==1.0.1
sphinxcontrib-qthelp==2.0.0
sphinxcontrib-serializinghtml==2.0.0
sqlglot==4.6.0
sqlparse==0.4.1
sympy==1.13.0
urllib3==1.26.5
webencodings==0.5.1
# /home/qianhuiwang/cpython/build-purecap/python -m pip freeze
alabaster==0.7.16
asgiref==3.6.0
babel==2.17.0
build==1.2.2.post1
certifi==2021.5.30
Chameleon==3.9.1
charset-normalizer==3.4.1
coverage==7.3.2
Django==4.2
docutils==0.21.2
dulwich==0.20.23
Genshi==0.7.7
html5lib==1.1
idna==3.10
imagesize==1.4.1
Jinja2==3.1.6
legacy-cgi==2.6
Mako==1.1.4
MarkupSafe==2.0.1
mpmath==1.2.1
networkx==3.4.2
packaging==24.2
psutil==7.0.0
pyaes==1.6.1
Pygments==2.19.1
pyperf==2.9.0
pyperformance @ file:///home/qianhuiwang/cpython/site-packages/pyperformance/dist/pyperformance-1.11.0-py3-none-any.whl#sha256=5e7db3719781f5aaaa31704d7bc2566ec18ade1aa74b998aae4e93a9ebbaa849
pyproject_hooks==1.2.0
python-docs-theme==2024.6
pytz==2021.1
requests==2.32.3
setuptools==78.1.0
six==1.16.0
snowballstemmer==2.2.0
Sphinx==7.3.7
sphinxcontrib-applehelp==2.0.0
sphinxcontrib-devhelp==2.0.0
sphinxcontrib-htmlhelp==2.1.0
sphinxcontrib-jsmath==1.0.1
sphinxcontrib-qthelp==2.0.0
sphinxcontrib-serializinghtml==2.0.0
sqlglot==4.6.0
sqlparse==0.4.1
sympy==1.13.0
urllib3==1.26.5
webencodings==0.5.1

==================================================
(50/83) creating venv for benchmark (networkx_k_core)

(trying common venv first)
Installing requirements into the virtual environment /home/qianhuiwang/cpython/build-purecap
# /home/qianhuiwang/cpython/build-purecap/python -m pip install networkx==3.4.2 pyperf==2.9.0
Requirement already satisfied: networkx==3.4.2 in ./lib/python3.12/site-packages (3.4.2)
Requirement already satisfied: pyperf==2.9.0 in ./lib/python3.12/site-packages (2.9.0)
Requirement already satisfied: psutil>=5.9.0 in ./lib/python3.12/site-packages (from pyperf==2.9.0) (7.0.0)

[notice] A new release of pip is available: 25.0.1 -> 25.1.1
[notice] To update, run: /home/qianhuiwang/cpython/build-purecap/python -m pip install --upgrade pip
Installing requirements into the virtual environment /home/qianhuiwang/cpython/build-purecap
# /home/qianhuiwang/cpython/build-purecap/python -m pip install psutil
Requirement already satisfied: psutil in ./lib/python3.12/site-packages (7.0.0)

[notice] A new release of pip is available: 25.0.1 -> 25.1.1
[notice] To update, run: /home/qianhuiwang/cpython/build-purecap/python -m pip install --upgrade pip
# /home/qianhuiwang/cpython/build-purecap/python -m pip freeze
alabaster==0.7.16
asgiref==3.6.0
babel==2.17.0
build==1.2.2.post1
certifi==2021.5.30
Chameleon==3.9.1
charset-normalizer==3.4.1
coverage==7.3.2
Django==4.2
docutils==0.21.2
dulwich==0.20.23
Genshi==0.7.7
html5lib==1.1
idna==3.10
imagesize==1.4.1
Jinja2==3.1.6
legacy-cgi==2.6
Mako==1.1.4
MarkupSafe==2.0.1
mpmath==1.2.1
networkx==3.4.2
packaging==24.2
psutil==7.0.0
pyaes==1.6.1
Pygments==2.19.1
pyperf==2.9.0
pyperformance @ file:///home/qianhuiwang/cpython/site-packages/pyperformance/dist/pyperformance-1.11.0-py3-none-any.whl#sha256=5e7db3719781f5aaaa31704d7bc2566ec18ade1aa74b998aae4e93a9ebbaa849
pyproject_hooks==1.2.0
python-docs-theme==2024.6
pytz==2021.1
requests==2.32.3
setuptools==78.1.0
six==1.16.0
snowballstemmer==2.2.0
Sphinx==7.3.7
sphinxcontrib-applehelp==2.0.0
sphinxcontrib-devhelp==2.0.0
sphinxcontrib-htmlhelp==2.1.0
sphinxcontrib-jsmath==1.0.1
sphinxcontrib-qthelp==2.0.0
sphinxcontrib-serializinghtml==2.0.0
sqlglot==4.6.0
sqlparse==0.4.1
sympy==1.13.0
urllib3==1.26.5
webencodings==0.5.1
# /home/qianhuiwang/cpython/build-purecap/python -m pip freeze
alabaster==0.7.16
asgiref==3.6.0
babel==2.17.0
build==1.2.2.post1
certifi==2021.5.30
Chameleon==3.9.1
charset-normalizer==3.4.1
coverage==7.3.2
Django==4.2
docutils==0.21.2
dulwich==0.20.23
Genshi==0.7.7
html5lib==1.1
idna==3.10
imagesize==1.4.1
Jinja2==3.1.6
legacy-cgi==2.6
Mako==1.1.4
MarkupSafe==2.0.1
mpmath==1.2.1
networkx==3.4.2
packaging==24.2
psutil==7.0.0
pyaes==1.6.1
Pygments==2.19.1
pyperf==2.9.0
pyperformance @ file:///home/qianhuiwang/cpython/site-packages/pyperformance/dist/pyperformance-1.11.0-py3-none-any.whl#sha256=5e7db3719781f5aaaa31704d7bc2566ec18ade1aa74b998aae4e93a9ebbaa849
pyproject_hooks==1.2.0
python-docs-theme==2024.6
pytz==2021.1
requests==2.32.3
setuptools==78.1.0
six==1.16.0
snowballstemmer==2.2.0
Sphinx==7.3.7
sphinxcontrib-applehelp==2.0.0
sphinxcontrib-devhelp==2.0.0
sphinxcontrib-htmlhelp==2.1.0
sphinxcontrib-jsmath==1.0.1
sphinxcontrib-qthelp==2.0.0
sphinxcontrib-serializinghtml==2.0.0
sqlglot==4.6.0
sqlparse==0.4.1
sympy==1.13.0
urllib3==1.26.5
webencodings==0.5.1

==================================================
(51/83) creating venv for benchmark (nqueens)

(trying common venv first)
Installing requirements into the virtual environment /home/qianhuiwang/cpython/build-purecap
# /home/qianhuiwang/cpython/build-purecap/python -m pip install pyperf==2.9.0
Requirement already satisfied: pyperf==2.9.0 in ./lib/python3.12/site-packages (2.9.0)
Requirement already satisfied: psutil>=5.9.0 in ./lib/python3.12/site-packages (from pyperf==2.9.0) (7.0.0)

[notice] A new release of pip is available: 25.0.1 -> 25.1.1
[notice] To update, run: /home/qianhuiwang/cpython/build-purecap/python -m pip install --upgrade pip
Installing requirements into the virtual environment /home/qianhuiwang/cpython/build-purecap
# /home/qianhuiwang/cpython/build-purecap/python -m pip install psutil
Requirement already satisfied: psutil in ./lib/python3.12/site-packages (7.0.0)

[notice] A new release of pip is available: 25.0.1 -> 25.1.1
[notice] To update, run: /home/qianhuiwang/cpython/build-purecap/python -m pip install --upgrade pip
# /home/qianhuiwang/cpython/build-purecap/python -m pip freeze
alabaster==0.7.16
asgiref==3.6.0
babel==2.17.0
build==1.2.2.post1
certifi==2021.5.30
Chameleon==3.9.1
charset-normalizer==3.4.1
coverage==7.3.2
Django==4.2
docutils==0.21.2
dulwich==0.20.23
Genshi==0.7.7
html5lib==1.1
idna==3.10
imagesize==1.4.1
Jinja2==3.1.6
legacy-cgi==2.6
Mako==1.1.4
MarkupSafe==2.0.1
mpmath==1.2.1
networkx==3.4.2
packaging==24.2
psutil==7.0.0
pyaes==1.6.1
Pygments==2.19.1
pyperf==2.9.0
pyperformance @ file:///home/qianhuiwang/cpython/site-packages/pyperformance/dist/pyperformance-1.11.0-py3-none-any.whl#sha256=5e7db3719781f5aaaa31704d7bc2566ec18ade1aa74b998aae4e93a9ebbaa849
pyproject_hooks==1.2.0
python-docs-theme==2024.6
pytz==2021.1
requests==2.32.3
setuptools==78.1.0
six==1.16.0
snowballstemmer==2.2.0
Sphinx==7.3.7
sphinxcontrib-applehelp==2.0.0
sphinxcontrib-devhelp==2.0.0
sphinxcontrib-htmlhelp==2.1.0
sphinxcontrib-jsmath==1.0.1
sphinxcontrib-qthelp==2.0.0
sphinxcontrib-serializinghtml==2.0.0
sqlglot==4.6.0
sqlparse==0.4.1
sympy==1.13.0
urllib3==1.26.5
webencodings==0.5.1
# /home/qianhuiwang/cpython/build-purecap/python -m pip freeze
alabaster==0.7.16
asgiref==3.6.0
babel==2.17.0
build==1.2.2.post1
certifi==2021.5.30
Chameleon==3.9.1
charset-normalizer==3.4.1
coverage==7.3.2
Django==4.2
docutils==0.21.2
dulwich==0.20.23
Genshi==0.7.7
html5lib==1.1
idna==3.10
imagesize==1.4.1
Jinja2==3.1.6
legacy-cgi==2.6
Mako==1.1.4
MarkupSafe==2.0.1
mpmath==1.2.1
networkx==3.4.2
packaging==24.2
psutil==7.0.0
pyaes==1.6.1
Pygments==2.19.1
pyperf==2.9.0
pyperformance @ file:///home/qianhuiwang/cpython/site-packages/pyperformance/dist/pyperformance-1.11.0-py3-none-any.whl#sha256=5e7db3719781f5aaaa31704d7bc2566ec18ade1aa74b998aae4e93a9ebbaa849
pyproject_hooks==1.2.0
python-docs-theme==2024.6
pytz==2021.1
requests==2.32.3
setuptools==78.1.0
six==1.16.0
snowballstemmer==2.2.0
Sphinx==7.3.7
sphinxcontrib-applehelp==2.0.0
sphinxcontrib-devhelp==2.0.0
sphinxcontrib-htmlhelp==2.1.0
sphinxcontrib-jsmath==1.0.1
sphinxcontrib-qthelp==2.0.0
sphinxcontrib-serializinghtml==2.0.0
sqlglot==4.6.0
sqlparse==0.4.1
sympy==1.13.0
urllib3==1.26.5
webencodings==0.5.1

==================================================
(52/83) creating venv for benchmark (pathlib)

(trying common venv first)
Installing requirements into the virtual environment /home/qianhuiwang/cpython/build-purecap
# /home/qianhuiwang/cpython/build-purecap/python -m pip install pyperf==2.9.0
Requirement already satisfied: pyperf==2.9.0 in ./lib/python3.12/site-packages (2.9.0)
Requirement already satisfied: psutil>=5.9.0 in ./lib/python3.12/site-packages (from pyperf==2.9.0) (7.0.0)

[notice] A new release of pip is available: 25.0.1 -> 25.1.1
[notice] To update, run: /home/qianhuiwang/cpython/build-purecap/python -m pip install --upgrade pip
Installing requirements into the virtual environment /home/qianhuiwang/cpython/build-purecap
# /home/qianhuiwang/cpython/build-purecap/python -m pip install psutil
Requirement already satisfied: psutil in ./lib/python3.12/site-packages (7.0.0)

[notice] A new release of pip is available: 25.0.1 -> 25.1.1
[notice] To update, run: /home/qianhuiwang/cpython/build-purecap/python -m pip install --upgrade pip
# /home/qianhuiwang/cpython/build-purecap/python -m pip freeze
alabaster==0.7.16
asgiref==3.6.0
babel==2.17.0
build==1.2.2.post1
certifi==2021.5.30
Chameleon==3.9.1
charset-normalizer==3.4.1
coverage==7.3.2
Django==4.2
docutils==0.21.2
dulwich==0.20.23
Genshi==0.7.7
html5lib==1.1
idna==3.10
imagesize==1.4.1
Jinja2==3.1.6
legacy-cgi==2.6
Mako==1.1.4
MarkupSafe==2.0.1
mpmath==1.2.1
networkx==3.4.2
packaging==24.2
psutil==7.0.0
pyaes==1.6.1
Pygments==2.19.1
pyperf==2.9.0
pyperformance @ file:///home/qianhuiwang/cpython/site-packages/pyperformance/dist/pyperformance-1.11.0-py3-none-any.whl#sha256=5e7db3719781f5aaaa31704d7bc2566ec18ade1aa74b998aae4e93a9ebbaa849
pyproject_hooks==1.2.0
python-docs-theme==2024.6
pytz==2021.1
requests==2.32.3
setuptools==78.1.0
six==1.16.0
snowballstemmer==2.2.0
Sphinx==7.3.7
sphinxcontrib-applehelp==2.0.0
sphinxcontrib-devhelp==2.0.0
sphinxcontrib-htmlhelp==2.1.0
sphinxcontrib-jsmath==1.0.1
sphinxcontrib-qthelp==2.0.0
sphinxcontrib-serializinghtml==2.0.0
sqlglot==4.6.0
sqlparse==0.4.1
sympy==1.13.0
urllib3==1.26.5
webencodings==0.5.1
# /home/qianhuiwang/cpython/build-purecap/python -m pip freeze
alabaster==0.7.16
asgiref==3.6.0
babel==2.17.0
build==1.2.2.post1
certifi==2021.5.30
Chameleon==3.9.1
charset-normalizer==3.4.1
coverage==7.3.2
Django==4.2
docutils==0.21.2
dulwich==0.20.23
Genshi==0.7.7
html5lib==1.1
idna==3.10
imagesize==1.4.1
Jinja2==3.1.6
legacy-cgi==2.6
Mako==1.1.4
MarkupSafe==2.0.1
mpmath==1.2.1
networkx==3.4.2
packaging==24.2
psutil==7.0.0
pyaes==1.6.1
Pygments==2.19.1
pyperf==2.9.0
pyperformance @ file:///home/qianhuiwang/cpython/site-packages/pyperformance/dist/pyperformance-1.11.0-py3-none-any.whl#sha256=5e7db3719781f5aaaa31704d7bc2566ec18ade1aa74b998aae4e93a9ebbaa849
pyproject_hooks==1.2.0
python-docs-theme==2024.6
pytz==2021.1
requests==2.32.3
setuptools==78.1.0
six==1.16.0
snowballstemmer==2.2.0
Sphinx==7.3.7
sphinxcontrib-applehelp==2.0.0
sphinxcontrib-devhelp==2.0.0
sphinxcontrib-htmlhelp==2.1.0
sphinxcontrib-jsmath==1.0.1
sphinxcontrib-qthelp==2.0.0
sphinxcontrib-serializinghtml==2.0.0
sqlglot==4.6.0
sqlparse==0.4.1
sympy==1.13.0
urllib3==1.26.5
webencodings==0.5.1

==================================================
(53/83) creating venv for benchmark (pickle)

(trying common venv first)
Installing requirements into the virtual environment /home/qianhuiwang/cpython/build-purecap
# /home/qianhuiwang/cpython/build-purecap/python -m pip install pyperf==2.9.0
Requirement already satisfied: pyperf==2.9.0 in ./lib/python3.12/site-packages (2.9.0)
Requirement already satisfied: psutil>=5.9.0 in ./lib/python3.12/site-packages (from pyperf==2.9.0) (7.0.0)

[notice] A new release of pip is available: 25.0.1 -> 25.1.1
[notice] To update, run: /home/qianhuiwang/cpython/build-purecap/python -m pip install --upgrade pip
Installing requirements into the virtual environment /home/qianhuiwang/cpython/build-purecap
# /home/qianhuiwang/cpython/build-purecap/python -m pip install psutil
Requirement already satisfied: psutil in ./lib/python3.12/site-packages (7.0.0)

[notice] A new release of pip is available: 25.0.1 -> 25.1.1
[notice] To update, run: /home/qianhuiwang/cpython/build-purecap/python -m pip install --upgrade pip
# /home/qianhuiwang/cpython/build-purecap/python -m pip freeze
alabaster==0.7.16
asgiref==3.6.0
babel==2.17.0
build==1.2.2.post1
certifi==2021.5.30
Chameleon==3.9.1
charset-normalizer==3.4.1
coverage==7.3.2
Django==4.2
docutils==0.21.2
dulwich==0.20.23
Genshi==0.7.7
html5lib==1.1
idna==3.10
imagesize==1.4.1
Jinja2==3.1.6
legacy-cgi==2.6
Mako==1.1.4
MarkupSafe==2.0.1
mpmath==1.2.1
networkx==3.4.2
packaging==24.2
psutil==7.0.0
pyaes==1.6.1
Pygments==2.19.1
pyperf==2.9.0
pyperformance @ file:///home/qianhuiwang/cpython/site-packages/pyperformance/dist/pyperformance-1.11.0-py3-none-any.whl#sha256=5e7db3719781f5aaaa31704d7bc2566ec18ade1aa74b998aae4e93a9ebbaa849
pyproject_hooks==1.2.0
python-docs-theme==2024.6
pytz==2021.1
requests==2.32.3
setuptools==78.1.0
six==1.16.0
snowballstemmer==2.2.0
Sphinx==7.3.7
sphinxcontrib-applehelp==2.0.0
sphinxcontrib-devhelp==2.0.0
sphinxcontrib-htmlhelp==2.1.0
sphinxcontrib-jsmath==1.0.1
sphinxcontrib-qthelp==2.0.0
sphinxcontrib-serializinghtml==2.0.0
sqlglot==4.6.0
sqlparse==0.4.1
sympy==1.13.0
urllib3==1.26.5
webencodings==0.5.1
# /home/qianhuiwang/cpython/build-purecap/python -m pip freeze
alabaster==0.7.16
asgiref==3.6.0
babel==2.17.0
build==1.2.2.post1
certifi==2021.5.30
Chameleon==3.9.1
charset-normalizer==3.4.1
coverage==7.3.2
Django==4.2
docutils==0.21.2
dulwich==0.20.23
Genshi==0.7.7
html5lib==1.1
idna==3.10
imagesize==1.4.1
Jinja2==3.1.6
legacy-cgi==2.6
Mako==1.1.4
MarkupSafe==2.0.1
mpmath==1.2.1
networkx==3.4.2
packaging==24.2
psutil==7.0.0
pyaes==1.6.1
Pygments==2.19.1
pyperf==2.9.0
pyperformance @ file:///home/qianhuiwang/cpython/site-packages/pyperformance/dist/pyperformance-1.11.0-py3-none-any.whl#sha256=5e7db3719781f5aaaa31704d7bc2566ec18ade1aa74b998aae4e93a9ebbaa849
pyproject_hooks==1.2.0
python-docs-theme==2024.6
pytz==2021.1
requests==2.32.3
setuptools==78.1.0
six==1.16.0
snowballstemmer==2.2.0
Sphinx==7.3.7
sphinxcontrib-applehelp==2.0.0
sphinxcontrib-devhelp==2.0.0
sphinxcontrib-htmlhelp==2.1.0
sphinxcontrib-jsmath==1.0.1
sphinxcontrib-qthelp==2.0.0
sphinxcontrib-serializinghtml==2.0.0
sqlglot==4.6.0
sqlparse==0.4.1
sympy==1.13.0
urllib3==1.26.5
webencodings==0.5.1

==================================================
(54/83) creating venv for benchmark (pickle_dict)

(trying common venv first)
Installing requirements into the virtual environment /home/qianhuiwang/cpython/build-purecap
# /home/qianhuiwang/cpython/build-purecap/python -m pip install pyperf==2.9.0
Requirement already satisfied: pyperf==2.9.0 in ./lib/python3.12/site-packages (2.9.0)
Requirement already satisfied: psutil>=5.9.0 in ./lib/python3.12/site-packages (from pyperf==2.9.0) (7.0.0)

[notice] A new release of pip is available: 25.0.1 -> 25.1.1
[notice] To update, run: /home/qianhuiwang/cpython/build-purecap/python -m pip install --upgrade pip
Installing requirements into the virtual environment /home/qianhuiwang/cpython/build-purecap
# /home/qianhuiwang/cpython/build-purecap/python -m pip install psutil
Requirement already satisfied: psutil in ./lib/python3.12/site-packages (7.0.0)

[notice] A new release of pip is available: 25.0.1 -> 25.1.1
[notice] To update, run: /home/qianhuiwang/cpython/build-purecap/python -m pip install --upgrade pip
# /home/qianhuiwang/cpython/build-purecap/python -m pip freeze
alabaster==0.7.16
asgiref==3.6.0
babel==2.17.0
build==1.2.2.post1
certifi==2021.5.30
Chameleon==3.9.1
charset-normalizer==3.4.1
coverage==7.3.2
Django==4.2
docutils==0.21.2
dulwich==0.20.23
Genshi==0.7.7
html5lib==1.1
idna==3.10
imagesize==1.4.1
Jinja2==3.1.6
legacy-cgi==2.6
Mako==1.1.4
MarkupSafe==2.0.1
mpmath==1.2.1
networkx==3.4.2
packaging==24.2
psutil==7.0.0
pyaes==1.6.1
Pygments==2.19.1
pyperf==2.9.0
pyperformance @ file:///home/qianhuiwang/cpython/site-packages/pyperformance/dist/pyperformance-1.11.0-py3-none-any.whl#sha256=5e7db3719781f5aaaa31704d7bc2566ec18ade1aa74b998aae4e93a9ebbaa849
pyproject_hooks==1.2.0
python-docs-theme==2024.6
pytz==2021.1
requests==2.32.3
setuptools==78.1.0
six==1.16.0
snowballstemmer==2.2.0
Sphinx==7.3.7
sphinxcontrib-applehelp==2.0.0
sphinxcontrib-devhelp==2.0.0
sphinxcontrib-htmlhelp==2.1.0
sphinxcontrib-jsmath==1.0.1
sphinxcontrib-qthelp==2.0.0
sphinxcontrib-serializinghtml==2.0.0
sqlglot==4.6.0
sqlparse==0.4.1
sympy==1.13.0
urllib3==1.26.5
webencodings==0.5.1
# /home/qianhuiwang/cpython/build-purecap/python -m pip freeze
alabaster==0.7.16
asgiref==3.6.0
babel==2.17.0
build==1.2.2.post1
certifi==2021.5.30
Chameleon==3.9.1
charset-normalizer==3.4.1
coverage==7.3.2
Django==4.2
docutils==0.21.2
dulwich==0.20.23
Genshi==0.7.7
html5lib==1.1
idna==3.10
imagesize==1.4.1
Jinja2==3.1.6
legacy-cgi==2.6
Mako==1.1.4
MarkupSafe==2.0.1
mpmath==1.2.1
networkx==3.4.2
packaging==24.2
psutil==7.0.0
pyaes==1.6.1
Pygments==2.19.1
pyperf==2.9.0
pyperformance @ file:///home/qianhuiwang/cpython/site-packages/pyperformance/dist/pyperformance-1.11.0-py3-none-any.whl#sha256=5e7db3719781f5aaaa31704d7bc2566ec18ade1aa74b998aae4e93a9ebbaa849
pyproject_hooks==1.2.0
python-docs-theme==2024.6
pytz==2021.1
requests==2.32.3
setuptools==78.1.0
six==1.16.0
snowballstemmer==2.2.0
Sphinx==7.3.7
sphinxcontrib-applehelp==2.0.0
sphinxcontrib-devhelp==2.0.0
sphinxcontrib-htmlhelp==2.1.0
sphinxcontrib-jsmath==1.0.1
sphinxcontrib-qthelp==2.0.0
sphinxcontrib-serializinghtml==2.0.0
sqlglot==4.6.0
sqlparse==0.4.1
sympy==1.13.0
urllib3==1.26.5
webencodings==0.5.1

==================================================
(55/83) creating venv for benchmark (pickle_list)

(trying common venv first)
Installing requirements into the virtual environment /home/qianhuiwang/cpython/build-purecap
# /home/qianhuiwang/cpython/build-purecap/python -m pip install pyperf==2.9.0
Requirement already satisfied: pyperf==2.9.0 in ./lib/python3.12/site-packages (2.9.0)
Requirement already satisfied: psutil>=5.9.0 in ./lib/python3.12/site-packages (from pyperf==2.9.0) (7.0.0)

[notice] A new release of pip is available: 25.0.1 -> 25.1.1
[notice] To update, run: /home/qianhuiwang/cpython/build-purecap/python -m pip install --upgrade pip
Installing requirements into the virtual environment /home/qianhuiwang/cpython/build-purecap
# /home/qianhuiwang/cpython/build-purecap/python -m pip install psutil
Requirement already satisfied: psutil in ./lib/python3.12/site-packages (7.0.0)

[notice] A new release of pip is available: 25.0.1 -> 25.1.1
[notice] To update, run: /home/qianhuiwang/cpython/build-purecap/python -m pip install --upgrade pip
# /home/qianhuiwang/cpython/build-purecap/python -m pip freeze
alabaster==0.7.16
asgiref==3.6.0
babel==2.17.0
build==1.2.2.post1
certifi==2021.5.30
Chameleon==3.9.1
charset-normalizer==3.4.1
coverage==7.3.2
Django==4.2
docutils==0.21.2
dulwich==0.20.23
Genshi==0.7.7
html5lib==1.1
idna==3.10
imagesize==1.4.1
Jinja2==3.1.6
legacy-cgi==2.6
Mako==1.1.4
MarkupSafe==2.0.1
mpmath==1.2.1
networkx==3.4.2
packaging==24.2
psutil==7.0.0
pyaes==1.6.1
Pygments==2.19.1
pyperf==2.9.0
pyperformance @ file:///home/qianhuiwang/cpython/site-packages/pyperformance/dist/pyperformance-1.11.0-py3-none-any.whl#sha256=5e7db3719781f5aaaa31704d7bc2566ec18ade1aa74b998aae4e93a9ebbaa849
pyproject_hooks==1.2.0
python-docs-theme==2024.6
pytz==2021.1
requests==2.32.3
setuptools==78.1.0
six==1.16.0
snowballstemmer==2.2.0
Sphinx==7.3.7
sphinxcontrib-applehelp==2.0.0
sphinxcontrib-devhelp==2.0.0
sphinxcontrib-htmlhelp==2.1.0
sphinxcontrib-jsmath==1.0.1
sphinxcontrib-qthelp==2.0.0
sphinxcontrib-serializinghtml==2.0.0
sqlglot==4.6.0
sqlparse==0.4.1
sympy==1.13.0
urllib3==1.26.5
webencodings==0.5.1
# /home/qianhuiwang/cpython/build-purecap/python -m pip freeze
alabaster==0.7.16
asgiref==3.6.0
babel==2.17.0
build==1.2.2.post1
certifi==2021.5.30
Chameleon==3.9.1
charset-normalizer==3.4.1
coverage==7.3.2
Django==4.2
docutils==0.21.2
dulwich==0.20.23
Genshi==0.7.7
html5lib==1.1
idna==3.10
imagesize==1.4.1
Jinja2==3.1.6
legacy-cgi==2.6
Mako==1.1.4
MarkupSafe==2.0.1
mpmath==1.2.1
networkx==3.4.2
packaging==24.2
psutil==7.0.0
pyaes==1.6.1
Pygments==2.19.1
pyperf==2.9.0
pyperformance @ file:///home/qianhuiwang/cpython/site-packages/pyperformance/dist/pyperformance-1.11.0-py3-none-any.whl#sha256=5e7db3719781f5aaaa31704d7bc2566ec18ade1aa74b998aae4e93a9ebbaa849
pyproject_hooks==1.2.0
python-docs-theme==2024.6
pytz==2021.1
requests==2.32.3
setuptools==78.1.0
six==1.16.0
snowballstemmer==2.2.0
Sphinx==7.3.7
sphinxcontrib-applehelp==2.0.0
sphinxcontrib-devhelp==2.0.0
sphinxcontrib-htmlhelp==2.1.0
sphinxcontrib-jsmath==1.0.1
sphinxcontrib-qthelp==2.0.0
sphinxcontrib-serializinghtml==2.0.0
sqlglot==4.6.0
sqlparse==0.4.1
sympy==1.13.0
urllib3==1.26.5
webencodings==0.5.1

==================================================
(56/83) creating venv for benchmark (pickle_pure_python)

(trying common venv first)
Installing requirements into the virtual environment /home/qianhuiwang/cpython/build-purecap
# /home/qianhuiwang/cpython/build-purecap/python -m pip install pyperf==2.9.0
Requirement already satisfied: pyperf==2.9.0 in ./lib/python3.12/site-packages (2.9.0)
Requirement already satisfied: psutil>=5.9.0 in ./lib/python3.12/site-packages (from pyperf==2.9.0) (7.0.0)

[notice] A new release of pip is available: 25.0.1 -> 25.1.1
[notice] To update, run: /home/qianhuiwang/cpython/build-purecap/python -m pip install --upgrade pip
Installing requirements into the virtual environment /home/qianhuiwang/cpython/build-purecap
# /home/qianhuiwang/cpython/build-purecap/python -m pip install psutil
Requirement already satisfied: psutil in ./lib/python3.12/site-packages (7.0.0)

[notice] A new release of pip is available: 25.0.1 -> 25.1.1
[notice] To update, run: /home/qianhuiwang/cpython/build-purecap/python -m pip install --upgrade pip
# /home/qianhuiwang/cpython/build-purecap/python -m pip freeze
alabaster==0.7.16
asgiref==3.6.0
babel==2.17.0
build==1.2.2.post1
certifi==2021.5.30
Chameleon==3.9.1
charset-normalizer==3.4.1
coverage==7.3.2
Django==4.2
docutils==0.21.2
dulwich==0.20.23
Genshi==0.7.7
html5lib==1.1
idna==3.10
imagesize==1.4.1
Jinja2==3.1.6
legacy-cgi==2.6
Mako==1.1.4
MarkupSafe==2.0.1
mpmath==1.2.1
networkx==3.4.2
packaging==24.2
psutil==7.0.0
pyaes==1.6.1
Pygments==2.19.1
pyperf==2.9.0
pyperformance @ file:///home/qianhuiwang/cpython/site-packages/pyperformance/dist/pyperformance-1.11.0-py3-none-any.whl#sha256=5e7db3719781f5aaaa31704d7bc2566ec18ade1aa74b998aae4e93a9ebbaa849
pyproject_hooks==1.2.0
python-docs-theme==2024.6
pytz==2021.1
requests==2.32.3
setuptools==78.1.0
six==1.16.0
snowballstemmer==2.2.0
Sphinx==7.3.7
sphinxcontrib-applehelp==2.0.0
sphinxcontrib-devhelp==2.0.0
sphinxcontrib-htmlhelp==2.1.0
sphinxcontrib-jsmath==1.0.1
sphinxcontrib-qthelp==2.0.0
sphinxcontrib-serializinghtml==2.0.0
sqlglot==4.6.0
sqlparse==0.4.1
sympy==1.13.0
urllib3==1.26.5
webencodings==0.5.1
# /home/qianhuiwang/cpython/build-purecap/python -m pip freeze
alabaster==0.7.16
asgiref==3.6.0
babel==2.17.0
build==1.2.2.post1
certifi==2021.5.30
Chameleon==3.9.1
charset-normalizer==3.4.1
coverage==7.3.2
Django==4.2
docutils==0.21.2
dulwich==0.20.23
Genshi==0.7.7
html5lib==1.1
idna==3.10
imagesize==1.4.1
Jinja2==3.1.6
legacy-cgi==2.6
Mako==1.1.4
MarkupSafe==2.0.1
mpmath==1.2.1
networkx==3.4.2
packaging==24.2
psutil==7.0.0
pyaes==1.6.1
Pygments==2.19.1
pyperf==2.9.0
pyperformance @ file:///home/qianhuiwang/cpython/site-packages/pyperformance/dist/pyperformance-1.11.0-py3-none-any.whl#sha256=5e7db3719781f5aaaa31704d7bc2566ec18ade1aa74b998aae4e93a9ebbaa849
pyproject_hooks==1.2.0
python-docs-theme==2024.6
pytz==2021.1
requests==2.32.3
setuptools==78.1.0
six==1.16.0
snowballstemmer==2.2.0
Sphinx==7.3.7
sphinxcontrib-applehelp==2.0.0
sphinxcontrib-devhelp==2.0.0
sphinxcontrib-htmlhelp==2.1.0
sphinxcontrib-jsmath==1.0.1
sphinxcontrib-qthelp==2.0.0
sphinxcontrib-serializinghtml==2.0.0
sqlglot==4.6.0
sqlparse==0.4.1
sympy==1.13.0
urllib3==1.26.5
webencodings==0.5.1

==================================================
(57/83) creating venv for benchmark (pidigits)

(trying common venv first)
Installing requirements into the virtual environment /home/qianhuiwang/cpython/build-purecap
# /home/qianhuiwang/cpython/build-purecap/python -m pip install pyperf==2.9.0
Requirement already satisfied: pyperf==2.9.0 in ./lib/python3.12/site-packages (2.9.0)
Requirement already satisfied: psutil>=5.9.0 in ./lib/python3.12/site-packages (from pyperf==2.9.0) (7.0.0)

[notice] A new release of pip is available: 25.0.1 -> 25.1.1
[notice] To update, run: /home/qianhuiwang/cpython/build-purecap/python -m pip install --upgrade pip
Installing requirements into the virtual environment /home/qianhuiwang/cpython/build-purecap
# /home/qianhuiwang/cpython/build-purecap/python -m pip install psutil
Requirement already satisfied: psutil in ./lib/python3.12/site-packages (7.0.0)

[notice] A new release of pip is available: 25.0.1 -> 25.1.1
[notice] To update, run: /home/qianhuiwang/cpython/build-purecap/python -m pip install --upgrade pip
# /home/qianhuiwang/cpython/build-purecap/python -m pip freeze
alabaster==0.7.16
asgiref==3.6.0
babel==2.17.0
build==1.2.2.post1
certifi==2021.5.30
Chameleon==3.9.1
charset-normalizer==3.4.1
coverage==7.3.2
Django==4.2
docutils==0.21.2
dulwich==0.20.23
Genshi==0.7.7
html5lib==1.1
idna==3.10
imagesize==1.4.1
Jinja2==3.1.6
legacy-cgi==2.6
Mako==1.1.4
MarkupSafe==2.0.1
mpmath==1.2.1
networkx==3.4.2
packaging==24.2
psutil==7.0.0
pyaes==1.6.1
Pygments==2.19.1
pyperf==2.9.0
pyperformance @ file:///home/qianhuiwang/cpython/site-packages/pyperformance/dist/pyperformance-1.11.0-py3-none-any.whl#sha256=5e7db3719781f5aaaa31704d7bc2566ec18ade1aa74b998aae4e93a9ebbaa849
pyproject_hooks==1.2.0
python-docs-theme==2024.6
pytz==2021.1
requests==2.32.3
setuptools==78.1.0
six==1.16.0
snowballstemmer==2.2.0
Sphinx==7.3.7
sphinxcontrib-applehelp==2.0.0
sphinxcontrib-devhelp==2.0.0
sphinxcontrib-htmlhelp==2.1.0
sphinxcontrib-jsmath==1.0.1
sphinxcontrib-qthelp==2.0.0
sphinxcontrib-serializinghtml==2.0.0
sqlglot==4.6.0
sqlparse==0.4.1
sympy==1.13.0
urllib3==1.26.5
webencodings==0.5.1
# /home/qianhuiwang/cpython/build-purecap/python -m pip freeze
alabaster==0.7.16
asgiref==3.6.0
babel==2.17.0
build==1.2.2.post1
certifi==2021.5.30
Chameleon==3.9.1
charset-normalizer==3.4.1
coverage==7.3.2
Django==4.2
docutils==0.21.2
dulwich==0.20.23
Genshi==0.7.7
html5lib==1.1
idna==3.10
imagesize==1.4.1
Jinja2==3.1.6
legacy-cgi==2.6
Mako==1.1.4
MarkupSafe==2.0.1
mpmath==1.2.1
networkx==3.4.2
packaging==24.2
psutil==7.0.0
pyaes==1.6.1
Pygments==2.19.1
pyperf==2.9.0
pyperformance @ file:///home/qianhuiwang/cpython/site-packages/pyperformance/dist/pyperformance-1.11.0-py3-none-any.whl#sha256=5e7db3719781f5aaaa31704d7bc2566ec18ade1aa74b998aae4e93a9ebbaa849
pyproject_hooks==1.2.0
python-docs-theme==2024.6
pytz==2021.1
requests==2.32.3
setuptools==78.1.0
six==1.16.0
snowballstemmer==2.2.0
Sphinx==7.3.7
sphinxcontrib-applehelp==2.0.0
sphinxcontrib-devhelp==2.0.0
sphinxcontrib-htmlhelp==2.1.0
sphinxcontrib-jsmath==1.0.1
sphinxcontrib-qthelp==2.0.0
sphinxcontrib-serializinghtml==2.0.0
sqlglot==4.6.0
sqlparse==0.4.1
sympy==1.13.0
urllib3==1.26.5
webencodings==0.5.1

==================================================
(58/83) creating venv for benchmark (pprint)

(trying common venv first)
Installing requirements into the virtual environment /home/qianhuiwang/cpython/build-purecap
# /home/qianhuiwang/cpython/build-purecap/python -m pip install pyperf==2.9.0
Requirement already satisfied: pyperf==2.9.0 in ./lib/python3.12/site-packages (2.9.0)
Requirement already satisfied: psutil>=5.9.0 in ./lib/python3.12/site-packages (from pyperf==2.9.0) (7.0.0)

[notice] A new release of pip is available: 25.0.1 -> 25.1.1
[notice] To update, run: /home/qianhuiwang/cpython/build-purecap/python -m pip install --upgrade pip
Installing requirements into the virtual environment /home/qianhuiwang/cpython/build-purecap
# /home/qianhuiwang/cpython/build-purecap/python -m pip install psutil
Requirement already satisfied: psutil in ./lib/python3.12/site-packages (7.0.0)

[notice] A new release of pip is available: 25.0.1 -> 25.1.1
[notice] To update, run: /home/qianhuiwang/cpython/build-purecap/python -m pip install --upgrade pip
# /home/qianhuiwang/cpython/build-purecap/python -m pip freeze
alabaster==0.7.16
asgiref==3.6.0
babel==2.17.0
build==1.2.2.post1
certifi==2021.5.30
Chameleon==3.9.1
charset-normalizer==3.4.1
coverage==7.3.2
Django==4.2
docutils==0.21.2
dulwich==0.20.23
Genshi==0.7.7
html5lib==1.1
idna==3.10
imagesize==1.4.1
Jinja2==3.1.6
legacy-cgi==2.6
Mako==1.1.4
MarkupSafe==2.0.1
mpmath==1.2.1
networkx==3.4.2
packaging==24.2
psutil==7.0.0
pyaes==1.6.1
Pygments==2.19.1
pyperf==2.9.0
pyperformance @ file:///home/qianhuiwang/cpython/site-packages/pyperformance/dist/pyperformance-1.11.0-py3-none-any.whl#sha256=5e7db3719781f5aaaa31704d7bc2566ec18ade1aa74b998aae4e93a9ebbaa849
pyproject_hooks==1.2.0
python-docs-theme==2024.6
pytz==2021.1
requests==2.32.3
setuptools==78.1.0
six==1.16.0
snowballstemmer==2.2.0
Sphinx==7.3.7
sphinxcontrib-applehelp==2.0.0
sphinxcontrib-devhelp==2.0.0
sphinxcontrib-htmlhelp==2.1.0
sphinxcontrib-jsmath==1.0.1
sphinxcontrib-qthelp==2.0.0
sphinxcontrib-serializinghtml==2.0.0
sqlglot==4.6.0
sqlparse==0.4.1
sympy==1.13.0
urllib3==1.26.5
webencodings==0.5.1
# /home/qianhuiwang/cpython/build-purecap/python -m pip freeze
alabaster==0.7.16
asgiref==3.6.0
babel==2.17.0
build==1.2.2.post1
certifi==2021.5.30
Chameleon==3.9.1
charset-normalizer==3.4.1
coverage==7.3.2
Django==4.2
docutils==0.21.2
dulwich==0.20.23
Genshi==0.7.7
html5lib==1.1
idna==3.10
imagesize==1.4.1
Jinja2==3.1.6
legacy-cgi==2.6
Mako==1.1.4
MarkupSafe==2.0.1
mpmath==1.2.1
networkx==3.4.2
packaging==24.2
psutil==7.0.0
pyaes==1.6.1
Pygments==2.19.1
pyperf==2.9.0
pyperformance @ file:///home/qianhuiwang/cpython/site-packages/pyperformance/dist/pyperformance-1.11.0-py3-none-any.whl#sha256=5e7db3719781f5aaaa31704d7bc2566ec18ade1aa74b998aae4e93a9ebbaa849
pyproject_hooks==1.2.0
python-docs-theme==2024.6
pytz==2021.1
requests==2.32.3
setuptools==78.1.0
six==1.16.0
snowballstemmer==2.2.0
Sphinx==7.3.7
sphinxcontrib-applehelp==2.0.0
sphinxcontrib-devhelp==2.0.0
sphinxcontrib-htmlhelp==2.1.0
sphinxcontrib-jsmath==1.0.1
sphinxcontrib-qthelp==2.0.0
sphinxcontrib-serializinghtml==2.0.0
sqlglot==4.6.0
sqlparse==0.4.1
sympy==1.13.0
urllib3==1.26.5
webencodings==0.5.1

==================================================
(59/83) creating venv for benchmark (pyflate)

(trying common venv first)
Installing requirements into the virtual environment /home/qianhuiwang/cpython/build-purecap
# /home/qianhuiwang/cpython/build-purecap/python -m pip install pyperf==2.9.0
Requirement already satisfied: pyperf==2.9.0 in ./lib/python3.12/site-packages (2.9.0)
Requirement already satisfied: psutil>=5.9.0 in ./lib/python3.12/site-packages (from pyperf==2.9.0) (7.0.0)

[notice] A new release of pip is available: 25.0.1 -> 25.1.1
[notice] To update, run: /home/qianhuiwang/cpython/build-purecap/python -m pip install --upgrade pip
Installing requirements into the virtual environment /home/qianhuiwang/cpython/build-purecap
# /home/qianhuiwang/cpython/build-purecap/python -m pip install psutil
Requirement already satisfied: psutil in ./lib/python3.12/site-packages (7.0.0)

[notice] A new release of pip is available: 25.0.1 -> 25.1.1
[notice] To update, run: /home/qianhuiwang/cpython/build-purecap/python -m pip install --upgrade pip
# /home/qianhuiwang/cpython/build-purecap/python -m pip freeze
alabaster==0.7.16
asgiref==3.6.0
babel==2.17.0
build==1.2.2.post1
certifi==2021.5.30
Chameleon==3.9.1
charset-normalizer==3.4.1
coverage==7.3.2
Django==4.2
docutils==0.21.2
dulwich==0.20.23
Genshi==0.7.7
html5lib==1.1
idna==3.10
imagesize==1.4.1
Jinja2==3.1.6
legacy-cgi==2.6
Mako==1.1.4
MarkupSafe==2.0.1
mpmath==1.2.1
networkx==3.4.2
packaging==24.2
psutil==7.0.0
pyaes==1.6.1
Pygments==2.19.1
pyperf==2.9.0
pyperformance @ file:///home/qianhuiwang/cpython/site-packages/pyperformance/dist/pyperformance-1.11.0-py3-none-any.whl#sha256=5e7db3719781f5aaaa31704d7bc2566ec18ade1aa74b998aae4e93a9ebbaa849
pyproject_hooks==1.2.0
python-docs-theme==2024.6
pytz==2021.1
requests==2.32.3
setuptools==78.1.0
six==1.16.0
snowballstemmer==2.2.0
Sphinx==7.3.7
sphinxcontrib-applehelp==2.0.0
sphinxcontrib-devhelp==2.0.0
sphinxcontrib-htmlhelp==2.1.0
sphinxcontrib-jsmath==1.0.1
sphinxcontrib-qthelp==2.0.0
sphinxcontrib-serializinghtml==2.0.0
sqlglot==4.6.0
sqlparse==0.4.1
sympy==1.13.0
urllib3==1.26.5
webencodings==0.5.1
# /home/qianhuiwang/cpython/build-purecap/python -m pip freeze
alabaster==0.7.16
asgiref==3.6.0
babel==2.17.0
build==1.2.2.post1
certifi==2021.5.30
Chameleon==3.9.1
charset-normalizer==3.4.1
coverage==7.3.2
Django==4.2
docutils==0.21.2
dulwich==0.20.23
Genshi==0.7.7
html5lib==1.1
idna==3.10
imagesize==1.4.1
Jinja2==3.1.6
legacy-cgi==2.6
Mako==1.1.4
MarkupSafe==2.0.1
mpmath==1.2.1
networkx==3.4.2
packaging==24.2
psutil==7.0.0
pyaes==1.6.1
Pygments==2.19.1
pyperf==2.9.0
pyperformance @ file:///home/qianhuiwang/cpython/site-packages/pyperformance/dist/pyperformance-1.11.0-py3-none-any.whl#sha256=5e7db3719781f5aaaa31704d7bc2566ec18ade1aa74b998aae4e93a9ebbaa849
pyproject_hooks==1.2.0
python-docs-theme==2024.6
pytz==2021.1
requests==2.32.3
setuptools==78.1.0
six==1.16.0
snowballstemmer==2.2.0
Sphinx==7.3.7
sphinxcontrib-applehelp==2.0.0
sphinxcontrib-devhelp==2.0.0
sphinxcontrib-htmlhelp==2.1.0
sphinxcontrib-jsmath==1.0.1
sphinxcontrib-qthelp==2.0.0
sphinxcontrib-serializinghtml==2.0.0
sqlglot==4.6.0
sqlparse==0.4.1
sympy==1.13.0
urllib3==1.26.5
webencodings==0.5.1

==================================================
(60/83) creating venv for benchmark (python_startup)

(trying common venv first)
Installing requirements into the virtual environment /home/qianhuiwang/cpython/build-purecap
# /home/qianhuiwang/cpython/build-purecap/python -m pip install pyperf==2.9.0
Requirement already satisfied: pyperf==2.9.0 in ./lib/python3.12/site-packages (2.9.0)
Requirement already satisfied: psutil>=5.9.0 in ./lib/python3.12/site-packages (from pyperf==2.9.0) (7.0.0)

[notice] A new release of pip is available: 25.0.1 -> 25.1.1
[notice] To update, run: /home/qianhuiwang/cpython/build-purecap/python -m pip install --upgrade pip
Installing requirements into the virtual environment /home/qianhuiwang/cpython/build-purecap
# /home/qianhuiwang/cpython/build-purecap/python -m pip install psutil
Requirement already satisfied: psutil in ./lib/python3.12/site-packages (7.0.0)

[notice] A new release of pip is available: 25.0.1 -> 25.1.1
[notice] To update, run: /home/qianhuiwang/cpython/build-purecap/python -m pip install --upgrade pip
# /home/qianhuiwang/cpython/build-purecap/python -m pip freeze
alabaster==0.7.16
asgiref==3.6.0
babel==2.17.0
build==1.2.2.post1
certifi==2021.5.30
Chameleon==3.9.1
charset-normalizer==3.4.1
coverage==7.3.2
Django==4.2
docutils==0.21.2
dulwich==0.20.23
Genshi==0.7.7
html5lib==1.1
idna==3.10
imagesize==1.4.1
Jinja2==3.1.6
legacy-cgi==2.6
Mako==1.1.4
MarkupSafe==2.0.1
mpmath==1.2.1
networkx==3.4.2
packaging==24.2
psutil==7.0.0
pyaes==1.6.1
Pygments==2.19.1
pyperf==2.9.0
pyperformance @ file:///home/qianhuiwang/cpython/site-packages/pyperformance/dist/pyperformance-1.11.0-py3-none-any.whl#sha256=5e7db3719781f5aaaa31704d7bc2566ec18ade1aa74b998aae4e93a9ebbaa849
pyproject_hooks==1.2.0
python-docs-theme==2024.6
pytz==2021.1
requests==2.32.3
setuptools==78.1.0
six==1.16.0
snowballstemmer==2.2.0
Sphinx==7.3.7
sphinxcontrib-applehelp==2.0.0
sphinxcontrib-devhelp==2.0.0
sphinxcontrib-htmlhelp==2.1.0
sphinxcontrib-jsmath==1.0.1
sphinxcontrib-qthelp==2.0.0
sphinxcontrib-serializinghtml==2.0.0
sqlglot==4.6.0
sqlparse==0.4.1
sympy==1.13.0
urllib3==1.26.5
webencodings==0.5.1
# /home/qianhuiwang/cpython/build-purecap/python -m pip freeze
alabaster==0.7.16
asgiref==3.6.0
babel==2.17.0
build==1.2.2.post1
certifi==2021.5.30
Chameleon==3.9.1
charset-normalizer==3.4.1
coverage==7.3.2
Django==4.2
docutils==0.21.2
dulwich==0.20.23
Genshi==0.7.7
html5lib==1.1
idna==3.10
imagesize==1.4.1
Jinja2==3.1.6
legacy-cgi==2.6
Mako==1.1.4
MarkupSafe==2.0.1
mpmath==1.2.1
networkx==3.4.2
packaging==24.2
psutil==7.0.0
pyaes==1.6.1
Pygments==2.19.1
pyperf==2.9.0
pyperformance @ file:///home/qianhuiwang/cpython/site-packages/pyperformance/dist/pyperformance-1.11.0-py3-none-any.whl#sha256=5e7db3719781f5aaaa31704d7bc2566ec18ade1aa74b998aae4e93a9ebbaa849
pyproject_hooks==1.2.0
python-docs-theme==2024.6
pytz==2021.1
requests==2.32.3
setuptools==78.1.0
six==1.16.0
snowballstemmer==2.2.0
Sphinx==7.3.7
sphinxcontrib-applehelp==2.0.0
sphinxcontrib-devhelp==2.0.0
sphinxcontrib-htmlhelp==2.1.0
sphinxcontrib-jsmath==1.0.1
sphinxcontrib-qthelp==2.0.0
sphinxcontrib-serializinghtml==2.0.0
sqlglot==4.6.0
sqlparse==0.4.1
sympy==1.13.0
urllib3==1.26.5
webencodings==0.5.1

==================================================
(61/83) creating venv for benchmark (python_startup_no_site)

(trying common venv first)
Installing requirements into the virtual environment /home/qianhuiwang/cpython/build-purecap
# /home/qianhuiwang/cpython/build-purecap/python -m pip install pyperf==2.9.0
Requirement already satisfied: pyperf==2.9.0 in ./lib/python3.12/site-packages (2.9.0)
Requirement already satisfied: psutil>=5.9.0 in ./lib/python3.12/site-packages (from pyperf==2.9.0) (7.0.0)

[notice] A new release of pip is available: 25.0.1 -> 25.1.1
[notice] To update, run: /home/qianhuiwang/cpython/build-purecap/python -m pip install --upgrade pip
Installing requirements into the virtual environment /home/qianhuiwang/cpython/build-purecap
# /home/qianhuiwang/cpython/build-purecap/python -m pip install psutil
Requirement already satisfied: psutil in ./lib/python3.12/site-packages (7.0.0)

[notice] A new release of pip is available: 25.0.1 -> 25.1.1
[notice] To update, run: /home/qianhuiwang/cpython/build-purecap/python -m pip install --upgrade pip
# /home/qianhuiwang/cpython/build-purecap/python -m pip freeze
alabaster==0.7.16
asgiref==3.6.0
babel==2.17.0
build==1.2.2.post1
certifi==2021.5.30
Chameleon==3.9.1
charset-normalizer==3.4.1
coverage==7.3.2
Django==4.2
docutils==0.21.2
dulwich==0.20.23
Genshi==0.7.7
html5lib==1.1
idna==3.10
imagesize==1.4.1
Jinja2==3.1.6
legacy-cgi==2.6
Mako==1.1.4
MarkupSafe==2.0.1
mpmath==1.2.1
networkx==3.4.2
packaging==24.2
psutil==7.0.0
pyaes==1.6.1
Pygments==2.19.1
pyperf==2.9.0
pyperformance @ file:///home/qianhuiwang/cpython/site-packages/pyperformance/dist/pyperformance-1.11.0-py3-none-any.whl#sha256=5e7db3719781f5aaaa31704d7bc2566ec18ade1aa74b998aae4e93a9ebbaa849
pyproject_hooks==1.2.0
python-docs-theme==2024.6
pytz==2021.1
requests==2.32.3
setuptools==78.1.0
six==1.16.0
snowballstemmer==2.2.0
Sphinx==7.3.7
sphinxcontrib-applehelp==2.0.0
sphinxcontrib-devhelp==2.0.0
sphinxcontrib-htmlhelp==2.1.0
sphinxcontrib-jsmath==1.0.1
sphinxcontrib-qthelp==2.0.0
sphinxcontrib-serializinghtml==2.0.0
sqlglot==4.6.0
sqlparse==0.4.1
sympy==1.13.0
urllib3==1.26.5
webencodings==0.5.1
# /home/qianhuiwang/cpython/build-purecap/python -m pip freeze
alabaster==0.7.16
asgiref==3.6.0
babel==2.17.0
build==1.2.2.post1
certifi==2021.5.30
Chameleon==3.9.1
charset-normalizer==3.4.1
coverage==7.3.2
Django==4.2
docutils==0.21.2
dulwich==0.20.23
Genshi==0.7.7
html5lib==1.1
idna==3.10
imagesize==1.4.1
Jinja2==3.1.6
legacy-cgi==2.6
Mako==1.1.4
MarkupSafe==2.0.1
mpmath==1.2.1
networkx==3.4.2
packaging==24.2
psutil==7.0.0
pyaes==1.6.1
Pygments==2.19.1
pyperf==2.9.0
pyperformance @ file:///home/qianhuiwang/cpython/site-packages/pyperformance/dist/pyperformance-1.11.0-py3-none-any.whl#sha256=5e7db3719781f5aaaa31704d7bc2566ec18ade1aa74b998aae4e93a9ebbaa849
pyproject_hooks==1.2.0
python-docs-theme==2024.6
pytz==2021.1
requests==2.32.3
setuptools==78.1.0
six==1.16.0
snowballstemmer==2.2.0
Sphinx==7.3.7
sphinxcontrib-applehelp==2.0.0
sphinxcontrib-devhelp==2.0.0
sphinxcontrib-htmlhelp==2.1.0
sphinxcontrib-jsmath==1.0.1
sphinxcontrib-qthelp==2.0.0
sphinxcontrib-serializinghtml==2.0.0
sqlglot==4.6.0
sqlparse==0.4.1
sympy==1.13.0
urllib3==1.26.5
webencodings==0.5.1

==================================================
(62/83) creating venv for benchmark (raytrace)

(trying common venv first)
Installing requirements into the virtual environment /home/qianhuiwang/cpython/build-purecap
# /home/qianhuiwang/cpython/build-purecap/python -m pip install pyperf==2.9.0
Requirement already satisfied: pyperf==2.9.0 in ./lib/python3.12/site-packages (2.9.0)
Requirement already satisfied: psutil>=5.9.0 in ./lib/python3.12/site-packages (from pyperf==2.9.0) (7.0.0)

[notice] A new release of pip is available: 25.0.1 -> 25.1.1
[notice] To update, run: /home/qianhuiwang/cpython/build-purecap/python -m pip install --upgrade pip
Installing requirements into the virtual environment /home/qianhuiwang/cpython/build-purecap
# /home/qianhuiwang/cpython/build-purecap/python -m pip install psutil
Requirement already satisfied: psutil in ./lib/python3.12/site-packages (7.0.0)

[notice] A new release of pip is available: 25.0.1 -> 25.1.1
[notice] To update, run: /home/qianhuiwang/cpython/build-purecap/python -m pip install --upgrade pip
# /home/qianhuiwang/cpython/build-purecap/python -m pip freeze
alabaster==0.7.16
asgiref==3.6.0
babel==2.17.0
build==1.2.2.post1
certifi==2021.5.30
Chameleon==3.9.1
charset-normalizer==3.4.1
coverage==7.3.2
Django==4.2
docutils==0.21.2
dulwich==0.20.23
Genshi==0.7.7
html5lib==1.1
idna==3.10
imagesize==1.4.1
Jinja2==3.1.6
legacy-cgi==2.6
Mako==1.1.4
MarkupSafe==2.0.1
mpmath==1.2.1
networkx==3.4.2
packaging==24.2
psutil==7.0.0
pyaes==1.6.1
Pygments==2.19.1
pyperf==2.9.0
pyperformance @ file:///home/qianhuiwang/cpython/site-packages/pyperformance/dist/pyperformance-1.11.0-py3-none-any.whl#sha256=5e7db3719781f5aaaa31704d7bc2566ec18ade1aa74b998aae4e93a9ebbaa849
pyproject_hooks==1.2.0
python-docs-theme==2024.6
pytz==2021.1
requests==2.32.3
setuptools==78.1.0
six==1.16.0
snowballstemmer==2.2.0
Sphinx==7.3.7
sphinxcontrib-applehelp==2.0.0
sphinxcontrib-devhelp==2.0.0
sphinxcontrib-htmlhelp==2.1.0
sphinxcontrib-jsmath==1.0.1
sphinxcontrib-qthelp==2.0.0
sphinxcontrib-serializinghtml==2.0.0
sqlglot==4.6.0
sqlparse==0.4.1
sympy==1.13.0
urllib3==1.26.5
webencodings==0.5.1
# /home/qianhuiwang/cpython/build-purecap/python -m pip freeze
alabaster==0.7.16
asgiref==3.6.0
babel==2.17.0
build==1.2.2.post1
certifi==2021.5.30
Chameleon==3.9.1
charset-normalizer==3.4.1
coverage==7.3.2
Django==4.2
docutils==0.21.2
dulwich==0.20.23
Genshi==0.7.7
html5lib==1.1
idna==3.10
imagesize==1.4.1
Jinja2==3.1.6
legacy-cgi==2.6
Mako==1.1.4
MarkupSafe==2.0.1
mpmath==1.2.1
networkx==3.4.2
packaging==24.2
psutil==7.0.0
pyaes==1.6.1
Pygments==2.19.1
pyperf==2.9.0
pyperformance @ file:///home/qianhuiwang/cpython/site-packages/pyperformance/dist/pyperformance-1.11.0-py3-none-any.whl#sha256=5e7db3719781f5aaaa31704d7bc2566ec18ade1aa74b998aae4e93a9ebbaa849
pyproject_hooks==1.2.0
python-docs-theme==2024.6
pytz==2021.1
requests==2.32.3
setuptools==78.1.0
six==1.16.0
snowballstemmer==2.2.0
Sphinx==7.3.7
sphinxcontrib-applehelp==2.0.0
sphinxcontrib-devhelp==2.0.0
sphinxcontrib-htmlhelp==2.1.0
sphinxcontrib-jsmath==1.0.1
sphinxcontrib-qthelp==2.0.0
sphinxcontrib-serializinghtml==2.0.0
sqlglot==4.6.0
sqlparse==0.4.1
sympy==1.13.0
urllib3==1.26.5
webencodings==0.5.1

==================================================
(63/83) creating venv for benchmark (regex_compile)

(trying common venv first)
Installing requirements into the virtual environment /home/qianhuiwang/cpython/build-purecap
# /home/qianhuiwang/cpython/build-purecap/python -m pip install pyperf==2.9.0
Requirement already satisfied: pyperf==2.9.0 in ./lib/python3.12/site-packages (2.9.0)
Requirement already satisfied: psutil>=5.9.0 in ./lib/python3.12/site-packages (from pyperf==2.9.0) (7.0.0)

[notice] A new release of pip is available: 25.0.1 -> 25.1.1
[notice] To update, run: /home/qianhuiwang/cpython/build-purecap/python -m pip install --upgrade pip
Installing requirements into the virtual environment /home/qianhuiwang/cpython/build-purecap
# /home/qianhuiwang/cpython/build-purecap/python -m pip install psutil
Requirement already satisfied: psutil in ./lib/python3.12/site-packages (7.0.0)

[notice] A new release of pip is available: 25.0.1 -> 25.1.1
[notice] To update, run: /home/qianhuiwang/cpython/build-purecap/python -m pip install --upgrade pip
# /home/qianhuiwang/cpython/build-purecap/python -m pip freeze
alabaster==0.7.16
asgiref==3.6.0
babel==2.17.0
build==1.2.2.post1
certifi==2021.5.30
Chameleon==3.9.1
charset-normalizer==3.4.1
coverage==7.3.2
Django==4.2
docutils==0.21.2
dulwich==0.20.23
Genshi==0.7.7
html5lib==1.1
idna==3.10
imagesize==1.4.1
Jinja2==3.1.6
legacy-cgi==2.6
Mako==1.1.4
MarkupSafe==2.0.1
mpmath==1.2.1
networkx==3.4.2
packaging==24.2
psutil==7.0.0
pyaes==1.6.1
Pygments==2.19.1
pyperf==2.9.0
pyperformance @ file:///home/qianhuiwang/cpython/site-packages/pyperformance/dist/pyperformance-1.11.0-py3-none-any.whl#sha256=5e7db3719781f5aaaa31704d7bc2566ec18ade1aa74b998aae4e93a9ebbaa849
pyproject_hooks==1.2.0
python-docs-theme==2024.6
pytz==2021.1
requests==2.32.3
setuptools==78.1.0
six==1.16.0
snowballstemmer==2.2.0
Sphinx==7.3.7
sphinxcontrib-applehelp==2.0.0
sphinxcontrib-devhelp==2.0.0
sphinxcontrib-htmlhelp==2.1.0
sphinxcontrib-jsmath==1.0.1
sphinxcontrib-qthelp==2.0.0
sphinxcontrib-serializinghtml==2.0.0
sqlglot==4.6.0
sqlparse==0.4.1
sympy==1.13.0
urllib3==1.26.5
webencodings==0.5.1
# /home/qianhuiwang/cpython/build-purecap/python -m pip freeze
alabaster==0.7.16
asgiref==3.6.0
babel==2.17.0
build==1.2.2.post1
certifi==2021.5.30
Chameleon==3.9.1
charset-normalizer==3.4.1
coverage==7.3.2
Django==4.2
docutils==0.21.2
dulwich==0.20.23
Genshi==0.7.7
html5lib==1.1
idna==3.10
imagesize==1.4.1
Jinja2==3.1.6
legacy-cgi==2.6
Mako==1.1.4
MarkupSafe==2.0.1
mpmath==1.2.1
networkx==3.4.2
packaging==24.2
psutil==7.0.0
pyaes==1.6.1
Pygments==2.19.1
pyperf==2.9.0
pyperformance @ file:///home/qianhuiwang/cpython/site-packages/pyperformance/dist/pyperformance-1.11.0-py3-none-any.whl#sha256=5e7db3719781f5aaaa31704d7bc2566ec18ade1aa74b998aae4e93a9ebbaa849
pyproject_hooks==1.2.0
python-docs-theme==2024.6
pytz==2021.1
requests==2.32.3
setuptools==78.1.0
six==1.16.0
snowballstemmer==2.2.0
Sphinx==7.3.7
sphinxcontrib-applehelp==2.0.0
sphinxcontrib-devhelp==2.0.0
sphinxcontrib-htmlhelp==2.1.0
sphinxcontrib-jsmath==1.0.1
sphinxcontrib-qthelp==2.0.0
sphinxcontrib-serializinghtml==2.0.0
sqlglot==4.6.0
sqlparse==0.4.1
sympy==1.13.0
urllib3==1.26.5
webencodings==0.5.1

==================================================
(64/83) creating venv for benchmark (regex_dna)

(trying common venv first)
Installing requirements into the virtual environment /home/qianhuiwang/cpython/build-purecap
# /home/qianhuiwang/cpython/build-purecap/python -m pip install pyperf==2.9.0
Requirement already satisfied: pyperf==2.9.0 in ./lib/python3.12/site-packages (2.9.0)
Requirement already satisfied: psutil>=5.9.0 in ./lib/python3.12/site-packages (from pyperf==2.9.0) (7.0.0)

[notice] A new release of pip is available: 25.0.1 -> 25.1.1
[notice] To update, run: /home/qianhuiwang/cpython/build-purecap/python -m pip install --upgrade pip
Installing requirements into the virtual environment /home/qianhuiwang/cpython/build-purecap
# /home/qianhuiwang/cpython/build-purecap/python -m pip install psutil
Requirement already satisfied: psutil in ./lib/python3.12/site-packages (7.0.0)

[notice] A new release of pip is available: 25.0.1 -> 25.1.1
[notice] To update, run: /home/qianhuiwang/cpython/build-purecap/python -m pip install --upgrade pip
# /home/qianhuiwang/cpython/build-purecap/python -m pip freeze
alabaster==0.7.16
asgiref==3.6.0
babel==2.17.0
build==1.2.2.post1
certifi==2021.5.30
Chameleon==3.9.1
charset-normalizer==3.4.1
coverage==7.3.2
Django==4.2
docutils==0.21.2
dulwich==0.20.23
Genshi==0.7.7
html5lib==1.1
idna==3.10
imagesize==1.4.1
Jinja2==3.1.6
legacy-cgi==2.6
Mako==1.1.4
MarkupSafe==2.0.1
mpmath==1.2.1
networkx==3.4.2
packaging==24.2
psutil==7.0.0
pyaes==1.6.1
Pygments==2.19.1
pyperf==2.9.0
pyperformance @ file:///home/qianhuiwang/cpython/site-packages/pyperformance/dist/pyperformance-1.11.0-py3-none-any.whl#sha256=5e7db3719781f5aaaa31704d7bc2566ec18ade1aa74b998aae4e93a9ebbaa849
pyproject_hooks==1.2.0
python-docs-theme==2024.6
pytz==2021.1
requests==2.32.3
setuptools==78.1.0
six==1.16.0
snowballstemmer==2.2.0
Sphinx==7.3.7
sphinxcontrib-applehelp==2.0.0
sphinxcontrib-devhelp==2.0.0
sphinxcontrib-htmlhelp==2.1.0
sphinxcontrib-jsmath==1.0.1
sphinxcontrib-qthelp==2.0.0
sphinxcontrib-serializinghtml==2.0.0
sqlglot==4.6.0
sqlparse==0.4.1
sympy==1.13.0
urllib3==1.26.5
webencodings==0.5.1
# /home/qianhuiwang/cpython/build-purecap/python -m pip freeze
alabaster==0.7.16
asgiref==3.6.0
babel==2.17.0
build==1.2.2.post1
certifi==2021.5.30
Chameleon==3.9.1
charset-normalizer==3.4.1
coverage==7.3.2
Django==4.2
docutils==0.21.2
dulwich==0.20.23
Genshi==0.7.7
html5lib==1.1
idna==3.10
imagesize==1.4.1
Jinja2==3.1.6
legacy-cgi==2.6
Mako==1.1.4
MarkupSafe==2.0.1
mpmath==1.2.1
networkx==3.4.2
packaging==24.2
psutil==7.0.0
pyaes==1.6.1
Pygments==2.19.1
pyperf==2.9.0
pyperformance @ file:///home/qianhuiwang/cpython/site-packages/pyperformance/dist/pyperformance-1.11.0-py3-none-any.whl#sha256=5e7db3719781f5aaaa31704d7bc2566ec18ade1aa74b998aae4e93a9ebbaa849
pyproject_hooks==1.2.0
python-docs-theme==2024.6
pytz==2021.1
requests==2.32.3
setuptools==78.1.0
six==1.16.0
snowballstemmer==2.2.0
Sphinx==7.3.7
sphinxcontrib-applehelp==2.0.0
sphinxcontrib-devhelp==2.0.0
sphinxcontrib-htmlhelp==2.1.0
sphinxcontrib-jsmath==1.0.1
sphinxcontrib-qthelp==2.0.0
sphinxcontrib-serializinghtml==2.0.0
sqlglot==4.6.0
sqlparse==0.4.1
sympy==1.13.0
urllib3==1.26.5
webencodings==0.5.1

==================================================
(65/83) creating venv for benchmark (regex_effbot)

(trying common venv first)
Installing requirements into the virtual environment /home/qianhuiwang/cpython/build-purecap
# /home/qianhuiwang/cpython/build-purecap/python -m pip install pyperf==2.9.0
Requirement already satisfied: pyperf==2.9.0 in ./lib/python3.12/site-packages (2.9.0)
Requirement already satisfied: psutil>=5.9.0 in ./lib/python3.12/site-packages (from pyperf==2.9.0) (7.0.0)

[notice] A new release of pip is available: 25.0.1 -> 25.1.1
[notice] To update, run: /home/qianhuiwang/cpython/build-purecap/python -m pip install --upgrade pip
Installing requirements into the virtual environment /home/qianhuiwang/cpython/build-purecap
# /home/qianhuiwang/cpython/build-purecap/python -m pip install psutil
Requirement already satisfied: psutil in ./lib/python3.12/site-packages (7.0.0)

[notice] A new release of pip is available: 25.0.1 -> 25.1.1
[notice] To update, run: /home/qianhuiwang/cpython/build-purecap/python -m pip install --upgrade pip
# /home/qianhuiwang/cpython/build-purecap/python -m pip freeze
alabaster==0.7.16
asgiref==3.6.0
babel==2.17.0
build==1.2.2.post1
certifi==2021.5.30
Chameleon==3.9.1
charset-normalizer==3.4.1
coverage==7.3.2
Django==4.2
docutils==0.21.2
dulwich==0.20.23
Genshi==0.7.7
html5lib==1.1
idna==3.10
imagesize==1.4.1
Jinja2==3.1.6
legacy-cgi==2.6
Mako==1.1.4
MarkupSafe==2.0.1
mpmath==1.2.1
networkx==3.4.2
packaging==24.2
psutil==7.0.0
pyaes==1.6.1
Pygments==2.19.1
pyperf==2.9.0
pyperformance @ file:///home/qianhuiwang/cpython/site-packages/pyperformance/dist/pyperformance-1.11.0-py3-none-any.whl#sha256=5e7db3719781f5aaaa31704d7bc2566ec18ade1aa74b998aae4e93a9ebbaa849
pyproject_hooks==1.2.0
python-docs-theme==2024.6
pytz==2021.1
requests==2.32.3
setuptools==78.1.0
six==1.16.0
snowballstemmer==2.2.0
Sphinx==7.3.7
sphinxcontrib-applehelp==2.0.0
sphinxcontrib-devhelp==2.0.0
sphinxcontrib-htmlhelp==2.1.0
sphinxcontrib-jsmath==1.0.1
sphinxcontrib-qthelp==2.0.0
sphinxcontrib-serializinghtml==2.0.0
sqlglot==4.6.0
sqlparse==0.4.1
sympy==1.13.0
urllib3==1.26.5
webencodings==0.5.1
# /home/qianhuiwang/cpython/build-purecap/python -m pip freeze
alabaster==0.7.16
asgiref==3.6.0
babel==2.17.0
build==1.2.2.post1
certifi==2021.5.30
Chameleon==3.9.1
charset-normalizer==3.4.1
coverage==7.3.2
Django==4.2
docutils==0.21.2
dulwich==0.20.23
Genshi==0.7.7
html5lib==1.1
idna==3.10
imagesize==1.4.1
Jinja2==3.1.6
legacy-cgi==2.6
Mako==1.1.4
MarkupSafe==2.0.1
mpmath==1.2.1
networkx==3.4.2
packaging==24.2
psutil==7.0.0
pyaes==1.6.1
Pygments==2.19.1
pyperf==2.9.0
pyperformance @ file:///home/qianhuiwang/cpython/site-packages/pyperformance/dist/pyperformance-1.11.0-py3-none-any.whl#sha256=5e7db3719781f5aaaa31704d7bc2566ec18ade1aa74b998aae4e93a9ebbaa849
pyproject_hooks==1.2.0
python-docs-theme==2024.6
pytz==2021.1
requests==2.32.3
setuptools==78.1.0
six==1.16.0
snowballstemmer==2.2.0
Sphinx==7.3.7
sphinxcontrib-applehelp==2.0.0
sphinxcontrib-devhelp==2.0.0
sphinxcontrib-htmlhelp==2.1.0
sphinxcontrib-jsmath==1.0.1
sphinxcontrib-qthelp==2.0.0
sphinxcontrib-serializinghtml==2.0.0
sqlglot==4.6.0
sqlparse==0.4.1
sympy==1.13.0
urllib3==1.26.5
webencodings==0.5.1

==================================================
(66/83) creating venv for benchmark (regex_v8)

(trying common venv first)
Installing requirements into the virtual environment /home/qianhuiwang/cpython/build-purecap
# /home/qianhuiwang/cpython/build-purecap/python -m pip install pyperf==2.9.0
Requirement already satisfied: pyperf==2.9.0 in ./lib/python3.12/site-packages (2.9.0)
Requirement already satisfied: psutil>=5.9.0 in ./lib/python3.12/site-packages (from pyperf==2.9.0) (7.0.0)

[notice] A new release of pip is available: 25.0.1 -> 25.1.1
[notice] To update, run: /home/qianhuiwang/cpython/build-purecap/python -m pip install --upgrade pip
Installing requirements into the virtual environment /home/qianhuiwang/cpython/build-purecap
# /home/qianhuiwang/cpython/build-purecap/python -m pip install psutil
Requirement already satisfied: psutil in ./lib/python3.12/site-packages (7.0.0)

[notice] A new release of pip is available: 25.0.1 -> 25.1.1
[notice] To update, run: /home/qianhuiwang/cpython/build-purecap/python -m pip install --upgrade pip
# /home/qianhuiwang/cpython/build-purecap/python -m pip freeze
alabaster==0.7.16
asgiref==3.6.0
babel==2.17.0
build==1.2.2.post1
certifi==2021.5.30
Chameleon==3.9.1
charset-normalizer==3.4.1
coverage==7.3.2
Django==4.2
docutils==0.21.2
dulwich==0.20.23
Genshi==0.7.7
html5lib==1.1
idna==3.10
imagesize==1.4.1
Jinja2==3.1.6
legacy-cgi==2.6
Mako==1.1.4
MarkupSafe==2.0.1
mpmath==1.2.1
networkx==3.4.2
packaging==24.2
psutil==7.0.0
pyaes==1.6.1
Pygments==2.19.1
pyperf==2.9.0
pyperformance @ file:///home/qianhuiwang/cpython/site-packages/pyperformance/dist/pyperformance-1.11.0-py3-none-any.whl#sha256=5e7db3719781f5aaaa31704d7bc2566ec18ade1aa74b998aae4e93a9ebbaa849
pyproject_hooks==1.2.0
python-docs-theme==2024.6
pytz==2021.1
requests==2.32.3
setuptools==78.1.0
six==1.16.0
snowballstemmer==2.2.0
Sphinx==7.3.7
sphinxcontrib-applehelp==2.0.0
sphinxcontrib-devhelp==2.0.0
sphinxcontrib-htmlhelp==2.1.0
sphinxcontrib-jsmath==1.0.1
sphinxcontrib-qthelp==2.0.0
sphinxcontrib-serializinghtml==2.0.0
sqlglot==4.6.0
sqlparse==0.4.1
sympy==1.13.0
urllib3==1.26.5
webencodings==0.5.1
# /home/qianhuiwang/cpython/build-purecap/python -m pip freeze
alabaster==0.7.16
asgiref==3.6.0
babel==2.17.0
build==1.2.2.post1
certifi==2021.5.30
Chameleon==3.9.1
charset-normalizer==3.4.1
coverage==7.3.2
Django==4.2
docutils==0.21.2
dulwich==0.20.23
Genshi==0.7.7
html5lib==1.1
idna==3.10
imagesize==1.4.1
Jinja2==3.1.6
legacy-cgi==2.6
Mako==1.1.4
MarkupSafe==2.0.1
mpmath==1.2.1
networkx==3.4.2
packaging==24.2
psutil==7.0.0
pyaes==1.6.1
Pygments==2.19.1
pyperf==2.9.0
pyperformance @ file:///home/qianhuiwang/cpython/site-packages/pyperformance/dist/pyperformance-1.11.0-py3-none-any.whl#sha256=5e7db3719781f5aaaa31704d7bc2566ec18ade1aa74b998aae4e93a9ebbaa849
pyproject_hooks==1.2.0
python-docs-theme==2024.6
pytz==2021.1
requests==2.32.3
setuptools==78.1.0
six==1.16.0
snowballstemmer==2.2.0
Sphinx==7.3.7
sphinxcontrib-applehelp==2.0.0
sphinxcontrib-devhelp==2.0.0
sphinxcontrib-htmlhelp==2.1.0
sphinxcontrib-jsmath==1.0.1
sphinxcontrib-qthelp==2.0.0
sphinxcontrib-serializinghtml==2.0.0
sqlglot==4.6.0
sqlparse==0.4.1
sympy==1.13.0
urllib3==1.26.5
webencodings==0.5.1

==================================================
(67/83) creating venv for benchmark (richards)

(trying common venv first)
Installing requirements into the virtual environment /home/qianhuiwang/cpython/build-purecap
# /home/qianhuiwang/cpython/build-purecap/python -m pip install pyperf==2.9.0
Requirement already satisfied: pyperf==2.9.0 in ./lib/python3.12/site-packages (2.9.0)
Requirement already satisfied: psutil>=5.9.0 in ./lib/python3.12/site-packages (from pyperf==2.9.0) (7.0.0)

[notice] A new release of pip is available: 25.0.1 -> 25.1.1
[notice] To update, run: /home/qianhuiwang/cpython/build-purecap/python -m pip install --upgrade pip
Installing requirements into the virtual environment /home/qianhuiwang/cpython/build-purecap
# /home/qianhuiwang/cpython/build-purecap/python -m pip install psutil
Requirement already satisfied: psutil in ./lib/python3.12/site-packages (7.0.0)

[notice] A new release of pip is available: 25.0.1 -> 25.1.1
[notice] To update, run: /home/qianhuiwang/cpython/build-purecap/python -m pip install --upgrade pip
# /home/qianhuiwang/cpython/build-purecap/python -m pip freeze
alabaster==0.7.16
asgiref==3.6.0
babel==2.17.0
build==1.2.2.post1
certifi==2021.5.30
Chameleon==3.9.1
charset-normalizer==3.4.1
coverage==7.3.2
Django==4.2
docutils==0.21.2
dulwich==0.20.23
Genshi==0.7.7
html5lib==1.1
idna==3.10
imagesize==1.4.1
Jinja2==3.1.6
legacy-cgi==2.6
Mako==1.1.4
MarkupSafe==2.0.1
mpmath==1.2.1
networkx==3.4.2
packaging==24.2
psutil==7.0.0
pyaes==1.6.1
Pygments==2.19.1
pyperf==2.9.0
pyperformance @ file:///home/qianhuiwang/cpython/site-packages/pyperformance/dist/pyperformance-1.11.0-py3-none-any.whl#sha256=5e7db3719781f5aaaa31704d7bc2566ec18ade1aa74b998aae4e93a9ebbaa849
pyproject_hooks==1.2.0
python-docs-theme==2024.6
pytz==2021.1
requests==2.32.3
setuptools==78.1.0
six==1.16.0
snowballstemmer==2.2.0
Sphinx==7.3.7
sphinxcontrib-applehelp==2.0.0
sphinxcontrib-devhelp==2.0.0
sphinxcontrib-htmlhelp==2.1.0
sphinxcontrib-jsmath==1.0.1
sphinxcontrib-qthelp==2.0.0
sphinxcontrib-serializinghtml==2.0.0
sqlglot==4.6.0
sqlparse==0.4.1
sympy==1.13.0
urllib3==1.26.5
webencodings==0.5.1
# /home/qianhuiwang/cpython/build-purecap/python -m pip freeze
alabaster==0.7.16
asgiref==3.6.0
babel==2.17.0
build==1.2.2.post1
certifi==2021.5.30
Chameleon==3.9.1
charset-normalizer==3.4.1
coverage==7.3.2
Django==4.2
docutils==0.21.2
dulwich==0.20.23
Genshi==0.7.7
html5lib==1.1
idna==3.10
imagesize==1.4.1
Jinja2==3.1.6
legacy-cgi==2.6
Mako==1.1.4
MarkupSafe==2.0.1
mpmath==1.2.1
networkx==3.4.2
packaging==24.2
psutil==7.0.0
pyaes==1.6.1
Pygments==2.19.1
pyperf==2.9.0
pyperformance @ file:///home/qianhuiwang/cpython/site-packages/pyperformance/dist/pyperformance-1.11.0-py3-none-any.whl#sha256=5e7db3719781f5aaaa31704d7bc2566ec18ade1aa74b998aae4e93a9ebbaa849
pyproject_hooks==1.2.0
python-docs-theme==2024.6
pytz==2021.1
requests==2.32.3
setuptools==78.1.0
six==1.16.0
snowballstemmer==2.2.0
Sphinx==7.3.7
sphinxcontrib-applehelp==2.0.0
sphinxcontrib-devhelp==2.0.0
sphinxcontrib-htmlhelp==2.1.0
sphinxcontrib-jsmath==1.0.1
sphinxcontrib-qthelp==2.0.0
sphinxcontrib-serializinghtml==2.0.0
sqlglot==4.6.0
sqlparse==0.4.1
sympy==1.13.0
urllib3==1.26.5
webencodings==0.5.1

==================================================
(68/83) creating venv for benchmark (richards_super)

(trying common venv first)
Installing requirements into the virtual environment /home/qianhuiwang/cpython/build-purecap
# /home/qianhuiwang/cpython/build-purecap/python -m pip install pyperf==2.9.0
Requirement already satisfied: pyperf==2.9.0 in ./lib/python3.12/site-packages (2.9.0)
Requirement already satisfied: psutil>=5.9.0 in ./lib/python3.12/site-packages (from pyperf==2.9.0) (7.0.0)

[notice] A new release of pip is available: 25.0.1 -> 25.1.1
[notice] To update, run: /home/qianhuiwang/cpython/build-purecap/python -m pip install --upgrade pip
Installing requirements into the virtual environment /home/qianhuiwang/cpython/build-purecap
# /home/qianhuiwang/cpython/build-purecap/python -m pip install psutil
Requirement already satisfied: psutil in ./lib/python3.12/site-packages (7.0.0)

[notice] A new release of pip is available: 25.0.1 -> 25.1.1
[notice] To update, run: /home/qianhuiwang/cpython/build-purecap/python -m pip install --upgrade pip
# /home/qianhuiwang/cpython/build-purecap/python -m pip freeze
alabaster==0.7.16
asgiref==3.6.0
babel==2.17.0
build==1.2.2.post1
certifi==2021.5.30
Chameleon==3.9.1
charset-normalizer==3.4.1
coverage==7.3.2
Django==4.2
docutils==0.21.2
dulwich==0.20.23
Genshi==0.7.7
html5lib==1.1
idna==3.10
imagesize==1.4.1
Jinja2==3.1.6
legacy-cgi==2.6
Mako==1.1.4
MarkupSafe==2.0.1
mpmath==1.2.1
networkx==3.4.2
packaging==24.2
psutil==7.0.0
pyaes==1.6.1
Pygments==2.19.1
pyperf==2.9.0
pyperformance @ file:///home/qianhuiwang/cpython/site-packages/pyperformance/dist/pyperformance-1.11.0-py3-none-any.whl#sha256=5e7db3719781f5aaaa31704d7bc2566ec18ade1aa74b998aae4e93a9ebbaa849
pyproject_hooks==1.2.0
python-docs-theme==2024.6
pytz==2021.1
requests==2.32.3
setuptools==78.1.0
six==1.16.0
snowballstemmer==2.2.0
Sphinx==7.3.7
sphinxcontrib-applehelp==2.0.0
sphinxcontrib-devhelp==2.0.0
sphinxcontrib-htmlhelp==2.1.0
sphinxcontrib-jsmath==1.0.1
sphinxcontrib-qthelp==2.0.0
sphinxcontrib-serializinghtml==2.0.0
sqlglot==4.6.0
sqlparse==0.4.1
sympy==1.13.0
urllib3==1.26.5
webencodings==0.5.1
# /home/qianhuiwang/cpython/build-purecap/python -m pip freeze
alabaster==0.7.16
asgiref==3.6.0
babel==2.17.0
build==1.2.2.post1
certifi==2021.5.30
Chameleon==3.9.1
charset-normalizer==3.4.1
coverage==7.3.2
Django==4.2
docutils==0.21.2
dulwich==0.20.23
Genshi==0.7.7
html5lib==1.1
idna==3.10
imagesize==1.4.1
Jinja2==3.1.6
legacy-cgi==2.6
Mako==1.1.4
MarkupSafe==2.0.1
mpmath==1.2.1
networkx==3.4.2
packaging==24.2
psutil==7.0.0
pyaes==1.6.1
Pygments==2.19.1
pyperf==2.9.0
pyperformance @ file:///home/qianhuiwang/cpython/site-packages/pyperformance/dist/pyperformance-1.11.0-py3-none-any.whl#sha256=5e7db3719781f5aaaa31704d7bc2566ec18ade1aa74b998aae4e93a9ebbaa849
pyproject_hooks==1.2.0
python-docs-theme==2024.6
pytz==2021.1
requests==2.32.3
setuptools==78.1.0
six==1.16.0
snowballstemmer==2.2.0
Sphinx==7.3.7
sphinxcontrib-applehelp==2.0.0
sphinxcontrib-devhelp==2.0.0
sphinxcontrib-htmlhelp==2.1.0
sphinxcontrib-jsmath==1.0.1
sphinxcontrib-qthelp==2.0.0
sphinxcontrib-serializinghtml==2.0.0
sqlglot==4.6.0
sqlparse==0.4.1
sympy==1.13.0
urllib3==1.26.5
webencodings==0.5.1

==================================================
(69/83) creating venv for benchmark (scimark)

(trying common venv first)
Installing requirements into the virtual environment /home/qianhuiwang/cpython/build-purecap
# /home/qianhuiwang/cpython/build-purecap/python -m pip install pyperf==2.9.0
Requirement already satisfied: pyperf==2.9.0 in ./lib/python3.12/site-packages (2.9.0)
Requirement already satisfied: psutil>=5.9.0 in ./lib/python3.12/site-packages (from pyperf==2.9.0) (7.0.0)

[notice] A new release of pip is available: 25.0.1 -> 25.1.1
[notice] To update, run: /home/qianhuiwang/cpython/build-purecap/python -m pip install --upgrade pip
Installing requirements into the virtual environment /home/qianhuiwang/cpython/build-purecap
# /home/qianhuiwang/cpython/build-purecap/python -m pip install psutil
Requirement already satisfied: psutil in ./lib/python3.12/site-packages (7.0.0)

[notice] A new release of pip is available: 25.0.1 -> 25.1.1
[notice] To update, run: /home/qianhuiwang/cpython/build-purecap/python -m pip install --upgrade pip
# /home/qianhuiwang/cpython/build-purecap/python -m pip freeze
alabaster==0.7.16
asgiref==3.6.0
babel==2.17.0
build==1.2.2.post1
certifi==2021.5.30
Chameleon==3.9.1
charset-normalizer==3.4.1
coverage==7.3.2
Django==4.2
docutils==0.21.2
dulwich==0.20.23
Genshi==0.7.7
html5lib==1.1
idna==3.10
imagesize==1.4.1
Jinja2==3.1.6
legacy-cgi==2.6
Mako==1.1.4
MarkupSafe==2.0.1
mpmath==1.2.1
networkx==3.4.2
packaging==24.2
psutil==7.0.0
pyaes==1.6.1
Pygments==2.19.1
pyperf==2.9.0
pyperformance @ file:///home/qianhuiwang/cpython/site-packages/pyperformance/dist/pyperformance-1.11.0-py3-none-any.whl#sha256=5e7db3719781f5aaaa31704d7bc2566ec18ade1aa74b998aae4e93a9ebbaa849
pyproject_hooks==1.2.0
python-docs-theme==2024.6
pytz==2021.1
requests==2.32.3
setuptools==78.1.0
six==1.16.0
snowballstemmer==2.2.0
Sphinx==7.3.7
sphinxcontrib-applehelp==2.0.0
sphinxcontrib-devhelp==2.0.0
sphinxcontrib-htmlhelp==2.1.0
sphinxcontrib-jsmath==1.0.1
sphinxcontrib-qthelp==2.0.0
sphinxcontrib-serializinghtml==2.0.0
sqlglot==4.6.0
sqlparse==0.4.1
sympy==1.13.0
urllib3==1.26.5
webencodings==0.5.1
# /home/qianhuiwang/cpython/build-purecap/python -m pip freeze
alabaster==0.7.16
asgiref==3.6.0
babel==2.17.0
build==1.2.2.post1
certifi==2021.5.30
Chameleon==3.9.1
charset-normalizer==3.4.1
coverage==7.3.2
Django==4.2
docutils==0.21.2
dulwich==0.20.23
Genshi==0.7.7
html5lib==1.1
idna==3.10
imagesize==1.4.1
Jinja2==3.1.6
legacy-cgi==2.6
Mako==1.1.4
MarkupSafe==2.0.1
mpmath==1.2.1
networkx==3.4.2
packaging==24.2
psutil==7.0.0
pyaes==1.6.1
Pygments==2.19.1
pyperf==2.9.0
pyperformance @ file:///home/qianhuiwang/cpython/site-packages/pyperformance/dist/pyperformance-1.11.0-py3-none-any.whl#sha256=5e7db3719781f5aaaa31704d7bc2566ec18ade1aa74b998aae4e93a9ebbaa849
pyproject_hooks==1.2.0
python-docs-theme==2024.6
pytz==2021.1
requests==2.32.3
setuptools==78.1.0
six==1.16.0
snowballstemmer==2.2.0
Sphinx==7.3.7
sphinxcontrib-applehelp==2.0.0
sphinxcontrib-devhelp==2.0.0
sphinxcontrib-htmlhelp==2.1.0
sphinxcontrib-jsmath==1.0.1
sphinxcontrib-qthelp==2.0.0
sphinxcontrib-serializinghtml==2.0.0
sqlglot==4.6.0
sqlparse==0.4.1
sympy==1.13.0
urllib3==1.26.5
webencodings==0.5.1

==================================================
(70/83) creating venv for benchmark (spectral_norm)

(trying common venv first)
Installing requirements into the virtual environment /home/qianhuiwang/cpython/build-purecap
# /home/qianhuiwang/cpython/build-purecap/python -m pip install pyperf==2.9.0
Requirement already satisfied: pyperf==2.9.0 in ./lib/python3.12/site-packages (2.9.0)
Requirement already satisfied: psutil>=5.9.0 in ./lib/python3.12/site-packages (from pyperf==2.9.0) (7.0.0)

[notice] A new release of pip is available: 25.0.1 -> 25.1.1
[notice] To update, run: /home/qianhuiwang/cpython/build-purecap/python -m pip install --upgrade pip
Installing requirements into the virtual environment /home/qianhuiwang/cpython/build-purecap
# /home/qianhuiwang/cpython/build-purecap/python -m pip install psutil
Requirement already satisfied: psutil in ./lib/python3.12/site-packages (7.0.0)

[notice] A new release of pip is available: 25.0.1 -> 25.1.1
[notice] To update, run: /home/qianhuiwang/cpython/build-purecap/python -m pip install --upgrade pip
# /home/qianhuiwang/cpython/build-purecap/python -m pip freeze
alabaster==0.7.16
asgiref==3.6.0
babel==2.17.0
build==1.2.2.post1
certifi==2021.5.30
Chameleon==3.9.1
charset-normalizer==3.4.1
coverage==7.3.2
Django==4.2
docutils==0.21.2
dulwich==0.20.23
Genshi==0.7.7
html5lib==1.1
idna==3.10
imagesize==1.4.1
Jinja2==3.1.6
legacy-cgi==2.6
Mako==1.1.4
MarkupSafe==2.0.1
mpmath==1.2.1
networkx==3.4.2
packaging==24.2
psutil==7.0.0
pyaes==1.6.1
Pygments==2.19.1
pyperf==2.9.0
pyperformance @ file:///home/qianhuiwang/cpython/site-packages/pyperformance/dist/pyperformance-1.11.0-py3-none-any.whl#sha256=5e7db3719781f5aaaa31704d7bc2566ec18ade1aa74b998aae4e93a9ebbaa849
pyproject_hooks==1.2.0
python-docs-theme==2024.6
pytz==2021.1
requests==2.32.3
setuptools==78.1.0
six==1.16.0
snowballstemmer==2.2.0
Sphinx==7.3.7
sphinxcontrib-applehelp==2.0.0
sphinxcontrib-devhelp==2.0.0
sphinxcontrib-htmlhelp==2.1.0
sphinxcontrib-jsmath==1.0.1
sphinxcontrib-qthelp==2.0.0
sphinxcontrib-serializinghtml==2.0.0
sqlglot==4.6.0
sqlparse==0.4.1
sympy==1.13.0
urllib3==1.26.5
webencodings==0.5.1
# /home/qianhuiwang/cpython/build-purecap/python -m pip freeze
alabaster==0.7.16
asgiref==3.6.0
babel==2.17.0
build==1.2.2.post1
certifi==2021.5.30
Chameleon==3.9.1
charset-normalizer==3.4.1
coverage==7.3.2
Django==4.2
docutils==0.21.2
dulwich==0.20.23
Genshi==0.7.7
html5lib==1.1
idna==3.10
imagesize==1.4.1
Jinja2==3.1.6
legacy-cgi==2.6
Mako==1.1.4
MarkupSafe==2.0.1
mpmath==1.2.1
networkx==3.4.2
packaging==24.2
psutil==7.0.0
pyaes==1.6.1
Pygments==2.19.1
pyperf==2.9.0
pyperformance @ file:///home/qianhuiwang/cpython/site-packages/pyperformance/dist/pyperformance-1.11.0-py3-none-any.whl#sha256=5e7db3719781f5aaaa31704d7bc2566ec18ade1aa74b998aae4e93a9ebbaa849
pyproject_hooks==1.2.0
python-docs-theme==2024.6
pytz==2021.1
requests==2.32.3
setuptools==78.1.0
six==1.16.0
snowballstemmer==2.2.0
Sphinx==7.3.7
sphinxcontrib-applehelp==2.0.0
sphinxcontrib-devhelp==2.0.0
sphinxcontrib-htmlhelp==2.1.0
sphinxcontrib-jsmath==1.0.1
sphinxcontrib-qthelp==2.0.0
sphinxcontrib-serializinghtml==2.0.0
sqlglot==4.6.0
sqlparse==0.4.1
sympy==1.13.0
urllib3==1.26.5
webencodings==0.5.1

==================================================
(71/83) creating venv for benchmark (sqlglot_v2)

(trying common venv first)
Installing requirements into the virtual environment /home/qianhuiwang/cpython/build-purecap
# /home/qianhuiwang/cpython/build-purecap/python -m pip install sqlglot==4.6.0 pyperf==2.9.0
Requirement already satisfied: sqlglot==4.6.0 in ./lib/python3.12/site-packages (4.6.0)
Requirement already satisfied: pyperf==2.9.0 in ./lib/python3.12/site-packages (2.9.0)
Requirement already satisfied: psutil>=5.9.0 in ./lib/python3.12/site-packages (from pyperf==2.9.0) (7.0.0)

[notice] A new release of pip is available: 25.0.1 -> 25.1.1
[notice] To update, run: /home/qianhuiwang/cpython/build-purecap/python -m pip install --upgrade pip
Installing requirements into the virtual environment /home/qianhuiwang/cpython/build-purecap
# /home/qianhuiwang/cpython/build-purecap/python -m pip install psutil
Requirement already satisfied: psutil in ./lib/python3.12/site-packages (7.0.0)

[notice] A new release of pip is available: 25.0.1 -> 25.1.1
[notice] To update, run: /home/qianhuiwang/cpython/build-purecap/python -m pip install --upgrade pip
# /home/qianhuiwang/cpython/build-purecap/python -m pip freeze
alabaster==0.7.16
asgiref==3.6.0
babel==2.17.0
build==1.2.2.post1
certifi==2021.5.30
Chameleon==3.9.1
charset-normalizer==3.4.1
coverage==7.3.2
Django==4.2
docutils==0.21.2
dulwich==0.20.23
Genshi==0.7.7
html5lib==1.1
idna==3.10
imagesize==1.4.1
Jinja2==3.1.6
legacy-cgi==2.6
Mako==1.1.4
MarkupSafe==2.0.1
mpmath==1.2.1
networkx==3.4.2
packaging==24.2
psutil==7.0.0
pyaes==1.6.1
Pygments==2.19.1
pyperf==2.9.0
pyperformance @ file:///home/qianhuiwang/cpython/site-packages/pyperformance/dist/pyperformance-1.11.0-py3-none-any.whl#sha256=5e7db3719781f5aaaa31704d7bc2566ec18ade1aa74b998aae4e93a9ebbaa849
pyproject_hooks==1.2.0
python-docs-theme==2024.6
pytz==2021.1
requests==2.32.3
setuptools==78.1.0
six==1.16.0
snowballstemmer==2.2.0
Sphinx==7.3.7
sphinxcontrib-applehelp==2.0.0
sphinxcontrib-devhelp==2.0.0
sphinxcontrib-htmlhelp==2.1.0
sphinxcontrib-jsmath==1.0.1
sphinxcontrib-qthelp==2.0.0
sphinxcontrib-serializinghtml==2.0.0
sqlglot==4.6.0
sqlparse==0.4.1
sympy==1.13.0
urllib3==1.26.5
webencodings==0.5.1
# /home/qianhuiwang/cpython/build-purecap/python -m pip freeze
alabaster==0.7.16
asgiref==3.6.0
babel==2.17.0
build==1.2.2.post1
certifi==2021.5.30
Chameleon==3.9.1
charset-normalizer==3.4.1
coverage==7.3.2
Django==4.2
docutils==0.21.2
dulwich==0.20.23
Genshi==0.7.7
html5lib==1.1
idna==3.10
imagesize==1.4.1
Jinja2==3.1.6
legacy-cgi==2.6
Mako==1.1.4
MarkupSafe==2.0.1
mpmath==1.2.1
networkx==3.4.2
packaging==24.2
psutil==7.0.0
pyaes==1.6.1
Pygments==2.19.1
pyperf==2.9.0
pyperformance @ file:///home/qianhuiwang/cpython/site-packages/pyperformance/dist/pyperformance-1.11.0-py3-none-any.whl#sha256=5e7db3719781f5aaaa31704d7bc2566ec18ade1aa74b998aae4e93a9ebbaa849
pyproject_hooks==1.2.0
python-docs-theme==2024.6
pytz==2021.1
requests==2.32.3
setuptools==78.1.0
six==1.16.0
snowballstemmer==2.2.0
Sphinx==7.3.7
sphinxcontrib-applehelp==2.0.0
sphinxcontrib-devhelp==2.0.0
sphinxcontrib-htmlhelp==2.1.0
sphinxcontrib-jsmath==1.0.1
sphinxcontrib-qthelp==2.0.0
sphinxcontrib-serializinghtml==2.0.0
sqlglot==4.6.0
sqlparse==0.4.1
sympy==1.13.0
urllib3==1.26.5
webencodings==0.5.1

==================================================
(72/83) creating venv for benchmark (sqlglot_v2_optimize)

(trying common venv first)
Installing requirements into the virtual environment /home/qianhuiwang/cpython/build-purecap
# /home/qianhuiwang/cpython/build-purecap/python -m pip install sqlglot==4.6.0 pyperf==2.9.0
Requirement already satisfied: sqlglot==4.6.0 in ./lib/python3.12/site-packages (4.6.0)
Requirement already satisfied: pyperf==2.9.0 in ./lib/python3.12/site-packages (2.9.0)
Requirement already satisfied: psutil>=5.9.0 in ./lib/python3.12/site-packages (from pyperf==2.9.0) (7.0.0)

[notice] A new release of pip is available: 25.0.1 -> 25.1.1
[notice] To update, run: /home/qianhuiwang/cpython/build-purecap/python -m pip install --upgrade pip
Installing requirements into the virtual environment /home/qianhuiwang/cpython/build-purecap
# /home/qianhuiwang/cpython/build-purecap/python -m pip install psutil
Requirement already satisfied: psutil in ./lib/python3.12/site-packages (7.0.0)

[notice] A new release of pip is available: 25.0.1 -> 25.1.1
[notice] To update, run: /home/qianhuiwang/cpython/build-purecap/python -m pip install --upgrade pip
# /home/qianhuiwang/cpython/build-purecap/python -m pip freeze
alabaster==0.7.16
asgiref==3.6.0
babel==2.17.0
build==1.2.2.post1
certifi==2021.5.30
Chameleon==3.9.1
charset-normalizer==3.4.1
coverage==7.3.2
Django==4.2
docutils==0.21.2
dulwich==0.20.23
Genshi==0.7.7
html5lib==1.1
idna==3.10
imagesize==1.4.1
Jinja2==3.1.6
legacy-cgi==2.6
Mako==1.1.4
MarkupSafe==2.0.1
mpmath==1.2.1
networkx==3.4.2
packaging==24.2
psutil==7.0.0
pyaes==1.6.1
Pygments==2.19.1
pyperf==2.9.0
pyperformance @ file:///home/qianhuiwang/cpython/site-packages/pyperformance/dist/pyperformance-1.11.0-py3-none-any.whl#sha256=5e7db3719781f5aaaa31704d7bc2566ec18ade1aa74b998aae4e93a9ebbaa849
pyproject_hooks==1.2.0
python-docs-theme==2024.6
pytz==2021.1
requests==2.32.3
setuptools==78.1.0
six==1.16.0
snowballstemmer==2.2.0
Sphinx==7.3.7
sphinxcontrib-applehelp==2.0.0
sphinxcontrib-devhelp==2.0.0
sphinxcontrib-htmlhelp==2.1.0
sphinxcontrib-jsmath==1.0.1
sphinxcontrib-qthelp==2.0.0
sphinxcontrib-serializinghtml==2.0.0
sqlglot==4.6.0
sqlparse==0.4.1
sympy==1.13.0
urllib3==1.26.5
webencodings==0.5.1
# /home/qianhuiwang/cpython/build-purecap/python -m pip freeze
alabaster==0.7.16
asgiref==3.6.0
babel==2.17.0
build==1.2.2.post1
certifi==2021.5.30
Chameleon==3.9.1
charset-normalizer==3.4.1
coverage==7.3.2
Django==4.2
docutils==0.21.2
dulwich==0.20.23
Genshi==0.7.7
html5lib==1.1
idna==3.10
imagesize==1.4.1
Jinja2==3.1.6
legacy-cgi==2.6
Mako==1.1.4
MarkupSafe==2.0.1
mpmath==1.2.1
networkx==3.4.2
packaging==24.2
psutil==7.0.0
pyaes==1.6.1
Pygments==2.19.1
pyperf==2.9.0
pyperformance @ file:///home/qianhuiwang/cpython/site-packages/pyperformance/dist/pyperformance-1.11.0-py3-none-any.whl#sha256=5e7db3719781f5aaaa31704d7bc2566ec18ade1aa74b998aae4e93a9ebbaa849
pyproject_hooks==1.2.0
python-docs-theme==2024.6
pytz==2021.1
requests==2.32.3
setuptools==78.1.0
six==1.16.0
snowballstemmer==2.2.0
Sphinx==7.3.7
sphinxcontrib-applehelp==2.0.0
sphinxcontrib-devhelp==2.0.0
sphinxcontrib-htmlhelp==2.1.0
sphinxcontrib-jsmath==1.0.1
sphinxcontrib-qthelp==2.0.0
sphinxcontrib-serializinghtml==2.0.0
sqlglot==4.6.0
sqlparse==0.4.1
sympy==1.13.0
urllib3==1.26.5
webencodings==0.5.1

==================================================
(73/83) creating venv for benchmark (sqlglot_v2_parse)

(trying common venv first)
Installing requirements into the virtual environment /home/qianhuiwang/cpython/build-purecap
# /home/qianhuiwang/cpython/build-purecap/python -m pip install sqlglot==4.6.0 pyperf==2.9.0
Requirement already satisfied: sqlglot==4.6.0 in ./lib/python3.12/site-packages (4.6.0)
Requirement already satisfied: pyperf==2.9.0 in ./lib/python3.12/site-packages (2.9.0)
Requirement already satisfied: psutil>=5.9.0 in ./lib/python3.12/site-packages (from pyperf==2.9.0) (7.0.0)

[notice] A new release of pip is available: 25.0.1 -> 25.1.1
[notice] To update, run: /home/qianhuiwang/cpython/build-purecap/python -m pip install --upgrade pip
Installing requirements into the virtual environment /home/qianhuiwang/cpython/build-purecap
# /home/qianhuiwang/cpython/build-purecap/python -m pip install psutil
Requirement already satisfied: psutil in ./lib/python3.12/site-packages (7.0.0)

[notice] A new release of pip is available: 25.0.1 -> 25.1.1
[notice] To update, run: /home/qianhuiwang/cpython/build-purecap/python -m pip install --upgrade pip
# /home/qianhuiwang/cpython/build-purecap/python -m pip freeze
alabaster==0.7.16
asgiref==3.6.0
babel==2.17.0
build==1.2.2.post1
certifi==2021.5.30
Chameleon==3.9.1
charset-normalizer==3.4.1
coverage==7.3.2
Django==4.2
docutils==0.21.2
dulwich==0.20.23
Genshi==0.7.7
html5lib==1.1
idna==3.10
imagesize==1.4.1
Jinja2==3.1.6
legacy-cgi==2.6
Mako==1.1.4
MarkupSafe==2.0.1
mpmath==1.2.1
networkx==3.4.2
packaging==24.2
psutil==7.0.0
pyaes==1.6.1
Pygments==2.19.1
pyperf==2.9.0
pyperformance @ file:///home/qianhuiwang/cpython/site-packages/pyperformance/dist/pyperformance-1.11.0-py3-none-any.whl#sha256=5e7db3719781f5aaaa31704d7bc2566ec18ade1aa74b998aae4e93a9ebbaa849
pyproject_hooks==1.2.0
python-docs-theme==2024.6
pytz==2021.1
requests==2.32.3
setuptools==78.1.0
six==1.16.0
snowballstemmer==2.2.0
Sphinx==7.3.7
sphinxcontrib-applehelp==2.0.0
sphinxcontrib-devhelp==2.0.0
sphinxcontrib-htmlhelp==2.1.0
sphinxcontrib-jsmath==1.0.1
sphinxcontrib-qthelp==2.0.0
sphinxcontrib-serializinghtml==2.0.0
sqlglot==4.6.0
sqlparse==0.4.1
sympy==1.13.0
urllib3==1.26.5
webencodings==0.5.1
# /home/qianhuiwang/cpython/build-purecap/python -m pip freeze
alabaster==0.7.16
asgiref==3.6.0
babel==2.17.0
build==1.2.2.post1
certifi==2021.5.30
Chameleon==3.9.1
charset-normalizer==3.4.1
coverage==7.3.2
Django==4.2
docutils==0.21.2
dulwich==0.20.23
Genshi==0.7.7
html5lib==1.1
idna==3.10
imagesize==1.4.1
Jinja2==3.1.6
legacy-cgi==2.6
Mako==1.1.4
MarkupSafe==2.0.1
mpmath==1.2.1
networkx==3.4.2
packaging==24.2
psutil==7.0.0
pyaes==1.6.1
Pygments==2.19.1
pyperf==2.9.0
pyperformance @ file:///home/qianhuiwang/cpython/site-packages/pyperformance/dist/pyperformance-1.11.0-py3-none-any.whl#sha256=5e7db3719781f5aaaa31704d7bc2566ec18ade1aa74b998aae4e93a9ebbaa849
pyproject_hooks==1.2.0
python-docs-theme==2024.6
pytz==2021.1
requests==2.32.3
setuptools==78.1.0
six==1.16.0
snowballstemmer==2.2.0
Sphinx==7.3.7
sphinxcontrib-applehelp==2.0.0
sphinxcontrib-devhelp==2.0.0
sphinxcontrib-htmlhelp==2.1.0
sphinxcontrib-jsmath==1.0.1
sphinxcontrib-qthelp==2.0.0
sphinxcontrib-serializinghtml==2.0.0
sqlglot==4.6.0
sqlparse==0.4.1
sympy==1.13.0
urllib3==1.26.5
webencodings==0.5.1

==================================================
(74/83) creating venv for benchmark (sqlglot_v2_transpile)

(trying common venv first)
Installing requirements into the virtual environment /home/qianhuiwang/cpython/build-purecap
# /home/qianhuiwang/cpython/build-purecap/python -m pip install sqlglot==4.6.0 pyperf==2.9.0
Requirement already satisfied: sqlglot==4.6.0 in ./lib/python3.12/site-packages (4.6.0)
Requirement already satisfied: pyperf==2.9.0 in ./lib/python3.12/site-packages (2.9.0)
Requirement already satisfied: psutil>=5.9.0 in ./lib/python3.12/site-packages (from pyperf==2.9.0) (7.0.0)

[notice] A new release of pip is available: 25.0.1 -> 25.1.1
[notice] To update, run: /home/qianhuiwang/cpython/build-purecap/python -m pip install --upgrade pip
Installing requirements into the virtual environment /home/qianhuiwang/cpython/build-purecap
# /home/qianhuiwang/cpython/build-purecap/python -m pip install psutil
Requirement already satisfied: psutil in ./lib/python3.12/site-packages (7.0.0)

[notice] A new release of pip is available: 25.0.1 -> 25.1.1
[notice] To update, run: /home/qianhuiwang/cpython/build-purecap/python -m pip install --upgrade pip
# /home/qianhuiwang/cpython/build-purecap/python -m pip freeze
alabaster==0.7.16
asgiref==3.6.0
babel==2.17.0
build==1.2.2.post1
certifi==2021.5.30
Chameleon==3.9.1
charset-normalizer==3.4.1
coverage==7.3.2
Django==4.2
docutils==0.21.2
dulwich==0.20.23
Genshi==0.7.7
html5lib==1.1
idna==3.10
imagesize==1.4.1
Jinja2==3.1.6
legacy-cgi==2.6
Mako==1.1.4
MarkupSafe==2.0.1
mpmath==1.2.1
networkx==3.4.2
packaging==24.2
psutil==7.0.0
pyaes==1.6.1
Pygments==2.19.1
pyperf==2.9.0
pyperformance @ file:///home/qianhuiwang/cpython/site-packages/pyperformance/dist/pyperformance-1.11.0-py3-none-any.whl#sha256=5e7db3719781f5aaaa31704d7bc2566ec18ade1aa74b998aae4e93a9ebbaa849
pyproject_hooks==1.2.0
python-docs-theme==2024.6
pytz==2021.1
requests==2.32.3
setuptools==78.1.0
six==1.16.0
snowballstemmer==2.2.0
Sphinx==7.3.7
sphinxcontrib-applehelp==2.0.0
sphinxcontrib-devhelp==2.0.0
sphinxcontrib-htmlhelp==2.1.0
sphinxcontrib-jsmath==1.0.1
sphinxcontrib-qthelp==2.0.0
sphinxcontrib-serializinghtml==2.0.0
sqlglot==4.6.0
sqlparse==0.4.1
sympy==1.13.0
urllib3==1.26.5
webencodings==0.5.1
# /home/qianhuiwang/cpython/build-purecap/python -m pip freeze
alabaster==0.7.16
asgiref==3.6.0
babel==2.17.0
build==1.2.2.post1
certifi==2021.5.30
Chameleon==3.9.1
charset-normalizer==3.4.1
coverage==7.3.2
Django==4.2
docutils==0.21.2
dulwich==0.20.23
Genshi==0.7.7
html5lib==1.1
idna==3.10
imagesize==1.4.1
Jinja2==3.1.6
legacy-cgi==2.6
Mako==1.1.4
MarkupSafe==2.0.1
mpmath==1.2.1
networkx==3.4.2
packaging==24.2
psutil==7.0.0
pyaes==1.6.1
Pygments==2.19.1
pyperf==2.9.0
pyperformance @ file:///home/qianhuiwang/cpython/site-packages/pyperformance/dist/pyperformance-1.11.0-py3-none-any.whl#sha256=5e7db3719781f5aaaa31704d7bc2566ec18ade1aa74b998aae4e93a9ebbaa849
pyproject_hooks==1.2.0
python-docs-theme==2024.6
pytz==2021.1
requests==2.32.3
setuptools==78.1.0
six==1.16.0
snowballstemmer==2.2.0
Sphinx==7.3.7
sphinxcontrib-applehelp==2.0.0
sphinxcontrib-devhelp==2.0.0
sphinxcontrib-htmlhelp==2.1.0
sphinxcontrib-jsmath==1.0.1
sphinxcontrib-qthelp==2.0.0
sphinxcontrib-serializinghtml==2.0.0
sqlglot==4.6.0
sqlparse==0.4.1
sympy==1.13.0
urllib3==1.26.5
webencodings==0.5.1

==================================================
(75/83) creating venv for benchmark (sqlite_synth)

(trying common venv first)
Installing requirements into the virtual environment /home/qianhuiwang/cpython/build-purecap
# /home/qianhuiwang/cpython/build-purecap/python -m pip install pyperf==2.9.0
Requirement already satisfied: pyperf==2.9.0 in ./lib/python3.12/site-packages (2.9.0)
Requirement already satisfied: psutil>=5.9.0 in ./lib/python3.12/site-packages (from pyperf==2.9.0) (7.0.0)

[notice] A new release of pip is available: 25.0.1 -> 25.1.1
[notice] To update, run: /home/qianhuiwang/cpython/build-purecap/python -m pip install --upgrade pip
Installing requirements into the virtual environment /home/qianhuiwang/cpython/build-purecap
# /home/qianhuiwang/cpython/build-purecap/python -m pip install psutil
Requirement already satisfied: psutil in ./lib/python3.12/site-packages (7.0.0)

[notice] A new release of pip is available: 25.0.1 -> 25.1.1
[notice] To update, run: /home/qianhuiwang/cpython/build-purecap/python -m pip install --upgrade pip
# /home/qianhuiwang/cpython/build-purecap/python -m pip freeze
alabaster==0.7.16
asgiref==3.6.0
babel==2.17.0
build==1.2.2.post1
certifi==2021.5.30
Chameleon==3.9.1
charset-normalizer==3.4.1
coverage==7.3.2
Django==4.2
docutils==0.21.2
dulwich==0.20.23
Genshi==0.7.7
html5lib==1.1
idna==3.10
imagesize==1.4.1
Jinja2==3.1.6
legacy-cgi==2.6
Mako==1.1.4
MarkupSafe==2.0.1
mpmath==1.2.1
networkx==3.4.2
packaging==24.2
psutil==7.0.0
pyaes==1.6.1
Pygments==2.19.1
pyperf==2.9.0
pyperformance @ file:///home/qianhuiwang/cpython/site-packages/pyperformance/dist/pyperformance-1.11.0-py3-none-any.whl#sha256=5e7db3719781f5aaaa31704d7bc2566ec18ade1aa74b998aae4e93a9ebbaa849
pyproject_hooks==1.2.0
python-docs-theme==2024.6
pytz==2021.1
requests==2.32.3
setuptools==78.1.0
six==1.16.0
snowballstemmer==2.2.0
Sphinx==7.3.7
sphinxcontrib-applehelp==2.0.0
sphinxcontrib-devhelp==2.0.0
sphinxcontrib-htmlhelp==2.1.0
sphinxcontrib-jsmath==1.0.1
sphinxcontrib-qthelp==2.0.0
sphinxcontrib-serializinghtml==2.0.0
sqlglot==4.6.0
sqlparse==0.4.1
sympy==1.13.0
urllib3==1.26.5
webencodings==0.5.1
# /home/qianhuiwang/cpython/build-purecap/python -m pip freeze
alabaster==0.7.16
asgiref==3.6.0
babel==2.17.0
build==1.2.2.post1
certifi==2021.5.30
Chameleon==3.9.1
charset-normalizer==3.4.1
coverage==7.3.2
Django==4.2
docutils==0.21.2
dulwich==0.20.23
Genshi==0.7.7
html5lib==1.1
idna==3.10
imagesize==1.4.1
Jinja2==3.1.6
legacy-cgi==2.6
Mako==1.1.4
MarkupSafe==2.0.1
mpmath==1.2.1
networkx==3.4.2
packaging==24.2
psutil==7.0.0
pyaes==1.6.1
Pygments==2.19.1
pyperf==2.9.0
pyperformance @ file:///home/qianhuiwang/cpython/site-packages/pyperformance/dist/pyperformance-1.11.0-py3-none-any.whl#sha256=5e7db3719781f5aaaa31704d7bc2566ec18ade1aa74b998aae4e93a9ebbaa849
pyproject_hooks==1.2.0
python-docs-theme==2024.6
pytz==2021.1
requests==2.32.3
setuptools==78.1.0
six==1.16.0
snowballstemmer==2.2.0
Sphinx==7.3.7
sphinxcontrib-applehelp==2.0.0
sphinxcontrib-devhelp==2.0.0
sphinxcontrib-htmlhelp==2.1.0
sphinxcontrib-jsmath==1.0.1
sphinxcontrib-qthelp==2.0.0
sphinxcontrib-serializinghtml==2.0.0
sqlglot==4.6.0
sqlparse==0.4.1
sympy==1.13.0
urllib3==1.26.5
webencodings==0.5.1

==================================================
(76/83) creating venv for benchmark (sympy)

(trying common venv first)
Installing requirements into the virtual environment /home/qianhuiwang/cpython/build-purecap
# /home/qianhuiwang/cpython/build-purecap/python -m pip install mpmath==1.2.1 sympy==1.13 pyperf==2.9.0
Requirement already satisfied: mpmath==1.2.1 in ./lib/python3.12/site-packages (1.2.1)
Requirement already satisfied: sympy==1.13 in ./lib/python3.12/site-packages (1.13.0)
Requirement already satisfied: pyperf==2.9.0 in ./lib/python3.12/site-packages (2.9.0)
Requirement already satisfied: psutil>=5.9.0 in ./lib/python3.12/site-packages (from pyperf==2.9.0) (7.0.0)

[notice] A new release of pip is available: 25.0.1 -> 25.1.1
[notice] To update, run: /home/qianhuiwang/cpython/build-purecap/python -m pip install --upgrade pip
Installing requirements into the virtual environment /home/qianhuiwang/cpython/build-purecap
# /home/qianhuiwang/cpython/build-purecap/python -m pip install psutil
Requirement already satisfied: psutil in ./lib/python3.12/site-packages (7.0.0)

[notice] A new release of pip is available: 25.0.1 -> 25.1.1
[notice] To update, run: /home/qianhuiwang/cpython/build-purecap/python -m pip install --upgrade pip
# /home/qianhuiwang/cpython/build-purecap/python -m pip freeze
alabaster==0.7.16
asgiref==3.6.0
babel==2.17.0
build==1.2.2.post1
certifi==2021.5.30
Chameleon==3.9.1
charset-normalizer==3.4.1
coverage==7.3.2
Django==4.2
docutils==0.21.2
dulwich==0.20.23
Genshi==0.7.7
html5lib==1.1
idna==3.10
imagesize==1.4.1
Jinja2==3.1.6
legacy-cgi==2.6
Mako==1.1.4
MarkupSafe==2.0.1
mpmath==1.2.1
networkx==3.4.2
packaging==24.2
psutil==7.0.0
pyaes==1.6.1
Pygments==2.19.1
pyperf==2.9.0
pyperformance @ file:///home/qianhuiwang/cpython/site-packages/pyperformance/dist/pyperformance-1.11.0-py3-none-any.whl#sha256=5e7db3719781f5aaaa31704d7bc2566ec18ade1aa74b998aae4e93a9ebbaa849
pyproject_hooks==1.2.0
python-docs-theme==2024.6
pytz==2021.1
requests==2.32.3
setuptools==78.1.0
six==1.16.0
snowballstemmer==2.2.0
Sphinx==7.3.7
sphinxcontrib-applehelp==2.0.0
sphinxcontrib-devhelp==2.0.0
sphinxcontrib-htmlhelp==2.1.0
sphinxcontrib-jsmath==1.0.1
sphinxcontrib-qthelp==2.0.0
sphinxcontrib-serializinghtml==2.0.0
sqlglot==4.6.0
sqlparse==0.4.1
sympy==1.13.0
urllib3==1.26.5
webencodings==0.5.1
# /home/qianhuiwang/cpython/build-purecap/python -m pip freeze
alabaster==0.7.16
asgiref==3.6.0
babel==2.17.0
build==1.2.2.post1
certifi==2021.5.30
Chameleon==3.9.1
charset-normalizer==3.4.1
coverage==7.3.2
Django==4.2
docutils==0.21.2
dulwich==0.20.23
Genshi==0.7.7
html5lib==1.1
idna==3.10
imagesize==1.4.1
Jinja2==3.1.6
legacy-cgi==2.6
Mako==1.1.4
MarkupSafe==2.0.1
mpmath==1.2.1
networkx==3.4.2
packaging==24.2
psutil==7.0.0
pyaes==1.6.1
Pygments==2.19.1
pyperf==2.9.0
pyperformance @ file:///home/qianhuiwang/cpython/site-packages/pyperformance/dist/pyperformance-1.11.0-py3-none-any.whl#sha256=5e7db3719781f5aaaa31704d7bc2566ec18ade1aa74b998aae4e93a9ebbaa849
pyproject_hooks==1.2.0
python-docs-theme==2024.6
pytz==2021.1
requests==2.32.3
setuptools==78.1.0
six==1.16.0
snowballstemmer==2.2.0
Sphinx==7.3.7
sphinxcontrib-applehelp==2.0.0
sphinxcontrib-devhelp==2.0.0
sphinxcontrib-htmlhelp==2.1.0
sphinxcontrib-jsmath==1.0.1
sphinxcontrib-qthelp==2.0.0
sphinxcontrib-serializinghtml==2.0.0
sqlglot==4.6.0
sqlparse==0.4.1
sympy==1.13.0
urllib3==1.26.5
webencodings==0.5.1

==================================================
(77/83) creating venv for benchmark (telco)

(trying common venv first)
Installing requirements into the virtual environment /home/qianhuiwang/cpython/build-purecap
# /home/qianhuiwang/cpython/build-purecap/python -m pip install pyperf==2.9.0
Requirement already satisfied: pyperf==2.9.0 in ./lib/python3.12/site-packages (2.9.0)
Requirement already satisfied: psutil>=5.9.0 in ./lib/python3.12/site-packages (from pyperf==2.9.0) (7.0.0)

[notice] A new release of pip is available: 25.0.1 -> 25.1.1
[notice] To update, run: /home/qianhuiwang/cpython/build-purecap/python -m pip install --upgrade pip
Installing requirements into the virtual environment /home/qianhuiwang/cpython/build-purecap
# /home/qianhuiwang/cpython/build-purecap/python -m pip install psutil
Requirement already satisfied: psutil in ./lib/python3.12/site-packages (7.0.0)

[notice] A new release of pip is available: 25.0.1 -> 25.1.1
[notice] To update, run: /home/qianhuiwang/cpython/build-purecap/python -m pip install --upgrade pip
# /home/qianhuiwang/cpython/build-purecap/python -m pip freeze
alabaster==0.7.16
asgiref==3.6.0
babel==2.17.0
build==1.2.2.post1
certifi==2021.5.30
Chameleon==3.9.1
charset-normalizer==3.4.1
coverage==7.3.2
Django==4.2
docutils==0.21.2
dulwich==0.20.23
Genshi==0.7.7
html5lib==1.1
idna==3.10
imagesize==1.4.1
Jinja2==3.1.6
legacy-cgi==2.6
Mako==1.1.4
MarkupSafe==2.0.1
mpmath==1.2.1
networkx==3.4.2
packaging==24.2
psutil==7.0.0
pyaes==1.6.1
Pygments==2.19.1
pyperf==2.9.0
pyperformance @ file:///home/qianhuiwang/cpython/site-packages/pyperformance/dist/pyperformance-1.11.0-py3-none-any.whl#sha256=5e7db3719781f5aaaa31704d7bc2566ec18ade1aa74b998aae4e93a9ebbaa849
pyproject_hooks==1.2.0
python-docs-theme==2024.6
pytz==2021.1
requests==2.32.3
setuptools==78.1.0
six==1.16.0
snowballstemmer==2.2.0
Sphinx==7.3.7
sphinxcontrib-applehelp==2.0.0
sphinxcontrib-devhelp==2.0.0
sphinxcontrib-htmlhelp==2.1.0
sphinxcontrib-jsmath==1.0.1
sphinxcontrib-qthelp==2.0.0
sphinxcontrib-serializinghtml==2.0.0
sqlglot==4.6.0
sqlparse==0.4.1
sympy==1.13.0
urllib3==1.26.5
webencodings==0.5.1
# /home/qianhuiwang/cpython/build-purecap/python -m pip freeze
alabaster==0.7.16
asgiref==3.6.0
babel==2.17.0
build==1.2.2.post1
certifi==2021.5.30
Chameleon==3.9.1
charset-normalizer==3.4.1
coverage==7.3.2
Django==4.2
docutils==0.21.2
dulwich==0.20.23
Genshi==0.7.7
html5lib==1.1
idna==3.10
imagesize==1.4.1
Jinja2==3.1.6
legacy-cgi==2.6
Mako==1.1.4
MarkupSafe==2.0.1
mpmath==1.2.1
networkx==3.4.2
packaging==24.2
psutil==7.0.0
pyaes==1.6.1
Pygments==2.19.1
pyperf==2.9.0
pyperformance @ file:///home/qianhuiwang/cpython/site-packages/pyperformance/dist/pyperformance-1.11.0-py3-none-any.whl#sha256=5e7db3719781f5aaaa31704d7bc2566ec18ade1aa74b998aae4e93a9ebbaa849
pyproject_hooks==1.2.0
python-docs-theme==2024.6
pytz==2021.1
requests==2.32.3
setuptools==78.1.0
six==1.16.0
snowballstemmer==2.2.0
Sphinx==7.3.7
sphinxcontrib-applehelp==2.0.0
sphinxcontrib-devhelp==2.0.0
sphinxcontrib-htmlhelp==2.1.0
sphinxcontrib-jsmath==1.0.1
sphinxcontrib-qthelp==2.0.0
sphinxcontrib-serializinghtml==2.0.0
sqlglot==4.6.0
sqlparse==0.4.1
sympy==1.13.0
urllib3==1.26.5
webencodings==0.5.1

==================================================
(78/83) creating venv for benchmark (typing_runtime_protocols)

(trying common venv first)
Installing requirements into the virtual environment /home/qianhuiwang/cpython/build-purecap
# /home/qianhuiwang/cpython/build-purecap/python -m pip install pyperf==2.9.0
Requirement already satisfied: pyperf==2.9.0 in ./lib/python3.12/site-packages (2.9.0)
Requirement already satisfied: psutil>=5.9.0 in ./lib/python3.12/site-packages (from pyperf==2.9.0) (7.0.0)

[notice] A new release of pip is available: 25.0.1 -> 25.1.1
[notice] To update, run: /home/qianhuiwang/cpython/build-purecap/python -m pip install --upgrade pip
Installing requirements into the virtual environment /home/qianhuiwang/cpython/build-purecap
# /home/qianhuiwang/cpython/build-purecap/python -m pip install psutil
Requirement already satisfied: psutil in ./lib/python3.12/site-packages (7.0.0)

[notice] A new release of pip is available: 25.0.1 -> 25.1.1
[notice] To update, run: /home/qianhuiwang/cpython/build-purecap/python -m pip install --upgrade pip
# /home/qianhuiwang/cpython/build-purecap/python -m pip freeze
alabaster==0.7.16
asgiref==3.6.0
babel==2.17.0
build==1.2.2.post1
certifi==2021.5.30
Chameleon==3.9.1
charset-normalizer==3.4.1
coverage==7.3.2
Django==4.2
docutils==0.21.2
dulwich==0.20.23
Genshi==0.7.7
html5lib==1.1
idna==3.10
imagesize==1.4.1
Jinja2==3.1.6
legacy-cgi==2.6
Mako==1.1.4
MarkupSafe==2.0.1
mpmath==1.2.1
networkx==3.4.2
packaging==24.2
psutil==7.0.0
pyaes==1.6.1
Pygments==2.19.1
pyperf==2.9.0
pyperformance @ file:///home/qianhuiwang/cpython/site-packages/pyperformance/dist/pyperformance-1.11.0-py3-none-any.whl#sha256=5e7db3719781f5aaaa31704d7bc2566ec18ade1aa74b998aae4e93a9ebbaa849
pyproject_hooks==1.2.0
python-docs-theme==2024.6
pytz==2021.1
requests==2.32.3
setuptools==78.1.0
six==1.16.0
snowballstemmer==2.2.0
Sphinx==7.3.7
sphinxcontrib-applehelp==2.0.0
sphinxcontrib-devhelp==2.0.0
sphinxcontrib-htmlhelp==2.1.0
sphinxcontrib-jsmath==1.0.1
sphinxcontrib-qthelp==2.0.0
sphinxcontrib-serializinghtml==2.0.0
sqlglot==4.6.0
sqlparse==0.4.1
sympy==1.13.0
urllib3==1.26.5
webencodings==0.5.1
# /home/qianhuiwang/cpython/build-purecap/python -m pip freeze
alabaster==0.7.16
asgiref==3.6.0
babel==2.17.0
build==1.2.2.post1
certifi==2021.5.30
Chameleon==3.9.1
charset-normalizer==3.4.1
coverage==7.3.2
Django==4.2
docutils==0.21.2
dulwich==0.20.23
Genshi==0.7.7
html5lib==1.1
idna==3.10
imagesize==1.4.1
Jinja2==3.1.6
legacy-cgi==2.6
Mako==1.1.4
MarkupSafe==2.0.1
mpmath==1.2.1
networkx==3.4.2
packaging==24.2
psutil==7.0.0
pyaes==1.6.1
Pygments==2.19.1
pyperf==2.9.0
pyperformance @ file:///home/qianhuiwang/cpython/site-packages/pyperformance/dist/pyperformance-1.11.0-py3-none-any.whl#sha256=5e7db3719781f5aaaa31704d7bc2566ec18ade1aa74b998aae4e93a9ebbaa849
pyproject_hooks==1.2.0
python-docs-theme==2024.6
pytz==2021.1
requests==2.32.3
setuptools==78.1.0
six==1.16.0
snowballstemmer==2.2.0
Sphinx==7.3.7
sphinxcontrib-applehelp==2.0.0
sphinxcontrib-devhelp==2.0.0
sphinxcontrib-htmlhelp==2.1.0
sphinxcontrib-jsmath==1.0.1
sphinxcontrib-qthelp==2.0.0
sphinxcontrib-serializinghtml==2.0.0
sqlglot==4.6.0
sqlparse==0.4.1
sympy==1.13.0
urllib3==1.26.5
webencodings==0.5.1

==================================================
(79/83) creating venv for benchmark (unpack_sequence)

(trying common venv first)
Installing requirements into the virtual environment /home/qianhuiwang/cpython/build-purecap
# /home/qianhuiwang/cpython/build-purecap/python -m pip install pyperf==2.9.0
Requirement already satisfied: pyperf==2.9.0 in ./lib/python3.12/site-packages (2.9.0)
Requirement already satisfied: psutil>=5.9.0 in ./lib/python3.12/site-packages (from pyperf==2.9.0) (7.0.0)

[notice] A new release of pip is available: 25.0.1 -> 25.1.1
[notice] To update, run: /home/qianhuiwang/cpython/build-purecap/python -m pip install --upgrade pip
Installing requirements into the virtual environment /home/qianhuiwang/cpython/build-purecap
# /home/qianhuiwang/cpython/build-purecap/python -m pip install psutil
Requirement already satisfied: psutil in ./lib/python3.12/site-packages (7.0.0)

[notice] A new release of pip is available: 25.0.1 -> 25.1.1
[notice] To update, run: /home/qianhuiwang/cpython/build-purecap/python -m pip install --upgrade pip
# /home/qianhuiwang/cpython/build-purecap/python -m pip freeze
alabaster==0.7.16
asgiref==3.6.0
babel==2.17.0
build==1.2.2.post1
certifi==2021.5.30
Chameleon==3.9.1
charset-normalizer==3.4.1
coverage==7.3.2
Django==4.2
docutils==0.21.2
dulwich==0.20.23
Genshi==0.7.7
html5lib==1.1
idna==3.10
imagesize==1.4.1
Jinja2==3.1.6
legacy-cgi==2.6
Mako==1.1.4
MarkupSafe==2.0.1
mpmath==1.2.1
networkx==3.4.2
packaging==24.2
psutil==7.0.0
pyaes==1.6.1
Pygments==2.19.1
pyperf==2.9.0
pyperformance @ file:///home/qianhuiwang/cpython/site-packages/pyperformance/dist/pyperformance-1.11.0-py3-none-any.whl#sha256=5e7db3719781f5aaaa31704d7bc2566ec18ade1aa74b998aae4e93a9ebbaa849
pyproject_hooks==1.2.0
python-docs-theme==2024.6
pytz==2021.1
requests==2.32.3
setuptools==78.1.0
six==1.16.0
snowballstemmer==2.2.0
Sphinx==7.3.7
sphinxcontrib-applehelp==2.0.0
sphinxcontrib-devhelp==2.0.0
sphinxcontrib-htmlhelp==2.1.0
sphinxcontrib-jsmath==1.0.1
sphinxcontrib-qthelp==2.0.0
sphinxcontrib-serializinghtml==2.0.0
sqlglot==4.6.0
sqlparse==0.4.1
sympy==1.13.0
urllib3==1.26.5
webencodings==0.5.1
# /home/qianhuiwang/cpython/build-purecap/python -m pip freeze
alabaster==0.7.16
asgiref==3.6.0
babel==2.17.0
build==1.2.2.post1
certifi==2021.5.30
Chameleon==3.9.1
charset-normalizer==3.4.1
coverage==7.3.2
Django==4.2
docutils==0.21.2
dulwich==0.20.23
Genshi==0.7.7
html5lib==1.1
idna==3.10
imagesize==1.4.1
Jinja2==3.1.6
legacy-cgi==2.6
Mako==1.1.4
MarkupSafe==2.0.1
mpmath==1.2.1
networkx==3.4.2
packaging==24.2
psutil==7.0.0
pyaes==1.6.1
Pygments==2.19.1
pyperf==2.9.0
pyperformance @ file:///home/qianhuiwang/cpython/site-packages/pyperformance/dist/pyperformance-1.11.0-py3-none-any.whl#sha256=5e7db3719781f5aaaa31704d7bc2566ec18ade1aa74b998aae4e93a9ebbaa849
pyproject_hooks==1.2.0
python-docs-theme==2024.6
pytz==2021.1
requests==2.32.3
setuptools==78.1.0
six==1.16.0
snowballstemmer==2.2.0
Sphinx==7.3.7
sphinxcontrib-applehelp==2.0.0
sphinxcontrib-devhelp==2.0.0
sphinxcontrib-htmlhelp==2.1.0
sphinxcontrib-jsmath==1.0.1
sphinxcontrib-qthelp==2.0.0
sphinxcontrib-serializinghtml==2.0.0
sqlglot==4.6.0
sqlparse==0.4.1
sympy==1.13.0
urllib3==1.26.5
webencodings==0.5.1

==================================================
(80/83) creating venv for benchmark (unpickle)

(trying common venv first)
Installing requirements into the virtual environment /home/qianhuiwang/cpython/build-purecap
# /home/qianhuiwang/cpython/build-purecap/python -m pip install pyperf==2.9.0
Requirement already satisfied: pyperf==2.9.0 in ./lib/python3.12/site-packages (2.9.0)
Requirement already satisfied: psutil>=5.9.0 in ./lib/python3.12/site-packages (from pyperf==2.9.0) (7.0.0)

[notice] A new release of pip is available: 25.0.1 -> 25.1.1
[notice] To update, run: /home/qianhuiwang/cpython/build-purecap/python -m pip install --upgrade pip
Installing requirements into the virtual environment /home/qianhuiwang/cpython/build-purecap
# /home/qianhuiwang/cpython/build-purecap/python -m pip install psutil
Requirement already satisfied: psutil in ./lib/python3.12/site-packages (7.0.0)

[notice] A new release of pip is available: 25.0.1 -> 25.1.1
[notice] To update, run: /home/qianhuiwang/cpython/build-purecap/python -m pip install --upgrade pip
# /home/qianhuiwang/cpython/build-purecap/python -m pip freeze
alabaster==0.7.16
asgiref==3.6.0
babel==2.17.0
build==1.2.2.post1
certifi==2021.5.30
Chameleon==3.9.1
charset-normalizer==3.4.1
coverage==7.3.2
Django==4.2
docutils==0.21.2
dulwich==0.20.23
Genshi==0.7.7
html5lib==1.1
idna==3.10
imagesize==1.4.1
Jinja2==3.1.6
legacy-cgi==2.6
Mako==1.1.4
MarkupSafe==2.0.1
mpmath==1.2.1
networkx==3.4.2
packaging==24.2
psutil==7.0.0
pyaes==1.6.1
Pygments==2.19.1
pyperf==2.9.0
pyperformance @ file:///home/qianhuiwang/cpython/site-packages/pyperformance/dist/pyperformance-1.11.0-py3-none-any.whl#sha256=5e7db3719781f5aaaa31704d7bc2566ec18ade1aa74b998aae4e93a9ebbaa849
pyproject_hooks==1.2.0
python-docs-theme==2024.6
pytz==2021.1
requests==2.32.3
setuptools==78.1.0
six==1.16.0
snowballstemmer==2.2.0
Sphinx==7.3.7
sphinxcontrib-applehelp==2.0.0
sphinxcontrib-devhelp==2.0.0
sphinxcontrib-htmlhelp==2.1.0
sphinxcontrib-jsmath==1.0.1
sphinxcontrib-qthelp==2.0.0
sphinxcontrib-serializinghtml==2.0.0
sqlglot==4.6.0
sqlparse==0.4.1
sympy==1.13.0
urllib3==1.26.5
webencodings==0.5.1
# /home/qianhuiwang/cpython/build-purecap/python -m pip freeze
alabaster==0.7.16
asgiref==3.6.0
babel==2.17.0
build==1.2.2.post1
certifi==2021.5.30
Chameleon==3.9.1
charset-normalizer==3.4.1
coverage==7.3.2
Django==4.2
docutils==0.21.2
dulwich==0.20.23
Genshi==0.7.7
html5lib==1.1
idna==3.10
imagesize==1.4.1
Jinja2==3.1.6
legacy-cgi==2.6
Mako==1.1.4
MarkupSafe==2.0.1
mpmath==1.2.1
networkx==3.4.2
packaging==24.2
psutil==7.0.0
pyaes==1.6.1
Pygments==2.19.1
pyperf==2.9.0
pyperformance @ file:///home/qianhuiwang/cpython/site-packages/pyperformance/dist/pyperformance-1.11.0-py3-none-any.whl#sha256=5e7db3719781f5aaaa31704d7bc2566ec18ade1aa74b998aae4e93a9ebbaa849
pyproject_hooks==1.2.0
python-docs-theme==2024.6
pytz==2021.1
requests==2.32.3
setuptools==78.1.0
six==1.16.0
snowballstemmer==2.2.0
Sphinx==7.3.7
sphinxcontrib-applehelp==2.0.0
sphinxcontrib-devhelp==2.0.0
sphinxcontrib-htmlhelp==2.1.0
sphinxcontrib-jsmath==1.0.1
sphinxcontrib-qthelp==2.0.0
sphinxcontrib-serializinghtml==2.0.0
sqlglot==4.6.0
sqlparse==0.4.1
sympy==1.13.0
urllib3==1.26.5
webencodings==0.5.1

==================================================
(81/83) creating venv for benchmark (unpickle_list)

(trying common venv first)
Installing requirements into the virtual environment /home/qianhuiwang/cpython/build-purecap
# /home/qianhuiwang/cpython/build-purecap/python -m pip install pyperf==2.9.0
Requirement already satisfied: pyperf==2.9.0 in ./lib/python3.12/site-packages (2.9.0)
Requirement already satisfied: psutil>=5.9.0 in ./lib/python3.12/site-packages (from pyperf==2.9.0) (7.0.0)

[notice] A new release of pip is available: 25.0.1 -> 25.1.1
[notice] To update, run: /home/qianhuiwang/cpython/build-purecap/python -m pip install --upgrade pip
Installing requirements into the virtual environment /home/qianhuiwang/cpython/build-purecap
# /home/qianhuiwang/cpython/build-purecap/python -m pip install psutil
Requirement already satisfied: psutil in ./lib/python3.12/site-packages (7.0.0)

[notice] A new release of pip is available: 25.0.1 -> 25.1.1
[notice] To update, run: /home/qianhuiwang/cpython/build-purecap/python -m pip install --upgrade pip
# /home/qianhuiwang/cpython/build-purecap/python -m pip freeze
alabaster==0.7.16
asgiref==3.6.0
babel==2.17.0
build==1.2.2.post1
certifi==2021.5.30
Chameleon==3.9.1
charset-normalizer==3.4.1
coverage==7.3.2
Django==4.2
docutils==0.21.2
dulwich==0.20.23
Genshi==0.7.7
html5lib==1.1
idna==3.10
imagesize==1.4.1
Jinja2==3.1.6
legacy-cgi==2.6
Mako==1.1.4
MarkupSafe==2.0.1
mpmath==1.2.1
networkx==3.4.2
packaging==24.2
psutil==7.0.0
pyaes==1.6.1
Pygments==2.19.1
pyperf==2.9.0
pyperformance @ file:///home/qianhuiwang/cpython/site-packages/pyperformance/dist/pyperformance-1.11.0-py3-none-any.whl#sha256=5e7db3719781f5aaaa31704d7bc2566ec18ade1aa74b998aae4e93a9ebbaa849
pyproject_hooks==1.2.0
python-docs-theme==2024.6
pytz==2021.1
requests==2.32.3
setuptools==78.1.0
six==1.16.0
snowballstemmer==2.2.0
Sphinx==7.3.7
sphinxcontrib-applehelp==2.0.0
sphinxcontrib-devhelp==2.0.0
sphinxcontrib-htmlhelp==2.1.0
sphinxcontrib-jsmath==1.0.1
sphinxcontrib-qthelp==2.0.0
sphinxcontrib-serializinghtml==2.0.0
sqlglot==4.6.0
sqlparse==0.4.1
sympy==1.13.0
urllib3==1.26.5
webencodings==0.5.1
# /home/qianhuiwang/cpython/build-purecap/python -m pip freeze
alabaster==0.7.16
asgiref==3.6.0
babel==2.17.0
build==1.2.2.post1
certifi==2021.5.30
Chameleon==3.9.1
charset-normalizer==3.4.1
coverage==7.3.2
Django==4.2
docutils==0.21.2
dulwich==0.20.23
Genshi==0.7.7
html5lib==1.1
idna==3.10
imagesize==1.4.1
Jinja2==3.1.6
legacy-cgi==2.6
Mako==1.1.4
MarkupSafe==2.0.1
mpmath==1.2.1
networkx==3.4.2
packaging==24.2
psutil==7.0.0
pyaes==1.6.1
Pygments==2.19.1
pyperf==2.9.0
pyperformance @ file:///home/qianhuiwang/cpython/site-packages/pyperformance/dist/pyperformance-1.11.0-py3-none-any.whl#sha256=5e7db3719781f5aaaa31704d7bc2566ec18ade1aa74b998aae4e93a9ebbaa849
pyproject_hooks==1.2.0
python-docs-theme==2024.6
pytz==2021.1
requests==2.32.3
setuptools==78.1.0
six==1.16.0
snowballstemmer==2.2.0
Sphinx==7.3.7
sphinxcontrib-applehelp==2.0.0
sphinxcontrib-devhelp==2.0.0
sphinxcontrib-htmlhelp==2.1.0
sphinxcontrib-jsmath==1.0.1
sphinxcontrib-qthelp==2.0.0
sphinxcontrib-serializinghtml==2.0.0
sqlglot==4.6.0
sqlparse==0.4.1
sympy==1.13.0
urllib3==1.26.5
webencodings==0.5.1

==================================================
(82/83) creating venv for benchmark (unpickle_pure_python)

(trying common venv first)
Installing requirements into the virtual environment /home/qianhuiwang/cpython/build-purecap
# /home/qianhuiwang/cpython/build-purecap/python -m pip install pyperf==2.9.0
Requirement already satisfied: pyperf==2.9.0 in ./lib/python3.12/site-packages (2.9.0)
Requirement already satisfied: psutil>=5.9.0 in ./lib/python3.12/site-packages (from pyperf==2.9.0) (7.0.0)

[notice] A new release of pip is available: 25.0.1 -> 25.1.1
[notice] To update, run: /home/qianhuiwang/cpython/build-purecap/python -m pip install --upgrade pip
Installing requirements into the virtual environment /home/qianhuiwang/cpython/build-purecap
# /home/qianhuiwang/cpython/build-purecap/python -m pip install psutil
Requirement already satisfied: psutil in ./lib/python3.12/site-packages (7.0.0)

[notice] A new release of pip is available: 25.0.1 -> 25.1.1
[notice] To update, run: /home/qianhuiwang/cpython/build-purecap/python -m pip install --upgrade pip
# /home/qianhuiwang/cpython/build-purecap/python -m pip freeze
alabaster==0.7.16
asgiref==3.6.0
babel==2.17.0
build==1.2.2.post1
certifi==2021.5.30
Chameleon==3.9.1
charset-normalizer==3.4.1
coverage==7.3.2
Django==4.2
docutils==0.21.2
dulwich==0.20.23
Genshi==0.7.7
html5lib==1.1
idna==3.10
imagesize==1.4.1
Jinja2==3.1.6
legacy-cgi==2.6
Mako==1.1.4
MarkupSafe==2.0.1
mpmath==1.2.1
networkx==3.4.2
packaging==24.2
psutil==7.0.0
pyaes==1.6.1
Pygments==2.19.1
pyperf==2.9.0
pyperformance @ file:///home/qianhuiwang/cpython/site-packages/pyperformance/dist/pyperformance-1.11.0-py3-none-any.whl#sha256=5e7db3719781f5aaaa31704d7bc2566ec18ade1aa74b998aae4e93a9ebbaa849
pyproject_hooks==1.2.0
python-docs-theme==2024.6
pytz==2021.1
requests==2.32.3
setuptools==78.1.0
six==1.16.0
snowballstemmer==2.2.0
Sphinx==7.3.7
sphinxcontrib-applehelp==2.0.0
sphinxcontrib-devhelp==2.0.0
sphinxcontrib-htmlhelp==2.1.0
sphinxcontrib-jsmath==1.0.1
sphinxcontrib-qthelp==2.0.0
sphinxcontrib-serializinghtml==2.0.0
sqlglot==4.6.0
sqlparse==0.4.1
sympy==1.13.0
urllib3==1.26.5
webencodings==0.5.1
# /home/qianhuiwang/cpython/build-purecap/python -m pip freeze
alabaster==0.7.16
asgiref==3.6.0
babel==2.17.0
build==1.2.2.post1
certifi==2021.5.30
Chameleon==3.9.1
charset-normalizer==3.4.1
coverage==7.3.2
Django==4.2
docutils==0.21.2
dulwich==0.20.23
Genshi==0.7.7
html5lib==1.1
idna==3.10
imagesize==1.4.1
Jinja2==3.1.6
legacy-cgi==2.6
Mako==1.1.4
MarkupSafe==2.0.1
mpmath==1.2.1
networkx==3.4.2
packaging==24.2
psutil==7.0.0
pyaes==1.6.1
Pygments==2.19.1
pyperf==2.9.0
pyperformance @ file:///home/qianhuiwang/cpython/site-packages/pyperformance/dist/pyperformance-1.11.0-py3-none-any.whl#sha256=5e7db3719781f5aaaa31704d7bc2566ec18ade1aa74b998aae4e93a9ebbaa849
pyproject_hooks==1.2.0
python-docs-theme==2024.6
pytz==2021.1
requests==2.32.3
setuptools==78.1.0
six==1.16.0
snowballstemmer==2.2.0
Sphinx==7.3.7
sphinxcontrib-applehelp==2.0.0
sphinxcontrib-devhelp==2.0.0
sphinxcontrib-htmlhelp==2.1.0
sphinxcontrib-jsmath==1.0.1
sphinxcontrib-qthelp==2.0.0
sphinxcontrib-serializinghtml==2.0.0
sqlglot==4.6.0
sqlparse==0.4.1
sympy==1.13.0
urllib3==1.26.5
webencodings==0.5.1

==================================================
(83/83) creating venv for benchmark (xml_etree)

(trying common venv first)
Installing requirements into the virtual environment /home/qianhuiwang/cpython/build-purecap
# /home/qianhuiwang/cpython/build-purecap/python -m pip install pyperf==2.9.0
Requirement already satisfied: pyperf==2.9.0 in ./lib/python3.12/site-packages (2.9.0)
Requirement already satisfied: psutil>=5.9.0 in ./lib/python3.12/site-packages (from pyperf==2.9.0) (7.0.0)

[notice] A new release of pip is available: 25.0.1 -> 25.1.1
[notice] To update, run: /home/qianhuiwang/cpython/build-purecap/python -m pip install --upgrade pip
Installing requirements into the virtual environment /home/qianhuiwang/cpython/build-purecap
# /home/qianhuiwang/cpython/build-purecap/python -m pip install psutil
Requirement already satisfied: psutil in ./lib/python3.12/site-packages (7.0.0)

[notice] A new release of pip is available: 25.0.1 -> 25.1.1
[notice] To update, run: /home/qianhuiwang/cpython/build-purecap/python -m pip install --upgrade pip
# /home/qianhuiwang/cpython/build-purecap/python -m pip freeze
alabaster==0.7.16
asgiref==3.6.0
babel==2.17.0
build==1.2.2.post1
certifi==2021.5.30
Chameleon==3.9.1
charset-normalizer==3.4.1
coverage==7.3.2
Django==4.2
docutils==0.21.2
dulwich==0.20.23
Genshi==0.7.7
html5lib==1.1
idna==3.10
imagesize==1.4.1
Jinja2==3.1.6
legacy-cgi==2.6
Mako==1.1.4
MarkupSafe==2.0.1
mpmath==1.2.1
networkx==3.4.2
packaging==24.2
psutil==7.0.0
pyaes==1.6.1
Pygments==2.19.1
pyperf==2.9.0
pyperformance @ file:///home/qianhuiwang/cpython/site-packages/pyperformance/dist/pyperformance-1.11.0-py3-none-any.whl#sha256=5e7db3719781f5aaaa31704d7bc2566ec18ade1aa74b998aae4e93a9ebbaa849
pyproject_hooks==1.2.0
python-docs-theme==2024.6
pytz==2021.1
requests==2.32.3
setuptools==78.1.0
six==1.16.0
snowballstemmer==2.2.0
Sphinx==7.3.7
sphinxcontrib-applehelp==2.0.0
sphinxcontrib-devhelp==2.0.0
sphinxcontrib-htmlhelp==2.1.0
sphinxcontrib-jsmath==1.0.1
sphinxcontrib-qthelp==2.0.0
sphinxcontrib-serializinghtml==2.0.0
sqlglot==4.6.0
sqlparse==0.4.1
sympy==1.13.0
urllib3==1.26.5
webencodings==0.5.1
# /home/qianhuiwang/cpython/build-purecap/python -m pip freeze
alabaster==0.7.16
asgiref==3.6.0
babel==2.17.0
build==1.2.2.post1
certifi==2021.5.30
Chameleon==3.9.1
charset-normalizer==3.4.1
coverage==7.3.2
Django==4.2
docutils==0.21.2
dulwich==0.20.23
Genshi==0.7.7
html5lib==1.1
idna==3.10
imagesize==1.4.1
Jinja2==3.1.6
legacy-cgi==2.6
Mako==1.1.4
MarkupSafe==2.0.1
mpmath==1.2.1
networkx==3.4.2
packaging==24.2
psutil==7.0.0
pyaes==1.6.1
Pygments==2.19.1
pyperf==2.9.0
pyperformance @ file:///home/qianhuiwang/cpython/site-packages/pyperformance/dist/pyperformance-1.11.0-py3-none-any.whl#sha256=5e7db3719781f5aaaa31704d7bc2566ec18ade1aa74b998aae4e93a9ebbaa849
pyproject_hooks==1.2.0
python-docs-theme==2024.6
pytz==2021.1
requests==2.32.3
setuptools==78.1.0
six==1.16.0
snowballstemmer==2.2.0
Sphinx==7.3.7
sphinxcontrib-applehelp==2.0.0
sphinxcontrib-devhelp==2.0.0
sphinxcontrib-htmlhelp==2.1.0
sphinxcontrib-jsmath==1.0.1
sphinxcontrib-qthelp==2.0.0
sphinxcontrib-serializinghtml==2.0.0
sqlglot==4.6.0
sqlparse==0.4.1
sympy==1.13.0
urllib3==1.26.5
webencodings==0.5.1

Namespace(action='run', rigorous=False, fast=False, debug_single_value=False, verbose=True, track_memory=False, affinity=None, output='memprof.json', append=None, min_time=None, same_loops=None, timeout=None, hook=None, process='2', values='3', loops=None, warmup=None, tracemalloc=True, manifest=None, benchmarks='-asyncio_tcp,-asyncio_tcp_ssl,-asyncio_websockets,-tornado_http,-2to3,-dask,-docutils,-tomli_loads,-sphinx,-sqlalchemy_declarative,-sqlalchemy_imperative', inherit_environ=None, python='/home/qianhuiwang/cpython/build-purecap/python', allow_no_benchmarks=False)
[ 1/83] argparse...
# /home/qianhuiwang/cpython/build-purecap/python -u /home/qianhuiwang/cpython/build-purecap/lib/python3.12/site-packages/pyperformance/data-files/benchmarks/bm_argparse/run_benchmark.py many_optionals --verbose --tracemalloc --values=3 --process=2 --output /tmp/tmpme7ezogz --inherit-environ PYPERFORMANCE_RUNID
Run 1: calibrate the number of loops: 8
- calibrate 1: 666.5 KiB (loops: 8)
Calibration: 1 warmup, 8 loops
Run 2: 0 warmups, 1 value, 8 loops
- value 1: 557.2 KiB
Run 3: 0 warmups, 1 value, 8 loops
- value 1: 557.8 KiB

many_optionals: Mean +- std dev: 557.5 KiB +- 414 bytes
[ 2/83] argparse_subparsers...
# /home/qianhuiwang/cpython/build-purecap/python -u /home/qianhuiwang/cpython/build-purecap/lib/python3.12/site-packages/pyperformance/data-files/benchmarks/bm_argparse/run_benchmark.py subparsers --verbose --tracemalloc --values=3 --process=2 --output /tmp/tmpt5fxi38i --inherit-environ PYPERFORMANCE_RUNID
Run 1: calibrate the number of loops: 1
- calibrate 1: 3163.3 KiB (loops: 1)
Calibration: 1 warmup, 1 loop
Run 2: 0 warmups, 1 value, 1 loop
- value 1: 3163.5 KiB
Run 3: 0 warmups, 1 value, 1 loop
- value 1: 3163.5 KiB

subparsers: Mean +- std dev: 3163.5 KiB +- 0 bytes
[ 3/83] async_generators...
# /home/qianhuiwang/cpython/build-purecap/python -u /home/qianhuiwang/cpython/build-purecap/lib/python3.12/site-packages/pyperformance/data-files/benchmarks/bm_async_generators/run_benchmark.py --verbose --tracemalloc --values=3 --process=2 --output /tmp/tmpccaxvt2w --inherit-environ PYPERFORMANCE_RUNID
Run 1: calibrate the number of loops: 1
- calibrate 1: 26.8 MiB (loops: 1)
Calibration: 1 warmup, 1 loop
Run 2: 0 warmups, 1 value, 1 loop
- value 1: 26.8 MiB
Run 3: 0 warmups, 1 value, 1 loop
- value 1: 26.8 MiB

async_generators: Mean +- std dev: 26.8 MiB +- 49 bytes
[ 4/83] async_tree...
# /home/qianhuiwang/cpython/build-purecap/python -u /home/qianhuiwang/cpython/build-purecap/lib/python3.12/site-packages/pyperformance/data-files/benchmarks/bm_async_tree/run_benchmark.py none --verbose --tracemalloc --values=3 --process=2 --output /tmp/tmpt235zne8 --inherit-environ PYPERFORMANCE_RUNID
Run 1: calibrate the number of loops: 1
- calibrate 1: 106.6 MiB (loops: 1)
Calibration: 1 warmup, 1 loop
Run 2: 0 warmups, 1 value, 1 loop
- value 1: 106.6 MiB
Run 3: 0 warmups, 1 value, 1 loop
- value 1: 106.6 MiB

async_tree_none: Mean +- std dev: 106.6 MiB +- 0 bytes
[ 5/83] async_tree_cpu_io_mixed...
# /home/qianhuiwang/cpython/build-purecap/python -u /home/qianhuiwang/cpython/build-purecap/lib/python3.12/site-packages/pyperformance/data-files/benchmarks/bm_async_tree/run_benchmark.py cpu_io_mixed --verbose --tracemalloc --values=3 --process=2 --output /tmp/tmpy9plv_l7 --inherit-environ PYPERFORMANCE_RUNID
Run 1: calibrate the number of loops: 1
- calibrate 1: 112.2 MiB (loops: 1)
Calibration: 1 warmup, 1 loop
Run 2: 0 warmups, 1 value, 1 loop
- value 1: 112.2 MiB
Run 3: 0 warmups, 1 value, 1 loop
- value 1: 112.2 MiB

async_tree_cpu_io_mixed: Mean +- std dev: 112.2 MiB +- 0 bytes
[ 6/83] async_tree_cpu_io_mixed_tg...
# /home/qianhuiwang/cpython/build-purecap/python -u /home/qianhuiwang/cpython/build-purecap/lib/python3.12/site-packages/pyperformance/data-files/benchmarks/bm_async_tree/run_benchmark.py cpu_io_mixed --task-groups --verbose --tracemalloc --values=3 --process=2 --output /tmp/tmpsnmh4hz7 --inherit-environ PYPERFORMANCE_RUNID
Run 1: calibrate the number of loops: 1
- calibrate 1: 126.9 MiB (loops: 1)
Calibration: 1 warmup, 1 loop
Run 2: 0 warmups, 1 value, 1 loop
- value 1: 126.9 MiB
Run 3: 0 warmups, 1 value, 1 loop
- value 1: 126.9 MiB

async_tree_cpu_io_mixed_tg: Mean +- std dev: 126.9 MiB +- 0 bytes
[ 7/83] async_tree_eager...
# /home/qianhuiwang/cpython/build-purecap/python -u /home/qianhuiwang/cpython/build-purecap/lib/python3.12/site-packages/pyperformance/data-files/benchmarks/bm_async_tree/run_benchmark.py eager --verbose --tracemalloc --values=3 --process=2 --output /tmp/tmpdomh8yjt --inherit-environ PYPERFORMANCE_RUNID
Run 1: calibrate the number of loops: 1
- calibrate 1: 441.3 KiB (loops: 1)
Calibration: 1 warmup, 1 loop
Run 2: 0 warmups, 1 value, 1 loop
- value 1: 440.3 KiB
Run 3: 0 warmups, 1 value, 1 loop
- value 1: 440.3 KiB

async_tree_eager: Mean +- std dev: 440.3 KiB +- 0 bytes
[ 8/83] async_tree_eager_cpu_io_mixed...
# /home/qianhuiwang/cpython/build-purecap/python -u /home/qianhuiwang/cpython/build-purecap/lib/python3.12/site-packages/pyperformance/data-files/benchmarks/bm_async_tree/run_benchmark.py eager_cpu_io_mixed --verbose --tracemalloc --values=3 --process=2 --output /tmp/tmpe9dw4nac --inherit-environ PYPERFORMANCE_RUNID
Run 1: calibrate the number of loops: 1
- calibrate 1: 29.4 MiB (loops: 1)
Calibration: 1 warmup, 1 loop
Run 2: 0 warmups, 1 value, 1 loop
- value 1: 29.4 MiB
Run 3: 0 warmups, 1 value, 1 loop
- value 1: 29.4 MiB

async_tree_eager_cpu_io_mixed: Mean +- std dev: 29.4 MiB +- 0 bytes
[ 9/83] async_tree_eager_cpu_io_mixed_tg...
# /home/qianhuiwang/cpython/build-purecap/python -u /home/qianhuiwang/cpython/build-purecap/lib/python3.12/site-packages/pyperformance/data-files/benchmarks/bm_async_tree/run_benchmark.py eager_cpu_io_mixed --task-groups --verbose --tracemalloc --values=3 --process=2 --output /tmp/tmpnzbd6kj_ --inherit-environ PYPERFORMANCE_RUNID
Run 1: calibrate the number of loops: 1
- calibrate 1: 22.4 MiB (loops: 1)
Calibration: 1 warmup, 1 loop
Run 2: 0 warmups, 1 value, 1 loop
- value 1: 22.4 MiB
Run 3: 0 warmups, 1 value, 1 loop
- value 1: 22.4 MiB

async_tree_eager_cpu_io_mixed_tg: Mean +- std dev: 22.4 MiB +- 0 bytes
[10/83] async_tree_eager_io...
# /home/qianhuiwang/cpython/build-purecap/python -u /home/qianhuiwang/cpython/build-purecap/lib/python3.12/site-packages/pyperformance/data-files/benchmarks/bm_async_tree/run_benchmark.py eager_io --verbose --tracemalloc --values=3 --process=2 --output /tmp/tmpuoezypan --inherit-environ PYPERFORMANCE_RUNID
Run 1: calibrate the number of loops: 1
- calibrate 1: 208.4 MiB (loops: 1)
Calibration: 1 warmup, 1 loop
Run 2: 0 warmups, 1 value, 1 loop
- value 1: 208.4 MiB
Run 3: 0 warmups, 1 value, 1 loop
- value 1: 208.4 MiB

async_tree_eager_io: Mean +- std dev: 208.4 MiB +- 0 bytes
[11/83] async_tree_eager_io_tg...
# /home/qianhuiwang/cpython/build-purecap/python -u /home/qianhuiwang/cpython/build-purecap/lib/python3.12/site-packages/pyperformance/data-files/benchmarks/bm_async_tree/run_benchmark.py eager_io --task-groups --verbose --tracemalloc --values=3 --process=2 --output /tmp/tmp5y0qlinv --inherit-environ PYPERFORMANCE_RUNID
Run 1: calibrate the number of loops: 1
- calibrate 1: 223.1 MiB (loops: 1)
Calibration: 1 warmup, 1 loop
Run 2: 0 warmups, 1 value, 1 loop
- value 1: 223.1 MiB
Run 3: 0 warmups, 1 value, 1 loop
- value 1: 223.1 MiB

async_tree_eager_io_tg: Mean +- std dev: 223.1 MiB +- 0 bytes
[12/83] async_tree_eager_memoization...
# /home/qianhuiwang/cpython/build-purecap/python -u /home/qianhuiwang/cpython/build-purecap/lib/python3.12/site-packages/pyperformance/data-files/benchmarks/bm_async_tree/run_benchmark.py eager_memoization --verbose --tracemalloc --values=3 --process=2 --output /tmp/tmps1ww4ndj --inherit-environ PYPERFORMANCE_RUNID
Run 1: calibrate the number of loops: 1
- calibrate 1: 46.4 MiB (loops: 1)
Calibration: 1 warmup, 1 loop
Run 2: 0 warmups, 1 value, 1 loop
- value 1: 46.4 MiB
Run 3: 0 warmups, 1 value, 1 loop
- value 1: 46.4 MiB

async_tree_eager_memoization: Mean +- std dev: 46.4 MiB +- 215 bytes
[13/83] async_tree_eager_memoization_tg...
# /home/qianhuiwang/cpython/build-purecap/python -u /home/qianhuiwang/cpython/build-purecap/lib/python3.12/site-packages/pyperformance/data-files/benchmarks/bm_async_tree/run_benchmark.py eager_memoization --task-groups --verbose --tracemalloc --values=3 --process=2 --output /tmp/tmpkl5kpz7o --inherit-environ PYPERFORMANCE_RUNID
Run 1: calibrate the number of loops: 1
- calibrate 1: 36.5 MiB (loops: 1)
Calibration: 1 warmup, 1 loop
Run 2: 0 warmups, 1 value, 1 loop
- value 1: 36.5 MiB
Run 3: 0 warmups, 1 value, 1 loop
- value 1: 36.5 MiB

async_tree_eager_memoization_tg: Mean +- std dev: 36.5 MiB +- 0 bytes
[14/83] async_tree_eager_tg...
# /home/qianhuiwang/cpython/build-purecap/python -u /home/qianhuiwang/cpython/build-purecap/lib/python3.12/site-packages/pyperformance/data-files/benchmarks/bm_async_tree/run_benchmark.py eager --task-groups --verbose --tracemalloc --values=3 --process=2 --output /tmp/tmp39bs7tr5 --inherit-environ PYPERFORMANCE_RUNID
Run 1: calibrate the number of loops: 1
- calibrate 1: 437.4 KiB (loops: 1)
Calibration: 1 warmup, 1 loop
Run 2: 0 warmups, 1 value, 1 loop
- value 1: 436.3 KiB
Run 3: 0 warmups, 1 value, 1 loop
- value 1: 436.2 KiB

async_tree_eager_tg: Mean +- std dev: 436.3 KiB +- 49 bytes
[15/83] async_tree_io...
# /home/qianhuiwang/cpython/build-purecap/python -u /home/qianhuiwang/cpython/build-purecap/lib/python3.12/site-packages/pyperformance/data-files/benchmarks/bm_async_tree/run_benchmark.py io --verbose --tracemalloc --values=3 --process=2 --output /tmp/tmpdyweu3tt --inherit-environ PYPERFORMANCE_RUNID
Run 1: calibrate the number of loops: 1
- calibrate 1: 208.4 MiB (loops: 1)
Calibration: 1 warmup, 1 loop
Run 2: 0 warmups, 1 value, 1 loop
- value 1: 208.4 MiB
Run 3: 0 warmups, 1 value, 1 loop
- value 1: 208.4 MiB

async_tree_io: Mean +- std dev: 208.4 MiB +- 0 bytes
[16/83] async_tree_io_tg...
# /home/qianhuiwang/cpython/build-purecap/python -u /home/qianhuiwang/cpython/build-purecap/lib/python3.12/site-packages/pyperformance/data-files/benchmarks/bm_async_tree/run_benchmark.py io --task-groups --verbose --tracemalloc --values=3 --process=2 --output /tmp/tmpy1sxo5jg --inherit-environ PYPERFORMANCE_RUNID
Run 1: calibrate the number of loops: 1
- calibrate 1: 223.0 MiB (loops: 1)
Calibration: 1 warmup, 1 loop
Run 2: 0 warmups, 1 value, 1 loop
- value 1: 223.0 MiB
Run 3: 0 warmups, 1 value, 1 loop
- value 1: 223.0 MiB

async_tree_io_tg: Mean +- std dev: 223.0 MiB +- 0 bytes
[17/83] async_tree_memoization...
# /home/qianhuiwang/cpython/build-purecap/python -u /home/qianhuiwang/cpython/build-purecap/lib/python3.12/site-packages/pyperformance/data-files/benchmarks/bm_async_tree/run_benchmark.py memoization --verbose --tracemalloc --values=3 --process=2 --output /tmp/tmpy6lugyvf --inherit-environ PYPERFORMANCE_RUNID
Run 1: calibrate the number of loops: 1
- calibrate 1: 115.9 MiB (loops: 1)
Calibration: 1 warmup, 1 loop
Run 2: 0 warmups, 1 value, 1 loop
- value 1: 115.9 MiB
Run 3: 0 warmups, 1 value, 1 loop
- value 1: 115.9 MiB

async_tree_memoization: Mean +- std dev: 115.9 MiB +- 0 bytes
[18/83] async_tree_memoization_tg...
# /home/qianhuiwang/cpython/build-purecap/python -u /home/qianhuiwang/cpython/build-purecap/lib/python3.12/site-packages/pyperformance/data-files/benchmarks/bm_async_tree/run_benchmark.py memoization --task-groups --verbose --tracemalloc --values=3 --process=2 --output /tmp/tmpdpis3gs0 --inherit-environ PYPERFORMANCE_RUNID
Run 1: calibrate the number of loops: 1
- calibrate 1: 130.6 MiB (loops: 1)
Calibration: 1 warmup, 1 loop
Run 2: 0 warmups, 1 value, 1 loop
- value 1: 130.6 MiB
Run 3: 0 warmups, 1 value, 1 loop
- value 1: 130.6 MiB

async_tree_memoization_tg: Mean +- std dev: 130.6 MiB +- 0 bytes
[19/83] async_tree_tg...
# /home/qianhuiwang/cpython/build-purecap/python -u /home/qianhuiwang/cpython/build-purecap/lib/python3.12/site-packages/pyperformance/data-files/benchmarks/bm_async_tree/run_benchmark.py none --task-groups --verbose --tracemalloc --values=3 --process=2 --output /tmp/tmpupmk77wo --inherit-environ PYPERFORMANCE_RUNID
Run 1: calibrate the number of loops: 1
- calibrate 1: 121.3 MiB (loops: 1)
Calibration: 1 warmup, 1 loop
Run 2: 0 warmups, 1 value, 1 loop
- value 1: 121.3 MiB
Run 3: 0 warmups, 1 value, 1 loop
- value 1: 121.3 MiB

async_tree_none_tg: Mean +- std dev: 121.3 MiB +- 0 bytes
[20/83] bpe_tokeniser...
# /home/qianhuiwang/cpython/build-purecap/python -u /home/qianhuiwang/cpython/build-purecap/lib/python3.12/site-packages/pyperformance/data-files/benchmarks/bm_bpe_tokeniser/run_benchmark.py --verbose --tracemalloc --values=3 --process=2 --output /tmp/tmpz7c6e6h1 --inherit-environ PYPERFORMANCE_RUNID
Run 1: calibrate the number of loops: 1
- calibrate 1: 3329.6 KiB (loops: 1)
Calibration: 1 warmup, 1 loop
Run 2: 0 warmups, 1 value, 1 loop
- value 1: 3329.6 KiB
Run 3: 0 warmups, 1 value, 1 loop
- value 1: 3329.6 KiB

bpe_tokeniser: Mean +- std dev: 3329.6 KiB +- 0 bytes
[21/83] chameleon...
# /home/qianhuiwang/cpython/build-purecap/python -u /home/qianhuiwang/cpython/build-purecap/lib/python3.12/site-packages/pyperformance/data-files/benchmarks/bm_chameleon/run_benchmark.py --verbose --tracemalloc --values=3 --process=2 --output /tmp/tmpitru5mjf --inherit-environ PYPERFORMANCE_RUNID
/home/qianhuiwang/cpython/build-purecap/lib/python3.12/site-packages/chameleon/template.py:17: DeprecationWarning: pkg_resources is deprecated as an API. See https://setuptools.pypa.io/en/latest/pkg_resources.html
  import pkg_resources
/home/qianhuiwang/cpython/build-purecap/lib/python3.12/site-packages/pkg_resources/__init__.py:3147: DeprecationWarning: Deprecated call to `pkg_resources.declare_namespace('sphinxcontrib')`.
Implementing implicit namespace packages (as specified in PEP 420) is preferred to `pkg_resources.declare_namespace`. See https://setuptools.pypa.io/en/latest/references/keywords.html#keyword-namespace-packages
  declare_namespace(pkg)
/home/qianhuiwang/cpython/build-purecap/lib/python3.12/site-packages/chameleon/zpt/program.py:794: DeprecationWarning: ast.Str is deprecated and will be removed in Python 3.14; use ast.Constant instead
  default = ast.Str(s=text) if text is not None else None
/home/qianhuiwang/cpython/Lib/ast.py:587: DeprecationWarning: Attribute s is deprecated and will be removed in Python 3.14; use value instead
  return Constant(*args, **kwargs)
/home/qianhuiwang/cpython/build-purecap/lib/python3.12/site-packages/chameleon/zpt/program.py:826: DeprecationWarning: ast.Str is deprecated and will be removed in Python 3.14; use ast.Constant instead
  value = ast.Str(s=text)
/home/qianhuiwang/cpython/build-purecap/lib/python3.12/site-packages/chameleon/zpt/program.py:848: DeprecationWarning: ast.Str is deprecated and will be removed in Python 3.14; use ast.Constant instead
  if not isinstance(value, ast.Str):
/home/qianhuiwang/cpython/build-purecap/lib/python3.12/site-packages/chameleon/compiler.py:1133: DeprecationWarning: ast.Str is deprecated and will be removed in Python 3.14; use ast.Constant instead
  NAME=name, KEY=ast.Str(s="__" + name)
/home/qianhuiwang/cpython/build-purecap/lib/python3.12/site-packages/chameleon/compiler.py:1472: DeprecationWarning: ast.Str is deprecated and will be removed in Python 3.14; use ast.Constant instead
  NAME=ast.Str(s=node.name),
/home/qianhuiwang/cpython/build-purecap/lib/python3.12/site-packages/chameleon/compiler.py:1484: DeprecationWarning: ast.Str is deprecated and will be removed in Python 3.14; use ast.Constant instead
  if isinstance(node.expression, ast.Str):
/home/qianhuiwang/cpython/build-purecap/lib/python3.12/site-packages/chameleon/compiler.py:1485: DeprecationWarning: Attribute s is deprecated and will be removed in Python 3.14; use value instead
  s = attr_format % node.expression.s
/home/qianhuiwang/cpython/build-purecap/lib/python3.12/site-packages/chameleon/astutil.py:68: DeprecationWarning: ast.Str is deprecated and will be removed in Python 3.14; use ast.Constant instead
  slice=ast.Index(value=ast.Str(s=name)),
/home/qianhuiwang/cpython/build-purecap/lib/python3.12/site-packages/chameleon/compiler.py:1741: DeprecationWarning: ast.Str is deprecated and will be removed in Python 3.14; use ast.Constant instead
  key = ast.Str(s=node.names[0])
/home/qianhuiwang/cpython/build-purecap/lib/python3.12/site-packages/chameleon/compiler.py:108: DeprecationWarning: ast.Str is deprecated and will be removed in Python 3.14; use ast.Constant instead
  return template("getitem(KEY)", KEY=ast.Str(s=name), mode="eval")
/home/qianhuiwang/cpython/build-purecap/lib/python3.12/site-packages/chameleon/compiler.py:1807: DeprecationWarning: ast.Str is deprecated and will be removed in Python 3.14; use ast.Constant instead
  KEY=ast.Str(s=native_string(name)),
/home/qianhuiwang/cpython/build-purecap/lib/python3.12/site-packages/chameleon/tales.py:77: DeprecationWarning: ast.Str is deprecated and will be removed in Python 3.14; use ast.Constant instead
  name=ast.Str(s=node.attr),
/home/qianhuiwang/cpython/build-purecap/lib/python3.12/site-packages/chameleon/compiler.py:591: DeprecationWarning: ast.Str is deprecated and will be removed in Python 3.14; use ast.Constant instead
  QUOTE=ast.Str(s=quote),
/home/qianhuiwang/cpython/build-purecap/lib/python3.12/site-packages/chameleon/compiler.py:592: DeprecationWarning: ast.Str is deprecated and will be removed in Python 3.14; use ast.Constant instead
  Q_ENTITY=ast.Str(s=entity),
/home/qianhuiwang/cpython/build-purecap/lib/python3.12/site-packages/chameleon/compiler.py:1506: DeprecationWarning: ast.Str is deprecated and will be removed in Python 3.14; use ast.Constant instead
  FORMAT=ast.Str(s=attr_format),
/home/qianhuiwang/cpython/build-purecap/lib/python3.12/site-packages/chameleon/compiler.py:1817: DeprecationWarning: ast.Str is deprecated and will be removed in Python 3.14; use ast.Constant instead
  KEY=ast.Str(s=native_string(name)),
/home/qianhuiwang/cpython/build-purecap/lib/python3.12/site-packages/chameleon/compiler.py:1777: DeprecationWarning: ast.Str is deprecated and will be removed in Python 3.14; use ast.Constant instead
  INDEX=index, WHITESPACE=ast.Str(s=node.whitespace)
/home/qianhuiwang/cpython/build-purecap/lib/python3.12/site-packages/chameleon/compiler.py:1106: DeprecationWarning: ast.Str is deprecated and will be removed in Python 3.14; use ast.Constant instead
  keys=[ast.Str(s=name) for name in names],
/home/qianhuiwang/cpython/build-purecap/lib/python3.12/site-packages/chameleon/compiler.py:990: DeprecationWarning: ast.Str is deprecated and will be removed in Python 3.14; use ast.Constant instead
  for node in template("append(s)", append=append, s=ast.Str(s=node.s)):
/home/qianhuiwang/cpython/build-purecap/lib/python3.12/site-packages/chameleon/codegen.py:230: DeprecationWarning: ast.Num is deprecated and will be removed in Python 3.14; use ast.Constant instead
  super(TemplateCodeGenerator, self).visit(ast.Num(n=node.pos))
/home/qianhuiwang/cpython/Lib/ast.py:587: DeprecationWarning: Attribute n is deprecated and will be removed in Python 3.14; use value instead
  return Constant(*args, **kwargs)
/home/qianhuiwang/cpython/build-purecap/lib/python3.12/site-packages/chameleon/template.py:17: DeprecationWarning: pkg_resources is deprecated as an API. See https://setuptools.pypa.io/en/latest/pkg_resources.html
  import pkg_resources
/home/qianhuiwang/cpython/build-purecap/lib/python3.12/site-packages/pkg_resources/__init__.py:3147: DeprecationWarning: Deprecated call to `pkg_resources.declare_namespace('sphinxcontrib')`.
Implementing implicit namespace packages (as specified in PEP 420) is preferred to `pkg_resources.declare_namespace`. See https://setuptools.pypa.io/en/latest/references/keywords.html#keyword-namespace-packages
  declare_namespace(pkg)
/home/qianhuiwang/cpython/build-purecap/lib/python3.12/site-packages/chameleon/zpt/program.py:794: DeprecationWarning: ast.Str is deprecated and will be removed in Python 3.14; use ast.Constant instead
  default = ast.Str(s=text) if text is not None else None
/home/qianhuiwang/cpython/Lib/ast.py:587: DeprecationWarning: Attribute s is deprecated and will be removed in Python 3.14; use value instead
  return Constant(*args, **kwargs)
/home/qianhuiwang/cpython/build-purecap/lib/python3.12/site-packages/chameleon/zpt/program.py:826: DeprecationWarning: ast.Str is deprecated and will be removed in Python 3.14; use ast.Constant instead
  value = ast.Str(s=text)
/home/qianhuiwang/cpython/build-purecap/lib/python3.12/site-packages/chameleon/zpt/program.py:848: DeprecationWarning: ast.Str is deprecated and will be removed in Python 3.14; use ast.Constant instead
  if not isinstance(value, ast.Str):
/home/qianhuiwang/cpython/build-purecap/lib/python3.12/site-packages/chameleon/compiler.py:1133: DeprecationWarning: ast.Str is deprecated and will be removed in Python 3.14; use ast.Constant instead
  NAME=name, KEY=ast.Str(s="__" + name)
/home/qianhuiwang/cpython/build-purecap/lib/python3.12/site-packages/chameleon/compiler.py:1472: DeprecationWarning: ast.Str is deprecated and will be removed in Python 3.14; use ast.Constant instead
  NAME=ast.Str(s=node.name),
/home/qianhuiwang/cpython/build-purecap/lib/python3.12/site-packages/chameleon/compiler.py:1484: DeprecationWarning: ast.Str is deprecated and will be removed in Python 3.14; use ast.Constant instead
  if isinstance(node.expression, ast.Str):
/home/qianhuiwang/cpython/build-purecap/lib/python3.12/site-packages/chameleon/compiler.py:1485: DeprecationWarning: Attribute s is deprecated and will be removed in Python 3.14; use value instead
  s = attr_format % node.expression.s
/home/qianhuiwang/cpython/build-purecap/lib/python3.12/site-packages/chameleon/astutil.py:68: DeprecationWarning: ast.Str is deprecated and will be removed in Python 3.14; use ast.Constant instead
  slice=ast.Index(value=ast.Str(s=name)),
/home/qianhuiwang/cpython/build-purecap/lib/python3.12/site-packages/chameleon/compiler.py:1741: DeprecationWarning: ast.Str is deprecated and will be removed in Python 3.14; use ast.Constant instead
  key = ast.Str(s=node.names[0])
/home/qianhuiwang/cpython/build-purecap/lib/python3.12/site-packages/chameleon/compiler.py:108: DeprecationWarning: ast.Str is deprecated and will be removed in Python 3.14; use ast.Constant instead
  return template("getitem(KEY)", KEY=ast.Str(s=name), mode="eval")
/home/qianhuiwang/cpython/build-purecap/lib/python3.12/site-packages/chameleon/compiler.py:1807: DeprecationWarning: ast.Str is deprecated and will be removed in Python 3.14; use ast.Constant instead
  KEY=ast.Str(s=native_string(name)),
/home/qianhuiwang/cpython/build-purecap/lib/python3.12/site-packages/chameleon/tales.py:77: DeprecationWarning: ast.Str is deprecated and will be removed in Python 3.14; use ast.Constant instead
  name=ast.Str(s=node.attr),
/home/qianhuiwang/cpython/build-purecap/lib/python3.12/site-packages/chameleon/compiler.py:591: DeprecationWarning: ast.Str is deprecated and will be removed in Python 3.14; use ast.Constant instead
  QUOTE=ast.Str(s=quote),
/home/qianhuiwang/cpython/build-purecap/lib/python3.12/site-packages/chameleon/compiler.py:592: DeprecationWarning: ast.Str is deprecated and will be removed in Python 3.14; use ast.Constant instead
  Q_ENTITY=ast.Str(s=entity),
/home/qianhuiwang/cpython/build-purecap/lib/python3.12/site-packages/chameleon/compiler.py:1506: DeprecationWarning: ast.Str is deprecated and will be removed in Python 3.14; use ast.Constant instead
  FORMAT=ast.Str(s=attr_format),
/home/qianhuiwang/cpython/build-purecap/lib/python3.12/site-packages/chameleon/compiler.py:1817: DeprecationWarning: ast.Str is deprecated and will be removed in Python 3.14; use ast.Constant instead
  KEY=ast.Str(s=native_string(name)),
/home/qianhuiwang/cpython/build-purecap/lib/python3.12/site-packages/chameleon/compiler.py:1777: DeprecationWarning: ast.Str is deprecated and will be removed in Python 3.14; use ast.Constant instead
  INDEX=index, WHITESPACE=ast.Str(s=node.whitespace)
/home/qianhuiwang/cpython/build-purecap/lib/python3.12/site-packages/chameleon/compiler.py:1106: DeprecationWarning: ast.Str is deprecated and will be removed in Python 3.14; use ast.Constant instead
  keys=[ast.Str(s=name) for name in names],
/home/qianhuiwang/cpython/build-purecap/lib/python3.12/site-packages/chameleon/compiler.py:990: DeprecationWarning: ast.Str is deprecated and will be removed in Python 3.14; use ast.Constant instead
  for node in template("append(s)", append=append, s=ast.Str(s=node.s)):
/home/qianhuiwang/cpython/build-purecap/lib/python3.12/site-packages/chameleon/codegen.py:230: DeprecationWarning: ast.Num is deprecated and will be removed in Python 3.14; use ast.Constant instead
  super(TemplateCodeGenerator, self).visit(ast.Num(n=node.pos))
/home/qianhuiwang/cpython/Lib/ast.py:587: DeprecationWarning: Attribute n is deprecated and will be removed in Python 3.14; use value instead
  return Constant(*args, **kwargs)
Run 1: calibrate the number of loops: 1
- calibrate 1: 1634.7 KiB (loops: 1)
Calibration: 1 warmup, 1 loop
/home/qianhuiwang/cpython/build-purecap/lib/python3.12/site-packages/chameleon/template.py:17: DeprecationWarning: pkg_resources is deprecated as an API. See https://setuptools.pypa.io/en/latest/pkg_resources.html
  import pkg_resources
/home/qianhuiwang/cpython/build-purecap/lib/python3.12/site-packages/pkg_resources/__init__.py:3147: DeprecationWarning: Deprecated call to `pkg_resources.declare_namespace('sphinxcontrib')`.
Implementing implicit namespace packages (as specified in PEP 420) is preferred to `pkg_resources.declare_namespace`. See https://setuptools.pypa.io/en/latest/references/keywords.html#keyword-namespace-packages
  declare_namespace(pkg)
/home/qianhuiwang/cpython/build-purecap/lib/python3.12/site-packages/chameleon/zpt/program.py:794: DeprecationWarning: ast.Str is deprecated and will be removed in Python 3.14; use ast.Constant instead
  default = ast.Str(s=text) if text is not None else None
/home/qianhuiwang/cpython/Lib/ast.py:587: DeprecationWarning: Attribute s is deprecated and will be removed in Python 3.14; use value instead
  return Constant(*args, **kwargs)
/home/qianhuiwang/cpython/build-purecap/lib/python3.12/site-packages/chameleon/zpt/program.py:826: DeprecationWarning: ast.Str is deprecated and will be removed in Python 3.14; use ast.Constant instead
  value = ast.Str(s=text)
/home/qianhuiwang/cpython/build-purecap/lib/python3.12/site-packages/chameleon/zpt/program.py:848: DeprecationWarning: ast.Str is deprecated and will be removed in Python 3.14; use ast.Constant instead
  if not isinstance(value, ast.Str):
/home/qianhuiwang/cpython/build-purecap/lib/python3.12/site-packages/chameleon/compiler.py:1133: DeprecationWarning: ast.Str is deprecated and will be removed in Python 3.14; use ast.Constant instead
  NAME=name, KEY=ast.Str(s="__" + name)
/home/qianhuiwang/cpython/build-purecap/lib/python3.12/site-packages/chameleon/compiler.py:1472: DeprecationWarning: ast.Str is deprecated and will be removed in Python 3.14; use ast.Constant instead
  NAME=ast.Str(s=node.name),
/home/qianhuiwang/cpython/build-purecap/lib/python3.12/site-packages/chameleon/compiler.py:1484: DeprecationWarning: ast.Str is deprecated and will be removed in Python 3.14; use ast.Constant instead
  if isinstance(node.expression, ast.Str):
/home/qianhuiwang/cpython/build-purecap/lib/python3.12/site-packages/chameleon/compiler.py:1485: DeprecationWarning: Attribute s is deprecated and will be removed in Python 3.14; use value instead
  s = attr_format % node.expression.s
/home/qianhuiwang/cpython/build-purecap/lib/python3.12/site-packages/chameleon/astutil.py:68: DeprecationWarning: ast.Str is deprecated and will be removed in Python 3.14; use ast.Constant instead
  slice=ast.Index(value=ast.Str(s=name)),
/home/qianhuiwang/cpython/build-purecap/lib/python3.12/site-packages/chameleon/compiler.py:1741: DeprecationWarning: ast.Str is deprecated and will be removed in Python 3.14; use ast.Constant instead
  key = ast.Str(s=node.names[0])
/home/qianhuiwang/cpython/build-purecap/lib/python3.12/site-packages/chameleon/compiler.py:108: DeprecationWarning: ast.Str is deprecated and will be removed in Python 3.14; use ast.Constant instead
  return template("getitem(KEY)", KEY=ast.Str(s=name), mode="eval")
/home/qianhuiwang/cpython/build-purecap/lib/python3.12/site-packages/chameleon/compiler.py:1807: DeprecationWarning: ast.Str is deprecated and will be removed in Python 3.14; use ast.Constant instead
  KEY=ast.Str(s=native_string(name)),
/home/qianhuiwang/cpython/build-purecap/lib/python3.12/site-packages/chameleon/tales.py:77: DeprecationWarning: ast.Str is deprecated and will be removed in Python 3.14; use ast.Constant instead
  name=ast.Str(s=node.attr),
/home/qianhuiwang/cpython/build-purecap/lib/python3.12/site-packages/chameleon/compiler.py:591: DeprecationWarning: ast.Str is deprecated and will be removed in Python 3.14; use ast.Constant instead
  QUOTE=ast.Str(s=quote),
/home/qianhuiwang/cpython/build-purecap/lib/python3.12/site-packages/chameleon/compiler.py:592: DeprecationWarning: ast.Str is deprecated and will be removed in Python 3.14; use ast.Constant instead
  Q_ENTITY=ast.Str(s=entity),
/home/qianhuiwang/cpython/build-purecap/lib/python3.12/site-packages/chameleon/compiler.py:1506: DeprecationWarning: ast.Str is deprecated and will be removed in Python 3.14; use ast.Constant instead
  FORMAT=ast.Str(s=attr_format),
/home/qianhuiwang/cpython/build-purecap/lib/python3.12/site-packages/chameleon/compiler.py:1817: DeprecationWarning: ast.Str is deprecated and will be removed in Python 3.14; use ast.Constant instead
  KEY=ast.Str(s=native_string(name)),
/home/qianhuiwang/cpython/build-purecap/lib/python3.12/site-packages/chameleon/compiler.py:1777: DeprecationWarning: ast.Str is deprecated and will be removed in Python 3.14; use ast.Constant instead
  INDEX=index, WHITESPACE=ast.Str(s=node.whitespace)
/home/qianhuiwang/cpython/build-purecap/lib/python3.12/site-packages/chameleon/compiler.py:1106: DeprecationWarning: ast.Str is deprecated and will be removed in Python 3.14; use ast.Constant instead
  keys=[ast.Str(s=name) for name in names],
/home/qianhuiwang/cpython/build-purecap/lib/python3.12/site-packages/chameleon/compiler.py:990: DeprecationWarning: ast.Str is deprecated and will be removed in Python 3.14; use ast.Constant instead
  for node in template("append(s)", append=append, s=ast.Str(s=node.s)):
/home/qianhuiwang/cpython/build-purecap/lib/python3.12/site-packages/chameleon/codegen.py:230: DeprecationWarning: ast.Num is deprecated and will be removed in Python 3.14; use ast.Constant instead
  super(TemplateCodeGenerator, self).visit(ast.Num(n=node.pos))
/home/qianhuiwang/cpython/Lib/ast.py:587: DeprecationWarning: Attribute n is deprecated and will be removed in Python 3.14; use value instead
  return Constant(*args, **kwargs)
Run 2: 0 warmups, 1 value, 1 loop
- value 1: 1634.7 KiB
/home/qianhuiwang/cpython/build-purecap/lib/python3.12/site-packages/chameleon/template.py:17: DeprecationWarning: pkg_resources is deprecated as an API. See https://setuptools.pypa.io/en/latest/pkg_resources.html
  import pkg_resources
/home/qianhuiwang/cpython/build-purecap/lib/python3.12/site-packages/pkg_resources/__init__.py:3147: DeprecationWarning: Deprecated call to `pkg_resources.declare_namespace('sphinxcontrib')`.
Implementing implicit namespace packages (as specified in PEP 420) is preferred to `pkg_resources.declare_namespace`. See https://setuptools.pypa.io/en/latest/references/keywords.html#keyword-namespace-packages
  declare_namespace(pkg)
/home/qianhuiwang/cpython/build-purecap/lib/python3.12/site-packages/chameleon/zpt/program.py:794: DeprecationWarning: ast.Str is deprecated and will be removed in Python 3.14; use ast.Constant instead
  default = ast.Str(s=text) if text is not None else None
/home/qianhuiwang/cpython/Lib/ast.py:587: DeprecationWarning: Attribute s is deprecated and will be removed in Python 3.14; use value instead
  return Constant(*args, **kwargs)
/home/qianhuiwang/cpython/build-purecap/lib/python3.12/site-packages/chameleon/zpt/program.py:826: DeprecationWarning: ast.Str is deprecated and will be removed in Python 3.14; use ast.Constant instead
  value = ast.Str(s=text)
/home/qianhuiwang/cpython/build-purecap/lib/python3.12/site-packages/chameleon/zpt/program.py:848: DeprecationWarning: ast.Str is deprecated and will be removed in Python 3.14; use ast.Constant instead
  if not isinstance(value, ast.Str):
/home/qianhuiwang/cpython/build-purecap/lib/python3.12/site-packages/chameleon/compiler.py:1133: DeprecationWarning: ast.Str is deprecated and will be removed in Python 3.14; use ast.Constant instead
  NAME=name, KEY=ast.Str(s="__" + name)
/home/qianhuiwang/cpython/build-purecap/lib/python3.12/site-packages/chameleon/compiler.py:1472: DeprecationWarning: ast.Str is deprecated and will be removed in Python 3.14; use ast.Constant instead
  NAME=ast.Str(s=node.name),
/home/qianhuiwang/cpython/build-purecap/lib/python3.12/site-packages/chameleon/compiler.py:1484: DeprecationWarning: ast.Str is deprecated and will be removed in Python 3.14; use ast.Constant instead
  if isinstance(node.expression, ast.Str):
/home/qianhuiwang/cpython/build-purecap/lib/python3.12/site-packages/chameleon/compiler.py:1485: DeprecationWarning: Attribute s is deprecated and will be removed in Python 3.14; use value instead
  s = attr_format % node.expression.s
/home/qianhuiwang/cpython/build-purecap/lib/python3.12/site-packages/chameleon/astutil.py:68: DeprecationWarning: ast.Str is deprecated and will be removed in Python 3.14; use ast.Constant instead
  slice=ast.Index(value=ast.Str(s=name)),
/home/qianhuiwang/cpython/build-purecap/lib/python3.12/site-packages/chameleon/compiler.py:1741: DeprecationWarning: ast.Str is deprecated and will be removed in Python 3.14; use ast.Constant instead
  key = ast.Str(s=node.names[0])
/home/qianhuiwang/cpython/build-purecap/lib/python3.12/site-packages/chameleon/compiler.py:108: DeprecationWarning: ast.Str is deprecated and will be removed in Python 3.14; use ast.Constant instead
  return template("getitem(KEY)", KEY=ast.Str(s=name), mode="eval")
/home/qianhuiwang/cpython/build-purecap/lib/python3.12/site-packages/chameleon/compiler.py:1807: DeprecationWarning: ast.Str is deprecated and will be removed in Python 3.14; use ast.Constant instead
  KEY=ast.Str(s=native_string(name)),
/home/qianhuiwang/cpython/build-purecap/lib/python3.12/site-packages/chameleon/tales.py:77: DeprecationWarning: ast.Str is deprecated and will be removed in Python 3.14; use ast.Constant instead
  name=ast.Str(s=node.attr),
/home/qianhuiwang/cpython/build-purecap/lib/python3.12/site-packages/chameleon/compiler.py:591: DeprecationWarning: ast.Str is deprecated and will be removed in Python 3.14; use ast.Constant instead
  QUOTE=ast.Str(s=quote),
/home/qianhuiwang/cpython/build-purecap/lib/python3.12/site-packages/chameleon/compiler.py:592: DeprecationWarning: ast.Str is deprecated and will be removed in Python 3.14; use ast.Constant instead
  Q_ENTITY=ast.Str(s=entity),
/home/qianhuiwang/cpython/build-purecap/lib/python3.12/site-packages/chameleon/compiler.py:1506: DeprecationWarning: ast.Str is deprecated and will be removed in Python 3.14; use ast.Constant instead
  FORMAT=ast.Str(s=attr_format),
/home/qianhuiwang/cpython/build-purecap/lib/python3.12/site-packages/chameleon/compiler.py:1817: DeprecationWarning: ast.Str is deprecated and will be removed in Python 3.14; use ast.Constant instead
  KEY=ast.Str(s=native_string(name)),
/home/qianhuiwang/cpython/build-purecap/lib/python3.12/site-packages/chameleon/compiler.py:1777: DeprecationWarning: ast.Str is deprecated and will be removed in Python 3.14; use ast.Constant instead
  INDEX=index, WHITESPACE=ast.Str(s=node.whitespace)
/home/qianhuiwang/cpython/build-purecap/lib/python3.12/site-packages/chameleon/compiler.py:1106: DeprecationWarning: ast.Str is deprecated and will be removed in Python 3.14; use ast.Constant instead
  keys=[ast.Str(s=name) for name in names],
/home/qianhuiwang/cpython/build-purecap/lib/python3.12/site-packages/chameleon/compiler.py:990: DeprecationWarning: ast.Str is deprecated and will be removed in Python 3.14; use ast.Constant instead
  for node in template("append(s)", append=append, s=ast.Str(s=node.s)):
/home/qianhuiwang/cpython/build-purecap/lib/python3.12/site-packages/chameleon/codegen.py:230: DeprecationWarning: ast.Num is deprecated and will be removed in Python 3.14; use ast.Constant instead
  super(TemplateCodeGenerator, self).visit(ast.Num(n=node.pos))
/home/qianhuiwang/cpython/Lib/ast.py:587: DeprecationWarning: Attribute n is deprecated and will be removed in Python 3.14; use value instead
  return Constant(*args, **kwargs)
Run 3: 0 warmups, 1 value, 1 loop
- value 1: 1634.7 KiB

chameleon: Mean +- std dev: 1634.7 KiB +- 0 bytes
[22/83] chaos...
# /home/qianhuiwang/cpython/build-purecap/python -u /home/qianhuiwang/cpython/build-purecap/lib/python3.12/site-packages/pyperformance/data-files/benchmarks/bm_chaos/run_benchmark.py --verbose --tracemalloc --values=3 --process=2 --output /tmp/tmp6ct7qf56 --inherit-environ PYPERFORMANCE_RUNID
Run 1: calibrate the number of loops: 1
- calibrate 1: 1060.5 KiB (loops: 1)
Calibration: 1 warmup, 1 loop
Run 2: 0 warmups, 1 value, 1 loop
- value 1: 1060.6 KiB
Run 3: 0 warmups, 1 value, 1 loop
- value 1: 1060.6 KiB

chaos: Mean +- std dev: 1060.6 KiB +- 0 bytes
[23/83] comprehensions...
# /home/qianhuiwang/cpython/build-purecap/python -u /home/qianhuiwang/cpython/build-purecap/lib/python3.12/site-packages/pyperformance/data-files/benchmarks/bm_comprehensions/run_benchmark.py --verbose --tracemalloc --values=3 --process=2 --output /tmp/tmpjimcptq3 --inherit-environ PYPERFORMANCE_RUNID
Run 1: calibrate the number of loops: 256
- calibrate 1: 436.1 KiB (loops: 256)
Calibration: 1 warmup, 256 loops
Run 2: 0 warmups, 1 value, 256 loops
- value 1: 434.3 KiB
Run 3: 0 warmups, 1 value, 256 loops
- value 1: 434.4 KiB

comprehensions: Mean +- std dev: 434.4 KiB +- 49 bytes
[24/83] concurrent_imap...
# /home/qianhuiwang/cpython/build-purecap/python -u /home/qianhuiwang/cpython/build-purecap/lib/python3.12/site-packages/pyperformance/data-files/benchmarks/bm_concurrent_imap/run_benchmark.py --verbose --tracemalloc --values=3 --process=2 --output /tmp/tmpvyiwe5br --inherit-environ PYPERFORMANCE_RUNID
Run 1: calibrate the number of loops: 2
- calibrate 1: 641.7 KiB (loops: 2)
Calibration: 1 warmup, 2 loops
Run 2: 0 warmups, 1 value, 2 loops
- value 1: 641.4 KiB
Run 3: 0 warmups, 1 value, 2 loops
- value 1: 640.7 KiB

bench_mp_pool: Mean +- std dev: 641.1 KiB +- 506 bytes

Run 1: calibrate the number of loops: 8
- calibrate 1: 731.2 KiB (loops: 8)
Calibration: 1 warmup, 8 loops
Run 2: 0 warmups, 1 value, 8 loops
- value 1: 731.4 KiB
Run 3: 0 warmups, 1 value, 8 loops
- value 1: 731.4 KiB

bench_thread_pool: Mean +- std dev: 731.4 KiB +- 0 bytes
[25/83] coroutines...
# /home/qianhuiwang/cpython/build-purecap/python -u /home/qianhuiwang/cpython/build-purecap/lib/python3.12/site-packages/pyperformance/data-files/benchmarks/bm_coroutines/run_benchmark.py --verbose --tracemalloc --values=3 --process=2 --output /tmp/tmp9mt8mom4 --inherit-environ PYPERFORMANCE_RUNID
Run 1: calibrate the number of loops: 1
- calibrate 1: 431.0 KiB (loops: 1)
Calibration: 1 warmup, 1 loop
Run 2: 0 warmups, 1 value, 1 loop
- value 1: 430.8 KiB
Run 3: 0 warmups, 1 value, 1 loop
- value 1: 430.8 KiB

coroutines: Mean +- std dev: 430.8 KiB +- 0 bytes
[26/83] coverage...
# /home/qianhuiwang/cpython/build-purecap/python -u /home/qianhuiwang/cpython/build-purecap/lib/python3.12/site-packages/pyperformance/data-files/benchmarks/bm_coverage/run_benchmark.py --verbose --tracemalloc --values=3 --process=2 --output /tmp/tmp50w12yae --inherit-environ PYPERFORMANCE_RUNID
Run 1: calibrate the number of loops: 1
- calibrate 1: 1048.9 KiB (loops: 1)
Calibration: 1 warmup, 1 loop
Run 2: 0 warmups, 1 value, 1 loop
- value 1: 1049.4 KiB
Run 3: 0 warmups, 1 value, 1 loop
- value 1: 1049.5 KiB

coverage: Mean +- std dev: 1049.5 KiB +- 95 bytes
[27/83] crypto_pyaes...
# /home/qianhuiwang/cpython/build-purecap/python -u /home/qianhuiwang/cpython/build-purecap/lib/python3.12/site-packages/pyperformance/data-files/benchmarks/bm_crypto_pyaes/run_benchmark.py --verbose --tracemalloc --values=3 --process=2 --output /tmp/tmp54d5epye --inherit-environ PYPERFORMANCE_RUNID
Run 1: calibrate the number of loops: 1
- calibrate 1: 787.1 KiB (loops: 1)
Calibration: 1 warmup, 1 loop
Run 2: 0 warmups, 1 value, 1 loop
- value 1: 787.1 KiB
Run 3: 0 warmups, 1 value, 1 loop
- value 1: 787.1 KiB

crypto_pyaes: Mean +- std dev: 787.1 KiB +- 0 bytes
[28/83] deepcopy...
# /home/qianhuiwang/cpython/build-purecap/python -u /home/qianhuiwang/cpython/build-purecap/lib/python3.12/site-packages/pyperformance/data-files/benchmarks/bm_deepcopy/run_benchmark.py --verbose --tracemalloc --values=3 --process=2 --output /tmp/tmpd1hwf3i4 --inherit-environ PYPERFORMANCE_RUNID
Run 1: calibrate the number of loops: 16
- calibrate 1: 602.1 KiB (loops: 16)
Calibration: 1 warmup, 16 loops
Run 2: 0 warmups, 1 value, 16 loops
- value 1: 593.9 KiB
Run 3: 0 warmups, 1 value, 16 loops
- value 1: 593.9 KiB

deepcopy: Mean +- std dev: 593.9 KiB +- 49 bytes

Run 1: calibrate the number of loops: 1024
- calibrate 1: 509.4 KiB (loops: 1024)
Calibration: 1 warmup, 1024 loops
Run 2: 0 warmups, 1 value, 1024 loops
- value 1: 453.1 KiB
Run 3: 0 warmups, 1 value, 1024 loops
- value 1: 453.1 KiB

deepcopy_reduce: Mean +- std dev: 453.1 KiB +- 0 bytes

Run 1: calibrate the number of loops: 128
- calibrate 1: 432.5 KiB (loops: 128)
Calibration: 1 warmup, 128 loops
Run 2: 0 warmups, 1 value, 128 loops
- value 1: 431.1 KiB
Run 3: 0 warmups, 1 value, 128 loops
- value 1: 431.1 KiB

deepcopy_memo: Mean +- std dev: 431.1 KiB +- 0 bytes
[29/83] deltablue...
# /home/qianhuiwang/cpython/build-purecap/python -u /home/qianhuiwang/cpython/build-purecap/lib/python3.12/site-packages/pyperformance/data-files/benchmarks/bm_deltablue/run_benchmark.py --verbose --tracemalloc --values=3 --process=2 --output /tmp/tmpd9_b6pv5 --inherit-environ PYPERFORMANCE_RUNID
Run 1: calibrate the number of loops: 2
- calibrate 1: 1324.6 KiB (loops: 2)
Calibration: 1 warmup, 2 loops
Run 2: 0 warmups, 1 value, 2 loops
- value 1: 1173.6 KiB
Run 3: 0 warmups, 1 value, 2 loops
- value 1: 1173.6 KiB

deltablue: Mean +- std dev: 1173.6 KiB +- 0 bytes
[30/83] django_template...
# /home/qianhuiwang/cpython/build-purecap/python -u /home/qianhuiwang/cpython/build-purecap/lib/python3.12/site-packages/pyperformance/data-files/benchmarks/bm_django_template/run_benchmark.py --verbose --tracemalloc --values=3 --process=2 --output /tmp/tmp2vtrs5gn --inherit-environ PYPERFORMANCE_RUNID
Run 1: calibrate the number of loops: 1
- calibrate 1: 419.1 KiB (loops: 1)
Calibration: 1 warmup, 1 loop
Run 2: 0 warmups, 1 value, 1 loop
- value 1: 418.8 KiB
Run 3: 0 warmups, 1 value, 1 loop
- value 1: 418.8 KiB

django_template: Mean +- std dev: 418.8 KiB +- 1 bytes
[31/83] dulwich_log...
# /home/qianhuiwang/cpython/build-purecap/python -u /home/qianhuiwang/cpython/build-purecap/lib/python3.12/site-packages/pyperformance/data-files/benchmarks/bm_dulwich_log/run_benchmark.py --verbose --tracemalloc --values=3 --process=2 --output /tmp/tmp94g4_kil --inherit-environ PYPERFORMANCE_RUNID
Run 1: calibrate the number of loops: 1
- calibrate 1: 4006.3 KiB (loops: 1)
Calibration: 1 warmup, 1 loop
Run 2: 0 warmups, 1 value, 1 loop
- value 1: 4005.9 KiB
Run 3: 0 warmups, 1 value, 1 loop
- value 1: 4006.0 KiB

dulwich_log: Mean +- std dev: 4006.0 KiB +- 54 bytes
[32/83] fannkuch...
# /home/qianhuiwang/cpython/build-purecap/python -u /home/qianhuiwang/cpython/build-purecap/lib/python3.12/site-packages/pyperformance/data-files/benchmarks/bm_fannkuch/run_benchmark.py --verbose --tracemalloc --values=3 --process=2 --output /tmp/tmpg8gk9szx --inherit-environ PYPERFORMANCE_RUNID
Run 1: calibrate the number of loops: 1
- calibrate 1: 432.3 KiB (loops: 1)
Calibration: 1 warmup, 1 loop
Run 2: 0 warmups, 1 value, 1 loop
- value 1: 432.1 KiB
Run 3: 0 warmups, 1 value, 1 loop
- value 1: 432.1 KiB

fannkuch: Mean +- std dev: 432.1 KiB +- 0 bytes
[33/83] float...
# /home/qianhuiwang/cpython/build-purecap/python -u /home/qianhuiwang/cpython/build-purecap/lib/python3.12/site-packages/pyperformance/data-files/benchmarks/bm_float/run_benchmark.py --verbose --tracemalloc --values=3 --process=2 --output /tmp/tmpya_ktc85 --inherit-environ PYPERFORMANCE_RUNID
Run 1: calibrate the number of loops: 1
- calibrate 1: 27.5 MiB (loops: 1)
Calibration: 1 warmup, 1 loop
Run 2: 0 warmups, 1 value, 1 loop
- value 1: 27.5 MiB
Run 3: 0 warmups, 1 value, 1 loop
- value 1: 27.5 MiB

float: Mean +- std dev: 27.5 MiB +- 0 bytes
[34/83] gc_collect...
# /home/qianhuiwang/cpython/build-purecap/python -u /home/qianhuiwang/cpython/build-purecap/lib/python3.12/site-packages/pyperformance/data-files/benchmarks/bm_gc_collect/run_benchmark.py --verbose --tracemalloc --values=3 --process=2 --output /tmp/tmpvcuvw97e --inherit-environ PYPERFORMANCE_RUNID
Run 1: calibrate the number of loops: 4
- calibrate 1: 444.9 KiB (loops: 4)
Calibration: 1 warmup, 4 loops
Run 2: 0 warmups, 1 value, 4 loops
- value 1: 444.1 KiB
Run 3: 0 warmups, 1 value, 4 loops
- value 1: 444.2 KiB

create_gc_cycles: Mean +- std dev: 444.2 KiB +- 49 bytes
[35/83] gc_traversal...
# /home/qianhuiwang/cpython/build-purecap/python -u /home/qianhuiwang/cpython/build-purecap/lib/python3.12/site-packages/pyperformance/data-files/benchmarks/bm_gc_traversal/run_benchmark.py --verbose --tracemalloc --values=3 --process=2 --output /tmp/tmpe2hghoni --inherit-environ PYPERFORMANCE_RUNID
Run 1: calibrate the number of loops: 4
- calibrate 1: 7918.2 KiB (loops: 4)
Calibration: 1 warmup, 4 loops
Run 2: 0 warmups, 1 value, 4 loops
- value 1: 7917.7 KiB
Run 3: 0 warmups, 1 value, 4 loops
- value 1: 7917.7 KiB

gc_traversal: Mean +- std dev: 7917.7 KiB +- 0 bytes
[36/83] generators...
# /home/qianhuiwang/cpython/build-purecap/python -u /home/qianhuiwang/cpython/build-purecap/lib/python3.12/site-packages/pyperformance/data-files/benchmarks/bm_generators/run_benchmark.py --verbose --tracemalloc --values=3 --process=2 --output /tmp/tmpheyreb71 --inherit-environ PYPERFORMANCE_RUNID
Run 1: calibrate the number of loops: 1
- calibrate 1: 22.9 MiB (loops: 1)
Calibration: 1 warmup, 1 loop
Run 2: 0 warmups, 1 value, 1 loop
- value 1: 22.9 MiB
Run 3: 0 warmups, 1 value, 1 loop
- value 1: 22.9 MiB

generators: Mean +- std dev: 22.9 MiB +- 0 bytes
[37/83] genshi...
# /home/qianhuiwang/cpython/build-purecap/python -u /home/qianhuiwang/cpython/build-purecap/lib/python3.12/site-packages/pyperformance/data-files/benchmarks/bm_genshi/run_benchmark.py --verbose --tracemalloc --values=3 --process=2 --output /tmp/tmpithgazn9 --inherit-environ PYPERFORMANCE_RUNID
/home/qianhuiwang/cpython/build-purecap/lib/python3.12/site-packages/genshi/compat.py:141: DeprecationWarning: ast.Ellipsis is deprecated and will be removed in Python 3.14; use ast.Constant instead
  _ast_Ellipsis = ast.Ellipsis
/home/qianhuiwang/cpython/build-purecap/lib/python3.12/site-packages/genshi/compat.py:142: DeprecationWarning: ast.Str is deprecated and will be removed in Python 3.14; use ast.Constant instead
  _ast_Str = ast.Str
/home/qianhuiwang/cpython/build-purecap/lib/python3.12/site-packages/genshi/compat.py:141: DeprecationWarning: ast.Ellipsis is deprecated and will be removed in Python 3.14; use ast.Constant instead
  _ast_Ellipsis = ast.Ellipsis
/home/qianhuiwang/cpython/build-purecap/lib/python3.12/site-packages/genshi/compat.py:142: DeprecationWarning: ast.Str is deprecated and will be removed in Python 3.14; use ast.Constant instead
  _ast_Str = ast.Str
/home/qianhuiwang/cpython/build-purecap/lib/python3.12/site-packages/genshi/template/eval.py:459: DeprecationWarning: ast.Str is deprecated and will be removed in Python 3.14; use ast.Constant instead
  ret = class_()
Run 1: calibrate the number of loops: 1
- calibrate 1: 2576.2 KiB (loops: 1)
Calibration: 1 warmup, 1 loop
/home/qianhuiwang/cpython/build-purecap/lib/python3.12/site-packages/genshi/compat.py:141: DeprecationWarning: ast.Ellipsis is deprecated and will be removed in Python 3.14; use ast.Constant instead
  _ast_Ellipsis = ast.Ellipsis
/home/qianhuiwang/cpython/build-purecap/lib/python3.12/site-packages/genshi/compat.py:142: DeprecationWarning: ast.Str is deprecated and will be removed in Python 3.14; use ast.Constant instead
  _ast_Str = ast.Str
/home/qianhuiwang/cpython/build-purecap/lib/python3.12/site-packages/genshi/template/eval.py:459: DeprecationWarning: ast.Str is deprecated and will be removed in Python 3.14; use ast.Constant instead
  ret = class_()
Run 2: 0 warmups, 1 value, 1 loop
- value 1: 2575.8 KiB
/home/qianhuiwang/cpython/build-purecap/lib/python3.12/site-packages/genshi/compat.py:141: DeprecationWarning: ast.Ellipsis is deprecated and will be removed in Python 3.14; use ast.Constant instead
  _ast_Ellipsis = ast.Ellipsis
/home/qianhuiwang/cpython/build-purecap/lib/python3.12/site-packages/genshi/compat.py:142: DeprecationWarning: ast.Str is deprecated and will be removed in Python 3.14; use ast.Constant instead
  _ast_Str = ast.Str
/home/qianhuiwang/cpython/build-purecap/lib/python3.12/site-packages/genshi/template/eval.py:459: DeprecationWarning: ast.Str is deprecated and will be removed in Python 3.14; use ast.Constant instead
  ret = class_()
Run 3: 0 warmups, 1 value, 1 loop
- value 1: 2575.8 KiB

genshi_text: Mean +- std dev: 2575.8 KiB +- 49 bytes

/home/qianhuiwang/cpython/build-purecap/lib/python3.12/site-packages/genshi/compat.py:141: DeprecationWarning: ast.Ellipsis is deprecated and will be removed in Python 3.14; use ast.Constant instead
  _ast_Ellipsis = ast.Ellipsis
/home/qianhuiwang/cpython/build-purecap/lib/python3.12/site-packages/genshi/compat.py:142: DeprecationWarning: ast.Str is deprecated and will be removed in Python 3.14; use ast.Constant instead
  _ast_Str = ast.Str
/home/qianhuiwang/cpython/build-purecap/lib/python3.12/site-packages/genshi/template/eval.py:459: DeprecationWarning: ast.Str is deprecated and will be removed in Python 3.14; use ast.Constant instead
  ret = class_()
Run 1: calibrate the number of loops: 1
- calibrate 1: 4631.2 KiB (loops: 1)
Calibration: 1 warmup, 1 loop
/home/qianhuiwang/cpython/build-purecap/lib/python3.12/site-packages/genshi/compat.py:141: DeprecationWarning: ast.Ellipsis is deprecated and will be removed in Python 3.14; use ast.Constant instead
  _ast_Ellipsis = ast.Ellipsis
/home/qianhuiwang/cpython/build-purecap/lib/python3.12/site-packages/genshi/compat.py:142: DeprecationWarning: ast.Str is deprecated and will be removed in Python 3.14; use ast.Constant instead
  _ast_Str = ast.Str
/home/qianhuiwang/cpython/build-purecap/lib/python3.12/site-packages/genshi/template/eval.py:459: DeprecationWarning: ast.Str is deprecated and will be removed in Python 3.14; use ast.Constant instead
  ret = class_()
Run 2: 0 warmups, 1 value, 1 loop
- value 1: 4631.1 KiB
/home/qianhuiwang/cpython/build-purecap/lib/python3.12/site-packages/genshi/compat.py:141: DeprecationWarning: ast.Ellipsis is deprecated and will be removed in Python 3.14; use ast.Constant instead
  _ast_Ellipsis = ast.Ellipsis
/home/qianhuiwang/cpython/build-purecap/lib/python3.12/site-packages/genshi/compat.py:142: DeprecationWarning: ast.Str is deprecated and will be removed in Python 3.14; use ast.Constant instead
  _ast_Str = ast.Str
/home/qianhuiwang/cpython/build-purecap/lib/python3.12/site-packages/genshi/template/eval.py:459: DeprecationWarning: ast.Str is deprecated and will be removed in Python 3.14; use ast.Constant instead
  ret = class_()
Run 3: 0 warmups, 1 value, 1 loop
- value 1: 4631.8 KiB

genshi_xml: Mean +- std dev: 4631.4 KiB +- 489 bytes
[38/83] go...
# /home/qianhuiwang/cpython/build-purecap/python -u /home/qianhuiwang/cpython/build-purecap/lib/python3.12/site-packages/pyperformance/data-files/benchmarks/bm_go/run_benchmark.py --verbose --tracemalloc --values=3 --process=2 --output /tmp/tmpj5n8efu5 --inherit-environ PYPERFORMANCE_RUNID
Run 1: calibrate the number of loops: 1
- calibrate 1: 2827.3 KiB (loops: 1)
Calibration: 1 warmup, 1 loop
Run 2: 0 warmups, 1 value, 1 loop
- value 1: 2827.4 KiB
Run 3: 0 warmups, 1 value, 1 loop
- value 1: 2827.4 KiB

go: Mean +- std dev: 2827.4 KiB +- 0 bytes
[39/83] hexiom...
# /home/qianhuiwang/cpython/build-purecap/python -u /home/qianhuiwang/cpython/build-purecap/lib/python3.12/site-packages/pyperformance/data-files/benchmarks/bm_hexiom/run_benchmark.py --verbose --tracemalloc --values=3 --process=2 --output /tmp/tmpi4mhglw7 --inherit-environ PYPERFORMANCE_RUNID
Run 1: calibrate the number of loops: 1
- calibrate 1: 439.9 KiB (loops: 1)
Calibration: 1 warmup, 1 loop
Run 2: 0 warmups, 1 value, 1 loop
- value 1: 439.5 KiB
Run 3: 0 warmups, 1 value, 1 loop
- value 1: 439.5 KiB

hexiom: Mean +- std dev: 439.5 KiB +- 0 bytes
[40/83] html5lib...
# /home/qianhuiwang/cpython/build-purecap/python -u /home/qianhuiwang/cpython/build-purecap/lib/python3.12/site-packages/pyperformance/data-files/benchmarks/bm_html5lib/run_benchmark.py --verbose --tracemalloc --values=3 --process=2 --output /tmp/tmpbkqn75kh --inherit-environ PYPERFORMANCE_RUNID
Run 1: calibrate the number of loops: 1
- calibrate 1: 13.8 MiB (loops: 1)
Calibration: 1 warmup, 1 loop
Run 2: 0 warmups, 1 value, 1 loop
- value 1: 13.8 MiB
Run 3: 0 warmups, 1 value, 1 loop
- value 1: 13.8 MiB

html5lib: Mean +- std dev: 13.8 MiB +- 0 bytes
[41/83] json_dumps...
# /home/qianhuiwang/cpython/build-purecap/python -u /home/qianhuiwang/cpython/build-purecap/lib/python3.12/site-packages/pyperformance/data-files/benchmarks/bm_json_dumps/run_benchmark.py --verbose --tracemalloc --values=3 --process=2 --output /tmp/tmpl4_mmwhd --inherit-environ PYPERFORMANCE_RUNID
Run 1: calibrate the number of loops: 1
- calibrate 1: 431.1 KiB (loops: 1)
Calibration: 1 warmup, 1 loop
Run 2: 0 warmups, 1 value, 1 loop
- value 1: 430.9 KiB
Run 3: 0 warmups, 1 value, 1 loop
- value 1: 430.9 KiB

json_dumps: Mean +- std dev: 430.9 KiB +- 49 bytes
[42/83] json_loads...
# /home/qianhuiwang/cpython/build-purecap/python -u /home/qianhuiwang/cpython/build-purecap/lib/python3.12/site-packages/pyperformance/data-files/benchmarks/bm_json_loads/run_benchmark.py --verbose --tracemalloc --values=3 --process=2 --output /tmp/tmpoxfxfk6c --inherit-environ PYPERFORMANCE_RUNID
Run 1: calibrate the number of loops: 8
- calibrate 1: 431.2 KiB (loops: 8)
Calibration: 1 warmup, 8 loops
Run 2: 0 warmups, 1 value, 8 loops
- value 1: 430.2 KiB
Run 3: 0 warmups, 1 value, 8 loops
- value 1: 430.4 KiB

json_loads: Mean +- std dev: 430.3 KiB +- 115 bytes
[43/83] logging...
# /home/qianhuiwang/cpython/build-purecap/python -u /home/qianhuiwang/cpython/build-purecap/lib/python3.12/site-packages/pyperformance/data-files/benchmarks/bm_logging/run_benchmark.py --verbose --tracemalloc --values=3 --process=2 --output /tmp/tmpdcxg3oov --inherit-environ PYPERFORMANCE_RUNID
Run 1: calibrate the number of loops: 128
- calibrate 1: 702.2 KiB (loops: 128)
Calibration: 1 warmup, 128 loops
Run 2: 0 warmups, 1 value, 128 loops
- value 1: 700.7 KiB
Run 3: 0 warmups, 1 value, 128 loops
- value 1: 700.7 KiB

logging_format: Mean +- std dev: 700.7 KiB +- 0 bytes

Run 1: calibrate the number of loops: 8192
- calibrate 1: 434.1 KiB (loops: 8192)
Calibration: 1 warmup, 8192 loops
Run 2: 0 warmups, 1 value, 8192 loops
- value 1: 431.2 KiB
Run 3: 0 warmups, 1 value, 8192 loops
- value 1: 431.2 KiB

logging_silent: Mean +- std dev: 431.2 KiB +- 0 bytes

Run 1: calibrate the number of loops: 128
- calibrate 1: 637.7 KiB (loops: 128)
Calibration: 1 warmup, 128 loops
Run 2: 0 warmups, 1 value, 128 loops
- value 1: 636.2 KiB
Run 3: 0 warmups, 1 value, 128 loops
- value 1: 636.2 KiB

logging_simple: Mean +- std dev: 636.2 KiB +- 0 bytes
[44/83] mako...
# /home/qianhuiwang/cpython/build-purecap/python -u /home/qianhuiwang/cpython/build-purecap/lib/python3.12/site-packages/pyperformance/data-files/benchmarks/bm_mako/run_benchmark.py --verbose --tracemalloc --values=3 --process=2 --output /tmp/tmpqj4ovm7f --inherit-environ PYPERFORMANCE_RUNID
Run 1: calibrate the number of loops: 1
- calibrate 1: 8525.7 KiB (loops: 1)
Calibration: 1 warmup, 1 loop
Run 2: 0 warmups, 1 value, 1 loop
- value 1: 8525.6 KiB
Run 3: 0 warmups, 1 value, 1 loop
- value 1: 8525.6 KiB

mako: Mean +- std dev: 8525.6 KiB +- 0 bytes
[45/83] mdp...
# /home/qianhuiwang/cpython/build-purecap/python -u /home/qianhuiwang/cpython/build-purecap/lib/python3.12/site-packages/pyperformance/data-files/benchmarks/bm_mdp/run_benchmark.py --verbose --tracemalloc --values=3 --process=2 --output /tmp/tmpwp8zbgce --inherit-environ PYPERFORMANCE_RUNID
Run 1: calibrate the number of loops: 1
- calibrate 1: 13.5 MiB (loops: 1)
Calibration: 1 warmup, 1 loop
Run 2: 0 warmups, 1 value, 1 loop
- value 1: 13.5 MiB
Run 3: 0 warmups, 1 value, 1 loop
- value 1: 13.5 MiB

mdp: Mean +- std dev: 13.5 MiB +- 0 bytes
[46/83] meteor_contest...
# /home/qianhuiwang/cpython/build-purecap/python -u /home/qianhuiwang/cpython/build-purecap/lib/python3.12/site-packages/pyperformance/data-files/benchmarks/bm_meteor_contest/run_benchmark.py --verbose --tracemalloc --values=3 --process=2 --output /tmp/tmpa8rmxi22 --inherit-environ PYPERFORMANCE_RUNID
Run 1: calibrate the number of loops: 1
- calibrate 1: 433.2 KiB (loops: 1)
Calibration: 1 warmup, 1 loop
Run 2: 0 warmups, 1 value, 1 loop
- value 1: 432.9 KiB
Run 3: 0 warmups, 1 value, 1 loop
- value 1: 432.9 KiB

meteor_contest: Mean +- std dev: 432.9 KiB +- 0 bytes
[47/83] nbody...
# /home/qianhuiwang/cpython/build-purecap/python -u /home/qianhuiwang/cpython/build-purecap/lib/python3.12/site-packages/pyperformance/data-files/benchmarks/bm_nbody/run_benchmark.py --verbose --tracemalloc --values=3 --process=2 --output /tmp/tmp66mjwpz7 --inherit-environ PYPERFORMANCE_RUNID
Run 1: calibrate the number of loops: 1
- calibrate 1: 432.2 KiB (loops: 1)
Calibration: 1 warmup, 1 loop
Run 2: 0 warmups, 1 value, 1 loop
- value 1: 431.9 KiB
Run 3: 0 warmups, 1 value, 1 loop
- value 1: 431.8 KiB

nbody: Mean +- std dev: 431.8 KiB +- 98 bytes
[48/83] networkx...
# /home/qianhuiwang/cpython/build-purecap/python -u /home/qianhuiwang/cpython/build-purecap/lib/python3.12/site-packages/pyperformance/data-files/benchmarks/bm_networkx/run_benchmark.py shortest_path --verbose --tracemalloc --values=3 --process=2 --output /tmp/tmpfu_p3fle --inherit-environ PYPERFORMANCE_RUNID
Run 1: calibrate the number of loops: 1
- calibrate 1: 36.6 MiB (loops: 1)
Calibration: 1 warmup, 1 loop
Run 2: 0 warmups, 1 value, 1 loop
- value 1: 36.6 MiB
Run 3: 0 warmups, 1 value, 1 loop
- value 1: 36.6 MiB

shortest_path: Mean +- std dev: 36.6 MiB +- 0 bytes
[49/83] networkx_connected_components...
# /home/qianhuiwang/cpython/build-purecap/python -u /home/qianhuiwang/cpython/build-purecap/lib/python3.12/site-packages/pyperformance/data-files/benchmarks/bm_networkx/run_benchmark.py connected_components --verbose --tracemalloc --values=3 --process=2 --output /tmp/tmp4evp2ags --inherit-environ PYPERFORMANCE_RUNID
Run 1: calibrate the number of loops: 1
- calibrate 1: 32.0 MiB (loops: 1)
Calibration: 1 warmup, 1 loop
Run 2: 0 warmups, 1 value, 1 loop
- value 1: 32.0 MiB
Run 3: 0 warmups, 1 value, 1 loop
- value 1: 32.0 MiB

connected_components: Mean +- std dev: 32.0 MiB +- 0 bytes
[50/83] networkx_k_core...
# /home/qianhuiwang/cpython/build-purecap/python -u /home/qianhuiwang/cpython/build-purecap/lib/python3.12/site-packages/pyperformance/data-files/benchmarks/bm_networkx/run_benchmark.py k_core --verbose --tracemalloc --values=3 --process=2 --output /tmp/tmp64vp_my4 --inherit-environ PYPERFORMANCE_RUNID
Run 1: calibrate the number of loops: 1
- calibrate 1: 115.1 MiB (loops: 1)
Calibration: 1 warmup, 1 loop
Run 2: 0 warmups, 1 value, 1 loop
- value 1: 115.1 MiB
Run 3: 0 warmups, 1 value, 1 loop
- value 1: 115.1 MiB

k_core: Mean +- std dev: 115.1 MiB +- 0 bytes
[51/83] nqueens...
# /home/qianhuiwang/cpython/build-purecap/python -u /home/qianhuiwang/cpython/build-purecap/lib/python3.12/site-packages/pyperformance/data-files/benchmarks/bm_nqueens/run_benchmark.py --verbose --tracemalloc --values=3 --process=2 --output /tmp/tmppec3nocn --inherit-environ PYPERFORMANCE_RUNID
Run 1: calibrate the number of loops: 1
- calibrate 1: 835.0 KiB (loops: 1)
Calibration: 1 warmup, 1 loop
Run 2: 0 warmups, 1 value, 1 loop
- value 1: 834.9 KiB
Run 3: 0 warmups, 1 value, 1 loop
- value 1: 834.9 KiB

nqueens: Mean +- std dev: 834.9 KiB +- 0 bytes
[52/83] pathlib...
# /home/qianhuiwang/cpython/build-purecap/python -u /home/qianhuiwang/cpython/build-purecap/lib/python3.12/site-packages/pyperformance/data-files/benchmarks/bm_pathlib/run_benchmark.py --verbose --tracemalloc --values=3 --process=2 --output /tmp/tmpmnl0tc5m --inherit-environ PYPERFORMANCE_RUNID
Run 1: calibrate the number of loops: 1
- calibrate 1: 2014.1 KiB (loops: 1)
Calibration: 1 warmup, 1 loop
Run 2: 0 warmups, 1 value, 1 loop
- value 1: 2014.2 KiB
Run 3: 0 warmups, 1 value, 1 loop
- value 1: 2014.2 KiB

pathlib: Mean +- std dev: 2014.2 KiB +- 0 bytes
[53/83] pickle...
# /home/qianhuiwang/cpython/build-purecap/python -u /home/qianhuiwang/cpython/build-purecap/lib/python3.12/site-packages/pyperformance/data-files/benchmarks/bm_pickle/run_benchmark.py pickle --verbose --tracemalloc --values=3 --process=2 --output /tmp/tmpou344fng --inherit-environ PYPERFORMANCE_RUNID
Run 1: calibrate the number of loops: 32
- calibrate 1: 452.8 KiB (loops: 32)
Calibration: 1 warmup, 32 loops
Run 2: 0 warmups, 1 value, 32 loops
- value 1: 451.7 KiB
Run 3: 0 warmups, 1 value, 32 loops
- value 1: 451.6 KiB

pickle: Mean +- std dev: 451.6 KiB +- 49 bytes
[54/83] pickle_dict...
# /home/qianhuiwang/cpython/build-purecap/python -u /home/qianhuiwang/cpython/build-purecap/lib/python3.12/site-packages/pyperformance/data-files/benchmarks/bm_pickle/run_benchmark.py pickle_dict --verbose --tracemalloc --values=3 --process=2 --output /tmp/tmp3kry6ui6 --inherit-environ PYPERFORMANCE_RUNID
Run 1: calibrate the number of loops: 128
- calibrate 1: 433.1 KiB (loops: 128)
Calibration: 1 warmup, 128 loops
Run 2: 0 warmups, 1 value, 128 loops
- value 1: 431.5 KiB
Run 3: 0 warmups, 1 value, 128 loops
- value 1: 431.5 KiB

pickle_dict: Mean +- std dev: 431.5 KiB +- 0 bytes
[55/83] pickle_list...
# /home/qianhuiwang/cpython/build-purecap/python -u /home/qianhuiwang/cpython/build-purecap/lib/python3.12/site-packages/pyperformance/data-files/benchmarks/bm_pickle/run_benchmark.py pickle_list --verbose --tracemalloc --values=3 --process=2 --output /tmp/tmpu25cgs7q --inherit-environ PYPERFORMANCE_RUNID
Run 1: calibrate the number of loops: 256
- calibrate 1: 433.2 KiB (loops: 256)
Calibration: 1 warmup, 256 loops
Run 2: 0 warmups, 1 value, 256 loops
- value 1: 431.4 KiB
Run 3: 0 warmups, 1 value, 256 loops
- value 1: 431.4 KiB

pickle_list: Mean +- std dev: 431.4 KiB +- 0 bytes
[56/83] pickle_pure_python...
# /home/qianhuiwang/cpython/build-purecap/python -u /home/qianhuiwang/cpython/build-purecap/lib/python3.12/site-packages/pyperformance/data-files/benchmarks/bm_pickle/run_benchmark.py --pure-python pickle --verbose --tracemalloc --values=3 --process=2 --output /tmp/tmpesgvush7 --inherit-environ PYPERFORMANCE_RUNID
Traceback (most recent call last):
  File "/home/qianhuiwang/cpython/build-purecap/lib/python3.12/site-packages/pyperformance/data-files/benchmarks/bm_pickle/run_benchmark.py", line 278, in <module>
    raise RuntimeError("Unexpected C accelerators for pickle")
RuntimeError: Unexpected C accelerators for pickle
Traceback (most recent call last):
  File "/home/qianhuiwang/cpython/build-purecap/lib/python3.12/site-packages/pyperformance/run.py", line 173, in run_benchmarks
    result = bench.run(
             ^^^^^^^^^^
  File "/home/qianhuiwang/cpython/build-purecap/lib/python3.12/site-packages/pyperformance/_benchmark.py", line 189, in run
    bench = _run_perf_script(
            ^^^^^^^^^^^^^^^^^
  File "/home/qianhuiwang/cpython/build-purecap/lib/python3.12/site-packages/pyperformance/_benchmark.py", line 240, in _run_perf_script
    raise RuntimeError("Benchmark died")
RuntimeError: Benchmark died
Command failed with exit code 1
ERROR: Benchmark pickle_pure_python failed: Benchmark died
[57/83] pidigits...
# /home/qianhuiwang/cpython/build-purecap/python -u /home/qianhuiwang/cpython/build-purecap/lib/python3.12/site-packages/pyperformance/data-files/benchmarks/bm_pidigits/run_benchmark.py --verbose --tracemalloc --values=3 --process=2 --output /tmp/tmpa2kz30fr --inherit-environ PYPERFORMANCE_RUNID
Run 1: calibrate the number of loops: 1
- calibrate 1: 431.3 KiB (loops: 1)
Calibration: 1 warmup, 1 loop
Run 2: 0 warmups, 1 value, 1 loop
- value 1: 431.1 KiB
Run 3: 0 warmups, 1 value, 1 loop
- value 1: 431.1 KiB

pidigits: Mean +- std dev: 431.1 KiB +- 0 bytes
[58/83] pprint...
# /home/qianhuiwang/cpython/build-purecap/python -u /home/qianhuiwang/cpython/build-purecap/lib/python3.12/site-packages/pyperformance/data-files/benchmarks/bm_pprint/run_benchmark.py --verbose --tracemalloc --values=3 --process=2 --output /tmp/tmp_51q6v1z --inherit-environ PYPERFORMANCE_RUNID
Run 1: calibrate the number of loops: 1
- calibrate 1: 20.6 MiB (loops: 1)
Calibration: 1 warmup, 1 loop
Run 2: 0 warmups, 1 value, 1 loop
- value 1: 20.6 MiB
Run 3: 0 warmups, 1 value, 1 loop
- value 1: 20.6 MiB

pprint_safe_repr: Mean +- std dev: 20.6 MiB +- 0 bytes

Run 1: calibrate the number of loops: 1
- calibrate 1: 20.6 MiB (loops: 1)
Calibration: 1 warmup, 1 loop
Run 2: 0 warmups, 1 value, 1 loop
- value 1: 20.6 MiB
Run 3: 0 warmups, 1 value, 1 loop
- value 1: 20.6 MiB

pprint_pformat: Mean +- std dev: 20.6 MiB +- 0 bytes
[59/83] pyflate...
# /home/qianhuiwang/cpython/build-purecap/python -u /home/qianhuiwang/cpython/build-purecap/lib/python3.12/site-packages/pyperformance/data-files/benchmarks/bm_pyflate/run_benchmark.py --verbose --tracemalloc --values=3 --process=2 --output /tmp/tmpciwarfem --inherit-environ PYPERFORMANCE_RUNID
Run 1: calibrate the number of loops: 1
- calibrate 1: 47.6 MiB (loops: 1)
Calibration: 1 warmup, 1 loop
Run 2: 0 warmups, 1 value, 1 loop
- value 1: 47.6 MiB
Run 3: 0 warmups, 1 value, 1 loop
- value 1: 47.6 MiB

pyflate: Mean +- std dev: 47.6 MiB +- 0 bytes
[60/83] python_startup...
# /home/qianhuiwang/cpython/build-purecap/python -u /home/qianhuiwang/cpython/build-purecap/lib/python3.12/site-packages/pyperformance/data-files/benchmarks/bm_python_startup/run_benchmark.py --verbose --tracemalloc --values=3 --process=2 --output /tmp/tmpaurr7c57 --inherit-environ PYPERFORMANCE_RUNID
Run 1: calibrate the number of loops: 2
- calibrate 1: 80.9 ms (loops: 1, raw: 80.9 ms)
- calibrate 2: 81.0 ms (loops: 2, raw: 162 ms)
- calibrate 3: 79.9 ms (loops: 2, raw: 160 ms)
- calibrate 4: 80.2 ms (loops: 2, raw: 160 ms)
- calibrate 5: 80.2 ms (loops: 2, raw: 160 ms)
Calibration: 1 warmup, 2 loops
Run 2: 1 warmup, 3 values, 2 loops
- warmup 1: 80.1 ms
- value 1: 80.7 ms
- value 2: 80.1 ms
- value 3: 79.8 ms
Run 3: 1 warmup, 3 values, 2 loops
- warmup 1: 79.8 ms
- value 1: 80.7 ms
- value 2: 80.7 ms
- value 3: 79.9 ms

python_startup: Mean +- std dev: 80.3 ms +- 0.4 ms
[61/83] python_startup_no_site...
# /home/qianhuiwang/cpython/build-purecap/python -u /home/qianhuiwang/cpython/build-purecap/lib/python3.12/site-packages/pyperformance/data-files/benchmarks/bm_python_startup/run_benchmark.py --no-site --verbose --tracemalloc --values=3 --process=2 --output /tmp/tmp5p5l251a --inherit-environ PYPERFORMANCE_RUNID
Run 1: calibrate the number of loops: 4
- calibrate 1: 50.3 ms (loops: 1, raw: 50.3 ms)
- calibrate 2: 49.3 ms (loops: 2, raw: 98.5 ms)
- calibrate 3: 52.5 ms (loops: 4, raw: 210 ms)
- calibrate 4: 52.1 ms (loops: 4, raw: 208 ms)
- calibrate 5: 52.2 ms (loops: 4, raw: 209 ms)
- calibrate 6: 52.2 ms (loops: 4, raw: 209 ms)
Calibration: 1 warmup, 4 loops
Run 2: 1 warmup, 3 values, 4 loops
- warmup 1: 52.5 ms
- value 1: 52.2 ms
- value 2: 52.2 ms
- value 3: 52.4 ms
Run 3: 1 warmup, 3 values, 4 loops
- warmup 1: 52.3 ms
- value 1: 52.3 ms
- value 2: 52.3 ms
- value 3: 52.2 ms

python_startup_no_site: Mean +- std dev: 52.3 ms +- 0.1 ms
[62/83] raytrace...
# /home/qianhuiwang/cpython/build-purecap/python -u /home/qianhuiwang/cpython/build-purecap/lib/python3.12/site-packages/pyperformance/data-files/benchmarks/bm_raytrace/run_benchmark.py --verbose --tracemalloc --values=3 --process=2 --output /tmp/tmp9pvqrl3u --inherit-environ PYPERFORMANCE_RUNID
Run 1: calibrate the number of loops: 1
- calibrate 1: 510.6 KiB (loops: 1)
Calibration: 1 warmup, 1 loop
Run 2: 0 warmups, 1 value, 1 loop
- value 1: 510.7 KiB
Run 3: 0 warmups, 1 value, 1 loop
- value 1: 510.7 KiB

raytrace: Mean +- std dev: 510.7 KiB +- 0 bytes
[63/83] regex_compile...
# /home/qianhuiwang/cpython/build-purecap/python -u /home/qianhuiwang/cpython/build-purecap/lib/python3.12/site-packages/pyperformance/data-files/benchmarks/bm_regex_compile/run_benchmark.py --verbose --tracemalloc --values=3 --process=2 --output /tmp/tmpdh4smgau --inherit-environ PYPERFORMANCE_RUNID
Run 1: calibrate the number of loops: 1
- calibrate 1: 444.9 KiB (loops: 1)
Calibration: 1 warmup, 1 loop
Run 2: 0 warmups, 1 value, 1 loop
- value 1: 444.7 KiB
Run 3: 0 warmups, 1 value, 1 loop
- value 1: 444.7 KiB

regex_compile: Mean +- std dev: 444.7 KiB +- 0 bytes
[64/83] regex_dna...
# /home/qianhuiwang/cpython/build-purecap/python -u /home/qianhuiwang/cpython/build-purecap/lib/python3.12/site-packages/pyperformance/data-files/benchmarks/bm_regex_dna/run_benchmark.py --verbose --tracemalloc --values=3 --process=2 --output /tmp/tmpzl2bro8x --inherit-environ PYPERFORMANCE_RUNID
Run 1: calibrate the number of loops: 1
- calibrate 1: 8267.2 KiB (loops: 1)
Calibration: 1 warmup, 1 loop
Run 2: 0 warmups, 1 value, 1 loop
- value 1: 8267.2 KiB
Run 3: 0 warmups, 1 value, 1 loop
- value 1: 8267.2 KiB

regex_dna: Mean +- std dev: 8267.2 KiB +- 0 bytes
[65/83] regex_effbot...
# /home/qianhuiwang/cpython/build-purecap/python -u /home/qianhuiwang/cpython/build-purecap/lib/python3.12/site-packages/pyperformance/data-files/benchmarks/bm_regex_effbot/run_benchmark.py --verbose --tracemalloc --values=3 --process=2 --output /tmp/tmpdn3d2s6a --inherit-environ PYPERFORMANCE_RUNID
Run 1: calibrate the number of loops: 1
- calibrate 1: 1145.8 KiB (loops: 1)
Calibration: 1 warmup, 1 loop
Run 2: 0 warmups, 1 value, 1 loop
- value 1: 1145.5 KiB
Run 3: 0 warmups, 1 value, 1 loop
- value 1: 1145.5 KiB

regex_effbot: Mean +- std dev: 1145.5 KiB +- 0 bytes
[66/83] regex_v8...
# /home/qianhuiwang/cpython/build-purecap/python -u /home/qianhuiwang/cpython/build-purecap/lib/python3.12/site-packages/pyperformance/data-files/benchmarks/bm_regex_v8/run_benchmark.py --verbose --tracemalloc --values=3 --process=2 --output /tmp/tmpojur5lha --inherit-environ PYPERFORMANCE_RUNID
Run 1: calibrate the number of loops: 1
- calibrate 1: 551.7 KiB (loops: 1)
Calibration: 1 warmup, 1 loop
Run 2: 0 warmups, 1 value, 1 loop
- value 1: 551.7 KiB
Run 3: 0 warmups, 1 value, 1 loop
- value 1: 551.7 KiB

regex_v8: Mean +- std dev: 551.7 KiB +- 0 bytes
[67/83] richards...
# /home/qianhuiwang/cpython/build-purecap/python -u /home/qianhuiwang/cpython/build-purecap/lib/python3.12/site-packages/pyperformance/data-files/benchmarks/bm_richards/run_benchmark.py --verbose --tracemalloc --values=3 --process=2 --output /tmp/tmpoq8ekcsj --inherit-environ PYPERFORMANCE_RUNID
Run 1: calibrate the number of loops: 1
- calibrate 1: 473.6 KiB (loops: 1)
Calibration: 1 warmup, 1 loop
Run 2: 0 warmups, 1 value, 1 loop
- value 1: 473.3 KiB
Run 3: 0 warmups, 1 value, 1 loop
- value 1: 473.2 KiB

richards: Mean +- std dev: 473.3 KiB +- 49 bytes
[68/83] richards_super...
# /home/qianhuiwang/cpython/build-purecap/python -u /home/qianhuiwang/cpython/build-purecap/lib/python3.12/site-packages/pyperformance/data-files/benchmarks/bm_richards_super/run_benchmark.py --verbose --tracemalloc --values=3 --process=2 --output /tmp/tmp7uu5y3vl --inherit-environ PYPERFORMANCE_RUNID
Run 1: calibrate the number of loops: 1
- calibrate 1: 473.4 KiB (loops: 1)
Calibration: 1 warmup, 1 loop
Run 2: 0 warmups, 1 value, 1 loop
- value 1: 473.3 KiB
Run 3: 0 warmups, 1 value, 1 loop
- value 1: 473.3 KiB

richards_super: Mean +- std dev: 473.3 KiB +- 0 bytes
[69/83] scimark...
# /home/qianhuiwang/cpython/build-purecap/python -u /home/qianhuiwang/cpython/build-purecap/lib/python3.12/site-packages/pyperformance/data-files/benchmarks/bm_scimark/run_benchmark.py --verbose --tracemalloc --values=3 --process=2 --output /tmp/tmpm3p3_ofh --inherit-environ PYPERFORMANCE_RUNID
Run 1: calibrate the number of loops: 1
- calibrate 1: 435.6 KiB (loops: 1)
Calibration: 1 warmup, 1 loop
Run 2: 0 warmups, 1 value, 1 loop
- value 1: 435.2 KiB
Run 3: 0 warmups, 1 value, 1 loop
- value 1: 435.3 KiB

scimark_fft: Mean +- std dev: 435.3 KiB +- 49 bytes

Run 1: calibrate the number of loops: 1
- calibrate 1: 431.0 KiB (loops: 1)
Calibration: 1 warmup, 1 loop
Run 2: 0 warmups, 1 value, 1 loop
- value 1: 430.5 KiB
Run 3: 0 warmups, 1 value, 1 loop
- value 1: 430.5 KiB

scimark_lu: Mean +- std dev: 430.5 KiB +- 49 bytes

Run 1: calibrate the number of loops: 1
- calibrate 1: 431.0 KiB (loops: 1)
Calibration: 1 warmup, 1 loop
Run 2: 0 warmups, 1 value, 1 loop
- value 1: 430.7 KiB
Run 3: 0 warmups, 1 value, 1 loop
- value 1: 430.7 KiB

scimark_monte_carlo: Mean +- std dev: 430.7 KiB +- 0 bytes

Run 1: calibrate the number of loops: 1
- calibrate 1: 431.0 KiB (loops: 1)
Calibration: 1 warmup, 1 loop
Run 2: 0 warmups, 1 value, 1 loop
- value 1: 430.7 KiB
Run 3: 0 warmups, 1 value, 1 loop
- value 1: 430.8 KiB

scimark_sor: Mean +- std dev: 430.8 KiB +- 49 bytes

Run 1: calibrate the number of loops: 1
- calibrate 1: 609.3 KiB (loops: 1)
Calibration: 1 warmup, 1 loop
Run 2: 0 warmups, 1 value, 1 loop
- value 1: 609.3 KiB
Run 3: 0 warmups, 1 value, 1 loop
- value 1: 609.3 KiB

scimark_sparse_mat_mult: Mean +- std dev: 609.3 KiB +- 0 bytes
[70/83] spectral_norm...
# /home/qianhuiwang/cpython/build-purecap/python -u /home/qianhuiwang/cpython/build-purecap/lib/python3.12/site-packages/pyperformance/data-files/benchmarks/bm_spectral_norm/run_benchmark.py --verbose --tracemalloc --values=3 --process=2 --output /tmp/tmph6f87o54 --inherit-environ PYPERFORMANCE_RUNID
Run 1: calibrate the number of loops: 1
- calibrate 1: 442.9 KiB (loops: 1)
Calibration: 1 warmup, 1 loop
Run 2: 0 warmups, 1 value, 1 loop
- value 1: 442.6 KiB
Run 3: 0 warmups, 1 value, 1 loop
- value 1: 442.6 KiB

spectral_norm: Mean +- std dev: 442.6 KiB +- 0 bytes
[71/83] sqlglot_v2...
# /home/qianhuiwang/cpython/build-purecap/python -u /home/qianhuiwang/cpython/build-purecap/lib/python3.12/site-packages/pyperformance/data-files/benchmarks/bm_sqlglot_v2/run_benchmark.py normalize --verbose --tracemalloc --values=3 --process=2 --output /tmp/tmpbec487fk --inherit-environ PYPERFORMANCE_RUNID
Run 1: calibrate the number of loops: 1
- calibrate 1: 1419.9 KiB (loops: 1)
Calibration: 1 warmup, 1 loop
Run 2: 0 warmups, 1 value, 1 loop
- value 1: 1419.6 KiB
Run 3: 0 warmups, 1 value, 1 loop
- value 1: 1419.6 KiB

sqlglot_v2_normalize: Mean +- std dev: 1419.6 KiB +- 21 bytes
[72/83] sqlglot_v2_optimize...
# /home/qianhuiwang/cpython/build-purecap/python -u /home/qianhuiwang/cpython/build-purecap/lib/python3.12/site-packages/pyperformance/data-files/benchmarks/bm_sqlglot_v2/run_benchmark.py optimize --verbose --tracemalloc --values=3 --process=2 --output /tmp/tmpket6akyc --inherit-environ PYPERFORMANCE_RUNID
Run 1: calibrate the number of loops: 1
- calibrate 1: 2362.4 KiB (loops: 1)
Calibration: 1 warmup, 1 loop
Run 2: 0 warmups, 1 value, 1 loop
- value 1: 2361.8 KiB
Run 3: 0 warmups, 1 value, 1 loop
- value 1: 2361.9 KiB

sqlglot_v2_optimize: Mean +- std dev: 2361.8 KiB +- 81 bytes
[73/83] sqlglot_v2_parse...
# /home/qianhuiwang/cpython/build-purecap/python -u /home/qianhuiwang/cpython/build-purecap/lib/python3.12/site-packages/pyperformance/data-files/benchmarks/bm_sqlglot_v2/run_benchmark.py parse --verbose --tracemalloc --values=3 --process=2 --output /tmp/tmprpxyqqlv --inherit-environ PYPERFORMANCE_RUNID
Run 1: calibrate the number of loops: 4
- calibrate 1: 1012.0 KiB (loops: 4)
Calibration: 1 warmup, 4 loops
Run 2: 0 warmups, 1 value, 4 loops
- value 1: 881.7 KiB
Run 3: 0 warmups, 1 value, 4 loops
- value 1: 881.7 KiB

sqlglot_v2_parse: Mean +- std dev: 881.7 KiB +- 0 bytes
[74/83] sqlglot_v2_transpile...
# /home/qianhuiwang/cpython/build-purecap/python -u /home/qianhuiwang/cpython/build-purecap/lib/python3.12/site-packages/pyperformance/data-files/benchmarks/bm_sqlglot_v2/run_benchmark.py transpile --verbose --tracemalloc --values=3 --process=2 --output /tmp/tmpykknfzvx --inherit-environ PYPERFORMANCE_RUNID
Run 1: calibrate the number of loops: 4
- calibrate 1: 1149.4 KiB (loops: 4)
Calibration: 1 warmup, 4 loops
Run 2: 0 warmups, 1 value, 4 loops
- value 1: 1019.3 KiB
Run 3: 0 warmups, 1 value, 4 loops
- value 1: 1020.8 KiB

sqlglot_v2_transpile: Mean +- std dev: 1020.1 KiB +- 1096 bytes
[75/83] sqlite_synth...
# /home/qianhuiwang/cpython/build-purecap/python -u /home/qianhuiwang/cpython/build-purecap/lib/python3.12/site-packages/pyperformance/data-files/benchmarks/bm_sqlite_synth/run_benchmark.py --verbose --tracemalloc --values=3 --process=2 --output /tmp/tmpte6lrf69 --inherit-environ PYPERFORMANCE_RUNID
Run 1: calibrate the number of loops: 2048
- calibrate 1: 432.8 KiB (loops: 2048)
Calibration: 1 warmup, 2048 loops
Run 2: 0 warmups, 1 value, 2048 loops
- value 1: 430.4 KiB
Run 3: 0 warmups, 1 value, 2048 loops
- value 1: 430.4 KiB

sqlite_synth: Mean +- std dev: 430.4 KiB +- 0 bytes
[76/83] sympy...
# /home/qianhuiwang/cpython/build-purecap/python -u /home/qianhuiwang/cpython/build-purecap/lib/python3.12/site-packages/pyperformance/data-files/benchmarks/bm_sympy/run_benchmark.py --verbose --tracemalloc --values=3 --process=2 --output /tmp/tmps5d2e63k --inherit-environ PYPERFORMANCE_RUNID
Run 1: calibrate the number of loops: 1
- calibrate 1: 6390.5 KiB (loops: 1)
Calibration: 1 warmup, 1 loop
Run 2: 0 warmups, 1 value, 1 loop
- value 1: 6390.7 KiB
Run 3: 0 warmups, 1 value, 1 loop
- value 1: 6391.1 KiB

sympy_expand: Mean +- std dev: 6390.9 KiB +- 292 bytes

Run 1: calibrate the number of loops: 1
- calibrate 1: 5196.2 KiB (loops: 1)
Calibration: 1 warmup, 1 loop
Run 2: 0 warmups, 1 value, 1 loop
- value 1: 5195.7 KiB
Run 3: 0 warmups, 1 value, 1 loop
- value 1: 5195.4 KiB

sympy_integrate: Mean +- std dev: 5195.5 KiB +- 191 bytes

Run 1: calibrate the number of loops: 1
- calibrate 1: 10.8 MiB (loops: 1)
Calibration: 1 warmup, 1 loop
Run 2: 0 warmups, 1 value, 1 loop
- value 1: 10.8 MiB
Run 3: 0 warmups, 1 value, 1 loop
- value 1: 10.8 MiB

sympy_sum: Mean +- std dev: 10.8 MiB +- 1562 bytes

Run 1: calibrate the number of loops: 1
- calibrate 1: 7848.0 KiB (loops: 1)
Calibration: 1 warmup, 1 loop
Run 2: 0 warmups, 1 value, 1 loop
- value 1: 7845.2 KiB
Run 3: 0 warmups, 1 value, 1 loop
- value 1: 7843.8 KiB

sympy_str: Mean +- std dev: 7844.5 KiB +- 983 bytes
[77/83] telco...
# /home/qianhuiwang/cpython/build-purecap/python -u /home/qianhuiwang/cpython/build-purecap/lib/python3.12/site-packages/pyperformance/data-files/benchmarks/bm_telco/run_benchmark.py --verbose --tracemalloc --values=3 --process=2 --output /tmp/tmpk0r4iibx --inherit-environ PYPERFORMANCE_RUNID
Run 1: calibrate the number of loops: 1
- calibrate 1: 433.0 KiB (loops: 1)
Calibration: 1 warmup, 1 loop
Run 2: 0 warmups, 1 value, 1 loop
- value 1: 432.7 KiB
Run 3: 0 warmups, 1 value, 1 loop
- value 1: 432.7 KiB

telco: Mean +- std dev: 432.7 KiB +- 0 bytes
[78/83] typing_runtime_protocols...
# /home/qianhuiwang/cpython/build-purecap/python -u /home/qianhuiwang/cpython/build-purecap/lib/python3.12/site-packages/pyperformance/data-files/benchmarks/bm_typing_runtime_protocols/run_benchmark.py --verbose --tracemalloc --values=3 --process=2 --output /tmp/tmp08p7nuxs --inherit-environ PYPERFORMANCE_RUNID
Run 1: calibrate the number of loops: 32
- calibrate 1: 486.9 KiB (loops: 32)
Calibration: 1 warmup, 32 loops
Run 2: 0 warmups, 1 value, 32 loops
- value 1: 485.8 KiB
Run 3: 0 warmups, 1 value, 32 loops
- value 1: 485.7 KiB

typing_runtime_protocols: Mean +- std dev: 485.7 KiB +- 56 bytes
[79/83] unpack_sequence...
# /home/qianhuiwang/cpython/build-purecap/python -u /home/qianhuiwang/cpython/build-purecap/lib/python3.12/site-packages/pyperformance/data-files/benchmarks/bm_unpack_sequence/run_benchmark.py --verbose --tracemalloc --values=3 --process=2 --output /tmp/tmpsewh62vg --inherit-environ PYPERFORMANCE_RUNID
Run 1: calibrate the number of loops: 4
- calibrate 1: 432.1 KiB (loops: 4)
Calibration: 1 warmup, 4 loops
Run 2: 0 warmups, 1 value, 4 loops
- value 1: 431.2 KiB
Run 3: 0 warmups, 1 value, 4 loops
- value 1: 431.2 KiB

unpack_sequence: Mean +- std dev: 431.2 KiB +- 0 bytes
[80/83] unpickle...
# /home/qianhuiwang/cpython/build-purecap/python -u /home/qianhuiwang/cpython/build-purecap/lib/python3.12/site-packages/pyperformance/data-files/benchmarks/bm_pickle/run_benchmark.py unpickle --verbose --tracemalloc --values=3 --process=2 --output /tmp/tmpj6zozhyd --inherit-environ PYPERFORMANCE_RUNID
Run 1: calibrate the number of loops: 4
- calibrate 1: 445.3 KiB (loops: 4)
Calibration: 1 warmup, 4 loops
Run 2: 0 warmups, 1 value, 4 loops
- value 1: 444.0 KiB
Run 3: 0 warmups, 1 value, 4 loops
- value 1: 444.1 KiB

unpickle: Mean +- std dev: 444.1 KiB +- 88 bytes
[81/83] unpickle_list...
# /home/qianhuiwang/cpython/build-purecap/python -u /home/qianhuiwang/cpython/build-purecap/lib/python3.12/site-packages/pyperformance/data-files/benchmarks/bm_pickle/run_benchmark.py unpickle_list --verbose --tracemalloc --values=3 --process=2 --output /tmp/tmpbnji0hgk --inherit-environ PYPERFORMANCE_RUNID
Run 1: calibrate the number of loops: 64
- calibrate 1: 434.6 KiB (loops: 64)
Calibration: 1 warmup, 64 loops
Run 2: 0 warmups, 1 value, 64 loops
- value 1: 433.2 KiB
Run 3: 0 warmups, 1 value, 64 loops
- value 1: 433.2 KiB

unpickle_list: Mean +- std dev: 433.2 KiB +- 0 bytes
[82/83] unpickle_pure_python...
# /home/qianhuiwang/cpython/build-purecap/python -u /home/qianhuiwang/cpython/build-purecap/lib/python3.12/site-packages/pyperformance/data-files/benchmarks/bm_pickle/run_benchmark.py --pure-python unpickle --verbose --tracemalloc --values=3 --process=2 --output /tmp/tmp9yj0qznz --inherit-environ PYPERFORMANCE_RUNID
Traceback (most recent call last):
  File "/home/qianhuiwang/cpython/build-purecap/lib/python3.12/site-packages/pyperformance/data-files/benchmarks/bm_pickle/run_benchmark.py", line 278, in <module>
    raise RuntimeError("Unexpected C accelerators for pickle")
RuntimeError: Unexpected C accelerators for pickle
Traceback (most recent call last):
  File "/home/qianhuiwang/cpython/build-purecap/lib/python3.12/site-packages/pyperformance/run.py", line 173, in run_benchmarks
    result = bench.run(
             ^^^^^^^^^^
  File "/home/qianhuiwang/cpython/build-purecap/lib/python3.12/site-packages/pyperformance/_benchmark.py", line 189, in run
    bench = _run_perf_script(
            ^^^^^^^^^^^^^^^^^
  File "/home/qianhuiwang/cpython/build-purecap/lib/python3.12/site-packages/pyperformance/_benchmark.py", line 240, in _run_perf_script
    raise RuntimeError("Benchmark died")
RuntimeError: Benchmark died
Command failed with exit code 1
ERROR: Benchmark unpickle_pure_python failed: Benchmark died
[83/83] xml_etree...
# /home/qianhuiwang/cpython/build-purecap/python -u /home/qianhuiwang/cpython/build-purecap/lib/python3.12/site-packages/pyperformance/data-files/benchmarks/bm_xml_etree/run_benchmark.py --verbose --tracemalloc --values=3 --process=2 --output /tmp/tmpm3cmso5k --inherit-environ PYPERFORMANCE_RUNID
Run 1: calibrate the number of loops: 1
- calibrate 1: 5396.4 KiB (loops: 1)
Calibration: 1 warmup, 1 loop
Run 2: 0 warmups, 1 value, 1 loop
- value 1: 5395.6 KiB
Run 3: 0 warmups, 1 value, 1 loop
- value 1: 5395.4 KiB

xml_etree_parse: Mean +- std dev: 5395.5 KiB +- 145 bytes

Run 1: calibrate the number of loops: 1
- calibrate 1: 6948.7 KiB (loops: 1)
Calibration: 1 warmup, 1 loop
Run 2: 0 warmups, 1 value, 1 loop
- value 1: 6948.3 KiB
Run 3: 0 warmups, 1 value, 1 loop
- value 1: 6948.7 KiB

xml_etree_iterparse: Mean +- std dev: 6948.5 KiB +- 297 bytes

Run 1: calibrate the number of loops: 1
- calibrate 1: 5197.5 KiB (loops: 1)
Calibration: 1 warmup, 1 loop
Run 2: 0 warmups, 1 value, 1 loop
- value 1: 5197.8 KiB
Run 3: 0 warmups, 1 value, 1 loop
- value 1: 5197.7 KiB

xml_etree_generate: Mean +- std dev: 5197.7 KiB +- 59 bytes

Run 1: calibrate the number of loops: 1
- calibrate 1: 6174.6 KiB (loops: 1)
Calibration: 1 warmup, 1 loop
Run 2: 0 warmups, 1 value, 1 loop
- value 1: 6174.7 KiB
Run 3: 0 warmups, 1 value, 1 loop
- value 1: 6174.7 KiB

xml_etree_process: Mean +- std dev: 6174.7 KiB +- 0 bytes

Performance version: 1.11.0
Report on FreeBSD-15.0-CURRENT-arm64-aarch64c-64bit-ELF
Number of logical CPUs: 4
Start date: 2025-05-10 19:14:00.748131
End date: 2025-05-10 23:41:53.821405

### many_optionals ###
Mean +- std dev: 557.5 KiB +- 414 bytes

### subparsers ###
Mean +- std dev: 3163.5 KiB +- 0 bytes

### async_generators ###
Mean +- std dev: 26.8 MiB +- 49 bytes

### async_tree_none ###
Mean +- std dev: 106.6 MiB +- 0 bytes

### async_tree_cpu_io_mixed ###
Mean +- std dev: 112.2 MiB +- 0 bytes

### async_tree_cpu_io_mixed_tg ###
Mean +- std dev: 126.9 MiB +- 0 bytes

### async_tree_eager ###
Mean +- std dev: 440.3 KiB +- 0 bytes

### async_tree_eager_cpu_io_mixed ###
Mean +- std dev: 29.4 MiB +- 0 bytes

### async_tree_eager_cpu_io_mixed_tg ###
Mean +- std dev: 22.4 MiB +- 0 bytes

### async_tree_eager_io ###
Mean +- std dev: 208.4 MiB +- 0 bytes

### async_tree_eager_io_tg ###
Mean +- std dev: 223.1 MiB +- 0 bytes

### async_tree_eager_memoization ###
Mean +- std dev: 46.4 MiB +- 215 bytes

### async_tree_eager_memoization_tg ###
Mean +- std dev: 36.5 MiB +- 0 bytes

### async_tree_eager_tg ###
Mean +- std dev: 436.3 KiB +- 49 bytes

### async_tree_io ###
Mean +- std dev: 208.4 MiB +- 0 bytes

### async_tree_io_tg ###
Mean +- std dev: 223.0 MiB +- 0 bytes

### async_tree_memoization ###
Mean +- std dev: 115.9 MiB +- 0 bytes

### async_tree_memoization_tg ###
Mean +- std dev: 130.6 MiB +- 0 bytes

### async_tree_none_tg ###
Mean +- std dev: 121.3 MiB +- 0 bytes

### bpe_tokeniser ###
Mean +- std dev: 3329.6 KiB +- 0 bytes

### chameleon ###
Mean +- std dev: 1634.7 KiB +- 0 bytes

### chaos ###
Mean +- std dev: 1060.6 KiB +- 0 bytes

### comprehensions ###
Mean +- std dev: 434.4 KiB +- 49 bytes

### bench_mp_pool ###
Mean +- std dev: 641.1 KiB +- 506 bytes

### bench_thread_pool ###
Mean +- std dev: 731.4 KiB +- 0 bytes

### coroutines ###
Mean +- std dev: 430.8 KiB +- 0 bytes

### coverage ###
Mean +- std dev: 1049.5 KiB +- 95 bytes

### crypto_pyaes ###
Mean +- std dev: 787.1 KiB +- 0 bytes

### deepcopy ###
Mean +- std dev: 593.9 KiB +- 49 bytes

### deepcopy_reduce ###
Mean +- std dev: 453.1 KiB +- 0 bytes

### deepcopy_memo ###
Mean +- std dev: 431.1 KiB +- 0 bytes

### deltablue ###
Mean +- std dev: 1173.6 KiB +- 0 bytes

### django_template ###
Mean +- std dev: 418.8 KiB +- 1 bytes

### dulwich_log ###
Mean +- std dev: 4006.0 KiB +- 54 bytes

### fannkuch ###
Mean +- std dev: 432.1 KiB +- 0 bytes

### float ###
Mean +- std dev: 27.5 MiB +- 0 bytes

### create_gc_cycles ###
Mean +- std dev: 444.2 KiB +- 49 bytes

### gc_traversal ###
Mean +- std dev: 7917.7 KiB +- 0 bytes

### generators ###
Mean +- std dev: 22.9 MiB +- 0 bytes

### genshi_text ###
Mean +- std dev: 2575.8 KiB +- 49 bytes

### genshi_xml ###
Mean +- std dev: 4631.4 KiB +- 489 bytes

### go ###
Mean +- std dev: 2827.4 KiB +- 0 bytes

### hexiom ###
Mean +- std dev: 439.5 KiB +- 0 bytes

### html5lib ###
Mean +- std dev: 13.8 MiB +- 0 bytes

### json_dumps ###
Mean +- std dev: 430.9 KiB +- 49 bytes

### json_loads ###
Mean +- std dev: 430.3 KiB +- 115 bytes

### logging_format ###
Mean +- std dev: 700.7 KiB +- 0 bytes

### logging_silent ###
Mean +- std dev: 431.2 KiB +- 0 bytes

### logging_simple ###
Mean +- std dev: 636.2 KiB +- 0 bytes

### mako ###
Mean +- std dev: 8525.6 KiB +- 0 bytes

### mdp ###
Mean +- std dev: 13.5 MiB +- 0 bytes

### meteor_contest ###
Mean +- std dev: 432.9 KiB +- 0 bytes

### nbody ###
Mean +- std dev: 431.8 KiB +- 98 bytes

### shortest_path ###
Mean +- std dev: 36.6 MiB +- 0 bytes

### connected_components ###
Mean +- std dev: 32.0 MiB +- 0 bytes

### k_core ###
Mean +- std dev: 115.1 MiB +- 0 bytes

### nqueens ###
Mean +- std dev: 834.9 KiB +- 0 bytes

### pathlib ###
Mean +- std dev: 2014.2 KiB +- 0 bytes

### pickle ###
Mean +- std dev: 451.6 KiB +- 49 bytes

### pickle_dict ###
Mean +- std dev: 431.5 KiB +- 0 bytes

### pickle_list ###
Mean +- std dev: 431.4 KiB +- 0 bytes

### pidigits ###
Mean +- std dev: 431.1 KiB +- 0 bytes

### pprint_safe_repr ###
Mean +- std dev: 20.6 MiB +- 0 bytes

### pprint_pformat ###
Mean +- std dev: 20.6 MiB +- 0 bytes

### pyflate ###
Mean +- std dev: 47.6 MiB +- 0 bytes

### python_startup ###
Mean +- std dev: 80.3 ms +- 0.4 ms

### python_startup_no_site ###
Mean +- std dev: 52.3 ms +- 0.1 ms

### raytrace ###
Mean +- std dev: 510.7 KiB +- 0 bytes

### regex_compile ###
Mean +- std dev: 444.7 KiB +- 0 bytes

### regex_dna ###
Mean +- std dev: 8267.2 KiB +- 0 bytes

### regex_effbot ###
Mean +- std dev: 1145.5 KiB +- 0 bytes

### regex_v8 ###
Mean +- std dev: 551.7 KiB +- 0 bytes

### richards ###
Mean +- std dev: 473.3 KiB +- 49 bytes

### richards_super ###
Mean +- std dev: 473.3 KiB +- 0 bytes

### scimark_fft ###
Mean +- std dev: 435.3 KiB +- 49 bytes

### scimark_lu ###
Mean +- std dev: 430.5 KiB +- 49 bytes

### scimark_monte_carlo ###
Mean +- std dev: 430.7 KiB +- 0 bytes

### scimark_sor ###
Mean +- std dev: 430.8 KiB +- 49 bytes

### scimark_sparse_mat_mult ###
Mean +- std dev: 609.3 KiB +- 0 bytes

### spectral_norm ###
Mean +- std dev: 442.6 KiB +- 0 bytes

### sqlglot_v2_normalize ###
Mean +- std dev: 1419.6 KiB +- 21 bytes

### sqlglot_v2_optimize ###
Mean +- std dev: 2361.8 KiB +- 81 bytes

### sqlglot_v2_parse ###
Mean +- std dev: 881.7 KiB +- 0 bytes

### sqlglot_v2_transpile ###
Mean +- std dev: 1020.1 KiB +- 1096 bytes

### sqlite_synth ###
Mean +- std dev: 430.4 KiB +- 0 bytes

### sympy_expand ###
Mean +- std dev: 6390.9 KiB +- 292 bytes

### sympy_integrate ###
Mean +- std dev: 5195.5 KiB +- 191 bytes

### sympy_sum ###
Mean +- std dev: 10.8 MiB +- 1562 bytes

### sympy_str ###
Mean +- std dev: 7844.5 KiB +- 983 bytes

### telco ###
Mean +- std dev: 432.7 KiB +- 0 bytes

### typing_runtime_protocols ###
Mean +- std dev: 485.7 KiB +- 56 bytes

### unpack_sequence ###
Mean +- std dev: 431.2 KiB +- 0 bytes

### unpickle ###
Mean +- std dev: 444.1 KiB +- 88 bytes

### unpickle_list ###
Mean +- std dev: 433.2 KiB +- 0 bytes

### xml_etree_parse ###
Mean +- std dev: 5395.5 KiB +- 145 bytes

### xml_etree_iterparse ###
Mean +- std dev: 6948.5 KiB +- 297 bytes

### xml_etree_generate ###
Mean +- std dev: 5197.7 KiB +- 59 bytes

### xml_etree_process ###
Mean +- std dev: 6174.7 KiB +- 0 bytes

2 benchmarks failed:
- pickle_pure_python (Benchmark died)
- unpickle_pure_python (Benchmark died)

