Python benchmark suite 1.11.0


==================================================
( 1/83) creating venv for benchmark (argparse)

(trying common venv first)
Installing requirements into the virtual environment /home/qianhuiwang/cpython/build-purecap
# /home/qianhuiwang/cpython/build-purecap/python -m pip install pyperf==2.9.0
Requirement already satisfied: pyperf==2.9.0 in ./lib/python3.12/site-packages (2.9.0)
Requirement already satisfied: psutil>=5.9.0 in ./lib/python3.12/site-packages (from pyperf==2.9.0) (7.0.0)
Installing requirements into the virtual environment /home/qianhuiwang/cpython/build-purecap
# /home/qianhuiwang/cpython/build-purecap/python -m pip install psutil
Requirement already satisfied: psutil in ./lib/python3.12/site-packages (7.0.0)
# /home/qianhuiwang/cpython/build-purecap/python -m pip freeze
asgiref==3.6.0
build==1.2.2.post1
coverage==7.3.2
Django==4.2
legacy-cgi==2.6
packaging==24.2
psutil==7.0.0
pyperf==2.9.0
pyperformance @ file:///home/qianhuiwang/cpython/site-packages/pyperformance/dist/pyperformance-1.11.0-py3-none-any.whl#sha256=5e7db3719781f5aaaa31704d7bc2566ec18ade1aa74b998aae4e93a9ebbaa849
pyproject_hooks==1.2.0
pytz==2021.1
sqlparse==0.4.1
# /home/qianhuiwang/cpython/build-purecap/python -m pip freeze
asgiref==3.6.0
build==1.2.2.post1
coverage==7.3.2
Django==4.2
legacy-cgi==2.6
packaging==24.2
psutil==7.0.0
pyperf==2.9.0
pyperformance @ file:///home/qianhuiwang/cpython/site-packages/pyperformance/dist/pyperformance-1.11.0-py3-none-any.whl#sha256=5e7db3719781f5aaaa31704d7bc2566ec18ade1aa74b998aae4e93a9ebbaa849
pyproject_hooks==1.2.0
pytz==2021.1
sqlparse==0.4.1

==================================================
( 2/83) creating venv for benchmark (argparse_subparsers)

(trying common venv first)
Installing requirements into the virtual environment /home/qianhuiwang/cpython/build-purecap
# /home/qianhuiwang/cpython/build-purecap/python -m pip install pyperf==2.9.0
Requirement already satisfied: pyperf==2.9.0 in ./lib/python3.12/site-packages (2.9.0)
Requirement already satisfied: psutil>=5.9.0 in ./lib/python3.12/site-packages (from pyperf==2.9.0) (7.0.0)
Installing requirements into the virtual environment /home/qianhuiwang/cpython/build-purecap
# /home/qianhuiwang/cpython/build-purecap/python -m pip install psutil
Requirement already satisfied: psutil in ./lib/python3.12/site-packages (7.0.0)
# /home/qianhuiwang/cpython/build-purecap/python -m pip freeze
asgiref==3.6.0
build==1.2.2.post1
coverage==7.3.2
Django==4.2
legacy-cgi==2.6
packaging==24.2
psutil==7.0.0
pyperf==2.9.0
pyperformance @ file:///home/qianhuiwang/cpython/site-packages/pyperformance/dist/pyperformance-1.11.0-py3-none-any.whl#sha256=5e7db3719781f5aaaa31704d7bc2566ec18ade1aa74b998aae4e93a9ebbaa849
pyproject_hooks==1.2.0
pytz==2021.1
sqlparse==0.4.1
# /home/qianhuiwang/cpython/build-purecap/python -m pip freeze
asgiref==3.6.0
build==1.2.2.post1
coverage==7.3.2
Django==4.2
legacy-cgi==2.6
packaging==24.2
psutil==7.0.0
pyperf==2.9.0
pyperformance @ file:///home/qianhuiwang/cpython/site-packages/pyperformance/dist/pyperformance-1.11.0-py3-none-any.whl#sha256=5e7db3719781f5aaaa31704d7bc2566ec18ade1aa74b998aae4e93a9ebbaa849
pyproject_hooks==1.2.0
pytz==2021.1
sqlparse==0.4.1

==================================================
( 3/83) creating venv for benchmark (async_generators)

(trying common venv first)
Installing requirements into the virtual environment /home/qianhuiwang/cpython/build-purecap
# /home/qianhuiwang/cpython/build-purecap/python -m pip install pyperf==2.9.0
Requirement already satisfied: pyperf==2.9.0 in ./lib/python3.12/site-packages (2.9.0)
Requirement already satisfied: psutil>=5.9.0 in ./lib/python3.12/site-packages (from pyperf==2.9.0) (7.0.0)
Installing requirements into the virtual environment /home/qianhuiwang/cpython/build-purecap
# /home/qianhuiwang/cpython/build-purecap/python -m pip install psutil
Requirement already satisfied: psutil in ./lib/python3.12/site-packages (7.0.0)
# /home/qianhuiwang/cpython/build-purecap/python -m pip freeze
asgiref==3.6.0
build==1.2.2.post1
coverage==7.3.2
Django==4.2
legacy-cgi==2.6
packaging==24.2
psutil==7.0.0
pyperf==2.9.0
pyperformance @ file:///home/qianhuiwang/cpython/site-packages/pyperformance/dist/pyperformance-1.11.0-py3-none-any.whl#sha256=5e7db3719781f5aaaa31704d7bc2566ec18ade1aa74b998aae4e93a9ebbaa849
pyproject_hooks==1.2.0
pytz==2021.1
sqlparse==0.4.1
# /home/qianhuiwang/cpython/build-purecap/python -m pip freeze
asgiref==3.6.0
build==1.2.2.post1
coverage==7.3.2
Django==4.2
legacy-cgi==2.6
packaging==24.2
psutil==7.0.0
pyperf==2.9.0
pyperformance @ file:///home/qianhuiwang/cpython/site-packages/pyperformance/dist/pyperformance-1.11.0-py3-none-any.whl#sha256=5e7db3719781f5aaaa31704d7bc2566ec18ade1aa74b998aae4e93a9ebbaa849
pyproject_hooks==1.2.0
pytz==2021.1
sqlparse==0.4.1

==================================================
( 4/83) creating venv for benchmark (async_tree)

(trying common venv first)
Installing requirements into the virtual environment /home/qianhuiwang/cpython/build-purecap
# /home/qianhuiwang/cpython/build-purecap/python -m pip install pyperf==2.9.0
Requirement already satisfied: pyperf==2.9.0 in ./lib/python3.12/site-packages (2.9.0)
Requirement already satisfied: psutil>=5.9.0 in ./lib/python3.12/site-packages (from pyperf==2.9.0) (7.0.0)
Installing requirements into the virtual environment /home/qianhuiwang/cpython/build-purecap
# /home/qianhuiwang/cpython/build-purecap/python -m pip install psutil
Requirement already satisfied: psutil in ./lib/python3.12/site-packages (7.0.0)
# /home/qianhuiwang/cpython/build-purecap/python -m pip freeze
asgiref==3.6.0
build==1.2.2.post1
coverage==7.3.2
Django==4.2
legacy-cgi==2.6
packaging==24.2
psutil==7.0.0
pyperf==2.9.0
pyperformance @ file:///home/qianhuiwang/cpython/site-packages/pyperformance/dist/pyperformance-1.11.0-py3-none-any.whl#sha256=5e7db3719781f5aaaa31704d7bc2566ec18ade1aa74b998aae4e93a9ebbaa849
pyproject_hooks==1.2.0
pytz==2021.1
sqlparse==0.4.1
# /home/qianhuiwang/cpython/build-purecap/python -m pip freeze
asgiref==3.6.0
build==1.2.2.post1
coverage==7.3.2
Django==4.2
legacy-cgi==2.6
packaging==24.2
psutil==7.0.0
pyperf==2.9.0
pyperformance @ file:///home/qianhuiwang/cpython/site-packages/pyperformance/dist/pyperformance-1.11.0-py3-none-any.whl#sha256=5e7db3719781f5aaaa31704d7bc2566ec18ade1aa74b998aae4e93a9ebbaa849
pyproject_hooks==1.2.0
pytz==2021.1
sqlparse==0.4.1

==================================================
( 5/83) creating venv for benchmark (async_tree_cpu_io_mixed)

(trying common venv first)
Installing requirements into the virtual environment /home/qianhuiwang/cpython/build-purecap
# /home/qianhuiwang/cpython/build-purecap/python -m pip install pyperf==2.9.0
Requirement already satisfied: pyperf==2.9.0 in ./lib/python3.12/site-packages (2.9.0)
Requirement already satisfied: psutil>=5.9.0 in ./lib/python3.12/site-packages (from pyperf==2.9.0) (7.0.0)
Installing requirements into the virtual environment /home/qianhuiwang/cpython/build-purecap
# /home/qianhuiwang/cpython/build-purecap/python -m pip install psutil
Requirement already satisfied: psutil in ./lib/python3.12/site-packages (7.0.0)
# /home/qianhuiwang/cpython/build-purecap/python -m pip freeze
asgiref==3.6.0
build==1.2.2.post1
coverage==7.3.2
Django==4.2
legacy-cgi==2.6
packaging==24.2
psutil==7.0.0
pyperf==2.9.0
pyperformance @ file:///home/qianhuiwang/cpython/site-packages/pyperformance/dist/pyperformance-1.11.0-py3-none-any.whl#sha256=5e7db3719781f5aaaa31704d7bc2566ec18ade1aa74b998aae4e93a9ebbaa849
pyproject_hooks==1.2.0
pytz==2021.1
sqlparse==0.4.1
# /home/qianhuiwang/cpython/build-purecap/python -m pip freeze
asgiref==3.6.0
build==1.2.2.post1
coverage==7.3.2
Django==4.2
legacy-cgi==2.6
packaging==24.2
psutil==7.0.0
pyperf==2.9.0
pyperformance @ file:///home/qianhuiwang/cpython/site-packages/pyperformance/dist/pyperformance-1.11.0-py3-none-any.whl#sha256=5e7db3719781f5aaaa31704d7bc2566ec18ade1aa74b998aae4e93a9ebbaa849
pyproject_hooks==1.2.0
pytz==2021.1
sqlparse==0.4.1

==================================================
( 6/83) creating venv for benchmark (async_tree_cpu_io_mixed_tg)

(trying common venv first)
Installing requirements into the virtual environment /home/qianhuiwang/cpython/build-purecap
# /home/qianhuiwang/cpython/build-purecap/python -m pip install pyperf==2.9.0
Requirement already satisfied: pyperf==2.9.0 in ./lib/python3.12/site-packages (2.9.0)
Requirement already satisfied: psutil>=5.9.0 in ./lib/python3.12/site-packages (from pyperf==2.9.0) (7.0.0)
Installing requirements into the virtual environment /home/qianhuiwang/cpython/build-purecap
# /home/qianhuiwang/cpython/build-purecap/python -m pip install psutil
Requirement already satisfied: psutil in ./lib/python3.12/site-packages (7.0.0)
# /home/qianhuiwang/cpython/build-purecap/python -m pip freeze
asgiref==3.6.0
build==1.2.2.post1
coverage==7.3.2
Django==4.2
legacy-cgi==2.6
packaging==24.2
psutil==7.0.0
pyperf==2.9.0
pyperformance @ file:///home/qianhuiwang/cpython/site-packages/pyperformance/dist/pyperformance-1.11.0-py3-none-any.whl#sha256=5e7db3719781f5aaaa31704d7bc2566ec18ade1aa74b998aae4e93a9ebbaa849
pyproject_hooks==1.2.0
pytz==2021.1
sqlparse==0.4.1
# /home/qianhuiwang/cpython/build-purecap/python -m pip freeze
asgiref==3.6.0
build==1.2.2.post1
coverage==7.3.2
Django==4.2
legacy-cgi==2.6
packaging==24.2
psutil==7.0.0
pyperf==2.9.0
pyperformance @ file:///home/qianhuiwang/cpython/site-packages/pyperformance/dist/pyperformance-1.11.0-py3-none-any.whl#sha256=5e7db3719781f5aaaa31704d7bc2566ec18ade1aa74b998aae4e93a9ebbaa849
pyproject_hooks==1.2.0
pytz==2021.1
sqlparse==0.4.1

==================================================
( 7/83) creating venv for benchmark (async_tree_eager)

(trying common venv first)
Installing requirements into the virtual environment /home/qianhuiwang/cpython/build-purecap
# /home/qianhuiwang/cpython/build-purecap/python -m pip install pyperf==2.9.0
Requirement already satisfied: pyperf==2.9.0 in ./lib/python3.12/site-packages (2.9.0)
Requirement already satisfied: psutil>=5.9.0 in ./lib/python3.12/site-packages (from pyperf==2.9.0) (7.0.0)
Installing requirements into the virtual environment /home/qianhuiwang/cpython/build-purecap
# /home/qianhuiwang/cpython/build-purecap/python -m pip install psutil
Requirement already satisfied: psutil in ./lib/python3.12/site-packages (7.0.0)
# /home/qianhuiwang/cpython/build-purecap/python -m pip freeze
asgiref==3.6.0
build==1.2.2.post1
coverage==7.3.2
Django==4.2
legacy-cgi==2.6
packaging==24.2
psutil==7.0.0
pyperf==2.9.0
pyperformance @ file:///home/qianhuiwang/cpython/site-packages/pyperformance/dist/pyperformance-1.11.0-py3-none-any.whl#sha256=5e7db3719781f5aaaa31704d7bc2566ec18ade1aa74b998aae4e93a9ebbaa849
pyproject_hooks==1.2.0
pytz==2021.1
sqlparse==0.4.1
# /home/qianhuiwang/cpython/build-purecap/python -m pip freeze
asgiref==3.6.0
build==1.2.2.post1
coverage==7.3.2
Django==4.2
legacy-cgi==2.6
packaging==24.2
psutil==7.0.0
pyperf==2.9.0
pyperformance @ file:///home/qianhuiwang/cpython/site-packages/pyperformance/dist/pyperformance-1.11.0-py3-none-any.whl#sha256=5e7db3719781f5aaaa31704d7bc2566ec18ade1aa74b998aae4e93a9ebbaa849
pyproject_hooks==1.2.0
pytz==2021.1
sqlparse==0.4.1

==================================================
( 8/83) creating venv for benchmark (async_tree_eager_cpu_io_mixed)

(trying common venv first)
Installing requirements into the virtual environment /home/qianhuiwang/cpython/build-purecap
# /home/qianhuiwang/cpython/build-purecap/python -m pip install pyperf==2.9.0
Requirement already satisfied: pyperf==2.9.0 in ./lib/python3.12/site-packages (2.9.0)
Requirement already satisfied: psutil>=5.9.0 in ./lib/python3.12/site-packages (from pyperf==2.9.0) (7.0.0)
Installing requirements into the virtual environment /home/qianhuiwang/cpython/build-purecap
# /home/qianhuiwang/cpython/build-purecap/python -m pip install psutil
Requirement already satisfied: psutil in ./lib/python3.12/site-packages (7.0.0)
# /home/qianhuiwang/cpython/build-purecap/python -m pip freeze
asgiref==3.6.0
build==1.2.2.post1
coverage==7.3.2
Django==4.2
legacy-cgi==2.6
packaging==24.2
psutil==7.0.0
pyperf==2.9.0
pyperformance @ file:///home/qianhuiwang/cpython/site-packages/pyperformance/dist/pyperformance-1.11.0-py3-none-any.whl#sha256=5e7db3719781f5aaaa31704d7bc2566ec18ade1aa74b998aae4e93a9ebbaa849
pyproject_hooks==1.2.0
pytz==2021.1
sqlparse==0.4.1
# /home/qianhuiwang/cpython/build-purecap/python -m pip freeze
asgiref==3.6.0
build==1.2.2.post1
coverage==7.3.2
Django==4.2
legacy-cgi==2.6
packaging==24.2
psutil==7.0.0
pyperf==2.9.0
pyperformance @ file:///home/qianhuiwang/cpython/site-packages/pyperformance/dist/pyperformance-1.11.0-py3-none-any.whl#sha256=5e7db3719781f5aaaa31704d7bc2566ec18ade1aa74b998aae4e93a9ebbaa849
pyproject_hooks==1.2.0
pytz==2021.1
sqlparse==0.4.1

==================================================
( 9/83) creating venv for benchmark (async_tree_eager_cpu_io_mixed_tg)

(trying common venv first)
Installing requirements into the virtual environment /home/qianhuiwang/cpython/build-purecap
# /home/qianhuiwang/cpython/build-purecap/python -m pip install pyperf==2.9.0
Requirement already satisfied: pyperf==2.9.0 in ./lib/python3.12/site-packages (2.9.0)
Requirement already satisfied: psutil>=5.9.0 in ./lib/python3.12/site-packages (from pyperf==2.9.0) (7.0.0)
Installing requirements into the virtual environment /home/qianhuiwang/cpython/build-purecap
# /home/qianhuiwang/cpython/build-purecap/python -m pip install psutil
Requirement already satisfied: psutil in ./lib/python3.12/site-packages (7.0.0)
# /home/qianhuiwang/cpython/build-purecap/python -m pip freeze
asgiref==3.6.0
build==1.2.2.post1
coverage==7.3.2
Django==4.2
legacy-cgi==2.6
packaging==24.2
psutil==7.0.0
pyperf==2.9.0
pyperformance @ file:///home/qianhuiwang/cpython/site-packages/pyperformance/dist/pyperformance-1.11.0-py3-none-any.whl#sha256=5e7db3719781f5aaaa31704d7bc2566ec18ade1aa74b998aae4e93a9ebbaa849
pyproject_hooks==1.2.0
pytz==2021.1
sqlparse==0.4.1
# /home/qianhuiwang/cpython/build-purecap/python -m pip freeze
asgiref==3.6.0
build==1.2.2.post1
coverage==7.3.2
Django==4.2
legacy-cgi==2.6
packaging==24.2
psutil==7.0.0
pyperf==2.9.0
pyperformance @ file:///home/qianhuiwang/cpython/site-packages/pyperformance/dist/pyperformance-1.11.0-py3-none-any.whl#sha256=5e7db3719781f5aaaa31704d7bc2566ec18ade1aa74b998aae4e93a9ebbaa849
pyproject_hooks==1.2.0
pytz==2021.1
sqlparse==0.4.1

==================================================
(10/83) creating venv for benchmark (async_tree_eager_io)

(trying common venv first)
Installing requirements into the virtual environment /home/qianhuiwang/cpython/build-purecap
# /home/qianhuiwang/cpython/build-purecap/python -m pip install pyperf==2.9.0
Requirement already satisfied: pyperf==2.9.0 in ./lib/python3.12/site-packages (2.9.0)
Requirement already satisfied: psutil>=5.9.0 in ./lib/python3.12/site-packages (from pyperf==2.9.0) (7.0.0)
Installing requirements into the virtual environment /home/qianhuiwang/cpython/build-purecap
# /home/qianhuiwang/cpython/build-purecap/python -m pip install psutil
Requirement already satisfied: psutil in ./lib/python3.12/site-packages (7.0.0)
# /home/qianhuiwang/cpython/build-purecap/python -m pip freeze
asgiref==3.6.0
build==1.2.2.post1
coverage==7.3.2
Django==4.2
legacy-cgi==2.6
packaging==24.2
psutil==7.0.0
pyperf==2.9.0
pyperformance @ file:///home/qianhuiwang/cpython/site-packages/pyperformance/dist/pyperformance-1.11.0-py3-none-any.whl#sha256=5e7db3719781f5aaaa31704d7bc2566ec18ade1aa74b998aae4e93a9ebbaa849
pyproject_hooks==1.2.0
pytz==2021.1
sqlparse==0.4.1
# /home/qianhuiwang/cpython/build-purecap/python -m pip freeze
asgiref==3.6.0
build==1.2.2.post1
coverage==7.3.2
Django==4.2
legacy-cgi==2.6
packaging==24.2
psutil==7.0.0
pyperf==2.9.0
pyperformance @ file:///home/qianhuiwang/cpython/site-packages/pyperformance/dist/pyperformance-1.11.0-py3-none-any.whl#sha256=5e7db3719781f5aaaa31704d7bc2566ec18ade1aa74b998aae4e93a9ebbaa849
pyproject_hooks==1.2.0
pytz==2021.1
sqlparse==0.4.1

==================================================
(11/83) creating venv for benchmark (async_tree_eager_io_tg)

(trying common venv first)
Installing requirements into the virtual environment /home/qianhuiwang/cpython/build-purecap
# /home/qianhuiwang/cpython/build-purecap/python -m pip install pyperf==2.9.0
Requirement already satisfied: pyperf==2.9.0 in ./lib/python3.12/site-packages (2.9.0)
Requirement already satisfied: psutil>=5.9.0 in ./lib/python3.12/site-packages (from pyperf==2.9.0) (7.0.0)
Installing requirements into the virtual environment /home/qianhuiwang/cpython/build-purecap
# /home/qianhuiwang/cpython/build-purecap/python -m pip install psutil
Requirement already satisfied: psutil in ./lib/python3.12/site-packages (7.0.0)
# /home/qianhuiwang/cpython/build-purecap/python -m pip freeze
asgiref==3.6.0
build==1.2.2.post1
coverage==7.3.2
Django==4.2
legacy-cgi==2.6
packaging==24.2
psutil==7.0.0
pyperf==2.9.0
pyperformance @ file:///home/qianhuiwang/cpython/site-packages/pyperformance/dist/pyperformance-1.11.0-py3-none-any.whl#sha256=5e7db3719781f5aaaa31704d7bc2566ec18ade1aa74b998aae4e93a9ebbaa849
pyproject_hooks==1.2.0
pytz==2021.1
sqlparse==0.4.1
# /home/qianhuiwang/cpython/build-purecap/python -m pip freeze
asgiref==3.6.0
build==1.2.2.post1
coverage==7.3.2
Django==4.2
legacy-cgi==2.6
packaging==24.2
psutil==7.0.0
pyperf==2.9.0
pyperformance @ file:///home/qianhuiwang/cpython/site-packages/pyperformance/dist/pyperformance-1.11.0-py3-none-any.whl#sha256=5e7db3719781f5aaaa31704d7bc2566ec18ade1aa74b998aae4e93a9ebbaa849
pyproject_hooks==1.2.0
pytz==2021.1
sqlparse==0.4.1

==================================================
(12/83) creating venv for benchmark (async_tree_eager_memoization)

(trying common venv first)
Installing requirements into the virtual environment /home/qianhuiwang/cpython/build-purecap
# /home/qianhuiwang/cpython/build-purecap/python -m pip install pyperf==2.9.0
Requirement already satisfied: pyperf==2.9.0 in ./lib/python3.12/site-packages (2.9.0)
Requirement already satisfied: psutil>=5.9.0 in ./lib/python3.12/site-packages (from pyperf==2.9.0) (7.0.0)
Installing requirements into the virtual environment /home/qianhuiwang/cpython/build-purecap
# /home/qianhuiwang/cpython/build-purecap/python -m pip install psutil
Requirement already satisfied: psutil in ./lib/python3.12/site-packages (7.0.0)
# /home/qianhuiwang/cpython/build-purecap/python -m pip freeze
asgiref==3.6.0
build==1.2.2.post1
coverage==7.3.2
Django==4.2
legacy-cgi==2.6
packaging==24.2
psutil==7.0.0
pyperf==2.9.0
pyperformance @ file:///home/qianhuiwang/cpython/site-packages/pyperformance/dist/pyperformance-1.11.0-py3-none-any.whl#sha256=5e7db3719781f5aaaa31704d7bc2566ec18ade1aa74b998aae4e93a9ebbaa849
pyproject_hooks==1.2.0
pytz==2021.1
sqlparse==0.4.1
# /home/qianhuiwang/cpython/build-purecap/python -m pip freeze
asgiref==3.6.0
build==1.2.2.post1
coverage==7.3.2
Django==4.2
legacy-cgi==2.6
packaging==24.2
psutil==7.0.0
pyperf==2.9.0
pyperformance @ file:///home/qianhuiwang/cpython/site-packages/pyperformance/dist/pyperformance-1.11.0-py3-none-any.whl#sha256=5e7db3719781f5aaaa31704d7bc2566ec18ade1aa74b998aae4e93a9ebbaa849
pyproject_hooks==1.2.0
pytz==2021.1
sqlparse==0.4.1

==================================================
(13/83) creating venv for benchmark (async_tree_eager_memoization_tg)

(trying common venv first)
Installing requirements into the virtual environment /home/qianhuiwang/cpython/build-purecap
# /home/qianhuiwang/cpython/build-purecap/python -m pip install pyperf==2.9.0
Requirement already satisfied: pyperf==2.9.0 in ./lib/python3.12/site-packages (2.9.0)
Requirement already satisfied: psutil>=5.9.0 in ./lib/python3.12/site-packages (from pyperf==2.9.0) (7.0.0)
Installing requirements into the virtual environment /home/qianhuiwang/cpython/build-purecap
# /home/qianhuiwang/cpython/build-purecap/python -m pip install psutil
Requirement already satisfied: psutil in ./lib/python3.12/site-packages (7.0.0)
# /home/qianhuiwang/cpython/build-purecap/python -m pip freeze
asgiref==3.6.0
build==1.2.2.post1
coverage==7.3.2
Django==4.2
legacy-cgi==2.6
packaging==24.2
psutil==7.0.0
pyperf==2.9.0
pyperformance @ file:///home/qianhuiwang/cpython/site-packages/pyperformance/dist/pyperformance-1.11.0-py3-none-any.whl#sha256=5e7db3719781f5aaaa31704d7bc2566ec18ade1aa74b998aae4e93a9ebbaa849
pyproject_hooks==1.2.0
pytz==2021.1
sqlparse==0.4.1
# /home/qianhuiwang/cpython/build-purecap/python -m pip freeze
asgiref==3.6.0
build==1.2.2.post1
coverage==7.3.2
Django==4.2
legacy-cgi==2.6
packaging==24.2
psutil==7.0.0
pyperf==2.9.0
pyperformance @ file:///home/qianhuiwang/cpython/site-packages/pyperformance/dist/pyperformance-1.11.0-py3-none-any.whl#sha256=5e7db3719781f5aaaa31704d7bc2566ec18ade1aa74b998aae4e93a9ebbaa849
pyproject_hooks==1.2.0
pytz==2021.1
sqlparse==0.4.1

==================================================
(14/83) creating venv for benchmark (async_tree_eager_tg)

(trying common venv first)
Installing requirements into the virtual environment /home/qianhuiwang/cpython/build-purecap
# /home/qianhuiwang/cpython/build-purecap/python -m pip install pyperf==2.9.0
Requirement already satisfied: pyperf==2.9.0 in ./lib/python3.12/site-packages (2.9.0)
Requirement already satisfied: psutil>=5.9.0 in ./lib/python3.12/site-packages (from pyperf==2.9.0) (7.0.0)
Installing requirements into the virtual environment /home/qianhuiwang/cpython/build-purecap
# /home/qianhuiwang/cpython/build-purecap/python -m pip install psutil
Requirement already satisfied: psutil in ./lib/python3.12/site-packages (7.0.0)
# /home/qianhuiwang/cpython/build-purecap/python -m pip freeze
asgiref==3.6.0
build==1.2.2.post1
coverage==7.3.2
Django==4.2
legacy-cgi==2.6
packaging==24.2
psutil==7.0.0
pyperf==2.9.0
pyperformance @ file:///home/qianhuiwang/cpython/site-packages/pyperformance/dist/pyperformance-1.11.0-py3-none-any.whl#sha256=5e7db3719781f5aaaa31704d7bc2566ec18ade1aa74b998aae4e93a9ebbaa849
pyproject_hooks==1.2.0
pytz==2021.1
sqlparse==0.4.1
# /home/qianhuiwang/cpython/build-purecap/python -m pip freeze
asgiref==3.6.0
build==1.2.2.post1
coverage==7.3.2
Django==4.2
legacy-cgi==2.6
packaging==24.2
psutil==7.0.0
pyperf==2.9.0
pyperformance @ file:///home/qianhuiwang/cpython/site-packages/pyperformance/dist/pyperformance-1.11.0-py3-none-any.whl#sha256=5e7db3719781f5aaaa31704d7bc2566ec18ade1aa74b998aae4e93a9ebbaa849
pyproject_hooks==1.2.0
pytz==2021.1
sqlparse==0.4.1

==================================================
(15/83) creating venv for benchmark (async_tree_io)

(trying common venv first)
Installing requirements into the virtual environment /home/qianhuiwang/cpython/build-purecap
# /home/qianhuiwang/cpython/build-purecap/python -m pip install pyperf==2.9.0
Requirement already satisfied: pyperf==2.9.0 in ./lib/python3.12/site-packages (2.9.0)
Requirement already satisfied: psutil>=5.9.0 in ./lib/python3.12/site-packages (from pyperf==2.9.0) (7.0.0)
Installing requirements into the virtual environment /home/qianhuiwang/cpython/build-purecap
# /home/qianhuiwang/cpython/build-purecap/python -m pip install psutil
Requirement already satisfied: psutil in ./lib/python3.12/site-packages (7.0.0)
# /home/qianhuiwang/cpython/build-purecap/python -m pip freeze
asgiref==3.6.0
build==1.2.2.post1
coverage==7.3.2
Django==4.2
legacy-cgi==2.6
packaging==24.2
psutil==7.0.0
pyperf==2.9.0
pyperformance @ file:///home/qianhuiwang/cpython/site-packages/pyperformance/dist/pyperformance-1.11.0-py3-none-any.whl#sha256=5e7db3719781f5aaaa31704d7bc2566ec18ade1aa74b998aae4e93a9ebbaa849
pyproject_hooks==1.2.0
pytz==2021.1
sqlparse==0.4.1
# /home/qianhuiwang/cpython/build-purecap/python -m pip freeze
asgiref==3.6.0
build==1.2.2.post1
coverage==7.3.2
Django==4.2
legacy-cgi==2.6
packaging==24.2
psutil==7.0.0
pyperf==2.9.0
pyperformance @ file:///home/qianhuiwang/cpython/site-packages/pyperformance/dist/pyperformance-1.11.0-py3-none-any.whl#sha256=5e7db3719781f5aaaa31704d7bc2566ec18ade1aa74b998aae4e93a9ebbaa849
pyproject_hooks==1.2.0
pytz==2021.1
sqlparse==0.4.1

==================================================
(16/83) creating venv for benchmark (async_tree_io_tg)

(trying common venv first)
Installing requirements into the virtual environment /home/qianhuiwang/cpython/build-purecap
# /home/qianhuiwang/cpython/build-purecap/python -m pip install pyperf==2.9.0
Requirement already satisfied: pyperf==2.9.0 in ./lib/python3.12/site-packages (2.9.0)
Requirement already satisfied: psutil>=5.9.0 in ./lib/python3.12/site-packages (from pyperf==2.9.0) (7.0.0)
Installing requirements into the virtual environment /home/qianhuiwang/cpython/build-purecap
# /home/qianhuiwang/cpython/build-purecap/python -m pip install psutil
Requirement already satisfied: psutil in ./lib/python3.12/site-packages (7.0.0)
# /home/qianhuiwang/cpython/build-purecap/python -m pip freeze
asgiref==3.6.0
build==1.2.2.post1
coverage==7.3.2
Django==4.2
legacy-cgi==2.6
packaging==24.2
psutil==7.0.0
pyperf==2.9.0
pyperformance @ file:///home/qianhuiwang/cpython/site-packages/pyperformance/dist/pyperformance-1.11.0-py3-none-any.whl#sha256=5e7db3719781f5aaaa31704d7bc2566ec18ade1aa74b998aae4e93a9ebbaa849
pyproject_hooks==1.2.0
pytz==2021.1
sqlparse==0.4.1
# /home/qianhuiwang/cpython/build-purecap/python -m pip freeze
asgiref==3.6.0
build==1.2.2.post1
coverage==7.3.2
Django==4.2
legacy-cgi==2.6
packaging==24.2
psutil==7.0.0
pyperf==2.9.0
pyperformance @ file:///home/qianhuiwang/cpython/site-packages/pyperformance/dist/pyperformance-1.11.0-py3-none-any.whl#sha256=5e7db3719781f5aaaa31704d7bc2566ec18ade1aa74b998aae4e93a9ebbaa849
pyproject_hooks==1.2.0
pytz==2021.1
sqlparse==0.4.1

==================================================
(17/83) creating venv for benchmark (async_tree_memoization)

(trying common venv first)
Installing requirements into the virtual environment /home/qianhuiwang/cpython/build-purecap
# /home/qianhuiwang/cpython/build-purecap/python -m pip install pyperf==2.9.0
Requirement already satisfied: pyperf==2.9.0 in ./lib/python3.12/site-packages (2.9.0)
Requirement already satisfied: psutil>=5.9.0 in ./lib/python3.12/site-packages (from pyperf==2.9.0) (7.0.0)
Installing requirements into the virtual environment /home/qianhuiwang/cpython/build-purecap
# /home/qianhuiwang/cpython/build-purecap/python -m pip install psutil
Requirement already satisfied: psutil in ./lib/python3.12/site-packages (7.0.0)
# /home/qianhuiwang/cpython/build-purecap/python -m pip freeze
asgiref==3.6.0
build==1.2.2.post1
coverage==7.3.2
Django==4.2
legacy-cgi==2.6
packaging==24.2
psutil==7.0.0
pyperf==2.9.0
pyperformance @ file:///home/qianhuiwang/cpython/site-packages/pyperformance/dist/pyperformance-1.11.0-py3-none-any.whl#sha256=5e7db3719781f5aaaa31704d7bc2566ec18ade1aa74b998aae4e93a9ebbaa849
pyproject_hooks==1.2.0
pytz==2021.1
sqlparse==0.4.1
# /home/qianhuiwang/cpython/build-purecap/python -m pip freeze
asgiref==3.6.0
build==1.2.2.post1
coverage==7.3.2
Django==4.2
legacy-cgi==2.6
packaging==24.2
psutil==7.0.0
pyperf==2.9.0
pyperformance @ file:///home/qianhuiwang/cpython/site-packages/pyperformance/dist/pyperformance-1.11.0-py3-none-any.whl#sha256=5e7db3719781f5aaaa31704d7bc2566ec18ade1aa74b998aae4e93a9ebbaa849
pyproject_hooks==1.2.0
pytz==2021.1
sqlparse==0.4.1

==================================================
(18/83) creating venv for benchmark (async_tree_memoization_tg)

(trying common venv first)
Installing requirements into the virtual environment /home/qianhuiwang/cpython/build-purecap
# /home/qianhuiwang/cpython/build-purecap/python -m pip install pyperf==2.9.0
Requirement already satisfied: pyperf==2.9.0 in ./lib/python3.12/site-packages (2.9.0)
Requirement already satisfied: psutil>=5.9.0 in ./lib/python3.12/site-packages (from pyperf==2.9.0) (7.0.0)
Installing requirements into the virtual environment /home/qianhuiwang/cpython/build-purecap
# /home/qianhuiwang/cpython/build-purecap/python -m pip install psutil
Requirement already satisfied: psutil in ./lib/python3.12/site-packages (7.0.0)
# /home/qianhuiwang/cpython/build-purecap/python -m pip freeze
asgiref==3.6.0
build==1.2.2.post1
coverage==7.3.2
Django==4.2
legacy-cgi==2.6
packaging==24.2
psutil==7.0.0
pyperf==2.9.0
pyperformance @ file:///home/qianhuiwang/cpython/site-packages/pyperformance/dist/pyperformance-1.11.0-py3-none-any.whl#sha256=5e7db3719781f5aaaa31704d7bc2566ec18ade1aa74b998aae4e93a9ebbaa849
pyproject_hooks==1.2.0
pytz==2021.1
sqlparse==0.4.1
# /home/qianhuiwang/cpython/build-purecap/python -m pip freeze
asgiref==3.6.0
build==1.2.2.post1
coverage==7.3.2
Django==4.2
legacy-cgi==2.6
packaging==24.2
psutil==7.0.0
pyperf==2.9.0
pyperformance @ file:///home/qianhuiwang/cpython/site-packages/pyperformance/dist/pyperformance-1.11.0-py3-none-any.whl#sha256=5e7db3719781f5aaaa31704d7bc2566ec18ade1aa74b998aae4e93a9ebbaa849
pyproject_hooks==1.2.0
pytz==2021.1
sqlparse==0.4.1

==================================================
(19/83) creating venv for benchmark (async_tree_tg)

(trying common venv first)
Installing requirements into the virtual environment /home/qianhuiwang/cpython/build-purecap
# /home/qianhuiwang/cpython/build-purecap/python -m pip install pyperf==2.9.0
Requirement already satisfied: pyperf==2.9.0 in ./lib/python3.12/site-packages (2.9.0)
Requirement already satisfied: psutil>=5.9.0 in ./lib/python3.12/site-packages (from pyperf==2.9.0) (7.0.0)
Installing requirements into the virtual environment /home/qianhuiwang/cpython/build-purecap
# /home/qianhuiwang/cpython/build-purecap/python -m pip install psutil
Requirement already satisfied: psutil in ./lib/python3.12/site-packages (7.0.0)
# /home/qianhuiwang/cpython/build-purecap/python -m pip freeze
asgiref==3.6.0
build==1.2.2.post1
coverage==7.3.2
Django==4.2
legacy-cgi==2.6
packaging==24.2
psutil==7.0.0
pyperf==2.9.0
pyperformance @ file:///home/qianhuiwang/cpython/site-packages/pyperformance/dist/pyperformance-1.11.0-py3-none-any.whl#sha256=5e7db3719781f5aaaa31704d7bc2566ec18ade1aa74b998aae4e93a9ebbaa849
pyproject_hooks==1.2.0
pytz==2021.1
sqlparse==0.4.1
# /home/qianhuiwang/cpython/build-purecap/python -m pip freeze
asgiref==3.6.0
build==1.2.2.post1
coverage==7.3.2
Django==4.2
legacy-cgi==2.6
packaging==24.2
psutil==7.0.0
pyperf==2.9.0
pyperformance @ file:///home/qianhuiwang/cpython/site-packages/pyperformance/dist/pyperformance-1.11.0-py3-none-any.whl#sha256=5e7db3719781f5aaaa31704d7bc2566ec18ade1aa74b998aae4e93a9ebbaa849
pyproject_hooks==1.2.0
pytz==2021.1
sqlparse==0.4.1

==================================================
(20/83) creating venv for benchmark (bpe_tokeniser)

(trying common venv first)
Installing requirements into the virtual environment /home/qianhuiwang/cpython/build-purecap
# /home/qianhuiwang/cpython/build-purecap/python -m pip install pyperf==2.9.0
Requirement already satisfied: pyperf==2.9.0 in ./lib/python3.12/site-packages (2.9.0)
Requirement already satisfied: psutil>=5.9.0 in ./lib/python3.12/site-packages (from pyperf==2.9.0) (7.0.0)
Installing requirements into the virtual environment /home/qianhuiwang/cpython/build-purecap
# /home/qianhuiwang/cpython/build-purecap/python -m pip install psutil
Requirement already satisfied: psutil in ./lib/python3.12/site-packages (7.0.0)
# /home/qianhuiwang/cpython/build-purecap/python -m pip freeze
asgiref==3.6.0
build==1.2.2.post1
coverage==7.3.2
Django==4.2
legacy-cgi==2.6
packaging==24.2
psutil==7.0.0
pyperf==2.9.0
pyperformance @ file:///home/qianhuiwang/cpython/site-packages/pyperformance/dist/pyperformance-1.11.0-py3-none-any.whl#sha256=5e7db3719781f5aaaa31704d7bc2566ec18ade1aa74b998aae4e93a9ebbaa849
pyproject_hooks==1.2.0
pytz==2021.1
sqlparse==0.4.1
# /home/qianhuiwang/cpython/build-purecap/python -m pip freeze
asgiref==3.6.0
build==1.2.2.post1
coverage==7.3.2
Django==4.2
legacy-cgi==2.6
packaging==24.2
psutil==7.0.0
pyperf==2.9.0
pyperformance @ file:///home/qianhuiwang/cpython/site-packages/pyperformance/dist/pyperformance-1.11.0-py3-none-any.whl#sha256=5e7db3719781f5aaaa31704d7bc2566ec18ade1aa74b998aae4e93a9ebbaa849
pyproject_hooks==1.2.0
pytz==2021.1
sqlparse==0.4.1

==================================================
(21/83) creating venv for benchmark (chameleon)

(trying common venv first)
Installing requirements into the virtual environment /home/qianhuiwang/cpython/build-purecap
# /home/qianhuiwang/cpython/build-purecap/python -m pip install chameleon==3.9.1 pyperf==2.9.0
Collecting chameleon==3.9.1
  Using cached Chameleon-3.9.1-py2.py3-none-any.whl
Requirement already satisfied: pyperf==2.9.0 in ./lib/python3.12/site-packages (2.9.0)
Requirement already satisfied: psutil>=5.9.0 in ./lib/python3.12/site-packages (from pyperf==2.9.0) (7.0.0)
Installing collected packages: chameleon
Successfully installed chameleon-3.9.1
Installing requirements into the virtual environment /home/qianhuiwang/cpython/build-purecap
# /home/qianhuiwang/cpython/build-purecap/python -m pip install psutil
Requirement already satisfied: psutil in ./lib/python3.12/site-packages (7.0.0)
# /home/qianhuiwang/cpython/build-purecap/python -m pip freeze
asgiref==3.6.0
build==1.2.2.post1
Chameleon==3.9.1
coverage==7.3.2
Django==4.2
legacy-cgi==2.6
packaging==24.2
psutil==7.0.0
pyperf==2.9.0
pyperformance @ file:///home/qianhuiwang/cpython/site-packages/pyperformance/dist/pyperformance-1.11.0-py3-none-any.whl#sha256=5e7db3719781f5aaaa31704d7bc2566ec18ade1aa74b998aae4e93a9ebbaa849
pyproject_hooks==1.2.0
pytz==2021.1
sqlparse==0.4.1
# /home/qianhuiwang/cpython/build-purecap/python -m pip freeze
asgiref==3.6.0
build==1.2.2.post1
Chameleon==3.9.1
coverage==7.3.2
Django==4.2
legacy-cgi==2.6
packaging==24.2
psutil==7.0.0
pyperf==2.9.0
pyperformance @ file:///home/qianhuiwang/cpython/site-packages/pyperformance/dist/pyperformance-1.11.0-py3-none-any.whl#sha256=5e7db3719781f5aaaa31704d7bc2566ec18ade1aa74b998aae4e93a9ebbaa849
pyproject_hooks==1.2.0
pytz==2021.1
sqlparse==0.4.1

==================================================
(22/83) creating venv for benchmark (chaos)

(trying common venv first)
Installing requirements into the virtual environment /home/qianhuiwang/cpython/build-purecap
# /home/qianhuiwang/cpython/build-purecap/python -m pip install pyperf==2.9.0
Requirement already satisfied: pyperf==2.9.0 in ./lib/python3.12/site-packages (2.9.0)
Requirement already satisfied: psutil>=5.9.0 in ./lib/python3.12/site-packages (from pyperf==2.9.0) (7.0.0)
Installing requirements into the virtual environment /home/qianhuiwang/cpython/build-purecap
# /home/qianhuiwang/cpython/build-purecap/python -m pip install psutil
Requirement already satisfied: psutil in ./lib/python3.12/site-packages (7.0.0)
# /home/qianhuiwang/cpython/build-purecap/python -m pip freeze
asgiref==3.6.0
build==1.2.2.post1
Chameleon==3.9.1
coverage==7.3.2
Django==4.2
legacy-cgi==2.6
packaging==24.2
psutil==7.0.0
pyperf==2.9.0
pyperformance @ file:///home/qianhuiwang/cpython/site-packages/pyperformance/dist/pyperformance-1.11.0-py3-none-any.whl#sha256=5e7db3719781f5aaaa31704d7bc2566ec18ade1aa74b998aae4e93a9ebbaa849
pyproject_hooks==1.2.0
pytz==2021.1
sqlparse==0.4.1
# /home/qianhuiwang/cpython/build-purecap/python -m pip freeze
asgiref==3.6.0
build==1.2.2.post1
Chameleon==3.9.1
coverage==7.3.2
Django==4.2
legacy-cgi==2.6
packaging==24.2
psutil==7.0.0
pyperf==2.9.0
pyperformance @ file:///home/qianhuiwang/cpython/site-packages/pyperformance/dist/pyperformance-1.11.0-py3-none-any.whl#sha256=5e7db3719781f5aaaa31704d7bc2566ec18ade1aa74b998aae4e93a9ebbaa849
pyproject_hooks==1.2.0
pytz==2021.1
sqlparse==0.4.1

==================================================
(23/83) creating venv for benchmark (comprehensions)

(trying common venv first)
Installing requirements into the virtual environment /home/qianhuiwang/cpython/build-purecap
# /home/qianhuiwang/cpython/build-purecap/python -m pip install pyperf==2.9.0
Requirement already satisfied: pyperf==2.9.0 in ./lib/python3.12/site-packages (2.9.0)
Requirement already satisfied: psutil>=5.9.0 in ./lib/python3.12/site-packages (from pyperf==2.9.0) (7.0.0)
Installing requirements into the virtual environment /home/qianhuiwang/cpython/build-purecap
# /home/qianhuiwang/cpython/build-purecap/python -m pip install psutil
Requirement already satisfied: psutil in ./lib/python3.12/site-packages (7.0.0)
# /home/qianhuiwang/cpython/build-purecap/python -m pip freeze
asgiref==3.6.0
build==1.2.2.post1
Chameleon==3.9.1
coverage==7.3.2
Django==4.2
legacy-cgi==2.6
packaging==24.2
psutil==7.0.0
pyperf==2.9.0
pyperformance @ file:///home/qianhuiwang/cpython/site-packages/pyperformance/dist/pyperformance-1.11.0-py3-none-any.whl#sha256=5e7db3719781f5aaaa31704d7bc2566ec18ade1aa74b998aae4e93a9ebbaa849
pyproject_hooks==1.2.0
pytz==2021.1
sqlparse==0.4.1
# /home/qianhuiwang/cpython/build-purecap/python -m pip freeze
asgiref==3.6.0
build==1.2.2.post1
Chameleon==3.9.1
coverage==7.3.2
Django==4.2
legacy-cgi==2.6
packaging==24.2
psutil==7.0.0
pyperf==2.9.0
pyperformance @ file:///home/qianhuiwang/cpython/site-packages/pyperformance/dist/pyperformance-1.11.0-py3-none-any.whl#sha256=5e7db3719781f5aaaa31704d7bc2566ec18ade1aa74b998aae4e93a9ebbaa849
pyproject_hooks==1.2.0
pytz==2021.1
sqlparse==0.4.1

==================================================
(24/83) creating venv for benchmark (concurrent_imap)

(trying common venv first)
Installing requirements into the virtual environment /home/qianhuiwang/cpython/build-purecap
# /home/qianhuiwang/cpython/build-purecap/python -m pip install pyperf==2.9.0
Requirement already satisfied: pyperf==2.9.0 in ./lib/python3.12/site-packages (2.9.0)
Requirement already satisfied: psutil>=5.9.0 in ./lib/python3.12/site-packages (from pyperf==2.9.0) (7.0.0)
Installing requirements into the virtual environment /home/qianhuiwang/cpython/build-purecap
# /home/qianhuiwang/cpython/build-purecap/python -m pip install psutil
Requirement already satisfied: psutil in ./lib/python3.12/site-packages (7.0.0)
# /home/qianhuiwang/cpython/build-purecap/python -m pip freeze
asgiref==3.6.0
build==1.2.2.post1
Chameleon==3.9.1
coverage==7.3.2
Django==4.2
legacy-cgi==2.6
packaging==24.2
psutil==7.0.0
pyperf==2.9.0
pyperformance @ file:///home/qianhuiwang/cpython/site-packages/pyperformance/dist/pyperformance-1.11.0-py3-none-any.whl#sha256=5e7db3719781f5aaaa31704d7bc2566ec18ade1aa74b998aae4e93a9ebbaa849
pyproject_hooks==1.2.0
pytz==2021.1
sqlparse==0.4.1
# /home/qianhuiwang/cpython/build-purecap/python -m pip freeze
asgiref==3.6.0
build==1.2.2.post1
Chameleon==3.9.1
coverage==7.3.2
Django==4.2
legacy-cgi==2.6
packaging==24.2
psutil==7.0.0
pyperf==2.9.0
pyperformance @ file:///home/qianhuiwang/cpython/site-packages/pyperformance/dist/pyperformance-1.11.0-py3-none-any.whl#sha256=5e7db3719781f5aaaa31704d7bc2566ec18ade1aa74b998aae4e93a9ebbaa849
pyproject_hooks==1.2.0
pytz==2021.1
sqlparse==0.4.1

==================================================
(25/83) creating venv for benchmark (coroutines)

(trying common venv first)
Installing requirements into the virtual environment /home/qianhuiwang/cpython/build-purecap
# /home/qianhuiwang/cpython/build-purecap/python -m pip install pyperf==2.9.0
Requirement already satisfied: pyperf==2.9.0 in ./lib/python3.12/site-packages (2.9.0)
Requirement already satisfied: psutil>=5.9.0 in ./lib/python3.12/site-packages (from pyperf==2.9.0) (7.0.0)
Installing requirements into the virtual environment /home/qianhuiwang/cpython/build-purecap
# /home/qianhuiwang/cpython/build-purecap/python -m pip install psutil
Requirement already satisfied: psutil in ./lib/python3.12/site-packages (7.0.0)
# /home/qianhuiwang/cpython/build-purecap/python -m pip freeze
asgiref==3.6.0
build==1.2.2.post1
Chameleon==3.9.1
coverage==7.3.2
Django==4.2
legacy-cgi==2.6
packaging==24.2
psutil==7.0.0
pyperf==2.9.0
pyperformance @ file:///home/qianhuiwang/cpython/site-packages/pyperformance/dist/pyperformance-1.11.0-py3-none-any.whl#sha256=5e7db3719781f5aaaa31704d7bc2566ec18ade1aa74b998aae4e93a9ebbaa849
pyproject_hooks==1.2.0
pytz==2021.1
sqlparse==0.4.1
# /home/qianhuiwang/cpython/build-purecap/python -m pip freeze
asgiref==3.6.0
build==1.2.2.post1
Chameleon==3.9.1
coverage==7.3.2
Django==4.2
legacy-cgi==2.6
packaging==24.2
psutil==7.0.0
pyperf==2.9.0
pyperformance @ file:///home/qianhuiwang/cpython/site-packages/pyperformance/dist/pyperformance-1.11.0-py3-none-any.whl#sha256=5e7db3719781f5aaaa31704d7bc2566ec18ade1aa74b998aae4e93a9ebbaa849
pyproject_hooks==1.2.0
pytz==2021.1
sqlparse==0.4.1

==================================================
(26/83) creating venv for benchmark (coverage)

(trying common venv first)
Installing requirements into the virtual environment /home/qianhuiwang/cpython/build-purecap
# /home/qianhuiwang/cpython/build-purecap/python -m pip install coverage==7.3.2 pyperf==2.9.0
Requirement already satisfied: coverage==7.3.2 in ./lib/python3.12/site-packages (7.3.2)
Requirement already satisfied: pyperf==2.9.0 in ./lib/python3.12/site-packages (2.9.0)
Requirement already satisfied: psutil>=5.9.0 in ./lib/python3.12/site-packages (from pyperf==2.9.0) (7.0.0)
Installing requirements into the virtual environment /home/qianhuiwang/cpython/build-purecap
# /home/qianhuiwang/cpython/build-purecap/python -m pip install psutil
Requirement already satisfied: psutil in ./lib/python3.12/site-packages (7.0.0)
# /home/qianhuiwang/cpython/build-purecap/python -m pip freeze
asgiref==3.6.0
build==1.2.2.post1
Chameleon==3.9.1
coverage==7.3.2
Django==4.2
legacy-cgi==2.6
packaging==24.2
psutil==7.0.0
pyperf==2.9.0
pyperformance @ file:///home/qianhuiwang/cpython/site-packages/pyperformance/dist/pyperformance-1.11.0-py3-none-any.whl#sha256=5e7db3719781f5aaaa31704d7bc2566ec18ade1aa74b998aae4e93a9ebbaa849
pyproject_hooks==1.2.0
pytz==2021.1
sqlparse==0.4.1
# /home/qianhuiwang/cpython/build-purecap/python -m pip freeze
asgiref==3.6.0
build==1.2.2.post1
Chameleon==3.9.1
coverage==7.3.2
Django==4.2
legacy-cgi==2.6
packaging==24.2
psutil==7.0.0
pyperf==2.9.0
pyperformance @ file:///home/qianhuiwang/cpython/site-packages/pyperformance/dist/pyperformance-1.11.0-py3-none-any.whl#sha256=5e7db3719781f5aaaa31704d7bc2566ec18ade1aa74b998aae4e93a9ebbaa849
pyproject_hooks==1.2.0
pytz==2021.1
sqlparse==0.4.1

==================================================
(27/83) creating venv for benchmark (crypto_pyaes)

(trying common venv first)
Installing requirements into the virtual environment /home/qianhuiwang/cpython/build-purecap
# /home/qianhuiwang/cpython/build-purecap/python -m pip install pyaes==1.6.1 pyperf==2.9.0
Collecting pyaes==1.6.1
  Using cached pyaes-1.6.1-py3-none-any.whl
Requirement already satisfied: pyperf==2.9.0 in ./lib/python3.12/site-packages (2.9.0)
Requirement already satisfied: psutil>=5.9.0 in ./lib/python3.12/site-packages (from pyperf==2.9.0) (7.0.0)
Installing collected packages: pyaes
Successfully installed pyaes-1.6.1
Installing requirements into the virtual environment /home/qianhuiwang/cpython/build-purecap
# /home/qianhuiwang/cpython/build-purecap/python -m pip install psutil
Requirement already satisfied: psutil in ./lib/python3.12/site-packages (7.0.0)
# /home/qianhuiwang/cpython/build-purecap/python -m pip freeze
asgiref==3.6.0
build==1.2.2.post1
Chameleon==3.9.1
coverage==7.3.2
Django==4.2
legacy-cgi==2.6
packaging==24.2
psutil==7.0.0
pyaes==1.6.1
pyperf==2.9.0
pyperformance @ file:///home/qianhuiwang/cpython/site-packages/pyperformance/dist/pyperformance-1.11.0-py3-none-any.whl#sha256=5e7db3719781f5aaaa31704d7bc2566ec18ade1aa74b998aae4e93a9ebbaa849
pyproject_hooks==1.2.0
pytz==2021.1
sqlparse==0.4.1
# /home/qianhuiwang/cpython/build-purecap/python -m pip freeze
asgiref==3.6.0
build==1.2.2.post1
Chameleon==3.9.1
coverage==7.3.2
Django==4.2
legacy-cgi==2.6
packaging==24.2
psutil==7.0.0
pyaes==1.6.1
pyperf==2.9.0
pyperformance @ file:///home/qianhuiwang/cpython/site-packages/pyperformance/dist/pyperformance-1.11.0-py3-none-any.whl#sha256=5e7db3719781f5aaaa31704d7bc2566ec18ade1aa74b998aae4e93a9ebbaa849
pyproject_hooks==1.2.0
pytz==2021.1
sqlparse==0.4.1

==================================================
(28/83) creating venv for benchmark (deepcopy)

(trying common venv first)
Installing requirements into the virtual environment /home/qianhuiwang/cpython/build-purecap
# /home/qianhuiwang/cpython/build-purecap/python -m pip install pyperf==2.9.0
Requirement already satisfied: pyperf==2.9.0 in ./lib/python3.12/site-packages (2.9.0)
Requirement already satisfied: psutil>=5.9.0 in ./lib/python3.12/site-packages (from pyperf==2.9.0) (7.0.0)
Installing requirements into the virtual environment /home/qianhuiwang/cpython/build-purecap
# /home/qianhuiwang/cpython/build-purecap/python -m pip install psutil
Requirement already satisfied: psutil in ./lib/python3.12/site-packages (7.0.0)
# /home/qianhuiwang/cpython/build-purecap/python -m pip freeze
asgiref==3.6.0
build==1.2.2.post1
Chameleon==3.9.1
coverage==7.3.2
Django==4.2
legacy-cgi==2.6
packaging==24.2
psutil==7.0.0
pyaes==1.6.1
pyperf==2.9.0
pyperformance @ file:///home/qianhuiwang/cpython/site-packages/pyperformance/dist/pyperformance-1.11.0-py3-none-any.whl#sha256=5e7db3719781f5aaaa31704d7bc2566ec18ade1aa74b998aae4e93a9ebbaa849
pyproject_hooks==1.2.0
pytz==2021.1
sqlparse==0.4.1
# /home/qianhuiwang/cpython/build-purecap/python -m pip freeze
asgiref==3.6.0
build==1.2.2.post1
Chameleon==3.9.1
coverage==7.3.2
Django==4.2
legacy-cgi==2.6
packaging==24.2
psutil==7.0.0
pyaes==1.6.1
pyperf==2.9.0
pyperformance @ file:///home/qianhuiwang/cpython/site-packages/pyperformance/dist/pyperformance-1.11.0-py3-none-any.whl#sha256=5e7db3719781f5aaaa31704d7bc2566ec18ade1aa74b998aae4e93a9ebbaa849
pyproject_hooks==1.2.0
pytz==2021.1
sqlparse==0.4.1

==================================================
(29/83) creating venv for benchmark (deltablue)

(trying common venv first)
Installing requirements into the virtual environment /home/qianhuiwang/cpython/build-purecap
# /home/qianhuiwang/cpython/build-purecap/python -m pip install pyperf==2.9.0
Requirement already satisfied: pyperf==2.9.0 in ./lib/python3.12/site-packages (2.9.0)
Requirement already satisfied: psutil>=5.9.0 in ./lib/python3.12/site-packages (from pyperf==2.9.0) (7.0.0)
Installing requirements into the virtual environment /home/qianhuiwang/cpython/build-purecap
# /home/qianhuiwang/cpython/build-purecap/python -m pip install psutil
Requirement already satisfied: psutil in ./lib/python3.12/site-packages (7.0.0)
# /home/qianhuiwang/cpython/build-purecap/python -m pip freeze
asgiref==3.6.0
build==1.2.2.post1
Chameleon==3.9.1
coverage==7.3.2
Django==4.2
legacy-cgi==2.6
packaging==24.2
psutil==7.0.0
pyaes==1.6.1
pyperf==2.9.0
pyperformance @ file:///home/qianhuiwang/cpython/site-packages/pyperformance/dist/pyperformance-1.11.0-py3-none-any.whl#sha256=5e7db3719781f5aaaa31704d7bc2566ec18ade1aa74b998aae4e93a9ebbaa849
pyproject_hooks==1.2.0
pytz==2021.1
sqlparse==0.4.1
# /home/qianhuiwang/cpython/build-purecap/python -m pip freeze
asgiref==3.6.0
build==1.2.2.post1
Chameleon==3.9.1
coverage==7.3.2
Django==4.2
legacy-cgi==2.6
packaging==24.2
psutil==7.0.0
pyaes==1.6.1
pyperf==2.9.0
pyperformance @ file:///home/qianhuiwang/cpython/site-packages/pyperformance/dist/pyperformance-1.11.0-py3-none-any.whl#sha256=5e7db3719781f5aaaa31704d7bc2566ec18ade1aa74b998aae4e93a9ebbaa849
pyproject_hooks==1.2.0
pytz==2021.1
sqlparse==0.4.1

==================================================
(30/83) creating venv for benchmark (django_template)

(trying common venv first)
Installing requirements into the virtual environment /home/qianhuiwang/cpython/build-purecap
# /home/qianhuiwang/cpython/build-purecap/python -m pip install asgiref==3.6.0 django==4.2 pytz==2021.1 sqlparse==0.4.1 legacy-cgi==2.6 pyperf==2.9.0
Requirement already satisfied: asgiref==3.6.0 in ./lib/python3.12/site-packages (3.6.0)
Requirement already satisfied: django==4.2 in ./lib/python3.12/site-packages (4.2)
Requirement already satisfied: pytz==2021.1 in ./lib/python3.12/site-packages (2021.1)
Requirement already satisfied: sqlparse==0.4.1 in ./lib/python3.12/site-packages (0.4.1)
Requirement already satisfied: legacy-cgi==2.6 in ./lib/python3.12/site-packages (2.6)
Requirement already satisfied: pyperf==2.9.0 in ./lib/python3.12/site-packages (2.9.0)
Requirement already satisfied: psutil>=5.9.0 in ./lib/python3.12/site-packages (from pyperf==2.9.0) (7.0.0)
Installing requirements into the virtual environment /home/qianhuiwang/cpython/build-purecap
# /home/qianhuiwang/cpython/build-purecap/python -m pip install psutil
Requirement already satisfied: psutil in ./lib/python3.12/site-packages (7.0.0)
# /home/qianhuiwang/cpython/build-purecap/python -m pip freeze
asgiref==3.6.0
build==1.2.2.post1
Chameleon==3.9.1
coverage==7.3.2
Django==4.2
legacy-cgi==2.6
packaging==24.2
psutil==7.0.0
pyaes==1.6.1
pyperf==2.9.0
pyperformance @ file:///home/qianhuiwang/cpython/site-packages/pyperformance/dist/pyperformance-1.11.0-py3-none-any.whl#sha256=5e7db3719781f5aaaa31704d7bc2566ec18ade1aa74b998aae4e93a9ebbaa849
pyproject_hooks==1.2.0
pytz==2021.1
sqlparse==0.4.1
# /home/qianhuiwang/cpython/build-purecap/python -m pip freeze
asgiref==3.6.0
build==1.2.2.post1
Chameleon==3.9.1
coverage==7.3.2
Django==4.2
legacy-cgi==2.6
packaging==24.2
psutil==7.0.0
pyaes==1.6.1
pyperf==2.9.0
pyperformance @ file:///home/qianhuiwang/cpython/site-packages/pyperformance/dist/pyperformance-1.11.0-py3-none-any.whl#sha256=5e7db3719781f5aaaa31704d7bc2566ec18ade1aa74b998aae4e93a9ebbaa849
pyproject_hooks==1.2.0
pytz==2021.1
sqlparse==0.4.1

==================================================
(31/83) creating venv for benchmark (dulwich_log)

(trying common venv first)
Installing requirements into the virtual environment /home/qianhuiwang/cpython/build-purecap
# /home/qianhuiwang/cpython/build-purecap/python -m pip install certifi==2021.5.30 dulwich==0.20.23 urllib3==1.26.5 pyperf==2.9.0
Collecting certifi==2021.5.30
  Using cached certifi-2021.5.30-py2.py3-none-any.whl.metadata (3.0 kB)
Collecting dulwich==0.20.23
  Using cached dulwich-0.20.23-cp312-cp312d-freebsd_15_0_current_arm64.whl
Collecting urllib3==1.26.5
  Using cached urllib3-1.26.5-py2.py3-none-any.whl.metadata (43 kB)
Requirement already satisfied: pyperf==2.9.0 in ./lib/python3.12/site-packages (2.9.0)
Requirement already satisfied: psutil>=5.9.0 in ./lib/python3.12/site-packages (from pyperf==2.9.0) (7.0.0)
Using cached certifi-2021.5.30-py2.py3-none-any.whl (145 kB)
Using cached urllib3-1.26.5-py2.py3-none-any.whl (138 kB)
Installing collected packages: certifi, urllib3, dulwich
  WARNING: The script dulwich is installed in '/home/qianhuiwang/cpython/build-purecap/bin' which is not on PATH.
  Consider adding this directory to PATH or, if you prefer to suppress this warning, use --no-warn-script-location.
Successfully installed certifi-2021.5.30 dulwich-0.20.23 urllib3-1.26.5
Installing requirements into the virtual environment /home/qianhuiwang/cpython/build-purecap
# /home/qianhuiwang/cpython/build-purecap/python -m pip install psutil
Requirement already satisfied: psutil in ./lib/python3.12/site-packages (7.0.0)
# /home/qianhuiwang/cpython/build-purecap/python -m pip freeze
asgiref==3.6.0
build==1.2.2.post1
certifi==2021.5.30
Chameleon==3.9.1
coverage==7.3.2
Django==4.2
dulwich==0.20.23
legacy-cgi==2.6
packaging==24.2
psutil==7.0.0
pyaes==1.6.1
pyperf==2.9.0
pyperformance @ file:///home/qianhuiwang/cpython/site-packages/pyperformance/dist/pyperformance-1.11.0-py3-none-any.whl#sha256=5e7db3719781f5aaaa31704d7bc2566ec18ade1aa74b998aae4e93a9ebbaa849
pyproject_hooks==1.2.0
pytz==2021.1
sqlparse==0.4.1
urllib3==1.26.5
# /home/qianhuiwang/cpython/build-purecap/python -m pip freeze
asgiref==3.6.0
build==1.2.2.post1
certifi==2021.5.30
Chameleon==3.9.1
coverage==7.3.2
Django==4.2
dulwich==0.20.23
legacy-cgi==2.6
packaging==24.2
psutil==7.0.0
pyaes==1.6.1
pyperf==2.9.0
pyperformance @ file:///home/qianhuiwang/cpython/site-packages/pyperformance/dist/pyperformance-1.11.0-py3-none-any.whl#sha256=5e7db3719781f5aaaa31704d7bc2566ec18ade1aa74b998aae4e93a9ebbaa849
pyproject_hooks==1.2.0
pytz==2021.1
sqlparse==0.4.1
urllib3==1.26.5

==================================================
(32/83) creating venv for benchmark (fannkuch)

(trying common venv first)
Installing requirements into the virtual environment /home/qianhuiwang/cpython/build-purecap
# /home/qianhuiwang/cpython/build-purecap/python -m pip install pyperf==2.9.0
Requirement already satisfied: pyperf==2.9.0 in ./lib/python3.12/site-packages (2.9.0)
Requirement already satisfied: psutil>=5.9.0 in ./lib/python3.12/site-packages (from pyperf==2.9.0) (7.0.0)
Installing requirements into the virtual environment /home/qianhuiwang/cpython/build-purecap
# /home/qianhuiwang/cpython/build-purecap/python -m pip install psutil
Requirement already satisfied: psutil in ./lib/python3.12/site-packages (7.0.0)
# /home/qianhuiwang/cpython/build-purecap/python -m pip freeze
asgiref==3.6.0
build==1.2.2.post1
certifi==2021.5.30
Chameleon==3.9.1
coverage==7.3.2
Django==4.2
dulwich==0.20.23
legacy-cgi==2.6
packaging==24.2
psutil==7.0.0
pyaes==1.6.1
pyperf==2.9.0
pyperformance @ file:///home/qianhuiwang/cpython/site-packages/pyperformance/dist/pyperformance-1.11.0-py3-none-any.whl#sha256=5e7db3719781f5aaaa31704d7bc2566ec18ade1aa74b998aae4e93a9ebbaa849
pyproject_hooks==1.2.0
pytz==2021.1
sqlparse==0.4.1
urllib3==1.26.5
# /home/qianhuiwang/cpython/build-purecap/python -m pip freeze
asgiref==3.6.0
build==1.2.2.post1
certifi==2021.5.30
Chameleon==3.9.1
coverage==7.3.2
Django==4.2
dulwich==0.20.23
legacy-cgi==2.6
packaging==24.2
psutil==7.0.0
pyaes==1.6.1
pyperf==2.9.0
pyperformance @ file:///home/qianhuiwang/cpython/site-packages/pyperformance/dist/pyperformance-1.11.0-py3-none-any.whl#sha256=5e7db3719781f5aaaa31704d7bc2566ec18ade1aa74b998aae4e93a9ebbaa849
pyproject_hooks==1.2.0
pytz==2021.1
sqlparse==0.4.1
urllib3==1.26.5

==================================================
(33/83) creating venv for benchmark (float)

(trying common venv first)
Installing requirements into the virtual environment /home/qianhuiwang/cpython/build-purecap
# /home/qianhuiwang/cpython/build-purecap/python -m pip install pyperf==2.9.0
Requirement already satisfied: pyperf==2.9.0 in ./lib/python3.12/site-packages (2.9.0)
Requirement already satisfied: psutil>=5.9.0 in ./lib/python3.12/site-packages (from pyperf==2.9.0) (7.0.0)
Installing requirements into the virtual environment /home/qianhuiwang/cpython/build-purecap
# /home/qianhuiwang/cpython/build-purecap/python -m pip install psutil
Requirement already satisfied: psutil in ./lib/python3.12/site-packages (7.0.0)
# /home/qianhuiwang/cpython/build-purecap/python -m pip freeze
asgiref==3.6.0
build==1.2.2.post1
certifi==2021.5.30
Chameleon==3.9.1
coverage==7.3.2
Django==4.2
dulwich==0.20.23
legacy-cgi==2.6
packaging==24.2
psutil==7.0.0
pyaes==1.6.1
pyperf==2.9.0
pyperformance @ file:///home/qianhuiwang/cpython/site-packages/pyperformance/dist/pyperformance-1.11.0-py3-none-any.whl#sha256=5e7db3719781f5aaaa31704d7bc2566ec18ade1aa74b998aae4e93a9ebbaa849
pyproject_hooks==1.2.0
pytz==2021.1
sqlparse==0.4.1
urllib3==1.26.5
# /home/qianhuiwang/cpython/build-purecap/python -m pip freeze
asgiref==3.6.0
build==1.2.2.post1
certifi==2021.5.30
Chameleon==3.9.1
coverage==7.3.2
Django==4.2
dulwich==0.20.23
legacy-cgi==2.6
packaging==24.2
psutil==7.0.0
pyaes==1.6.1
pyperf==2.9.0
pyperformance @ file:///home/qianhuiwang/cpython/site-packages/pyperformance/dist/pyperformance-1.11.0-py3-none-any.whl#sha256=5e7db3719781f5aaaa31704d7bc2566ec18ade1aa74b998aae4e93a9ebbaa849
pyproject_hooks==1.2.0
pytz==2021.1
sqlparse==0.4.1
urllib3==1.26.5

==================================================
(34/83) creating venv for benchmark (gc_collect)

(trying common venv first)
Installing requirements into the virtual environment /home/qianhuiwang/cpython/build-purecap
# /home/qianhuiwang/cpython/build-purecap/python -m pip install pyperf==2.9.0
Requirement already satisfied: pyperf==2.9.0 in ./lib/python3.12/site-packages (2.9.0)
Requirement already satisfied: psutil>=5.9.0 in ./lib/python3.12/site-packages (from pyperf==2.9.0) (7.0.0)
Installing requirements into the virtual environment /home/qianhuiwang/cpython/build-purecap
# /home/qianhuiwang/cpython/build-purecap/python -m pip install psutil
Requirement already satisfied: psutil in ./lib/python3.12/site-packages (7.0.0)
# /home/qianhuiwang/cpython/build-purecap/python -m pip freeze
asgiref==3.6.0
build==1.2.2.post1
certifi==2021.5.30
Chameleon==3.9.1
coverage==7.3.2
Django==4.2
dulwich==0.20.23
legacy-cgi==2.6
packaging==24.2
psutil==7.0.0
pyaes==1.6.1
pyperf==2.9.0
pyperformance @ file:///home/qianhuiwang/cpython/site-packages/pyperformance/dist/pyperformance-1.11.0-py3-none-any.whl#sha256=5e7db3719781f5aaaa31704d7bc2566ec18ade1aa74b998aae4e93a9ebbaa849
pyproject_hooks==1.2.0
pytz==2021.1
sqlparse==0.4.1
urllib3==1.26.5
# /home/qianhuiwang/cpython/build-purecap/python -m pip freeze
asgiref==3.6.0
build==1.2.2.post1
certifi==2021.5.30
Chameleon==3.9.1
coverage==7.3.2
Django==4.2
dulwich==0.20.23
legacy-cgi==2.6
packaging==24.2
psutil==7.0.0
pyaes==1.6.1
pyperf==2.9.0
pyperformance @ file:///home/qianhuiwang/cpython/site-packages/pyperformance/dist/pyperformance-1.11.0-py3-none-any.whl#sha256=5e7db3719781f5aaaa31704d7bc2566ec18ade1aa74b998aae4e93a9ebbaa849
pyproject_hooks==1.2.0
pytz==2021.1
sqlparse==0.4.1
urllib3==1.26.5

==================================================
(35/83) creating venv for benchmark (gc_traversal)

(trying common venv first)
Installing requirements into the virtual environment /home/qianhuiwang/cpython/build-purecap
# /home/qianhuiwang/cpython/build-purecap/python -m pip install pyperf==2.9.0
Requirement already satisfied: pyperf==2.9.0 in ./lib/python3.12/site-packages (2.9.0)
Requirement already satisfied: psutil>=5.9.0 in ./lib/python3.12/site-packages (from pyperf==2.9.0) (7.0.0)
Installing requirements into the virtual environment /home/qianhuiwang/cpython/build-purecap
# /home/qianhuiwang/cpython/build-purecap/python -m pip install psutil
Requirement already satisfied: psutil in ./lib/python3.12/site-packages (7.0.0)
# /home/qianhuiwang/cpython/build-purecap/python -m pip freeze
asgiref==3.6.0
build==1.2.2.post1
certifi==2021.5.30
Chameleon==3.9.1
coverage==7.3.2
Django==4.2
dulwich==0.20.23
legacy-cgi==2.6
packaging==24.2
psutil==7.0.0
pyaes==1.6.1
pyperf==2.9.0
pyperformance @ file:///home/qianhuiwang/cpython/site-packages/pyperformance/dist/pyperformance-1.11.0-py3-none-any.whl#sha256=5e7db3719781f5aaaa31704d7bc2566ec18ade1aa74b998aae4e93a9ebbaa849
pyproject_hooks==1.2.0
pytz==2021.1
sqlparse==0.4.1
urllib3==1.26.5
# /home/qianhuiwang/cpython/build-purecap/python -m pip freeze
asgiref==3.6.0
build==1.2.2.post1
certifi==2021.5.30
Chameleon==3.9.1
coverage==7.3.2
Django==4.2
dulwich==0.20.23
legacy-cgi==2.6
packaging==24.2
psutil==7.0.0
pyaes==1.6.1
pyperf==2.9.0
pyperformance @ file:///home/qianhuiwang/cpython/site-packages/pyperformance/dist/pyperformance-1.11.0-py3-none-any.whl#sha256=5e7db3719781f5aaaa31704d7bc2566ec18ade1aa74b998aae4e93a9ebbaa849
pyproject_hooks==1.2.0
pytz==2021.1
sqlparse==0.4.1
urllib3==1.26.5

==================================================
(36/83) creating venv for benchmark (generators)

(trying common venv first)
Installing requirements into the virtual environment /home/qianhuiwang/cpython/build-purecap
# /home/qianhuiwang/cpython/build-purecap/python -m pip install pyperf==2.9.0
Requirement already satisfied: pyperf==2.9.0 in ./lib/python3.12/site-packages (2.9.0)
Requirement already satisfied: psutil>=5.9.0 in ./lib/python3.12/site-packages (from pyperf==2.9.0) (7.0.0)
Installing requirements into the virtual environment /home/qianhuiwang/cpython/build-purecap
# /home/qianhuiwang/cpython/build-purecap/python -m pip install psutil
Requirement already satisfied: psutil in ./lib/python3.12/site-packages (7.0.0)
# /home/qianhuiwang/cpython/build-purecap/python -m pip freeze
asgiref==3.6.0
build==1.2.2.post1
certifi==2021.5.30
Chameleon==3.9.1
coverage==7.3.2
Django==4.2
dulwich==0.20.23
legacy-cgi==2.6
packaging==24.2
psutil==7.0.0
pyaes==1.6.1
pyperf==2.9.0
pyperformance @ file:///home/qianhuiwang/cpython/site-packages/pyperformance/dist/pyperformance-1.11.0-py3-none-any.whl#sha256=5e7db3719781f5aaaa31704d7bc2566ec18ade1aa74b998aae4e93a9ebbaa849
pyproject_hooks==1.2.0
pytz==2021.1
sqlparse==0.4.1
urllib3==1.26.5
# /home/qianhuiwang/cpython/build-purecap/python -m pip freeze
asgiref==3.6.0
build==1.2.2.post1
certifi==2021.5.30
Chameleon==3.9.1
coverage==7.3.2
Django==4.2
dulwich==0.20.23
legacy-cgi==2.6
packaging==24.2
psutil==7.0.0
pyaes==1.6.1
pyperf==2.9.0
pyperformance @ file:///home/qianhuiwang/cpython/site-packages/pyperformance/dist/pyperformance-1.11.0-py3-none-any.whl#sha256=5e7db3719781f5aaaa31704d7bc2566ec18ade1aa74b998aae4e93a9ebbaa849
pyproject_hooks==1.2.0
pytz==2021.1
sqlparse==0.4.1
urllib3==1.26.5

==================================================
(37/83) creating venv for benchmark (genshi)

(trying common venv first)
Installing requirements into the virtual environment /home/qianhuiwang/cpython/build-purecap
# /home/qianhuiwang/cpython/build-purecap/python -m pip install genshi==0.7.7 six==1.16.0 pyperf==2.9.0
Collecting genshi==0.7.7
  Using cached Genshi-0.7.7-py3-none-any.whl.metadata (1.3 kB)
Collecting six==1.16.0
  Using cached six-1.16.0-py2.py3-none-any.whl.metadata (1.8 kB)
Requirement already satisfied: pyperf==2.9.0 in ./lib/python3.12/site-packages (2.9.0)
Requirement already satisfied: psutil>=5.9.0 in ./lib/python3.12/site-packages (from pyperf==2.9.0) (7.0.0)
Using cached Genshi-0.7.7-py3-none-any.whl (177 kB)
Using cached six-1.16.0-py2.py3-none-any.whl (11 kB)
Installing collected packages: six, genshi
Successfully installed genshi-0.7.7 six-1.16.0
Installing requirements into the virtual environment /home/qianhuiwang/cpython/build-purecap
# /home/qianhuiwang/cpython/build-purecap/python -m pip install psutil
Requirement already satisfied: psutil in ./lib/python3.12/site-packages (7.0.0)
# /home/qianhuiwang/cpython/build-purecap/python -m pip freeze
asgiref==3.6.0
build==1.2.2.post1
certifi==2021.5.30
Chameleon==3.9.1
coverage==7.3.2
Django==4.2
dulwich==0.20.23
Genshi==0.7.7
legacy-cgi==2.6
packaging==24.2
psutil==7.0.0
pyaes==1.6.1
pyperf==2.9.0
pyperformance @ file:///home/qianhuiwang/cpython/site-packages/pyperformance/dist/pyperformance-1.11.0-py3-none-any.whl#sha256=5e7db3719781f5aaaa31704d7bc2566ec18ade1aa74b998aae4e93a9ebbaa849
pyproject_hooks==1.2.0
pytz==2021.1
six==1.16.0
sqlparse==0.4.1
urllib3==1.26.5
# /home/qianhuiwang/cpython/build-purecap/python -m pip freeze
asgiref==3.6.0
build==1.2.2.post1
certifi==2021.5.30
Chameleon==3.9.1
coverage==7.3.2
Django==4.2
dulwich==0.20.23
Genshi==0.7.7
legacy-cgi==2.6
packaging==24.2
psutil==7.0.0
pyaes==1.6.1
pyperf==2.9.0
pyperformance @ file:///home/qianhuiwang/cpython/site-packages/pyperformance/dist/pyperformance-1.11.0-py3-none-any.whl#sha256=5e7db3719781f5aaaa31704d7bc2566ec18ade1aa74b998aae4e93a9ebbaa849
pyproject_hooks==1.2.0
pytz==2021.1
six==1.16.0
sqlparse==0.4.1
urllib3==1.26.5

==================================================
(38/83) creating venv for benchmark (go)

(trying common venv first)
Installing requirements into the virtual environment /home/qianhuiwang/cpython/build-purecap
# /home/qianhuiwang/cpython/build-purecap/python -m pip install pyperf==2.9.0
Requirement already satisfied: pyperf==2.9.0 in ./lib/python3.12/site-packages (2.9.0)
Requirement already satisfied: psutil>=5.9.0 in ./lib/python3.12/site-packages (from pyperf==2.9.0) (7.0.0)
Installing requirements into the virtual environment /home/qianhuiwang/cpython/build-purecap
# /home/qianhuiwang/cpython/build-purecap/python -m pip install psutil
Requirement already satisfied: psutil in ./lib/python3.12/site-packages (7.0.0)
# /home/qianhuiwang/cpython/build-purecap/python -m pip freeze
asgiref==3.6.0
build==1.2.2.post1
certifi==2021.5.30
Chameleon==3.9.1
coverage==7.3.2
Django==4.2
dulwich==0.20.23
Genshi==0.7.7
legacy-cgi==2.6
packaging==24.2
psutil==7.0.0
pyaes==1.6.1
pyperf==2.9.0
pyperformance @ file:///home/qianhuiwang/cpython/site-packages/pyperformance/dist/pyperformance-1.11.0-py3-none-any.whl#sha256=5e7db3719781f5aaaa31704d7bc2566ec18ade1aa74b998aae4e93a9ebbaa849
pyproject_hooks==1.2.0
pytz==2021.1
six==1.16.0
sqlparse==0.4.1
urllib3==1.26.5
# /home/qianhuiwang/cpython/build-purecap/python -m pip freeze
asgiref==3.6.0
build==1.2.2.post1
certifi==2021.5.30
Chameleon==3.9.1
coverage==7.3.2
Django==4.2
dulwich==0.20.23
Genshi==0.7.7
legacy-cgi==2.6
packaging==24.2
psutil==7.0.0
pyaes==1.6.1
pyperf==2.9.0
pyperformance @ file:///home/qianhuiwang/cpython/site-packages/pyperformance/dist/pyperformance-1.11.0-py3-none-any.whl#sha256=5e7db3719781f5aaaa31704d7bc2566ec18ade1aa74b998aae4e93a9ebbaa849
pyproject_hooks==1.2.0
pytz==2021.1
six==1.16.0
sqlparse==0.4.1
urllib3==1.26.5

==================================================
(39/83) creating venv for benchmark (hexiom)

(trying common venv first)
Installing requirements into the virtual environment /home/qianhuiwang/cpython/build-purecap
# /home/qianhuiwang/cpython/build-purecap/python -m pip install pyperf==2.9.0
Requirement already satisfied: pyperf==2.9.0 in ./lib/python3.12/site-packages (2.9.0)
Requirement already satisfied: psutil>=5.9.0 in ./lib/python3.12/site-packages (from pyperf==2.9.0) (7.0.0)
Installing requirements into the virtual environment /home/qianhuiwang/cpython/build-purecap
# /home/qianhuiwang/cpython/build-purecap/python -m pip install psutil
Requirement already satisfied: psutil in ./lib/python3.12/site-packages (7.0.0)
# /home/qianhuiwang/cpython/build-purecap/python -m pip freeze
asgiref==3.6.0
build==1.2.2.post1
certifi==2021.5.30
Chameleon==3.9.1
coverage==7.3.2
Django==4.2
dulwich==0.20.23
Genshi==0.7.7
legacy-cgi==2.6
packaging==24.2
psutil==7.0.0
pyaes==1.6.1
pyperf==2.9.0
pyperformance @ file:///home/qianhuiwang/cpython/site-packages/pyperformance/dist/pyperformance-1.11.0-py3-none-any.whl#sha256=5e7db3719781f5aaaa31704d7bc2566ec18ade1aa74b998aae4e93a9ebbaa849
pyproject_hooks==1.2.0
pytz==2021.1
six==1.16.0
sqlparse==0.4.1
urllib3==1.26.5
# /home/qianhuiwang/cpython/build-purecap/python -m pip freeze
asgiref==3.6.0
build==1.2.2.post1
certifi==2021.5.30
Chameleon==3.9.1
coverage==7.3.2
Django==4.2
dulwich==0.20.23
Genshi==0.7.7
legacy-cgi==2.6
packaging==24.2
psutil==7.0.0
pyaes==1.6.1
pyperf==2.9.0
pyperformance @ file:///home/qianhuiwang/cpython/site-packages/pyperformance/dist/pyperformance-1.11.0-py3-none-any.whl#sha256=5e7db3719781f5aaaa31704d7bc2566ec18ade1aa74b998aae4e93a9ebbaa849
pyproject_hooks==1.2.0
pytz==2021.1
six==1.16.0
sqlparse==0.4.1
urllib3==1.26.5

==================================================
(40/83) creating venv for benchmark (html5lib)

(trying common venv first)
Installing requirements into the virtual environment /home/qianhuiwang/cpython/build-purecap
# /home/qianhuiwang/cpython/build-purecap/python -m pip install html5lib==1.1 six==1.16.0 webencodings==0.5.1 pyperf==2.9.0
Collecting html5lib==1.1
  Using cached html5lib-1.1-py2.py3-none-any.whl.metadata (16 kB)
Requirement already satisfied: six==1.16.0 in ./lib/python3.12/site-packages (1.16.0)
Collecting webencodings==0.5.1
  Using cached webencodings-0.5.1-py2.py3-none-any.whl.metadata (2.1 kB)
Requirement already satisfied: pyperf==2.9.0 in ./lib/python3.12/site-packages (2.9.0)
Requirement already satisfied: psutil>=5.9.0 in ./lib/python3.12/site-packages (from pyperf==2.9.0) (7.0.0)
Using cached html5lib-1.1-py2.py3-none-any.whl (112 kB)
Using cached webencodings-0.5.1-py2.py3-none-any.whl (11 kB)
Installing collected packages: webencodings, html5lib
Successfully installed html5lib-1.1 webencodings-0.5.1
Installing requirements into the virtual environment /home/qianhuiwang/cpython/build-purecap
# /home/qianhuiwang/cpython/build-purecap/python -m pip install psutil
Requirement already satisfied: psutil in ./lib/python3.12/site-packages (7.0.0)
# /home/qianhuiwang/cpython/build-purecap/python -m pip freeze
asgiref==3.6.0
build==1.2.2.post1
certifi==2021.5.30
Chameleon==3.9.1
coverage==7.3.2
Django==4.2
dulwich==0.20.23
Genshi==0.7.7
html5lib==1.1
legacy-cgi==2.6
packaging==24.2
psutil==7.0.0
pyaes==1.6.1
pyperf==2.9.0
pyperformance @ file:///home/qianhuiwang/cpython/site-packages/pyperformance/dist/pyperformance-1.11.0-py3-none-any.whl#sha256=5e7db3719781f5aaaa31704d7bc2566ec18ade1aa74b998aae4e93a9ebbaa849
pyproject_hooks==1.2.0
pytz==2021.1
six==1.16.0
sqlparse==0.4.1
urllib3==1.26.5
webencodings==0.5.1
# /home/qianhuiwang/cpython/build-purecap/python -m pip freeze
asgiref==3.6.0
build==1.2.2.post1
certifi==2021.5.30
Chameleon==3.9.1
coverage==7.3.2
Django==4.2
dulwich==0.20.23
Genshi==0.7.7
html5lib==1.1
legacy-cgi==2.6
packaging==24.2
psutil==7.0.0
pyaes==1.6.1
pyperf==2.9.0
pyperformance @ file:///home/qianhuiwang/cpython/site-packages/pyperformance/dist/pyperformance-1.11.0-py3-none-any.whl#sha256=5e7db3719781f5aaaa31704d7bc2566ec18ade1aa74b998aae4e93a9ebbaa849
pyproject_hooks==1.2.0
pytz==2021.1
six==1.16.0
sqlparse==0.4.1
urllib3==1.26.5
webencodings==0.5.1

==================================================
(41/83) creating venv for benchmark (json_dumps)

(trying common venv first)
Installing requirements into the virtual environment /home/qianhuiwang/cpython/build-purecap
# /home/qianhuiwang/cpython/build-purecap/python -m pip install pyperf==2.9.0
Requirement already satisfied: pyperf==2.9.0 in ./lib/python3.12/site-packages (2.9.0)
Requirement already satisfied: psutil>=5.9.0 in ./lib/python3.12/site-packages (from pyperf==2.9.0) (7.0.0)
Installing requirements into the virtual environment /home/qianhuiwang/cpython/build-purecap
# /home/qianhuiwang/cpython/build-purecap/python -m pip install psutil
Requirement already satisfied: psutil in ./lib/python3.12/site-packages (7.0.0)
# /home/qianhuiwang/cpython/build-purecap/python -m pip freeze
asgiref==3.6.0
build==1.2.2.post1
certifi==2021.5.30
Chameleon==3.9.1
coverage==7.3.2
Django==4.2
dulwich==0.20.23
Genshi==0.7.7
html5lib==1.1
legacy-cgi==2.6
packaging==24.2
psutil==7.0.0
pyaes==1.6.1
pyperf==2.9.0
pyperformance @ file:///home/qianhuiwang/cpython/site-packages/pyperformance/dist/pyperformance-1.11.0-py3-none-any.whl#sha256=5e7db3719781f5aaaa31704d7bc2566ec18ade1aa74b998aae4e93a9ebbaa849
pyproject_hooks==1.2.0
pytz==2021.1
six==1.16.0
sqlparse==0.4.1
urllib3==1.26.5
webencodings==0.5.1
# /home/qianhuiwang/cpython/build-purecap/python -m pip freeze
asgiref==3.6.0
build==1.2.2.post1
certifi==2021.5.30
Chameleon==3.9.1
coverage==7.3.2
Django==4.2
dulwich==0.20.23
Genshi==0.7.7
html5lib==1.1
legacy-cgi==2.6
packaging==24.2
psutil==7.0.0
pyaes==1.6.1
pyperf==2.9.0
pyperformance @ file:///home/qianhuiwang/cpython/site-packages/pyperformance/dist/pyperformance-1.11.0-py3-none-any.whl#sha256=5e7db3719781f5aaaa31704d7bc2566ec18ade1aa74b998aae4e93a9ebbaa849
pyproject_hooks==1.2.0
pytz==2021.1
six==1.16.0
sqlparse==0.4.1
urllib3==1.26.5
webencodings==0.5.1

==================================================
(42/83) creating venv for benchmark (json_loads)

(trying common venv first)
Installing requirements into the virtual environment /home/qianhuiwang/cpython/build-purecap
# /home/qianhuiwang/cpython/build-purecap/python -m pip install pyperf==2.9.0
Requirement already satisfied: pyperf==2.9.0 in ./lib/python3.12/site-packages (2.9.0)
Requirement already satisfied: psutil>=5.9.0 in ./lib/python3.12/site-packages (from pyperf==2.9.0) (7.0.0)
Installing requirements into the virtual environment /home/qianhuiwang/cpython/build-purecap
# /home/qianhuiwang/cpython/build-purecap/python -m pip install psutil
Requirement already satisfied: psutil in ./lib/python3.12/site-packages (7.0.0)
# /home/qianhuiwang/cpython/build-purecap/python -m pip freeze
asgiref==3.6.0
build==1.2.2.post1
certifi==2021.5.30
Chameleon==3.9.1
coverage==7.3.2
Django==4.2
dulwich==0.20.23
Genshi==0.7.7
html5lib==1.1
legacy-cgi==2.6
packaging==24.2
psutil==7.0.0
pyaes==1.6.1
pyperf==2.9.0
pyperformance @ file:///home/qianhuiwang/cpython/site-packages/pyperformance/dist/pyperformance-1.11.0-py3-none-any.whl#sha256=5e7db3719781f5aaaa31704d7bc2566ec18ade1aa74b998aae4e93a9ebbaa849
pyproject_hooks==1.2.0
pytz==2021.1
six==1.16.0
sqlparse==0.4.1
urllib3==1.26.5
webencodings==0.5.1
# /home/qianhuiwang/cpython/build-purecap/python -m pip freeze
asgiref==3.6.0
build==1.2.2.post1
certifi==2021.5.30
Chameleon==3.9.1
coverage==7.3.2
Django==4.2
dulwich==0.20.23
Genshi==0.7.7
html5lib==1.1
legacy-cgi==2.6
packaging==24.2
psutil==7.0.0
pyaes==1.6.1
pyperf==2.9.0
pyperformance @ file:///home/qianhuiwang/cpython/site-packages/pyperformance/dist/pyperformance-1.11.0-py3-none-any.whl#sha256=5e7db3719781f5aaaa31704d7bc2566ec18ade1aa74b998aae4e93a9ebbaa849
pyproject_hooks==1.2.0
pytz==2021.1
six==1.16.0
sqlparse==0.4.1
urllib3==1.26.5
webencodings==0.5.1

==================================================
(43/83) creating venv for benchmark (logging)

(trying common venv first)
Installing requirements into the virtual environment /home/qianhuiwang/cpython/build-purecap
# /home/qianhuiwang/cpython/build-purecap/python -m pip install pyperf==2.9.0
Requirement already satisfied: pyperf==2.9.0 in ./lib/python3.12/site-packages (2.9.0)
Requirement already satisfied: psutil>=5.9.0 in ./lib/python3.12/site-packages (from pyperf==2.9.0) (7.0.0)
Installing requirements into the virtual environment /home/qianhuiwang/cpython/build-purecap
# /home/qianhuiwang/cpython/build-purecap/python -m pip install psutil
Requirement already satisfied: psutil in ./lib/python3.12/site-packages (7.0.0)
# /home/qianhuiwang/cpython/build-purecap/python -m pip freeze
asgiref==3.6.0
build==1.2.2.post1
certifi==2021.5.30
Chameleon==3.9.1
coverage==7.3.2
Django==4.2
dulwich==0.20.23
Genshi==0.7.7
html5lib==1.1
legacy-cgi==2.6
packaging==24.2
psutil==7.0.0
pyaes==1.6.1
pyperf==2.9.0
pyperformance @ file:///home/qianhuiwang/cpython/site-packages/pyperformance/dist/pyperformance-1.11.0-py3-none-any.whl#sha256=5e7db3719781f5aaaa31704d7bc2566ec18ade1aa74b998aae4e93a9ebbaa849
pyproject_hooks==1.2.0
pytz==2021.1
six==1.16.0
sqlparse==0.4.1
urllib3==1.26.5
webencodings==0.5.1
# /home/qianhuiwang/cpython/build-purecap/python -m pip freeze
asgiref==3.6.0
build==1.2.2.post1
certifi==2021.5.30
Chameleon==3.9.1
coverage==7.3.2
Django==4.2
dulwich==0.20.23
Genshi==0.7.7
html5lib==1.1
legacy-cgi==2.6
packaging==24.2
psutil==7.0.0
pyaes==1.6.1
pyperf==2.9.0
pyperformance @ file:///home/qianhuiwang/cpython/site-packages/pyperformance/dist/pyperformance-1.11.0-py3-none-any.whl#sha256=5e7db3719781f5aaaa31704d7bc2566ec18ade1aa74b998aae4e93a9ebbaa849
pyproject_hooks==1.2.0
pytz==2021.1
six==1.16.0
sqlparse==0.4.1
urllib3==1.26.5
webencodings==0.5.1

==================================================
(44/83) creating venv for benchmark (mako)

(trying common venv first)
Installing requirements into the virtual environment /home/qianhuiwang/cpython/build-purecap
# /home/qianhuiwang/cpython/build-purecap/python -m pip install mako==1.1.4 markupsafe==2.0.1 pyperf==2.9.0
Collecting mako==1.1.4
  Using cached Mako-1.1.4-py2.py3-none-any.whl.metadata (2.8 kB)
Collecting markupsafe==2.0.1
  Using cached MarkupSafe-2.0.1-cp312-cp312d-freebsd_15_0_current_arm64.whl
Requirement already satisfied: pyperf==2.9.0 in ./lib/python3.12/site-packages (2.9.0)
Requirement already satisfied: psutil>=5.9.0 in ./lib/python3.12/site-packages (from pyperf==2.9.0) (7.0.0)
Using cached Mako-1.1.4-py2.py3-none-any.whl (75 kB)
Installing collected packages: markupsafe, mako
  WARNING: The script mako-render is installed in '/home/qianhuiwang/cpython/build-purecap/bin' which is not on PATH.
  Consider adding this directory to PATH or, if you prefer to suppress this warning, use --no-warn-script-location.
Successfully installed mako-1.1.4 markupsafe-2.0.1
Installing requirements into the virtual environment /home/qianhuiwang/cpython/build-purecap
# /home/qianhuiwang/cpython/build-purecap/python -m pip install psutil
Requirement already satisfied: psutil in ./lib/python3.12/site-packages (7.0.0)
# /home/qianhuiwang/cpython/build-purecap/python -m pip freeze
asgiref==3.6.0
build==1.2.2.post1
certifi==2021.5.30
Chameleon==3.9.1
coverage==7.3.2
Django==4.2
dulwich==0.20.23
Genshi==0.7.7
html5lib==1.1
legacy-cgi==2.6
Mako==1.1.4
MarkupSafe==2.0.1
packaging==24.2
psutil==7.0.0
pyaes==1.6.1
pyperf==2.9.0
pyperformance @ file:///home/qianhuiwang/cpython/site-packages/pyperformance/dist/pyperformance-1.11.0-py3-none-any.whl#sha256=5e7db3719781f5aaaa31704d7bc2566ec18ade1aa74b998aae4e93a9ebbaa849
pyproject_hooks==1.2.0
pytz==2021.1
six==1.16.0
sqlparse==0.4.1
urllib3==1.26.5
webencodings==0.5.1
# /home/qianhuiwang/cpython/build-purecap/python -m pip freeze
asgiref==3.6.0
build==1.2.2.post1
certifi==2021.5.30
Chameleon==3.9.1
coverage==7.3.2
Django==4.2
dulwich==0.20.23
Genshi==0.7.7
html5lib==1.1
legacy-cgi==2.6
Mako==1.1.4
MarkupSafe==2.0.1
packaging==24.2
psutil==7.0.0
pyaes==1.6.1
pyperf==2.9.0
pyperformance @ file:///home/qianhuiwang/cpython/site-packages/pyperformance/dist/pyperformance-1.11.0-py3-none-any.whl#sha256=5e7db3719781f5aaaa31704d7bc2566ec18ade1aa74b998aae4e93a9ebbaa849
pyproject_hooks==1.2.0
pytz==2021.1
six==1.16.0
sqlparse==0.4.1
urllib3==1.26.5
webencodings==0.5.1

==================================================
(45/83) creating venv for benchmark (mdp)

(trying common venv first)
Installing requirements into the virtual environment /home/qianhuiwang/cpython/build-purecap
# /home/qianhuiwang/cpython/build-purecap/python -m pip install pyperf==2.9.0
Requirement already satisfied: pyperf==2.9.0 in ./lib/python3.12/site-packages (2.9.0)
Requirement already satisfied: psutil>=5.9.0 in ./lib/python3.12/site-packages (from pyperf==2.9.0) (7.0.0)
Installing requirements into the virtual environment /home/qianhuiwang/cpython/build-purecap
# /home/qianhuiwang/cpython/build-purecap/python -m pip install psutil
Requirement already satisfied: psutil in ./lib/python3.12/site-packages (7.0.0)
# /home/qianhuiwang/cpython/build-purecap/python -m pip freeze
asgiref==3.6.0
build==1.2.2.post1
certifi==2021.5.30
Chameleon==3.9.1
coverage==7.3.2
Django==4.2
dulwich==0.20.23
Genshi==0.7.7
html5lib==1.1
legacy-cgi==2.6
Mako==1.1.4
MarkupSafe==2.0.1
packaging==24.2
psutil==7.0.0
pyaes==1.6.1
pyperf==2.9.0
pyperformance @ file:///home/qianhuiwang/cpython/site-packages/pyperformance/dist/pyperformance-1.11.0-py3-none-any.whl#sha256=5e7db3719781f5aaaa31704d7bc2566ec18ade1aa74b998aae4e93a9ebbaa849
pyproject_hooks==1.2.0
pytz==2021.1
six==1.16.0
sqlparse==0.4.1
urllib3==1.26.5
webencodings==0.5.1
# /home/qianhuiwang/cpython/build-purecap/python -m pip freeze
asgiref==3.6.0
build==1.2.2.post1
certifi==2021.5.30
Chameleon==3.9.1
coverage==7.3.2
Django==4.2
dulwich==0.20.23
Genshi==0.7.7
html5lib==1.1
legacy-cgi==2.6
Mako==1.1.4
MarkupSafe==2.0.1
packaging==24.2
psutil==7.0.0
pyaes==1.6.1
pyperf==2.9.0
pyperformance @ file:///home/qianhuiwang/cpython/site-packages/pyperformance/dist/pyperformance-1.11.0-py3-none-any.whl#sha256=5e7db3719781f5aaaa31704d7bc2566ec18ade1aa74b998aae4e93a9ebbaa849
pyproject_hooks==1.2.0
pytz==2021.1
six==1.16.0
sqlparse==0.4.1
urllib3==1.26.5
webencodings==0.5.1

==================================================
(46/83) creating venv for benchmark (meteor_contest)

(trying common venv first)
Installing requirements into the virtual environment /home/qianhuiwang/cpython/build-purecap
# /home/qianhuiwang/cpython/build-purecap/python -m pip install pyperf==2.9.0
Requirement already satisfied: pyperf==2.9.0 in ./lib/python3.12/site-packages (2.9.0)
Requirement already satisfied: psutil>=5.9.0 in ./lib/python3.12/site-packages (from pyperf==2.9.0) (7.0.0)
Installing requirements into the virtual environment /home/qianhuiwang/cpython/build-purecap
# /home/qianhuiwang/cpython/build-purecap/python -m pip install psutil
Requirement already satisfied: psutil in ./lib/python3.12/site-packages (7.0.0)
# /home/qianhuiwang/cpython/build-purecap/python -m pip freeze
asgiref==3.6.0
build==1.2.2.post1
certifi==2021.5.30
Chameleon==3.9.1
coverage==7.3.2
Django==4.2
dulwich==0.20.23
Genshi==0.7.7
html5lib==1.1
legacy-cgi==2.6
Mako==1.1.4
MarkupSafe==2.0.1
packaging==24.2
psutil==7.0.0
pyaes==1.6.1
pyperf==2.9.0
pyperformance @ file:///home/qianhuiwang/cpython/site-packages/pyperformance/dist/pyperformance-1.11.0-py3-none-any.whl#sha256=5e7db3719781f5aaaa31704d7bc2566ec18ade1aa74b998aae4e93a9ebbaa849
pyproject_hooks==1.2.0
pytz==2021.1
six==1.16.0
sqlparse==0.4.1
urllib3==1.26.5
webencodings==0.5.1
# /home/qianhuiwang/cpython/build-purecap/python -m pip freeze
asgiref==3.6.0
build==1.2.2.post1
certifi==2021.5.30
Chameleon==3.9.1
coverage==7.3.2
Django==4.2
dulwich==0.20.23
Genshi==0.7.7
html5lib==1.1
legacy-cgi==2.6
Mako==1.1.4
MarkupSafe==2.0.1
packaging==24.2
psutil==7.0.0
pyaes==1.6.1
pyperf==2.9.0
pyperformance @ file:///home/qianhuiwang/cpython/site-packages/pyperformance/dist/pyperformance-1.11.0-py3-none-any.whl#sha256=5e7db3719781f5aaaa31704d7bc2566ec18ade1aa74b998aae4e93a9ebbaa849
pyproject_hooks==1.2.0
pytz==2021.1
six==1.16.0
sqlparse==0.4.1
urllib3==1.26.5
webencodings==0.5.1

==================================================
(47/83) creating venv for benchmark (nbody)

(trying common venv first)
Installing requirements into the virtual environment /home/qianhuiwang/cpython/build-purecap
# /home/qianhuiwang/cpython/build-purecap/python -m pip install pyperf==2.9.0
Requirement already satisfied: pyperf==2.9.0 in ./lib/python3.12/site-packages (2.9.0)
Requirement already satisfied: psutil>=5.9.0 in ./lib/python3.12/site-packages (from pyperf==2.9.0) (7.0.0)
Installing requirements into the virtual environment /home/qianhuiwang/cpython/build-purecap
# /home/qianhuiwang/cpython/build-purecap/python -m pip install psutil
Requirement already satisfied: psutil in ./lib/python3.12/site-packages (7.0.0)
# /home/qianhuiwang/cpython/build-purecap/python -m pip freeze
asgiref==3.6.0
build==1.2.2.post1
certifi==2021.5.30
Chameleon==3.9.1
coverage==7.3.2
Django==4.2
dulwich==0.20.23
Genshi==0.7.7
html5lib==1.1
legacy-cgi==2.6
Mako==1.1.4
MarkupSafe==2.0.1
packaging==24.2
psutil==7.0.0
pyaes==1.6.1
pyperf==2.9.0
pyperformance @ file:///home/qianhuiwang/cpython/site-packages/pyperformance/dist/pyperformance-1.11.0-py3-none-any.whl#sha256=5e7db3719781f5aaaa31704d7bc2566ec18ade1aa74b998aae4e93a9ebbaa849
pyproject_hooks==1.2.0
pytz==2021.1
six==1.16.0
sqlparse==0.4.1
urllib3==1.26.5
webencodings==0.5.1
# /home/qianhuiwang/cpython/build-purecap/python -m pip freeze
asgiref==3.6.0
build==1.2.2.post1
certifi==2021.5.30
Chameleon==3.9.1
coverage==7.3.2
Django==4.2
dulwich==0.20.23
Genshi==0.7.7
html5lib==1.1
legacy-cgi==2.6
Mako==1.1.4
MarkupSafe==2.0.1
packaging==24.2
psutil==7.0.0
pyaes==1.6.1
pyperf==2.9.0
pyperformance @ file:///home/qianhuiwang/cpython/site-packages/pyperformance/dist/pyperformance-1.11.0-py3-none-any.whl#sha256=5e7db3719781f5aaaa31704d7bc2566ec18ade1aa74b998aae4e93a9ebbaa849
pyproject_hooks==1.2.0
pytz==2021.1
six==1.16.0
sqlparse==0.4.1
urllib3==1.26.5
webencodings==0.5.1

==================================================
(48/83) creating venv for benchmark (networkx)

(trying common venv first)
Installing requirements into the virtual environment /home/qianhuiwang/cpython/build-purecap
# /home/qianhuiwang/cpython/build-purecap/python -m pip install networkx==3.4.2 pyperf==2.9.0
Collecting networkx==3.4.2
  Using cached networkx-3.4.2-py3-none-any.whl.metadata (6.3 kB)
Requirement already satisfied: pyperf==2.9.0 in ./lib/python3.12/site-packages (2.9.0)
Requirement already satisfied: psutil>=5.9.0 in ./lib/python3.12/site-packages (from pyperf==2.9.0) (7.0.0)
Using cached networkx-3.4.2-py3-none-any.whl (1.7 MB)
Installing collected packages: networkx
Successfully installed networkx-3.4.2
Installing requirements into the virtual environment /home/qianhuiwang/cpython/build-purecap
# /home/qianhuiwang/cpython/build-purecap/python -m pip install psutil
Requirement already satisfied: psutil in ./lib/python3.12/site-packages (7.0.0)
# /home/qianhuiwang/cpython/build-purecap/python -m pip freeze
asgiref==3.6.0
build==1.2.2.post1
certifi==2021.5.30
Chameleon==3.9.1
coverage==7.3.2
Django==4.2
dulwich==0.20.23
Genshi==0.7.7
html5lib==1.1
legacy-cgi==2.6
Mako==1.1.4
MarkupSafe==2.0.1
networkx==3.4.2
packaging==24.2
psutil==7.0.0
pyaes==1.6.1
pyperf==2.9.0
pyperformance @ file:///home/qianhuiwang/cpython/site-packages/pyperformance/dist/pyperformance-1.11.0-py3-none-any.whl#sha256=5e7db3719781f5aaaa31704d7bc2566ec18ade1aa74b998aae4e93a9ebbaa849
pyproject_hooks==1.2.0
pytz==2021.1
six==1.16.0
sqlparse==0.4.1
urllib3==1.26.5
webencodings==0.5.1
# /home/qianhuiwang/cpython/build-purecap/python -m pip freeze
asgiref==3.6.0
build==1.2.2.post1
certifi==2021.5.30
Chameleon==3.9.1
coverage==7.3.2
Django==4.2
dulwich==0.20.23
Genshi==0.7.7
html5lib==1.1
legacy-cgi==2.6
Mako==1.1.4
MarkupSafe==2.0.1
networkx==3.4.2
packaging==24.2
psutil==7.0.0
pyaes==1.6.1
pyperf==2.9.0
pyperformance @ file:///home/qianhuiwang/cpython/site-packages/pyperformance/dist/pyperformance-1.11.0-py3-none-any.whl#sha256=5e7db3719781f5aaaa31704d7bc2566ec18ade1aa74b998aae4e93a9ebbaa849
pyproject_hooks==1.2.0
pytz==2021.1
six==1.16.0
sqlparse==0.4.1
urllib3==1.26.5
webencodings==0.5.1

==================================================
(49/83) creating venv for benchmark (networkx_connected_components)

(trying common venv first)
Installing requirements into the virtual environment /home/qianhuiwang/cpython/build-purecap
# /home/qianhuiwang/cpython/build-purecap/python -m pip install networkx==3.4.2 pyperf==2.9.0
Requirement already satisfied: networkx==3.4.2 in ./lib/python3.12/site-packages (3.4.2)
Requirement already satisfied: pyperf==2.9.0 in ./lib/python3.12/site-packages (2.9.0)
Requirement already satisfied: psutil>=5.9.0 in ./lib/python3.12/site-packages (from pyperf==2.9.0) (7.0.0)
Installing requirements into the virtual environment /home/qianhuiwang/cpython/build-purecap
# /home/qianhuiwang/cpython/build-purecap/python -m pip install psutil
Requirement already satisfied: psutil in ./lib/python3.12/site-packages (7.0.0)
# /home/qianhuiwang/cpython/build-purecap/python -m pip freeze
asgiref==3.6.0
build==1.2.2.post1
certifi==2021.5.30
Chameleon==3.9.1
coverage==7.3.2
Django==4.2
dulwich==0.20.23
Genshi==0.7.7
html5lib==1.1
legacy-cgi==2.6
Mako==1.1.4
MarkupSafe==2.0.1
networkx==3.4.2
packaging==24.2
psutil==7.0.0
pyaes==1.6.1
pyperf==2.9.0
pyperformance @ file:///home/qianhuiwang/cpython/site-packages/pyperformance/dist/pyperformance-1.11.0-py3-none-any.whl#sha256=5e7db3719781f5aaaa31704d7bc2566ec18ade1aa74b998aae4e93a9ebbaa849
pyproject_hooks==1.2.0
pytz==2021.1
six==1.16.0
sqlparse==0.4.1
urllib3==1.26.5
webencodings==0.5.1
# /home/qianhuiwang/cpython/build-purecap/python -m pip freeze
asgiref==3.6.0
build==1.2.2.post1
certifi==2021.5.30
Chameleon==3.9.1
coverage==7.3.2
Django==4.2
dulwich==0.20.23
Genshi==0.7.7
html5lib==1.1
legacy-cgi==2.6
Mako==1.1.4
MarkupSafe==2.0.1
networkx==3.4.2
packaging==24.2
psutil==7.0.0
pyaes==1.6.1
pyperf==2.9.0
pyperformance @ file:///home/qianhuiwang/cpython/site-packages/pyperformance/dist/pyperformance-1.11.0-py3-none-any.whl#sha256=5e7db3719781f5aaaa31704d7bc2566ec18ade1aa74b998aae4e93a9ebbaa849
pyproject_hooks==1.2.0
pytz==2021.1
six==1.16.0
sqlparse==0.4.1
urllib3==1.26.5
webencodings==0.5.1

==================================================
(50/83) creating venv for benchmark (networkx_k_core)

(trying common venv first)
Installing requirements into the virtual environment /home/qianhuiwang/cpython/build-purecap
# /home/qianhuiwang/cpython/build-purecap/python -m pip install networkx==3.4.2 pyperf==2.9.0
Requirement already satisfied: networkx==3.4.2 in ./lib/python3.12/site-packages (3.4.2)
Requirement already satisfied: pyperf==2.9.0 in ./lib/python3.12/site-packages (2.9.0)
Requirement already satisfied: psutil>=5.9.0 in ./lib/python3.12/site-packages (from pyperf==2.9.0) (7.0.0)
Installing requirements into the virtual environment /home/qianhuiwang/cpython/build-purecap
# /home/qianhuiwang/cpython/build-purecap/python -m pip install psutil
Requirement already satisfied: psutil in ./lib/python3.12/site-packages (7.0.0)
# /home/qianhuiwang/cpython/build-purecap/python -m pip freeze
asgiref==3.6.0
build==1.2.2.post1
certifi==2021.5.30
Chameleon==3.9.1
coverage==7.3.2
Django==4.2
dulwich==0.20.23
Genshi==0.7.7
html5lib==1.1
legacy-cgi==2.6
Mako==1.1.4
MarkupSafe==2.0.1
networkx==3.4.2
packaging==24.2
psutil==7.0.0
pyaes==1.6.1
pyperf==2.9.0
pyperformance @ file:///home/qianhuiwang/cpython/site-packages/pyperformance/dist/pyperformance-1.11.0-py3-none-any.whl#sha256=5e7db3719781f5aaaa31704d7bc2566ec18ade1aa74b998aae4e93a9ebbaa849
pyproject_hooks==1.2.0
pytz==2021.1
six==1.16.0
sqlparse==0.4.1
urllib3==1.26.5
webencodings==0.5.1
# /home/qianhuiwang/cpython/build-purecap/python -m pip freeze
asgiref==3.6.0
build==1.2.2.post1
certifi==2021.5.30
Chameleon==3.9.1
coverage==7.3.2
Django==4.2
dulwich==0.20.23
Genshi==0.7.7
html5lib==1.1
legacy-cgi==2.6
Mako==1.1.4
MarkupSafe==2.0.1
networkx==3.4.2
packaging==24.2
psutil==7.0.0
pyaes==1.6.1
pyperf==2.9.0
pyperformance @ file:///home/qianhuiwang/cpython/site-packages/pyperformance/dist/pyperformance-1.11.0-py3-none-any.whl#sha256=5e7db3719781f5aaaa31704d7bc2566ec18ade1aa74b998aae4e93a9ebbaa849
pyproject_hooks==1.2.0
pytz==2021.1
six==1.16.0
sqlparse==0.4.1
urllib3==1.26.5
webencodings==0.5.1

==================================================
(51/83) creating venv for benchmark (nqueens)

(trying common venv first)
Installing requirements into the virtual environment /home/qianhuiwang/cpython/build-purecap
# /home/qianhuiwang/cpython/build-purecap/python -m pip install pyperf==2.9.0
Requirement already satisfied: pyperf==2.9.0 in ./lib/python3.12/site-packages (2.9.0)
Requirement already satisfied: psutil>=5.9.0 in ./lib/python3.12/site-packages (from pyperf==2.9.0) (7.0.0)
Installing requirements into the virtual environment /home/qianhuiwang/cpython/build-purecap
# /home/qianhuiwang/cpython/build-purecap/python -m pip install psutil
Requirement already satisfied: psutil in ./lib/python3.12/site-packages (7.0.0)
# /home/qianhuiwang/cpython/build-purecap/python -m pip freeze
asgiref==3.6.0
build==1.2.2.post1
certifi==2021.5.30
Chameleon==3.9.1
coverage==7.3.2
Django==4.2
dulwich==0.20.23
Genshi==0.7.7
html5lib==1.1
legacy-cgi==2.6
Mako==1.1.4
MarkupSafe==2.0.1
networkx==3.4.2
packaging==24.2
psutil==7.0.0
pyaes==1.6.1
pyperf==2.9.0
pyperformance @ file:///home/qianhuiwang/cpython/site-packages/pyperformance/dist/pyperformance-1.11.0-py3-none-any.whl#sha256=5e7db3719781f5aaaa31704d7bc2566ec18ade1aa74b998aae4e93a9ebbaa849
pyproject_hooks==1.2.0
pytz==2021.1
six==1.16.0
sqlparse==0.4.1
urllib3==1.26.5
webencodings==0.5.1
# /home/qianhuiwang/cpython/build-purecap/python -m pip freeze
asgiref==3.6.0
build==1.2.2.post1
certifi==2021.5.30
Chameleon==3.9.1
coverage==7.3.2
Django==4.2
dulwich==0.20.23
Genshi==0.7.7
html5lib==1.1
legacy-cgi==2.6
Mako==1.1.4
MarkupSafe==2.0.1
networkx==3.4.2
packaging==24.2
psutil==7.0.0
pyaes==1.6.1
pyperf==2.9.0
pyperformance @ file:///home/qianhuiwang/cpython/site-packages/pyperformance/dist/pyperformance-1.11.0-py3-none-any.whl#sha256=5e7db3719781f5aaaa31704d7bc2566ec18ade1aa74b998aae4e93a9ebbaa849
pyproject_hooks==1.2.0
pytz==2021.1
six==1.16.0
sqlparse==0.4.1
urllib3==1.26.5
webencodings==0.5.1

==================================================
(52/83) creating venv for benchmark (pathlib)

(trying common venv first)
Installing requirements into the virtual environment /home/qianhuiwang/cpython/build-purecap
# /home/qianhuiwang/cpython/build-purecap/python -m pip install pyperf==2.9.0
Requirement already satisfied: pyperf==2.9.0 in ./lib/python3.12/site-packages (2.9.0)
Requirement already satisfied: psutil>=5.9.0 in ./lib/python3.12/site-packages (from pyperf==2.9.0) (7.0.0)
Installing requirements into the virtual environment /home/qianhuiwang/cpython/build-purecap
# /home/qianhuiwang/cpython/build-purecap/python -m pip install psutil
Requirement already satisfied: psutil in ./lib/python3.12/site-packages (7.0.0)
# /home/qianhuiwang/cpython/build-purecap/python -m pip freeze
asgiref==3.6.0
build==1.2.2.post1
certifi==2021.5.30
Chameleon==3.9.1
coverage==7.3.2
Django==4.2
dulwich==0.20.23
Genshi==0.7.7
html5lib==1.1
legacy-cgi==2.6
Mako==1.1.4
MarkupSafe==2.0.1
networkx==3.4.2
packaging==24.2
psutil==7.0.0
pyaes==1.6.1
pyperf==2.9.0
pyperformance @ file:///home/qianhuiwang/cpython/site-packages/pyperformance/dist/pyperformance-1.11.0-py3-none-any.whl#sha256=5e7db3719781f5aaaa31704d7bc2566ec18ade1aa74b998aae4e93a9ebbaa849
pyproject_hooks==1.2.0
pytz==2021.1
six==1.16.0
sqlparse==0.4.1
urllib3==1.26.5
webencodings==0.5.1
# /home/qianhuiwang/cpython/build-purecap/python -m pip freeze
asgiref==3.6.0
build==1.2.2.post1
certifi==2021.5.30
Chameleon==3.9.1
coverage==7.3.2
Django==4.2
dulwich==0.20.23
Genshi==0.7.7
html5lib==1.1
legacy-cgi==2.6
Mako==1.1.4
MarkupSafe==2.0.1
networkx==3.4.2
packaging==24.2
psutil==7.0.0
pyaes==1.6.1
pyperf==2.9.0
pyperformance @ file:///home/qianhuiwang/cpython/site-packages/pyperformance/dist/pyperformance-1.11.0-py3-none-any.whl#sha256=5e7db3719781f5aaaa31704d7bc2566ec18ade1aa74b998aae4e93a9ebbaa849
pyproject_hooks==1.2.0
pytz==2021.1
six==1.16.0
sqlparse==0.4.1
urllib3==1.26.5
webencodings==0.5.1

==================================================
(53/83) creating venv for benchmark (pickle)

(trying common venv first)
Installing requirements into the virtual environment /home/qianhuiwang/cpython/build-purecap
# /home/qianhuiwang/cpython/build-purecap/python -m pip install pyperf==2.9.0
Requirement already satisfied: pyperf==2.9.0 in ./lib/python3.12/site-packages (2.9.0)
Requirement already satisfied: psutil>=5.9.0 in ./lib/python3.12/site-packages (from pyperf==2.9.0) (7.0.0)
Installing requirements into the virtual environment /home/qianhuiwang/cpython/build-purecap
# /home/qianhuiwang/cpython/build-purecap/python -m pip install psutil
Requirement already satisfied: psutil in ./lib/python3.12/site-packages (7.0.0)
# /home/qianhuiwang/cpython/build-purecap/python -m pip freeze
asgiref==3.6.0
build==1.2.2.post1
certifi==2021.5.30
Chameleon==3.9.1
coverage==7.3.2
Django==4.2
dulwich==0.20.23
Genshi==0.7.7
html5lib==1.1
legacy-cgi==2.6
Mako==1.1.4
MarkupSafe==2.0.1
networkx==3.4.2
packaging==24.2
psutil==7.0.0
pyaes==1.6.1
pyperf==2.9.0
pyperformance @ file:///home/qianhuiwang/cpython/site-packages/pyperformance/dist/pyperformance-1.11.0-py3-none-any.whl#sha256=5e7db3719781f5aaaa31704d7bc2566ec18ade1aa74b998aae4e93a9ebbaa849
pyproject_hooks==1.2.0
pytz==2021.1
six==1.16.0
sqlparse==0.4.1
urllib3==1.26.5
webencodings==0.5.1
# /home/qianhuiwang/cpython/build-purecap/python -m pip freeze
asgiref==3.6.0
build==1.2.2.post1
certifi==2021.5.30
Chameleon==3.9.1
coverage==7.3.2
Django==4.2
dulwich==0.20.23
Genshi==0.7.7
html5lib==1.1
legacy-cgi==2.6
Mako==1.1.4
MarkupSafe==2.0.1
networkx==3.4.2
packaging==24.2
psutil==7.0.0
pyaes==1.6.1
pyperf==2.9.0
pyperformance @ file:///home/qianhuiwang/cpython/site-packages/pyperformance/dist/pyperformance-1.11.0-py3-none-any.whl#sha256=5e7db3719781f5aaaa31704d7bc2566ec18ade1aa74b998aae4e93a9ebbaa849
pyproject_hooks==1.2.0
pytz==2021.1
six==1.16.0
sqlparse==0.4.1
urllib3==1.26.5
webencodings==0.5.1

==================================================
(54/83) creating venv for benchmark (pickle_dict)

(trying common venv first)
Installing requirements into the virtual environment /home/qianhuiwang/cpython/build-purecap
# /home/qianhuiwang/cpython/build-purecap/python -m pip install pyperf==2.9.0
Requirement already satisfied: pyperf==2.9.0 in ./lib/python3.12/site-packages (2.9.0)
Requirement already satisfied: psutil>=5.9.0 in ./lib/python3.12/site-packages (from pyperf==2.9.0) (7.0.0)
Installing requirements into the virtual environment /home/qianhuiwang/cpython/build-purecap
# /home/qianhuiwang/cpython/build-purecap/python -m pip install psutil
Requirement already satisfied: psutil in ./lib/python3.12/site-packages (7.0.0)
# /home/qianhuiwang/cpython/build-purecap/python -m pip freeze
asgiref==3.6.0
build==1.2.2.post1
certifi==2021.5.30
Chameleon==3.9.1
coverage==7.3.2
Django==4.2
dulwich==0.20.23
Genshi==0.7.7
html5lib==1.1
legacy-cgi==2.6
Mako==1.1.4
MarkupSafe==2.0.1
networkx==3.4.2
packaging==24.2
psutil==7.0.0
pyaes==1.6.1
pyperf==2.9.0
pyperformance @ file:///home/qianhuiwang/cpython/site-packages/pyperformance/dist/pyperformance-1.11.0-py3-none-any.whl#sha256=5e7db3719781f5aaaa31704d7bc2566ec18ade1aa74b998aae4e93a9ebbaa849
pyproject_hooks==1.2.0
pytz==2021.1
six==1.16.0
sqlparse==0.4.1
urllib3==1.26.5
webencodings==0.5.1
# /home/qianhuiwang/cpython/build-purecap/python -m pip freeze
asgiref==3.6.0
build==1.2.2.post1
certifi==2021.5.30
Chameleon==3.9.1
coverage==7.3.2
Django==4.2
dulwich==0.20.23
Genshi==0.7.7
html5lib==1.1
legacy-cgi==2.6
Mako==1.1.4
MarkupSafe==2.0.1
networkx==3.4.2
packaging==24.2
psutil==7.0.0
pyaes==1.6.1
pyperf==2.9.0
pyperformance @ file:///home/qianhuiwang/cpython/site-packages/pyperformance/dist/pyperformance-1.11.0-py3-none-any.whl#sha256=5e7db3719781f5aaaa31704d7bc2566ec18ade1aa74b998aae4e93a9ebbaa849
pyproject_hooks==1.2.0
pytz==2021.1
six==1.16.0
sqlparse==0.4.1
urllib3==1.26.5
webencodings==0.5.1

==================================================
(55/83) creating venv for benchmark (pickle_list)

(trying common venv first)
Installing requirements into the virtual environment /home/qianhuiwang/cpython/build-purecap
# /home/qianhuiwang/cpython/build-purecap/python -m pip install pyperf==2.9.0
Requirement already satisfied: pyperf==2.9.0 in ./lib/python3.12/site-packages (2.9.0)
Requirement already satisfied: psutil>=5.9.0 in ./lib/python3.12/site-packages (from pyperf==2.9.0) (7.0.0)
Installing requirements into the virtual environment /home/qianhuiwang/cpython/build-purecap
# /home/qianhuiwang/cpython/build-purecap/python -m pip install psutil
Requirement already satisfied: psutil in ./lib/python3.12/site-packages (7.0.0)
# /home/qianhuiwang/cpython/build-purecap/python -m pip freeze
asgiref==3.6.0
build==1.2.2.post1
certifi==2021.5.30
Chameleon==3.9.1
coverage==7.3.2
Django==4.2
dulwich==0.20.23
Genshi==0.7.7
html5lib==1.1
legacy-cgi==2.6
Mako==1.1.4
MarkupSafe==2.0.1
networkx==3.4.2
packaging==24.2
psutil==7.0.0
pyaes==1.6.1
pyperf==2.9.0
pyperformance @ file:///home/qianhuiwang/cpython/site-packages/pyperformance/dist/pyperformance-1.11.0-py3-none-any.whl#sha256=5e7db3719781f5aaaa31704d7bc2566ec18ade1aa74b998aae4e93a9ebbaa849
pyproject_hooks==1.2.0
pytz==2021.1
six==1.16.0
sqlparse==0.4.1
urllib3==1.26.5
webencodings==0.5.1
# /home/qianhuiwang/cpython/build-purecap/python -m pip freeze
asgiref==3.6.0
build==1.2.2.post1
certifi==2021.5.30
Chameleon==3.9.1
coverage==7.3.2
Django==4.2
dulwich==0.20.23
Genshi==0.7.7
html5lib==1.1
legacy-cgi==2.6
Mako==1.1.4
MarkupSafe==2.0.1
networkx==3.4.2
packaging==24.2
psutil==7.0.0
pyaes==1.6.1
pyperf==2.9.0
pyperformance @ file:///home/qianhuiwang/cpython/site-packages/pyperformance/dist/pyperformance-1.11.0-py3-none-any.whl#sha256=5e7db3719781f5aaaa31704d7bc2566ec18ade1aa74b998aae4e93a9ebbaa849
pyproject_hooks==1.2.0
pytz==2021.1
six==1.16.0
sqlparse==0.4.1
urllib3==1.26.5
webencodings==0.5.1

==================================================
(56/83) creating venv for benchmark (pickle_pure_python)

(trying common venv first)
Installing requirements into the virtual environment /home/qianhuiwang/cpython/build-purecap
# /home/qianhuiwang/cpython/build-purecap/python -m pip install pyperf==2.9.0
Requirement already satisfied: pyperf==2.9.0 in ./lib/python3.12/site-packages (2.9.0)
Requirement already satisfied: psutil>=5.9.0 in ./lib/python3.12/site-packages (from pyperf==2.9.0) (7.0.0)
Installing requirements into the virtual environment /home/qianhuiwang/cpython/build-purecap
# /home/qianhuiwang/cpython/build-purecap/python -m pip install psutil
Requirement already satisfied: psutil in ./lib/python3.12/site-packages (7.0.0)
# /home/qianhuiwang/cpython/build-purecap/python -m pip freeze
asgiref==3.6.0
build==1.2.2.post1
certifi==2021.5.30
Chameleon==3.9.1
coverage==7.3.2
Django==4.2
dulwich==0.20.23
Genshi==0.7.7
html5lib==1.1
legacy-cgi==2.6
Mako==1.1.4
MarkupSafe==2.0.1
networkx==3.4.2
packaging==24.2
psutil==7.0.0
pyaes==1.6.1
pyperf==2.9.0
pyperformance @ file:///home/qianhuiwang/cpython/site-packages/pyperformance/dist/pyperformance-1.11.0-py3-none-any.whl#sha256=5e7db3719781f5aaaa31704d7bc2566ec18ade1aa74b998aae4e93a9ebbaa849
pyproject_hooks==1.2.0
pytz==2021.1
six==1.16.0
sqlparse==0.4.1
urllib3==1.26.5
webencodings==0.5.1
# /home/qianhuiwang/cpython/build-purecap/python -m pip freeze
asgiref==3.6.0
build==1.2.2.post1
certifi==2021.5.30
Chameleon==3.9.1
coverage==7.3.2
Django==4.2
dulwich==0.20.23
Genshi==0.7.7
html5lib==1.1
legacy-cgi==2.6
Mako==1.1.4
MarkupSafe==2.0.1
networkx==3.4.2
packaging==24.2
psutil==7.0.0
pyaes==1.6.1
pyperf==2.9.0
pyperformance @ file:///home/qianhuiwang/cpython/site-packages/pyperformance/dist/pyperformance-1.11.0-py3-none-any.whl#sha256=5e7db3719781f5aaaa31704d7bc2566ec18ade1aa74b998aae4e93a9ebbaa849
pyproject_hooks==1.2.0
pytz==2021.1
six==1.16.0
sqlparse==0.4.1
urllib3==1.26.5
webencodings==0.5.1

==================================================
(57/83) creating venv for benchmark (pidigits)

(trying common venv first)
Installing requirements into the virtual environment /home/qianhuiwang/cpython/build-purecap
# /home/qianhuiwang/cpython/build-purecap/python -m pip install pyperf==2.9.0
Requirement already satisfied: pyperf==2.9.0 in ./lib/python3.12/site-packages (2.9.0)
Requirement already satisfied: psutil>=5.9.0 in ./lib/python3.12/site-packages (from pyperf==2.9.0) (7.0.0)
Installing requirements into the virtual environment /home/qianhuiwang/cpython/build-purecap
# /home/qianhuiwang/cpython/build-purecap/python -m pip install psutil
Requirement already satisfied: psutil in ./lib/python3.12/site-packages (7.0.0)
# /home/qianhuiwang/cpython/build-purecap/python -m pip freeze
asgiref==3.6.0
build==1.2.2.post1
certifi==2021.5.30
Chameleon==3.9.1
coverage==7.3.2
Django==4.2
dulwich==0.20.23
Genshi==0.7.7
html5lib==1.1
legacy-cgi==2.6
Mako==1.1.4
MarkupSafe==2.0.1
networkx==3.4.2
packaging==24.2
psutil==7.0.0
pyaes==1.6.1
pyperf==2.9.0
pyperformance @ file:///home/qianhuiwang/cpython/site-packages/pyperformance/dist/pyperformance-1.11.0-py3-none-any.whl#sha256=5e7db3719781f5aaaa31704d7bc2566ec18ade1aa74b998aae4e93a9ebbaa849
pyproject_hooks==1.2.0
pytz==2021.1
six==1.16.0
sqlparse==0.4.1
urllib3==1.26.5
webencodings==0.5.1
# /home/qianhuiwang/cpython/build-purecap/python -m pip freeze
asgiref==3.6.0
build==1.2.2.post1
certifi==2021.5.30
Chameleon==3.9.1
coverage==7.3.2
Django==4.2
dulwich==0.20.23
Genshi==0.7.7
html5lib==1.1
legacy-cgi==2.6
Mako==1.1.4
MarkupSafe==2.0.1
networkx==3.4.2
packaging==24.2
psutil==7.0.0
pyaes==1.6.1
pyperf==2.9.0
pyperformance @ file:///home/qianhuiwang/cpython/site-packages/pyperformance/dist/pyperformance-1.11.0-py3-none-any.whl#sha256=5e7db3719781f5aaaa31704d7bc2566ec18ade1aa74b998aae4e93a9ebbaa849
pyproject_hooks==1.2.0
pytz==2021.1
six==1.16.0
sqlparse==0.4.1
urllib3==1.26.5
webencodings==0.5.1

==================================================
(58/83) creating venv for benchmark (pprint)

(trying common venv first)
Installing requirements into the virtual environment /home/qianhuiwang/cpython/build-purecap
# /home/qianhuiwang/cpython/build-purecap/python -m pip install pyperf==2.9.0
Requirement already satisfied: pyperf==2.9.0 in ./lib/python3.12/site-packages (2.9.0)
Requirement already satisfied: psutil>=5.9.0 in ./lib/python3.12/site-packages (from pyperf==2.9.0) (7.0.0)
Installing requirements into the virtual environment /home/qianhuiwang/cpython/build-purecap
# /home/qianhuiwang/cpython/build-purecap/python -m pip install psutil
Requirement already satisfied: psutil in ./lib/python3.12/site-packages (7.0.0)
# /home/qianhuiwang/cpython/build-purecap/python -m pip freeze
asgiref==3.6.0
build==1.2.2.post1
certifi==2021.5.30
Chameleon==3.9.1
coverage==7.3.2
Django==4.2
dulwich==0.20.23
Genshi==0.7.7
html5lib==1.1
legacy-cgi==2.6
Mako==1.1.4
MarkupSafe==2.0.1
networkx==3.4.2
packaging==24.2
psutil==7.0.0
pyaes==1.6.1
pyperf==2.9.0
pyperformance @ file:///home/qianhuiwang/cpython/site-packages/pyperformance/dist/pyperformance-1.11.0-py3-none-any.whl#sha256=5e7db3719781f5aaaa31704d7bc2566ec18ade1aa74b998aae4e93a9ebbaa849
pyproject_hooks==1.2.0
pytz==2021.1
six==1.16.0
sqlparse==0.4.1
urllib3==1.26.5
webencodings==0.5.1
# /home/qianhuiwang/cpython/build-purecap/python -m pip freeze
asgiref==3.6.0
build==1.2.2.post1
certifi==2021.5.30
Chameleon==3.9.1
coverage==7.3.2
Django==4.2
dulwich==0.20.23
Genshi==0.7.7
html5lib==1.1
legacy-cgi==2.6
Mako==1.1.4
MarkupSafe==2.0.1
networkx==3.4.2
packaging==24.2
psutil==7.0.0
pyaes==1.6.1
pyperf==2.9.0
pyperformance @ file:///home/qianhuiwang/cpython/site-packages/pyperformance/dist/pyperformance-1.11.0-py3-none-any.whl#sha256=5e7db3719781f5aaaa31704d7bc2566ec18ade1aa74b998aae4e93a9ebbaa849
pyproject_hooks==1.2.0
pytz==2021.1
six==1.16.0
sqlparse==0.4.1
urllib3==1.26.5
webencodings==0.5.1

==================================================
(59/83) creating venv for benchmark (pyflate)

(trying common venv first)
Installing requirements into the virtual environment /home/qianhuiwang/cpython/build-purecap
# /home/qianhuiwang/cpython/build-purecap/python -m pip install pyperf==2.9.0
Requirement already satisfied: pyperf==2.9.0 in ./lib/python3.12/site-packages (2.9.0)
Requirement already satisfied: psutil>=5.9.0 in ./lib/python3.12/site-packages (from pyperf==2.9.0) (7.0.0)
Installing requirements into the virtual environment /home/qianhuiwang/cpython/build-purecap
# /home/qianhuiwang/cpython/build-purecap/python -m pip install psutil
Requirement already satisfied: psutil in ./lib/python3.12/site-packages (7.0.0)
# /home/qianhuiwang/cpython/build-purecap/python -m pip freeze
asgiref==3.6.0
build==1.2.2.post1
certifi==2021.5.30
Chameleon==3.9.1
coverage==7.3.2
Django==4.2
dulwich==0.20.23
Genshi==0.7.7
html5lib==1.1
legacy-cgi==2.6
Mako==1.1.4
MarkupSafe==2.0.1
networkx==3.4.2
packaging==24.2
psutil==7.0.0
pyaes==1.6.1
pyperf==2.9.0
pyperformance @ file:///home/qianhuiwang/cpython/site-packages/pyperformance/dist/pyperformance-1.11.0-py3-none-any.whl#sha256=5e7db3719781f5aaaa31704d7bc2566ec18ade1aa74b998aae4e93a9ebbaa849
pyproject_hooks==1.2.0
pytz==2021.1
six==1.16.0
sqlparse==0.4.1
urllib3==1.26.5
webencodings==0.5.1
# /home/qianhuiwang/cpython/build-purecap/python -m pip freeze
asgiref==3.6.0
build==1.2.2.post1
certifi==2021.5.30
Chameleon==3.9.1
coverage==7.3.2
Django==4.2
dulwich==0.20.23
Genshi==0.7.7
html5lib==1.1
legacy-cgi==2.6
Mako==1.1.4
MarkupSafe==2.0.1
networkx==3.4.2
packaging==24.2
psutil==7.0.0
pyaes==1.6.1
pyperf==2.9.0
pyperformance @ file:///home/qianhuiwang/cpython/site-packages/pyperformance/dist/pyperformance-1.11.0-py3-none-any.whl#sha256=5e7db3719781f5aaaa31704d7bc2566ec18ade1aa74b998aae4e93a9ebbaa849
pyproject_hooks==1.2.0
pytz==2021.1
six==1.16.0
sqlparse==0.4.1
urllib3==1.26.5
webencodings==0.5.1

==================================================
(60/83) creating venv for benchmark (python_startup)

(trying common venv first)
Installing requirements into the virtual environment /home/qianhuiwang/cpython/build-purecap
# /home/qianhuiwang/cpython/build-purecap/python -m pip install pyperf==2.9.0
Requirement already satisfied: pyperf==2.9.0 in ./lib/python3.12/site-packages (2.9.0)
Requirement already satisfied: psutil>=5.9.0 in ./lib/python3.12/site-packages (from pyperf==2.9.0) (7.0.0)
Installing requirements into the virtual environment /home/qianhuiwang/cpython/build-purecap
# /home/qianhuiwang/cpython/build-purecap/python -m pip install psutil
Requirement already satisfied: psutil in ./lib/python3.12/site-packages (7.0.0)
# /home/qianhuiwang/cpython/build-purecap/python -m pip freeze
asgiref==3.6.0
build==1.2.2.post1
certifi==2021.5.30
Chameleon==3.9.1
coverage==7.3.2
Django==4.2
dulwich==0.20.23
Genshi==0.7.7
html5lib==1.1
legacy-cgi==2.6
Mako==1.1.4
MarkupSafe==2.0.1
networkx==3.4.2
packaging==24.2
psutil==7.0.0
pyaes==1.6.1
pyperf==2.9.0
pyperformance @ file:///home/qianhuiwang/cpython/site-packages/pyperformance/dist/pyperformance-1.11.0-py3-none-any.whl#sha256=5e7db3719781f5aaaa31704d7bc2566ec18ade1aa74b998aae4e93a9ebbaa849
pyproject_hooks==1.2.0
pytz==2021.1
six==1.16.0
sqlparse==0.4.1
urllib3==1.26.5
webencodings==0.5.1
# /home/qianhuiwang/cpython/build-purecap/python -m pip freeze
asgiref==3.6.0
build==1.2.2.post1
certifi==2021.5.30
Chameleon==3.9.1
coverage==7.3.2
Django==4.2
dulwich==0.20.23
Genshi==0.7.7
html5lib==1.1
legacy-cgi==2.6
Mako==1.1.4
MarkupSafe==2.0.1
networkx==3.4.2
packaging==24.2
psutil==7.0.0
pyaes==1.6.1
pyperf==2.9.0
pyperformance @ file:///home/qianhuiwang/cpython/site-packages/pyperformance/dist/pyperformance-1.11.0-py3-none-any.whl#sha256=5e7db3719781f5aaaa31704d7bc2566ec18ade1aa74b998aae4e93a9ebbaa849
pyproject_hooks==1.2.0
pytz==2021.1
six==1.16.0
sqlparse==0.4.1
urllib3==1.26.5
webencodings==0.5.1

==================================================
(61/83) creating venv for benchmark (python_startup_no_site)

(trying common venv first)
Installing requirements into the virtual environment /home/qianhuiwang/cpython/build-purecap
# /home/qianhuiwang/cpython/build-purecap/python -m pip install pyperf==2.9.0
Requirement already satisfied: pyperf==2.9.0 in ./lib/python3.12/site-packages (2.9.0)
Requirement already satisfied: psutil>=5.9.0 in ./lib/python3.12/site-packages (from pyperf==2.9.0) (7.0.0)
Installing requirements into the virtual environment /home/qianhuiwang/cpython/build-purecap
# /home/qianhuiwang/cpython/build-purecap/python -m pip install psutil
Requirement already satisfied: psutil in ./lib/python3.12/site-packages (7.0.0)
# /home/qianhuiwang/cpython/build-purecap/python -m pip freeze
asgiref==3.6.0
build==1.2.2.post1
certifi==2021.5.30
Chameleon==3.9.1
coverage==7.3.2
Django==4.2
dulwich==0.20.23
Genshi==0.7.7
html5lib==1.1
legacy-cgi==2.6
Mako==1.1.4
MarkupSafe==2.0.1
networkx==3.4.2
packaging==24.2
psutil==7.0.0
pyaes==1.6.1
pyperf==2.9.0
pyperformance @ file:///home/qianhuiwang/cpython/site-packages/pyperformance/dist/pyperformance-1.11.0-py3-none-any.whl#sha256=5e7db3719781f5aaaa31704d7bc2566ec18ade1aa74b998aae4e93a9ebbaa849
pyproject_hooks==1.2.0
pytz==2021.1
six==1.16.0
sqlparse==0.4.1
urllib3==1.26.5
webencodings==0.5.1
# /home/qianhuiwang/cpython/build-purecap/python -m pip freeze
asgiref==3.6.0
build==1.2.2.post1
certifi==2021.5.30
Chameleon==3.9.1
coverage==7.3.2
Django==4.2
dulwich==0.20.23
Genshi==0.7.7
html5lib==1.1
legacy-cgi==2.6
Mako==1.1.4
MarkupSafe==2.0.1
networkx==3.4.2
packaging==24.2
psutil==7.0.0
pyaes==1.6.1
pyperf==2.9.0
pyperformance @ file:///home/qianhuiwang/cpython/site-packages/pyperformance/dist/pyperformance-1.11.0-py3-none-any.whl#sha256=5e7db3719781f5aaaa31704d7bc2566ec18ade1aa74b998aae4e93a9ebbaa849
pyproject_hooks==1.2.0
pytz==2021.1
six==1.16.0
sqlparse==0.4.1
urllib3==1.26.5
webencodings==0.5.1

==================================================
(62/83) creating venv for benchmark (raytrace)

(trying common venv first)
Installing requirements into the virtual environment /home/qianhuiwang/cpython/build-purecap
# /home/qianhuiwang/cpython/build-purecap/python -m pip install pyperf==2.9.0
Requirement already satisfied: pyperf==2.9.0 in ./lib/python3.12/site-packages (2.9.0)
Requirement already satisfied: psutil>=5.9.0 in ./lib/python3.12/site-packages (from pyperf==2.9.0) (7.0.0)
Installing requirements into the virtual environment /home/qianhuiwang/cpython/build-purecap
# /home/qianhuiwang/cpython/build-purecap/python -m pip install psutil
Requirement already satisfied: psutil in ./lib/python3.12/site-packages (7.0.0)
# /home/qianhuiwang/cpython/build-purecap/python -m pip freeze
asgiref==3.6.0
build==1.2.2.post1
certifi==2021.5.30
Chameleon==3.9.1
coverage==7.3.2
Django==4.2
dulwich==0.20.23
Genshi==0.7.7
html5lib==1.1
legacy-cgi==2.6
Mako==1.1.4
MarkupSafe==2.0.1
networkx==3.4.2
packaging==24.2
psutil==7.0.0
pyaes==1.6.1
pyperf==2.9.0
pyperformance @ file:///home/qianhuiwang/cpython/site-packages/pyperformance/dist/pyperformance-1.11.0-py3-none-any.whl#sha256=5e7db3719781f5aaaa31704d7bc2566ec18ade1aa74b998aae4e93a9ebbaa849
pyproject_hooks==1.2.0
pytz==2021.1
six==1.16.0
sqlparse==0.4.1
urllib3==1.26.5
webencodings==0.5.1
# /home/qianhuiwang/cpython/build-purecap/python -m pip freeze
asgiref==3.6.0
build==1.2.2.post1
certifi==2021.5.30
Chameleon==3.9.1
coverage==7.3.2
Django==4.2
dulwich==0.20.23
Genshi==0.7.7
html5lib==1.1
legacy-cgi==2.6
Mako==1.1.4
MarkupSafe==2.0.1
networkx==3.4.2
packaging==24.2
psutil==7.0.0
pyaes==1.6.1
pyperf==2.9.0
pyperformance @ file:///home/qianhuiwang/cpython/site-packages/pyperformance/dist/pyperformance-1.11.0-py3-none-any.whl#sha256=5e7db3719781f5aaaa31704d7bc2566ec18ade1aa74b998aae4e93a9ebbaa849
pyproject_hooks==1.2.0
pytz==2021.1
six==1.16.0
sqlparse==0.4.1
urllib3==1.26.5
webencodings==0.5.1

==================================================
(63/83) creating venv for benchmark (regex_compile)

(trying common venv first)
Installing requirements into the virtual environment /home/qianhuiwang/cpython/build-purecap
# /home/qianhuiwang/cpython/build-purecap/python -m pip install pyperf==2.9.0
Requirement already satisfied: pyperf==2.9.0 in ./lib/python3.12/site-packages (2.9.0)
Requirement already satisfied: psutil>=5.9.0 in ./lib/python3.12/site-packages (from pyperf==2.9.0) (7.0.0)
Installing requirements into the virtual environment /home/qianhuiwang/cpython/build-purecap
# /home/qianhuiwang/cpython/build-purecap/python -m pip install psutil
Requirement already satisfied: psutil in ./lib/python3.12/site-packages (7.0.0)
# /home/qianhuiwang/cpython/build-purecap/python -m pip freeze
asgiref==3.6.0
build==1.2.2.post1
certifi==2021.5.30
Chameleon==3.9.1
coverage==7.3.2
Django==4.2
dulwich==0.20.23
Genshi==0.7.7
html5lib==1.1
legacy-cgi==2.6
Mako==1.1.4
MarkupSafe==2.0.1
networkx==3.4.2
packaging==24.2
psutil==7.0.0
pyaes==1.6.1
pyperf==2.9.0
pyperformance @ file:///home/qianhuiwang/cpython/site-packages/pyperformance/dist/pyperformance-1.11.0-py3-none-any.whl#sha256=5e7db3719781f5aaaa31704d7bc2566ec18ade1aa74b998aae4e93a9ebbaa849
pyproject_hooks==1.2.0
pytz==2021.1
six==1.16.0
sqlparse==0.4.1
urllib3==1.26.5
webencodings==0.5.1
# /home/qianhuiwang/cpython/build-purecap/python -m pip freeze
asgiref==3.6.0
build==1.2.2.post1
certifi==2021.5.30
Chameleon==3.9.1
coverage==7.3.2
Django==4.2
dulwich==0.20.23
Genshi==0.7.7
html5lib==1.1
legacy-cgi==2.6
Mako==1.1.4
MarkupSafe==2.0.1
networkx==3.4.2
packaging==24.2
psutil==7.0.0
pyaes==1.6.1
pyperf==2.9.0
pyperformance @ file:///home/qianhuiwang/cpython/site-packages/pyperformance/dist/pyperformance-1.11.0-py3-none-any.whl#sha256=5e7db3719781f5aaaa31704d7bc2566ec18ade1aa74b998aae4e93a9ebbaa849
pyproject_hooks==1.2.0
pytz==2021.1
six==1.16.0
sqlparse==0.4.1
urllib3==1.26.5
webencodings==0.5.1

==================================================
(64/83) creating venv for benchmark (regex_dna)

(trying common venv first)
Installing requirements into the virtual environment /home/qianhuiwang/cpython/build-purecap
# /home/qianhuiwang/cpython/build-purecap/python -m pip install pyperf==2.9.0
Requirement already satisfied: pyperf==2.9.0 in ./lib/python3.12/site-packages (2.9.0)
Requirement already satisfied: psutil>=5.9.0 in ./lib/python3.12/site-packages (from pyperf==2.9.0) (7.0.0)
Installing requirements into the virtual environment /home/qianhuiwang/cpython/build-purecap
# /home/qianhuiwang/cpython/build-purecap/python -m pip install psutil
Requirement already satisfied: psutil in ./lib/python3.12/site-packages (7.0.0)
# /home/qianhuiwang/cpython/build-purecap/python -m pip freeze
asgiref==3.6.0
build==1.2.2.post1
certifi==2021.5.30
Chameleon==3.9.1
coverage==7.3.2
Django==4.2
dulwich==0.20.23
Genshi==0.7.7
html5lib==1.1
legacy-cgi==2.6
Mako==1.1.4
MarkupSafe==2.0.1
networkx==3.4.2
packaging==24.2
psutil==7.0.0
pyaes==1.6.1
pyperf==2.9.0
pyperformance @ file:///home/qianhuiwang/cpython/site-packages/pyperformance/dist/pyperformance-1.11.0-py3-none-any.whl#sha256=5e7db3719781f5aaaa31704d7bc2566ec18ade1aa74b998aae4e93a9ebbaa849
pyproject_hooks==1.2.0
pytz==2021.1
six==1.16.0
sqlparse==0.4.1
urllib3==1.26.5
webencodings==0.5.1
# /home/qianhuiwang/cpython/build-purecap/python -m pip freeze
asgiref==3.6.0
build==1.2.2.post1
certifi==2021.5.30
Chameleon==3.9.1
coverage==7.3.2
Django==4.2
dulwich==0.20.23
Genshi==0.7.7
html5lib==1.1
legacy-cgi==2.6
Mako==1.1.4
MarkupSafe==2.0.1
networkx==3.4.2
packaging==24.2
psutil==7.0.0
pyaes==1.6.1
pyperf==2.9.0
pyperformance @ file:///home/qianhuiwang/cpython/site-packages/pyperformance/dist/pyperformance-1.11.0-py3-none-any.whl#sha256=5e7db3719781f5aaaa31704d7bc2566ec18ade1aa74b998aae4e93a9ebbaa849
pyproject_hooks==1.2.0
pytz==2021.1
six==1.16.0
sqlparse==0.4.1
urllib3==1.26.5
webencodings==0.5.1

==================================================
(65/83) creating venv for benchmark (regex_effbot)

(trying common venv first)
Installing requirements into the virtual environment /home/qianhuiwang/cpython/build-purecap
# /home/qianhuiwang/cpython/build-purecap/python -m pip install pyperf==2.9.0
Requirement already satisfied: pyperf==2.9.0 in ./lib/python3.12/site-packages (2.9.0)
Requirement already satisfied: psutil>=5.9.0 in ./lib/python3.12/site-packages (from pyperf==2.9.0) (7.0.0)
Installing requirements into the virtual environment /home/qianhuiwang/cpython/build-purecap
# /home/qianhuiwang/cpython/build-purecap/python -m pip install psutil
Requirement already satisfied: psutil in ./lib/python3.12/site-packages (7.0.0)
# /home/qianhuiwang/cpython/build-purecap/python -m pip freeze
asgiref==3.6.0
build==1.2.2.post1
certifi==2021.5.30
Chameleon==3.9.1
coverage==7.3.2
Django==4.2
dulwich==0.20.23
Genshi==0.7.7
html5lib==1.1
legacy-cgi==2.6
Mako==1.1.4
MarkupSafe==2.0.1
networkx==3.4.2
packaging==24.2
psutil==7.0.0
pyaes==1.6.1
pyperf==2.9.0
pyperformance @ file:///home/qianhuiwang/cpython/site-packages/pyperformance/dist/pyperformance-1.11.0-py3-none-any.whl#sha256=5e7db3719781f5aaaa31704d7bc2566ec18ade1aa74b998aae4e93a9ebbaa849
pyproject_hooks==1.2.0
pytz==2021.1
six==1.16.0
sqlparse==0.4.1
urllib3==1.26.5
webencodings==0.5.1
# /home/qianhuiwang/cpython/build-purecap/python -m pip freeze
asgiref==3.6.0
build==1.2.2.post1
certifi==2021.5.30
Chameleon==3.9.1
coverage==7.3.2
Django==4.2
dulwich==0.20.23
Genshi==0.7.7
html5lib==1.1
legacy-cgi==2.6
Mako==1.1.4
MarkupSafe==2.0.1
networkx==3.4.2
packaging==24.2
psutil==7.0.0
pyaes==1.6.1
pyperf==2.9.0
pyperformance @ file:///home/qianhuiwang/cpython/site-packages/pyperformance/dist/pyperformance-1.11.0-py3-none-any.whl#sha256=5e7db3719781f5aaaa31704d7bc2566ec18ade1aa74b998aae4e93a9ebbaa849
pyproject_hooks==1.2.0
pytz==2021.1
six==1.16.0
sqlparse==0.4.1
urllib3==1.26.5
webencodings==0.5.1

==================================================
(66/83) creating venv for benchmark (regex_v8)

(trying common venv first)
Installing requirements into the virtual environment /home/qianhuiwang/cpython/build-purecap
# /home/qianhuiwang/cpython/build-purecap/python -m pip install pyperf==2.9.0
Requirement already satisfied: pyperf==2.9.0 in ./lib/python3.12/site-packages (2.9.0)
Requirement already satisfied: psutil>=5.9.0 in ./lib/python3.12/site-packages (from pyperf==2.9.0) (7.0.0)
Installing requirements into the virtual environment /home/qianhuiwang/cpython/build-purecap
# /home/qianhuiwang/cpython/build-purecap/python -m pip install psutil
Requirement already satisfied: psutil in ./lib/python3.12/site-packages (7.0.0)
# /home/qianhuiwang/cpython/build-purecap/python -m pip freeze
asgiref==3.6.0
build==1.2.2.post1
certifi==2021.5.30
Chameleon==3.9.1
coverage==7.3.2
Django==4.2
dulwich==0.20.23
Genshi==0.7.7
html5lib==1.1
legacy-cgi==2.6
Mako==1.1.4
MarkupSafe==2.0.1
networkx==3.4.2
packaging==24.2
psutil==7.0.0
pyaes==1.6.1
pyperf==2.9.0
pyperformance @ file:///home/qianhuiwang/cpython/site-packages/pyperformance/dist/pyperformance-1.11.0-py3-none-any.whl#sha256=5e7db3719781f5aaaa31704d7bc2566ec18ade1aa74b998aae4e93a9ebbaa849
pyproject_hooks==1.2.0
pytz==2021.1
six==1.16.0
sqlparse==0.4.1
urllib3==1.26.5
webencodings==0.5.1
# /home/qianhuiwang/cpython/build-purecap/python -m pip freeze
asgiref==3.6.0
build==1.2.2.post1
certifi==2021.5.30
Chameleon==3.9.1
coverage==7.3.2
Django==4.2
dulwich==0.20.23
Genshi==0.7.7
html5lib==1.1
legacy-cgi==2.6
Mako==1.1.4
MarkupSafe==2.0.1
networkx==3.4.2
packaging==24.2
psutil==7.0.0
pyaes==1.6.1
pyperf==2.9.0
pyperformance @ file:///home/qianhuiwang/cpython/site-packages/pyperformance/dist/pyperformance-1.11.0-py3-none-any.whl#sha256=5e7db3719781f5aaaa31704d7bc2566ec18ade1aa74b998aae4e93a9ebbaa849
pyproject_hooks==1.2.0
pytz==2021.1
six==1.16.0
sqlparse==0.4.1
urllib3==1.26.5
webencodings==0.5.1

==================================================
(67/83) creating venv for benchmark (richards)

(trying common venv first)
Installing requirements into the virtual environment /home/qianhuiwang/cpython/build-purecap
# /home/qianhuiwang/cpython/build-purecap/python -m pip install pyperf==2.9.0
Requirement already satisfied: pyperf==2.9.0 in ./lib/python3.12/site-packages (2.9.0)
Requirement already satisfied: psutil>=5.9.0 in ./lib/python3.12/site-packages (from pyperf==2.9.0) (7.0.0)
Installing requirements into the virtual environment /home/qianhuiwang/cpython/build-purecap
# /home/qianhuiwang/cpython/build-purecap/python -m pip install psutil
Requirement already satisfied: psutil in ./lib/python3.12/site-packages (7.0.0)
# /home/qianhuiwang/cpython/build-purecap/python -m pip freeze
asgiref==3.6.0
build==1.2.2.post1
certifi==2021.5.30
Chameleon==3.9.1
coverage==7.3.2
Django==4.2
dulwich==0.20.23
Genshi==0.7.7
html5lib==1.1
legacy-cgi==2.6
Mako==1.1.4
MarkupSafe==2.0.1
networkx==3.4.2
packaging==24.2
psutil==7.0.0
pyaes==1.6.1
pyperf==2.9.0
pyperformance @ file:///home/qianhuiwang/cpython/site-packages/pyperformance/dist/pyperformance-1.11.0-py3-none-any.whl#sha256=5e7db3719781f5aaaa31704d7bc2566ec18ade1aa74b998aae4e93a9ebbaa849
pyproject_hooks==1.2.0
pytz==2021.1
six==1.16.0
sqlparse==0.4.1
urllib3==1.26.5
webencodings==0.5.1
# /home/qianhuiwang/cpython/build-purecap/python -m pip freeze
asgiref==3.6.0
build==1.2.2.post1
certifi==2021.5.30
Chameleon==3.9.1
coverage==7.3.2
Django==4.2
dulwich==0.20.23
Genshi==0.7.7
html5lib==1.1
legacy-cgi==2.6
Mako==1.1.4
MarkupSafe==2.0.1
networkx==3.4.2
packaging==24.2
psutil==7.0.0
pyaes==1.6.1
pyperf==2.9.0
pyperformance @ file:///home/qianhuiwang/cpython/site-packages/pyperformance/dist/pyperformance-1.11.0-py3-none-any.whl#sha256=5e7db3719781f5aaaa31704d7bc2566ec18ade1aa74b998aae4e93a9ebbaa849
pyproject_hooks==1.2.0
pytz==2021.1
six==1.16.0
sqlparse==0.4.1
urllib3==1.26.5
webencodings==0.5.1

==================================================
(68/83) creating venv for benchmark (richards_super)

(trying common venv first)
Installing requirements into the virtual environment /home/qianhuiwang/cpython/build-purecap
# /home/qianhuiwang/cpython/build-purecap/python -m pip install pyperf==2.9.0
Requirement already satisfied: pyperf==2.9.0 in ./lib/python3.12/site-packages (2.9.0)
Requirement already satisfied: psutil>=5.9.0 in ./lib/python3.12/site-packages (from pyperf==2.9.0) (7.0.0)
Installing requirements into the virtual environment /home/qianhuiwang/cpython/build-purecap
# /home/qianhuiwang/cpython/build-purecap/python -m pip install psutil
Requirement already satisfied: psutil in ./lib/python3.12/site-packages (7.0.0)
# /home/qianhuiwang/cpython/build-purecap/python -m pip freeze
asgiref==3.6.0
build==1.2.2.post1
certifi==2021.5.30
Chameleon==3.9.1
coverage==7.3.2
Django==4.2
dulwich==0.20.23
Genshi==0.7.7
html5lib==1.1
legacy-cgi==2.6
Mako==1.1.4
MarkupSafe==2.0.1
networkx==3.4.2
packaging==24.2
psutil==7.0.0
pyaes==1.6.1
pyperf==2.9.0
pyperformance @ file:///home/qianhuiwang/cpython/site-packages/pyperformance/dist/pyperformance-1.11.0-py3-none-any.whl#sha256=5e7db3719781f5aaaa31704d7bc2566ec18ade1aa74b998aae4e93a9ebbaa849
pyproject_hooks==1.2.0
pytz==2021.1
six==1.16.0
sqlparse==0.4.1
urllib3==1.26.5
webencodings==0.5.1
# /home/qianhuiwang/cpython/build-purecap/python -m pip freeze
asgiref==3.6.0
build==1.2.2.post1
certifi==2021.5.30
Chameleon==3.9.1
coverage==7.3.2
Django==4.2
dulwich==0.20.23
Genshi==0.7.7
html5lib==1.1
legacy-cgi==2.6
Mako==1.1.4
MarkupSafe==2.0.1
networkx==3.4.2
packaging==24.2
psutil==7.0.0
pyaes==1.6.1
pyperf==2.9.0
pyperformance @ file:///home/qianhuiwang/cpython/site-packages/pyperformance/dist/pyperformance-1.11.0-py3-none-any.whl#sha256=5e7db3719781f5aaaa31704d7bc2566ec18ade1aa74b998aae4e93a9ebbaa849
pyproject_hooks==1.2.0
pytz==2021.1
six==1.16.0
sqlparse==0.4.1
urllib3==1.26.5
webencodings==0.5.1

==================================================
(69/83) creating venv for benchmark (scimark)

(trying common venv first)
Installing requirements into the virtual environment /home/qianhuiwang/cpython/build-purecap
# /home/qianhuiwang/cpython/build-purecap/python -m pip install pyperf==2.9.0
Requirement already satisfied: pyperf==2.9.0 in ./lib/python3.12/site-packages (2.9.0)
Requirement already satisfied: psutil>=5.9.0 in ./lib/python3.12/site-packages (from pyperf==2.9.0) (7.0.0)
Installing requirements into the virtual environment /home/qianhuiwang/cpython/build-purecap
# /home/qianhuiwang/cpython/build-purecap/python -m pip install psutil
Requirement already satisfied: psutil in ./lib/python3.12/site-packages (7.0.0)
# /home/qianhuiwang/cpython/build-purecap/python -m pip freeze
asgiref==3.6.0
build==1.2.2.post1
certifi==2021.5.30
Chameleon==3.9.1
coverage==7.3.2
Django==4.2
dulwich==0.20.23
Genshi==0.7.7
html5lib==1.1
legacy-cgi==2.6
Mako==1.1.4
MarkupSafe==2.0.1
networkx==3.4.2
packaging==24.2
psutil==7.0.0
pyaes==1.6.1
pyperf==2.9.0
pyperformance @ file:///home/qianhuiwang/cpython/site-packages/pyperformance/dist/pyperformance-1.11.0-py3-none-any.whl#sha256=5e7db3719781f5aaaa31704d7bc2566ec18ade1aa74b998aae4e93a9ebbaa849
pyproject_hooks==1.2.0
pytz==2021.1
six==1.16.0
sqlparse==0.4.1
urllib3==1.26.5
webencodings==0.5.1
# /home/qianhuiwang/cpython/build-purecap/python -m pip freeze
asgiref==3.6.0
build==1.2.2.post1
certifi==2021.5.30
Chameleon==3.9.1
coverage==7.3.2
Django==4.2
dulwich==0.20.23
Genshi==0.7.7
html5lib==1.1
legacy-cgi==2.6
Mako==1.1.4
MarkupSafe==2.0.1
networkx==3.4.2
packaging==24.2
psutil==7.0.0
pyaes==1.6.1
pyperf==2.9.0
pyperformance @ file:///home/qianhuiwang/cpython/site-packages/pyperformance/dist/pyperformance-1.11.0-py3-none-any.whl#sha256=5e7db3719781f5aaaa31704d7bc2566ec18ade1aa74b998aae4e93a9ebbaa849
pyproject_hooks==1.2.0
pytz==2021.1
six==1.16.0
sqlparse==0.4.1
urllib3==1.26.5
webencodings==0.5.1

==================================================
(70/83) creating venv for benchmark (spectral_norm)

(trying common venv first)
Installing requirements into the virtual environment /home/qianhuiwang/cpython/build-purecap
# /home/qianhuiwang/cpython/build-purecap/python -m pip install pyperf==2.9.0
Requirement already satisfied: pyperf==2.9.0 in ./lib/python3.12/site-packages (2.9.0)
Requirement already satisfied: psutil>=5.9.0 in ./lib/python3.12/site-packages (from pyperf==2.9.0) (7.0.0)
Installing requirements into the virtual environment /home/qianhuiwang/cpython/build-purecap
# /home/qianhuiwang/cpython/build-purecap/python -m pip install psutil
Requirement already satisfied: psutil in ./lib/python3.12/site-packages (7.0.0)
# /home/qianhuiwang/cpython/build-purecap/python -m pip freeze
asgiref==3.6.0
build==1.2.2.post1
certifi==2021.5.30
Chameleon==3.9.1
coverage==7.3.2
Django==4.2
dulwich==0.20.23
Genshi==0.7.7
html5lib==1.1
legacy-cgi==2.6
Mako==1.1.4
MarkupSafe==2.0.1
networkx==3.4.2
packaging==24.2
psutil==7.0.0
pyaes==1.6.1
pyperf==2.9.0
pyperformance @ file:///home/qianhuiwang/cpython/site-packages/pyperformance/dist/pyperformance-1.11.0-py3-none-any.whl#sha256=5e7db3719781f5aaaa31704d7bc2566ec18ade1aa74b998aae4e93a9ebbaa849
pyproject_hooks==1.2.0
pytz==2021.1
six==1.16.0
sqlparse==0.4.1
urllib3==1.26.5
webencodings==0.5.1
# /home/qianhuiwang/cpython/build-purecap/python -m pip freeze
asgiref==3.6.0
build==1.2.2.post1
certifi==2021.5.30
Chameleon==3.9.1
coverage==7.3.2
Django==4.2
dulwich==0.20.23
Genshi==0.7.7
html5lib==1.1
legacy-cgi==2.6
Mako==1.1.4
MarkupSafe==2.0.1
networkx==3.4.2
packaging==24.2
psutil==7.0.0
pyaes==1.6.1
pyperf==2.9.0
pyperformance @ file:///home/qianhuiwang/cpython/site-packages/pyperformance/dist/pyperformance-1.11.0-py3-none-any.whl#sha256=5e7db3719781f5aaaa31704d7bc2566ec18ade1aa74b998aae4e93a9ebbaa849
pyproject_hooks==1.2.0
pytz==2021.1
six==1.16.0
sqlparse==0.4.1
urllib3==1.26.5
webencodings==0.5.1

==================================================
(71/83) creating venv for benchmark (sphinx)

(trying common venv first)
Installing requirements into the virtual environment /home/qianhuiwang/cpython/build-purecap
# /home/qianhuiwang/cpython/build-purecap/python -m pip install sphinx==7.3.7 python-docs-theme==2024.6 pyperf==2.9.0
Collecting sphinx==7.3.7
  Using cached sphinx-7.3.7-py3-none-any.whl.metadata (6.0 kB)
Collecting python-docs-theme==2024.6
  Using cached python_docs_theme-2024.6-py3-none-any.whl.metadata (2.3 kB)
Requirement already satisfied: pyperf==2.9.0 in ./lib/python3.12/site-packages (2.9.0)
Collecting sphinxcontrib-applehelp (from sphinx==7.3.7)
  Using cached sphinxcontrib_applehelp-2.0.0-py3-none-any.whl.metadata (2.3 kB)
Collecting sphinxcontrib-devhelp (from sphinx==7.3.7)
  Using cached sphinxcontrib_devhelp-2.0.0-py3-none-any.whl.metadata (2.3 kB)
Collecting sphinxcontrib-jsmath (from sphinx==7.3.7)
  Using cached sphinxcontrib_jsmath-1.0.1-py2.py3-none-any.whl.metadata (1.4 kB)
Collecting sphinxcontrib-htmlhelp>=2.0.0 (from sphinx==7.3.7)
  Using cached sphinxcontrib_htmlhelp-2.1.0-py3-none-any.whl.metadata (2.3 kB)
Collecting sphinxcontrib-serializinghtml>=1.1.9 (from sphinx==7.3.7)
  Using cached sphinxcontrib_serializinghtml-2.0.0-py3-none-any.whl.metadata (2.4 kB)
Collecting sphinxcontrib-qthelp (from sphinx==7.3.7)
  Using cached sphinxcontrib_qthelp-2.0.0-py3-none-any.whl.metadata (2.3 kB)
Collecting Jinja2>=3.0 (from sphinx==7.3.7)
  Using cached jinja2-3.1.6-py3-none-any.whl.metadata (2.9 kB)
Collecting Pygments>=2.14 (from sphinx==7.3.7)
  Using cached pygments-2.19.1-py3-none-any.whl.metadata (2.5 kB)
Collecting docutils<0.22,>=0.18.1 (from sphinx==7.3.7)
  Using cached docutils-0.21.2-py3-none-any.whl.metadata (2.8 kB)
Collecting snowballstemmer>=2.0 (from sphinx==7.3.7)
  Using cached snowballstemmer-2.2.0-py2.py3-none-any.whl.metadata (6.5 kB)
Collecting babel>=2.9 (from sphinx==7.3.7)
  Using cached babel-2.17.0-py3-none-any.whl.metadata (2.0 kB)
Collecting alabaster~=0.7.14 (from sphinx==7.3.7)
  Using cached alabaster-0.7.16-py3-none-any.whl.metadata (2.9 kB)
Collecting imagesize>=1.3 (from sphinx==7.3.7)
  Using cached imagesize-1.4.1-py2.py3-none-any.whl.metadata (1.5 kB)
Collecting requests>=2.25.0 (from sphinx==7.3.7)
  Using cached requests-2.32.3-py3-none-any.whl.metadata (4.6 kB)
Requirement already satisfied: packaging>=21.0 in ./lib/python3.12/site-packages (from sphinx==7.3.7) (24.2)
Requirement already satisfied: psutil>=5.9.0 in ./lib/python3.12/site-packages (from pyperf==2.9.0) (7.0.0)
Requirement already satisfied: MarkupSafe>=2.0 in ./lib/python3.12/site-packages (from Jinja2>=3.0->sphinx==7.3.7) (2.0.1)
Collecting charset-normalizer<4,>=2 (from requests>=2.25.0->sphinx==7.3.7)
  Using cached charset_normalizer-3.4.1-py3-none-any.whl.metadata (35 kB)
Collecting idna<4,>=2.5 (from requests>=2.25.0->sphinx==7.3.7)
  Using cached idna-3.10-py3-none-any.whl.metadata (10 kB)
Requirement already satisfied: urllib3<3,>=1.21.1 in ./lib/python3.12/site-packages (from requests>=2.25.0->sphinx==7.3.7) (1.26.5)
Requirement already satisfied: certifi>=2017.4.17 in ./lib/python3.12/site-packages (from requests>=2.25.0->sphinx==7.3.7) (2021.5.30)
Using cached sphinx-7.3.7-py3-none-any.whl (3.3 MB)
Using cached python_docs_theme-2024.6-py3-none-any.whl (19 kB)
Using cached alabaster-0.7.16-py3-none-any.whl (13 kB)
Using cached babel-2.17.0-py3-none-any.whl (10.2 MB)
Using cached docutils-0.21.2-py3-none-any.whl (587 kB)
Using cached imagesize-1.4.1-py2.py3-none-any.whl (8.8 kB)
Using cached jinja2-3.1.6-py3-none-any.whl (134 kB)
Using cached pygments-2.19.1-py3-none-any.whl (1.2 MB)
Using cached requests-2.32.3-py3-none-any.whl (64 kB)
Using cached snowballstemmer-2.2.0-py2.py3-none-any.whl (93 kB)
Using cached sphinxcontrib_htmlhelp-2.1.0-py3-none-any.whl (98 kB)
Using cached sphinxcontrib_serializinghtml-2.0.0-py3-none-any.whl (92 kB)
Using cached sphinxcontrib_applehelp-2.0.0-py3-none-any.whl (119 kB)
Using cached sphinxcontrib_devhelp-2.0.0-py3-none-any.whl (82 kB)
Using cached sphinxcontrib_jsmath-1.0.1-py2.py3-none-any.whl (5.1 kB)
Using cached sphinxcontrib_qthelp-2.0.0-py3-none-any.whl (88 kB)
Using cached charset_normalizer-3.4.1-py3-none-any.whl (49 kB)
Using cached idna-3.10-py3-none-any.whl (70 kB)
Installing collected packages: snowballstemmer, sphinxcontrib-serializinghtml, sphinxcontrib-qthelp, sphinxcontrib-jsmath, sphinxcontrib-htmlhelp, sphinxcontrib-devhelp, sphinxcontrib-applehelp, python-docs-theme, Pygments, Jinja2, imagesize, idna, docutils, charset-normalizer, babel, alabaster, requests, sphinx
  WARNING: The script pygmentize is installed in '/home/qianhuiwang/cpython/build-purecap/bin' which is not on PATH.
  Consider adding this directory to PATH or, if you prefer to suppress this warning, use --no-warn-script-location.
  WARNING: The scripts docutils, rst2html, rst2html4, rst2html5, rst2latex, rst2man, rst2odt, rst2pseudoxml, rst2s5, rst2xetex and rst2xml are installed in '/home/qianhuiwang/cpython/build-purecap/bin' which is not on PATH.
  Consider adding this directory to PATH or, if you prefer to suppress this warning, use --no-warn-script-location.
  WARNING: The script normalizer is installed in '/home/qianhuiwang/cpython/build-purecap/bin' which is not on PATH.
  Consider adding this directory to PATH or, if you prefer to suppress this warning, use --no-warn-script-location.
  WARNING: The script pybabel is installed in '/home/qianhuiwang/cpython/build-purecap/bin' which is not on PATH.
  Consider adding this directory to PATH or, if you prefer to suppress this warning, use --no-warn-script-location.
  WARNING: The scripts sphinx-apidoc, sphinx-autogen, sphinx-build and sphinx-quickstart are installed in '/home/qianhuiwang/cpython/build-purecap/bin' which is not on PATH.
  Consider adding this directory to PATH or, if you prefer to suppress this warning, use --no-warn-script-location.
Successfully installed Jinja2-3.1.6 Pygments-2.19.1 alabaster-0.7.16 babel-2.17.0 charset-normalizer-3.4.1 docutils-0.21.2 idna-3.10 imagesize-1.4.1 python-docs-theme-2024.6 requests-2.32.3 snowballstemmer-2.2.0 sphinx-7.3.7 sphinxcontrib-applehelp-2.0.0 sphinxcontrib-devhelp-2.0.0 sphinxcontrib-htmlhelp-2.1.0 sphinxcontrib-jsmath-1.0.1 sphinxcontrib-qthelp-2.0.0 sphinxcontrib-serializinghtml-2.0.0
Installing requirements into the virtual environment /home/qianhuiwang/cpython/build-purecap
# /home/qianhuiwang/cpython/build-purecap/python -m pip install psutil
Requirement already satisfied: psutil in ./lib/python3.12/site-packages (7.0.0)
# /home/qianhuiwang/cpython/build-purecap/python -m pip freeze
alabaster==0.7.16
asgiref==3.6.0
babel==2.17.0
build==1.2.2.post1
certifi==2021.5.30
Chameleon==3.9.1
charset-normalizer==3.4.1
coverage==7.3.2
Django==4.2
docutils==0.21.2
dulwich==0.20.23
Genshi==0.7.7
html5lib==1.1
idna==3.10
imagesize==1.4.1
Jinja2==3.1.6
legacy-cgi==2.6
Mako==1.1.4
MarkupSafe==2.0.1
networkx==3.4.2
packaging==24.2
psutil==7.0.0
pyaes==1.6.1
Pygments==2.19.1
pyperf==2.9.0
pyperformance @ file:///home/qianhuiwang/cpython/site-packages/pyperformance/dist/pyperformance-1.11.0-py3-none-any.whl#sha256=5e7db3719781f5aaaa31704d7bc2566ec18ade1aa74b998aae4e93a9ebbaa849
pyproject_hooks==1.2.0
python-docs-theme==2024.6
pytz==2021.1
requests==2.32.3
six==1.16.0
snowballstemmer==2.2.0
Sphinx==7.3.7
sphinxcontrib-applehelp==2.0.0
sphinxcontrib-devhelp==2.0.0
sphinxcontrib-htmlhelp==2.1.0
sphinxcontrib-jsmath==1.0.1
sphinxcontrib-qthelp==2.0.0
sphinxcontrib-serializinghtml==2.0.0
sqlparse==0.4.1
urllib3==1.26.5
webencodings==0.5.1
# /home/qianhuiwang/cpython/build-purecap/python -m pip freeze
alabaster==0.7.16
asgiref==3.6.0
babel==2.17.0
build==1.2.2.post1
certifi==2021.5.30
Chameleon==3.9.1
charset-normalizer==3.4.1
coverage==7.3.2
Django==4.2
docutils==0.21.2
dulwich==0.20.23
Genshi==0.7.7
html5lib==1.1
idna==3.10
imagesize==1.4.1
Jinja2==3.1.6
legacy-cgi==2.6
Mako==1.1.4
MarkupSafe==2.0.1
networkx==3.4.2
packaging==24.2
psutil==7.0.0
pyaes==1.6.1
Pygments==2.19.1
pyperf==2.9.0
pyperformance @ file:///home/qianhuiwang/cpython/site-packages/pyperformance/dist/pyperformance-1.11.0-py3-none-any.whl#sha256=5e7db3719781f5aaaa31704d7bc2566ec18ade1aa74b998aae4e93a9ebbaa849
pyproject_hooks==1.2.0
python-docs-theme==2024.6
pytz==2021.1
requests==2.32.3
six==1.16.0
snowballstemmer==2.2.0
Sphinx==7.3.7
sphinxcontrib-applehelp==2.0.0
sphinxcontrib-devhelp==2.0.0
sphinxcontrib-htmlhelp==2.1.0
sphinxcontrib-jsmath==1.0.1
sphinxcontrib-qthelp==2.0.0
sphinxcontrib-serializinghtml==2.0.0
sqlparse==0.4.1
urllib3==1.26.5
webencodings==0.5.1

==================================================
(72/83) creating venv for benchmark (sqlglot_v2)

(trying common venv first)
Installing requirements into the virtual environment /home/qianhuiwang/cpython/build-purecap
# /home/qianhuiwang/cpython/build-purecap/python -m pip install sqlglot==4.6.0 pyperf==2.9.0
Collecting sqlglot==4.6.0
  Using cached sqlglot-4.6.0-py3-none-any.whl.metadata (9.5 kB)
Requirement already satisfied: pyperf==2.9.0 in ./lib/python3.12/site-packages (2.9.0)
Requirement already satisfied: psutil>=5.9.0 in ./lib/python3.12/site-packages (from pyperf==2.9.0) (7.0.0)
Using cached sqlglot-4.6.0-py3-none-any.whl (100 kB)
Installing collected packages: sqlglot
Successfully installed sqlglot-4.6.0
Installing requirements into the virtual environment /home/qianhuiwang/cpython/build-purecap
# /home/qianhuiwang/cpython/build-purecap/python -m pip install psutil
Requirement already satisfied: psutil in ./lib/python3.12/site-packages (7.0.0)
# /home/qianhuiwang/cpython/build-purecap/python -m pip freeze
alabaster==0.7.16
asgiref==3.6.0
babel==2.17.0
build==1.2.2.post1
certifi==2021.5.30
Chameleon==3.9.1
charset-normalizer==3.4.1
coverage==7.3.2
Django==4.2
docutils==0.21.2
dulwich==0.20.23
Genshi==0.7.7
html5lib==1.1
idna==3.10
imagesize==1.4.1
Jinja2==3.1.6
legacy-cgi==2.6
Mako==1.1.4
MarkupSafe==2.0.1
networkx==3.4.2
packaging==24.2
psutil==7.0.0
pyaes==1.6.1
Pygments==2.19.1
pyperf==2.9.0
pyperformance @ file:///home/qianhuiwang/cpython/site-packages/pyperformance/dist/pyperformance-1.11.0-py3-none-any.whl#sha256=5e7db3719781f5aaaa31704d7bc2566ec18ade1aa74b998aae4e93a9ebbaa849
pyproject_hooks==1.2.0
python-docs-theme==2024.6
pytz==2021.1
requests==2.32.3
six==1.16.0
snowballstemmer==2.2.0
Sphinx==7.3.7
sphinxcontrib-applehelp==2.0.0
sphinxcontrib-devhelp==2.0.0
sphinxcontrib-htmlhelp==2.1.0
sphinxcontrib-jsmath==1.0.1
sphinxcontrib-qthelp==2.0.0
sphinxcontrib-serializinghtml==2.0.0
sqlglot==4.6.0
sqlparse==0.4.1
urllib3==1.26.5
webencodings==0.5.1
# /home/qianhuiwang/cpython/build-purecap/python -m pip freeze
alabaster==0.7.16
asgiref==3.6.0
babel==2.17.0
build==1.2.2.post1
certifi==2021.5.30
Chameleon==3.9.1
charset-normalizer==3.4.1
coverage==7.3.2
Django==4.2
docutils==0.21.2
dulwich==0.20.23
Genshi==0.7.7
html5lib==1.1
idna==3.10
imagesize==1.4.1
Jinja2==3.1.6
legacy-cgi==2.6
Mako==1.1.4
MarkupSafe==2.0.1
networkx==3.4.2
packaging==24.2
psutil==7.0.0
pyaes==1.6.1
Pygments==2.19.1
pyperf==2.9.0
pyperformance @ file:///home/qianhuiwang/cpython/site-packages/pyperformance/dist/pyperformance-1.11.0-py3-none-any.whl#sha256=5e7db3719781f5aaaa31704d7bc2566ec18ade1aa74b998aae4e93a9ebbaa849
pyproject_hooks==1.2.0
python-docs-theme==2024.6
pytz==2021.1
requests==2.32.3
six==1.16.0
snowballstemmer==2.2.0
Sphinx==7.3.7
sphinxcontrib-applehelp==2.0.0
sphinxcontrib-devhelp==2.0.0
sphinxcontrib-htmlhelp==2.1.0
sphinxcontrib-jsmath==1.0.1
sphinxcontrib-qthelp==2.0.0
sphinxcontrib-serializinghtml==2.0.0
sqlglot==4.6.0
sqlparse==0.4.1
urllib3==1.26.5
webencodings==0.5.1

==================================================
(73/83) creating venv for benchmark (sqlglot_v2_optimize)

(trying common venv first)
Installing requirements into the virtual environment /home/qianhuiwang/cpython/build-purecap
# /home/qianhuiwang/cpython/build-purecap/python -m pip install sqlglot==4.6.0 pyperf==2.9.0
Requirement already satisfied: sqlglot==4.6.0 in ./lib/python3.12/site-packages (4.6.0)
Requirement already satisfied: pyperf==2.9.0 in ./lib/python3.12/site-packages (2.9.0)
Requirement already satisfied: psutil>=5.9.0 in ./lib/python3.12/site-packages (from pyperf==2.9.0) (7.0.0)
Installing requirements into the virtual environment /home/qianhuiwang/cpython/build-purecap
# /home/qianhuiwang/cpython/build-purecap/python -m pip install psutil
Requirement already satisfied: psutil in ./lib/python3.12/site-packages (7.0.0)
# /home/qianhuiwang/cpython/build-purecap/python -m pip freeze
alabaster==0.7.16
asgiref==3.6.0
babel==2.17.0
build==1.2.2.post1
certifi==2021.5.30
Chameleon==3.9.1
charset-normalizer==3.4.1
coverage==7.3.2
Django==4.2
docutils==0.21.2
dulwich==0.20.23
Genshi==0.7.7
html5lib==1.1
idna==3.10
imagesize==1.4.1
Jinja2==3.1.6
legacy-cgi==2.6
Mako==1.1.4
MarkupSafe==2.0.1
networkx==3.4.2
packaging==24.2
psutil==7.0.0
pyaes==1.6.1
Pygments==2.19.1
pyperf==2.9.0
pyperformance @ file:///home/qianhuiwang/cpython/site-packages/pyperformance/dist/pyperformance-1.11.0-py3-none-any.whl#sha256=5e7db3719781f5aaaa31704d7bc2566ec18ade1aa74b998aae4e93a9ebbaa849
pyproject_hooks==1.2.0
python-docs-theme==2024.6
pytz==2021.1
requests==2.32.3
six==1.16.0
snowballstemmer==2.2.0
Sphinx==7.3.7
sphinxcontrib-applehelp==2.0.0
sphinxcontrib-devhelp==2.0.0
sphinxcontrib-htmlhelp==2.1.0
sphinxcontrib-jsmath==1.0.1
sphinxcontrib-qthelp==2.0.0
sphinxcontrib-serializinghtml==2.0.0
sqlglot==4.6.0
sqlparse==0.4.1
urllib3==1.26.5
webencodings==0.5.1
# /home/qianhuiwang/cpython/build-purecap/python -m pip freeze
alabaster==0.7.16
asgiref==3.6.0
babel==2.17.0
build==1.2.2.post1
certifi==2021.5.30
Chameleon==3.9.1
charset-normalizer==3.4.1
coverage==7.3.2
Django==4.2
docutils==0.21.2
dulwich==0.20.23
Genshi==0.7.7
html5lib==1.1
idna==3.10
imagesize==1.4.1
Jinja2==3.1.6
legacy-cgi==2.6
Mako==1.1.4
MarkupSafe==2.0.1
networkx==3.4.2
packaging==24.2
psutil==7.0.0
pyaes==1.6.1
Pygments==2.19.1
pyperf==2.9.0
pyperformance @ file:///home/qianhuiwang/cpython/site-packages/pyperformance/dist/pyperformance-1.11.0-py3-none-any.whl#sha256=5e7db3719781f5aaaa31704d7bc2566ec18ade1aa74b998aae4e93a9ebbaa849
pyproject_hooks==1.2.0
python-docs-theme==2024.6
pytz==2021.1
requests==2.32.3
six==1.16.0
snowballstemmer==2.2.0
Sphinx==7.3.7
sphinxcontrib-applehelp==2.0.0
sphinxcontrib-devhelp==2.0.0
sphinxcontrib-htmlhelp==2.1.0
sphinxcontrib-jsmath==1.0.1
sphinxcontrib-qthelp==2.0.0
sphinxcontrib-serializinghtml==2.0.0
sqlglot==4.6.0
sqlparse==0.4.1
urllib3==1.26.5
webencodings==0.5.1

==================================================
(74/83) creating venv for benchmark (sqlglot_v2_parse)

(trying common venv first)
Installing requirements into the virtual environment /home/qianhuiwang/cpython/build-purecap
# /home/qianhuiwang/cpython/build-purecap/python -m pip install sqlglot==4.6.0 pyperf==2.9.0
Requirement already satisfied: sqlglot==4.6.0 in ./lib/python3.12/site-packages (4.6.0)
Requirement already satisfied: pyperf==2.9.0 in ./lib/python3.12/site-packages (2.9.0)
Requirement already satisfied: psutil>=5.9.0 in ./lib/python3.12/site-packages (from pyperf==2.9.0) (7.0.0)
Installing requirements into the virtual environment /home/qianhuiwang/cpython/build-purecap
# /home/qianhuiwang/cpython/build-purecap/python -m pip install psutil
Requirement already satisfied: psutil in ./lib/python3.12/site-packages (7.0.0)
# /home/qianhuiwang/cpython/build-purecap/python -m pip freeze
alabaster==0.7.16
asgiref==3.6.0
babel==2.17.0
build==1.2.2.post1
certifi==2021.5.30
Chameleon==3.9.1
charset-normalizer==3.4.1
coverage==7.3.2
Django==4.2
docutils==0.21.2
dulwich==0.20.23
Genshi==0.7.7
html5lib==1.1
idna==3.10
imagesize==1.4.1
Jinja2==3.1.6
legacy-cgi==2.6
Mako==1.1.4
MarkupSafe==2.0.1
networkx==3.4.2
packaging==24.2
psutil==7.0.0
pyaes==1.6.1
Pygments==2.19.1
pyperf==2.9.0
pyperformance @ file:///home/qianhuiwang/cpython/site-packages/pyperformance/dist/pyperformance-1.11.0-py3-none-any.whl#sha256=5e7db3719781f5aaaa31704d7bc2566ec18ade1aa74b998aae4e93a9ebbaa849
pyproject_hooks==1.2.0
python-docs-theme==2024.6
pytz==2021.1
requests==2.32.3
six==1.16.0
snowballstemmer==2.2.0
Sphinx==7.3.7
sphinxcontrib-applehelp==2.0.0
sphinxcontrib-devhelp==2.0.0
sphinxcontrib-htmlhelp==2.1.0
sphinxcontrib-jsmath==1.0.1
sphinxcontrib-qthelp==2.0.0
sphinxcontrib-serializinghtml==2.0.0
sqlglot==4.6.0
sqlparse==0.4.1
urllib3==1.26.5
webencodings==0.5.1
# /home/qianhuiwang/cpython/build-purecap/python -m pip freeze
alabaster==0.7.16
asgiref==3.6.0
babel==2.17.0
build==1.2.2.post1
certifi==2021.5.30
Chameleon==3.9.1
charset-normalizer==3.4.1
coverage==7.3.2
Django==4.2
docutils==0.21.2
dulwich==0.20.23
Genshi==0.7.7
html5lib==1.1
idna==3.10
imagesize==1.4.1
Jinja2==3.1.6
legacy-cgi==2.6
Mako==1.1.4
MarkupSafe==2.0.1
networkx==3.4.2
packaging==24.2
psutil==7.0.0
pyaes==1.6.1
Pygments==2.19.1
pyperf==2.9.0
pyperformance @ file:///home/qianhuiwang/cpython/site-packages/pyperformance/dist/pyperformance-1.11.0-py3-none-any.whl#sha256=5e7db3719781f5aaaa31704d7bc2566ec18ade1aa74b998aae4e93a9ebbaa849
pyproject_hooks==1.2.0
python-docs-theme==2024.6
pytz==2021.1
requests==2.32.3
six==1.16.0
snowballstemmer==2.2.0
Sphinx==7.3.7
sphinxcontrib-applehelp==2.0.0
sphinxcontrib-devhelp==2.0.0
sphinxcontrib-htmlhelp==2.1.0
sphinxcontrib-jsmath==1.0.1
sphinxcontrib-qthelp==2.0.0
sphinxcontrib-serializinghtml==2.0.0
sqlglot==4.6.0
sqlparse==0.4.1
urllib3==1.26.5
webencodings==0.5.1

==================================================
(75/83) creating venv for benchmark (sqlglot_v2_transpile)

(trying common venv first)
Installing requirements into the virtual environment /home/qianhuiwang/cpython/build-purecap
# /home/qianhuiwang/cpython/build-purecap/python -m pip install sqlglot==4.6.0 pyperf==2.9.0
Requirement already satisfied: sqlglot==4.6.0 in ./lib/python3.12/site-packages (4.6.0)
Requirement already satisfied: pyperf==2.9.0 in ./lib/python3.12/site-packages (2.9.0)
Requirement already satisfied: psutil>=5.9.0 in ./lib/python3.12/site-packages (from pyperf==2.9.0) (7.0.0)
Installing requirements into the virtual environment /home/qianhuiwang/cpython/build-purecap
# /home/qianhuiwang/cpython/build-purecap/python -m pip install psutil
Requirement already satisfied: psutil in ./lib/python3.12/site-packages (7.0.0)
# /home/qianhuiwang/cpython/build-purecap/python -m pip freeze
alabaster==0.7.16
asgiref==3.6.0
babel==2.17.0
build==1.2.2.post1
certifi==2021.5.30
Chameleon==3.9.1
charset-normalizer==3.4.1
coverage==7.3.2
Django==4.2
docutils==0.21.2
dulwich==0.20.23
Genshi==0.7.7
html5lib==1.1
idna==3.10
imagesize==1.4.1
Jinja2==3.1.6
legacy-cgi==2.6
Mako==1.1.4
MarkupSafe==2.0.1
networkx==3.4.2
packaging==24.2
psutil==7.0.0
pyaes==1.6.1
Pygments==2.19.1
pyperf==2.9.0
pyperformance @ file:///home/qianhuiwang/cpython/site-packages/pyperformance/dist/pyperformance-1.11.0-py3-none-any.whl#sha256=5e7db3719781f5aaaa31704d7bc2566ec18ade1aa74b998aae4e93a9ebbaa849
pyproject_hooks==1.2.0
python-docs-theme==2024.6
pytz==2021.1
requests==2.32.3
six==1.16.0
snowballstemmer==2.2.0
Sphinx==7.3.7
sphinxcontrib-applehelp==2.0.0
sphinxcontrib-devhelp==2.0.0
sphinxcontrib-htmlhelp==2.1.0
sphinxcontrib-jsmath==1.0.1
sphinxcontrib-qthelp==2.0.0
sphinxcontrib-serializinghtml==2.0.0
sqlglot==4.6.0
sqlparse==0.4.1
urllib3==1.26.5
webencodings==0.5.1
# /home/qianhuiwang/cpython/build-purecap/python -m pip freeze
alabaster==0.7.16
asgiref==3.6.0
babel==2.17.0
build==1.2.2.post1
certifi==2021.5.30
Chameleon==3.9.1
charset-normalizer==3.4.1
coverage==7.3.2
Django==4.2
docutils==0.21.2
dulwich==0.20.23
Genshi==0.7.7
html5lib==1.1
idna==3.10
imagesize==1.4.1
Jinja2==3.1.6
legacy-cgi==2.6
Mako==1.1.4
MarkupSafe==2.0.1
networkx==3.4.2
packaging==24.2
psutil==7.0.0
pyaes==1.6.1
Pygments==2.19.1
pyperf==2.9.0
pyperformance @ file:///home/qianhuiwang/cpython/site-packages/pyperformance/dist/pyperformance-1.11.0-py3-none-any.whl#sha256=5e7db3719781f5aaaa31704d7bc2566ec18ade1aa74b998aae4e93a9ebbaa849
pyproject_hooks==1.2.0
python-docs-theme==2024.6
pytz==2021.1
requests==2.32.3
six==1.16.0
snowballstemmer==2.2.0
Sphinx==7.3.7
sphinxcontrib-applehelp==2.0.0
sphinxcontrib-devhelp==2.0.0
sphinxcontrib-htmlhelp==2.1.0
sphinxcontrib-jsmath==1.0.1
sphinxcontrib-qthelp==2.0.0
sphinxcontrib-serializinghtml==2.0.0
sqlglot==4.6.0
sqlparse==0.4.1
urllib3==1.26.5
webencodings==0.5.1

==================================================
(76/83) creating venv for benchmark (sqlite_synth)

(trying common venv first)
Installing requirements into the virtual environment /home/qianhuiwang/cpython/build-purecap
# /home/qianhuiwang/cpython/build-purecap/python -m pip install pyperf==2.9.0
Requirement already satisfied: pyperf==2.9.0 in ./lib/python3.12/site-packages (2.9.0)
Requirement already satisfied: psutil>=5.9.0 in ./lib/python3.12/site-packages (from pyperf==2.9.0) (7.0.0)
Installing requirements into the virtual environment /home/qianhuiwang/cpython/build-purecap
# /home/qianhuiwang/cpython/build-purecap/python -m pip install psutil
Requirement already satisfied: psutil in ./lib/python3.12/site-packages (7.0.0)
# /home/qianhuiwang/cpython/build-purecap/python -m pip freeze
alabaster==0.7.16
asgiref==3.6.0
babel==2.17.0
build==1.2.2.post1
certifi==2021.5.30
Chameleon==3.9.1
charset-normalizer==3.4.1
coverage==7.3.2
Django==4.2
docutils==0.21.2
dulwich==0.20.23
Genshi==0.7.7
html5lib==1.1
idna==3.10
imagesize==1.4.1
Jinja2==3.1.6
legacy-cgi==2.6
Mako==1.1.4
MarkupSafe==2.0.1
networkx==3.4.2
packaging==24.2
psutil==7.0.0
pyaes==1.6.1
Pygments==2.19.1
pyperf==2.9.0
pyperformance @ file:///home/qianhuiwang/cpython/site-packages/pyperformance/dist/pyperformance-1.11.0-py3-none-any.whl#sha256=5e7db3719781f5aaaa31704d7bc2566ec18ade1aa74b998aae4e93a9ebbaa849
pyproject_hooks==1.2.0
python-docs-theme==2024.6
pytz==2021.1
requests==2.32.3
six==1.16.0
snowballstemmer==2.2.0
Sphinx==7.3.7
sphinxcontrib-applehelp==2.0.0
sphinxcontrib-devhelp==2.0.0
sphinxcontrib-htmlhelp==2.1.0
sphinxcontrib-jsmath==1.0.1
sphinxcontrib-qthelp==2.0.0
sphinxcontrib-serializinghtml==2.0.0
sqlglot==4.6.0
sqlparse==0.4.1
urllib3==1.26.5
webencodings==0.5.1
# /home/qianhuiwang/cpython/build-purecap/python -m pip freeze
alabaster==0.7.16
asgiref==3.6.0
babel==2.17.0
build==1.2.2.post1
certifi==2021.5.30
Chameleon==3.9.1
charset-normalizer==3.4.1
coverage==7.3.2
Django==4.2
docutils==0.21.2
dulwich==0.20.23
Genshi==0.7.7
html5lib==1.1
idna==3.10
imagesize==1.4.1
Jinja2==3.1.6
legacy-cgi==2.6
Mako==1.1.4
MarkupSafe==2.0.1
networkx==3.4.2
packaging==24.2
psutil==7.0.0
pyaes==1.6.1
Pygments==2.19.1
pyperf==2.9.0
pyperformance @ file:///home/qianhuiwang/cpython/site-packages/pyperformance/dist/pyperformance-1.11.0-py3-none-any.whl#sha256=5e7db3719781f5aaaa31704d7bc2566ec18ade1aa74b998aae4e93a9ebbaa849
pyproject_hooks==1.2.0
python-docs-theme==2024.6
pytz==2021.1
requests==2.32.3
six==1.16.0
snowballstemmer==2.2.0
Sphinx==7.3.7
sphinxcontrib-applehelp==2.0.0
sphinxcontrib-devhelp==2.0.0
sphinxcontrib-htmlhelp==2.1.0
sphinxcontrib-jsmath==1.0.1
sphinxcontrib-qthelp==2.0.0
sphinxcontrib-serializinghtml==2.0.0
sqlglot==4.6.0
sqlparse==0.4.1
urllib3==1.26.5
webencodings==0.5.1

==================================================
(77/83) creating venv for benchmark (telco)

(trying common venv first)
Installing requirements into the virtual environment /home/qianhuiwang/cpython/build-purecap
# /home/qianhuiwang/cpython/build-purecap/python -m pip install pyperf==2.9.0
Requirement already satisfied: pyperf==2.9.0 in ./lib/python3.12/site-packages (2.9.0)
Requirement already satisfied: psutil>=5.9.0 in ./lib/python3.12/site-packages (from pyperf==2.9.0) (7.0.0)
Installing requirements into the virtual environment /home/qianhuiwang/cpython/build-purecap
# /home/qianhuiwang/cpython/build-purecap/python -m pip install psutil
Requirement already satisfied: psutil in ./lib/python3.12/site-packages (7.0.0)
# /home/qianhuiwang/cpython/build-purecap/python -m pip freeze
alabaster==0.7.16
asgiref==3.6.0
babel==2.17.0
build==1.2.2.post1
certifi==2021.5.30
Chameleon==3.9.1
charset-normalizer==3.4.1
coverage==7.3.2
Django==4.2
docutils==0.21.2
dulwich==0.20.23
Genshi==0.7.7
html5lib==1.1
idna==3.10
imagesize==1.4.1
Jinja2==3.1.6
legacy-cgi==2.6
Mako==1.1.4
MarkupSafe==2.0.1
networkx==3.4.2
packaging==24.2
psutil==7.0.0
pyaes==1.6.1
Pygments==2.19.1
pyperf==2.9.0
pyperformance @ file:///home/qianhuiwang/cpython/site-packages/pyperformance/dist/pyperformance-1.11.0-py3-none-any.whl#sha256=5e7db3719781f5aaaa31704d7bc2566ec18ade1aa74b998aae4e93a9ebbaa849
pyproject_hooks==1.2.0
python-docs-theme==2024.6
pytz==2021.1
requests==2.32.3
six==1.16.0
snowballstemmer==2.2.0
Sphinx==7.3.7
sphinxcontrib-applehelp==2.0.0
sphinxcontrib-devhelp==2.0.0
sphinxcontrib-htmlhelp==2.1.0
sphinxcontrib-jsmath==1.0.1
sphinxcontrib-qthelp==2.0.0
sphinxcontrib-serializinghtml==2.0.0
sqlglot==4.6.0
sqlparse==0.4.1
urllib3==1.26.5
webencodings==0.5.1
# /home/qianhuiwang/cpython/build-purecap/python -m pip freeze
alabaster==0.7.16
asgiref==3.6.0
babel==2.17.0
build==1.2.2.post1
certifi==2021.5.30
Chameleon==3.9.1
charset-normalizer==3.4.1
coverage==7.3.2
Django==4.2
docutils==0.21.2
dulwich==0.20.23
Genshi==0.7.7
html5lib==1.1
idna==3.10
imagesize==1.4.1
Jinja2==3.1.6
legacy-cgi==2.6
Mako==1.1.4
MarkupSafe==2.0.1
networkx==3.4.2
packaging==24.2
psutil==7.0.0
pyaes==1.6.1
Pygments==2.19.1
pyperf==2.9.0
pyperformance @ file:///home/qianhuiwang/cpython/site-packages/pyperformance/dist/pyperformance-1.11.0-py3-none-any.whl#sha256=5e7db3719781f5aaaa31704d7bc2566ec18ade1aa74b998aae4e93a9ebbaa849
pyproject_hooks==1.2.0
python-docs-theme==2024.6
pytz==2021.1
requests==2.32.3
six==1.16.0
snowballstemmer==2.2.0
Sphinx==7.3.7
sphinxcontrib-applehelp==2.0.0
sphinxcontrib-devhelp==2.0.0
sphinxcontrib-htmlhelp==2.1.0
sphinxcontrib-jsmath==1.0.1
sphinxcontrib-qthelp==2.0.0
sphinxcontrib-serializinghtml==2.0.0
sqlglot==4.6.0
sqlparse==0.4.1
urllib3==1.26.5
webencodings==0.5.1

==================================================
(78/83) creating venv for benchmark (typing_runtime_protocols)

(trying common venv first)
Installing requirements into the virtual environment /home/qianhuiwang/cpython/build-purecap
# /home/qianhuiwang/cpython/build-purecap/python -m pip install pyperf==2.9.0
Requirement already satisfied: pyperf==2.9.0 in ./lib/python3.12/site-packages (2.9.0)
Requirement already satisfied: psutil>=5.9.0 in ./lib/python3.12/site-packages (from pyperf==2.9.0) (7.0.0)
Installing requirements into the virtual environment /home/qianhuiwang/cpython/build-purecap
# /home/qianhuiwang/cpython/build-purecap/python -m pip install psutil
Requirement already satisfied: psutil in ./lib/python3.12/site-packages (7.0.0)
# /home/qianhuiwang/cpython/build-purecap/python -m pip freeze
alabaster==0.7.16
asgiref==3.6.0
babel==2.17.0
build==1.2.2.post1
certifi==2021.5.30
Chameleon==3.9.1
charset-normalizer==3.4.1
coverage==7.3.2
Django==4.2
docutils==0.21.2
dulwich==0.20.23
Genshi==0.7.7
html5lib==1.1
idna==3.10
imagesize==1.4.1
Jinja2==3.1.6
legacy-cgi==2.6
Mako==1.1.4
MarkupSafe==2.0.1
networkx==3.4.2
packaging==24.2
psutil==7.0.0
pyaes==1.6.1
Pygments==2.19.1
pyperf==2.9.0
pyperformance @ file:///home/qianhuiwang/cpython/site-packages/pyperformance/dist/pyperformance-1.11.0-py3-none-any.whl#sha256=5e7db3719781f5aaaa31704d7bc2566ec18ade1aa74b998aae4e93a9ebbaa849
pyproject_hooks==1.2.0
python-docs-theme==2024.6
pytz==2021.1
requests==2.32.3
six==1.16.0
snowballstemmer==2.2.0
Sphinx==7.3.7
sphinxcontrib-applehelp==2.0.0
sphinxcontrib-devhelp==2.0.0
sphinxcontrib-htmlhelp==2.1.0
sphinxcontrib-jsmath==1.0.1
sphinxcontrib-qthelp==2.0.0
sphinxcontrib-serializinghtml==2.0.0
sqlglot==4.6.0
sqlparse==0.4.1
urllib3==1.26.5
webencodings==0.5.1
# /home/qianhuiwang/cpython/build-purecap/python -m pip freeze
alabaster==0.7.16
asgiref==3.6.0
babel==2.17.0
build==1.2.2.post1
certifi==2021.5.30
Chameleon==3.9.1
charset-normalizer==3.4.1
coverage==7.3.2
Django==4.2
docutils==0.21.2
dulwich==0.20.23
Genshi==0.7.7
html5lib==1.1
idna==3.10
imagesize==1.4.1
Jinja2==3.1.6
legacy-cgi==2.6
Mako==1.1.4
MarkupSafe==2.0.1
networkx==3.4.2
packaging==24.2
psutil==7.0.0
pyaes==1.6.1
Pygments==2.19.1
pyperf==2.9.0
pyperformance @ file:///home/qianhuiwang/cpython/site-packages/pyperformance/dist/pyperformance-1.11.0-py3-none-any.whl#sha256=5e7db3719781f5aaaa31704d7bc2566ec18ade1aa74b998aae4e93a9ebbaa849
pyproject_hooks==1.2.0
python-docs-theme==2024.6
pytz==2021.1
requests==2.32.3
six==1.16.0
snowballstemmer==2.2.0
Sphinx==7.3.7
sphinxcontrib-applehelp==2.0.0
sphinxcontrib-devhelp==2.0.0
sphinxcontrib-htmlhelp==2.1.0
sphinxcontrib-jsmath==1.0.1
sphinxcontrib-qthelp==2.0.0
sphinxcontrib-serializinghtml==2.0.0
sqlglot==4.6.0
sqlparse==0.4.1
urllib3==1.26.5
webencodings==0.5.1

==================================================
(79/83) creating venv for benchmark (unpack_sequence)

(trying common venv first)
Installing requirements into the virtual environment /home/qianhuiwang/cpython/build-purecap
# /home/qianhuiwang/cpython/build-purecap/python -m pip install pyperf==2.9.0
Requirement already satisfied: pyperf==2.9.0 in ./lib/python3.12/site-packages (2.9.0)
Requirement already satisfied: psutil>=5.9.0 in ./lib/python3.12/site-packages (from pyperf==2.9.0) (7.0.0)
Installing requirements into the virtual environment /home/qianhuiwang/cpython/build-purecap
# /home/qianhuiwang/cpython/build-purecap/python -m pip install psutil
Requirement already satisfied: psutil in ./lib/python3.12/site-packages (7.0.0)
# /home/qianhuiwang/cpython/build-purecap/python -m pip freeze
alabaster==0.7.16
asgiref==3.6.0
babel==2.17.0
build==1.2.2.post1
certifi==2021.5.30
Chameleon==3.9.1
charset-normalizer==3.4.1
coverage==7.3.2
Django==4.2
docutils==0.21.2
dulwich==0.20.23
Genshi==0.7.7
html5lib==1.1
idna==3.10
imagesize==1.4.1
Jinja2==3.1.6
legacy-cgi==2.6
Mako==1.1.4
MarkupSafe==2.0.1
networkx==3.4.2
packaging==24.2
psutil==7.0.0
pyaes==1.6.1
Pygments==2.19.1
pyperf==2.9.0
pyperformance @ file:///home/qianhuiwang/cpython/site-packages/pyperformance/dist/pyperformance-1.11.0-py3-none-any.whl#sha256=5e7db3719781f5aaaa31704d7bc2566ec18ade1aa74b998aae4e93a9ebbaa849
pyproject_hooks==1.2.0
python-docs-theme==2024.6
pytz==2021.1
requests==2.32.3
six==1.16.0
snowballstemmer==2.2.0
Sphinx==7.3.7
sphinxcontrib-applehelp==2.0.0
sphinxcontrib-devhelp==2.0.0
sphinxcontrib-htmlhelp==2.1.0
sphinxcontrib-jsmath==1.0.1
sphinxcontrib-qthelp==2.0.0
sphinxcontrib-serializinghtml==2.0.0
sqlglot==4.6.0
sqlparse==0.4.1
urllib3==1.26.5
webencodings==0.5.1
# /home/qianhuiwang/cpython/build-purecap/python -m pip freeze
alabaster==0.7.16
asgiref==3.6.0
babel==2.17.0
build==1.2.2.post1
certifi==2021.5.30
Chameleon==3.9.1
charset-normalizer==3.4.1
coverage==7.3.2
Django==4.2
docutils==0.21.2
dulwich==0.20.23
Genshi==0.7.7
html5lib==1.1
idna==3.10
imagesize==1.4.1
Jinja2==3.1.6
legacy-cgi==2.6
Mako==1.1.4
MarkupSafe==2.0.1
networkx==3.4.2
packaging==24.2
psutil==7.0.0
pyaes==1.6.1
Pygments==2.19.1
pyperf==2.9.0
pyperformance @ file:///home/qianhuiwang/cpython/site-packages/pyperformance/dist/pyperformance-1.11.0-py3-none-any.whl#sha256=5e7db3719781f5aaaa31704d7bc2566ec18ade1aa74b998aae4e93a9ebbaa849
pyproject_hooks==1.2.0
python-docs-theme==2024.6
pytz==2021.1
requests==2.32.3
six==1.16.0
snowballstemmer==2.2.0
Sphinx==7.3.7
sphinxcontrib-applehelp==2.0.0
sphinxcontrib-devhelp==2.0.0
sphinxcontrib-htmlhelp==2.1.0
sphinxcontrib-jsmath==1.0.1
sphinxcontrib-qthelp==2.0.0
sphinxcontrib-serializinghtml==2.0.0
sqlglot==4.6.0
sqlparse==0.4.1
urllib3==1.26.5
webencodings==0.5.1

==================================================
(80/83) creating venv for benchmark (unpickle)

(trying common venv first)
Installing requirements into the virtual environment /home/qianhuiwang/cpython/build-purecap
# /home/qianhuiwang/cpython/build-purecap/python -m pip install pyperf==2.9.0
Requirement already satisfied: pyperf==2.9.0 in ./lib/python3.12/site-packages (2.9.0)
Requirement already satisfied: psutil>=5.9.0 in ./lib/python3.12/site-packages (from pyperf==2.9.0) (7.0.0)
Installing requirements into the virtual environment /home/qianhuiwang/cpython/build-purecap
# /home/qianhuiwang/cpython/build-purecap/python -m pip install psutil
Requirement already satisfied: psutil in ./lib/python3.12/site-packages (7.0.0)
# /home/qianhuiwang/cpython/build-purecap/python -m pip freeze
alabaster==0.7.16
asgiref==3.6.0
babel==2.17.0
build==1.2.2.post1
certifi==2021.5.30
Chameleon==3.9.1
charset-normalizer==3.4.1
coverage==7.3.2
Django==4.2
docutils==0.21.2
dulwich==0.20.23
Genshi==0.7.7
html5lib==1.1
idna==3.10
imagesize==1.4.1
Jinja2==3.1.6
legacy-cgi==2.6
Mako==1.1.4
MarkupSafe==2.0.1
networkx==3.4.2
packaging==24.2
psutil==7.0.0
pyaes==1.6.1
Pygments==2.19.1
pyperf==2.9.0
pyperformance @ file:///home/qianhuiwang/cpython/site-packages/pyperformance/dist/pyperformance-1.11.0-py3-none-any.whl#sha256=5e7db3719781f5aaaa31704d7bc2566ec18ade1aa74b998aae4e93a9ebbaa849
pyproject_hooks==1.2.0
python-docs-theme==2024.6
pytz==2021.1
requests==2.32.3
six==1.16.0
snowballstemmer==2.2.0
Sphinx==7.3.7
sphinxcontrib-applehelp==2.0.0
sphinxcontrib-devhelp==2.0.0
sphinxcontrib-htmlhelp==2.1.0
sphinxcontrib-jsmath==1.0.1
sphinxcontrib-qthelp==2.0.0
sphinxcontrib-serializinghtml==2.0.0
sqlglot==4.6.0
sqlparse==0.4.1
urllib3==1.26.5
webencodings==0.5.1
# /home/qianhuiwang/cpython/build-purecap/python -m pip freeze
alabaster==0.7.16
asgiref==3.6.0
babel==2.17.0
build==1.2.2.post1
certifi==2021.5.30
Chameleon==3.9.1
charset-normalizer==3.4.1
coverage==7.3.2
Django==4.2
docutils==0.21.2
dulwich==0.20.23
Genshi==0.7.7
html5lib==1.1
idna==3.10
imagesize==1.4.1
Jinja2==3.1.6
legacy-cgi==2.6
Mako==1.1.4
MarkupSafe==2.0.1
networkx==3.4.2
packaging==24.2
psutil==7.0.0
pyaes==1.6.1
Pygments==2.19.1
pyperf==2.9.0
pyperformance @ file:///home/qianhuiwang/cpython/site-packages/pyperformance/dist/pyperformance-1.11.0-py3-none-any.whl#sha256=5e7db3719781f5aaaa31704d7bc2566ec18ade1aa74b998aae4e93a9ebbaa849
pyproject_hooks==1.2.0
python-docs-theme==2024.6
pytz==2021.1
requests==2.32.3
six==1.16.0
snowballstemmer==2.2.0
Sphinx==7.3.7
sphinxcontrib-applehelp==2.0.0
sphinxcontrib-devhelp==2.0.0
sphinxcontrib-htmlhelp==2.1.0
sphinxcontrib-jsmath==1.0.1
sphinxcontrib-qthelp==2.0.0
sphinxcontrib-serializinghtml==2.0.0
sqlglot==4.6.0
sqlparse==0.4.1
urllib3==1.26.5
webencodings==0.5.1

==================================================
(81/83) creating venv for benchmark (unpickle_list)

(trying common venv first)
Installing requirements into the virtual environment /home/qianhuiwang/cpython/build-purecap
# /home/qianhuiwang/cpython/build-purecap/python -m pip install pyperf==2.9.0
Requirement already satisfied: pyperf==2.9.0 in ./lib/python3.12/site-packages (2.9.0)
Requirement already satisfied: psutil>=5.9.0 in ./lib/python3.12/site-packages (from pyperf==2.9.0) (7.0.0)
Installing requirements into the virtual environment /home/qianhuiwang/cpython/build-purecap
# /home/qianhuiwang/cpython/build-purecap/python -m pip install psutil
Requirement already satisfied: psutil in ./lib/python3.12/site-packages (7.0.0)
# /home/qianhuiwang/cpython/build-purecap/python -m pip freeze
alabaster==0.7.16
asgiref==3.6.0
babel==2.17.0
build==1.2.2.post1
certifi==2021.5.30
Chameleon==3.9.1
charset-normalizer==3.4.1
coverage==7.3.2
Django==4.2
docutils==0.21.2
dulwich==0.20.23
Genshi==0.7.7
html5lib==1.1
idna==3.10
imagesize==1.4.1
Jinja2==3.1.6
legacy-cgi==2.6
Mako==1.1.4
MarkupSafe==2.0.1
networkx==3.4.2
packaging==24.2
psutil==7.0.0
pyaes==1.6.1
Pygments==2.19.1
pyperf==2.9.0
pyperformance @ file:///home/qianhuiwang/cpython/site-packages/pyperformance/dist/pyperformance-1.11.0-py3-none-any.whl#sha256=5e7db3719781f5aaaa31704d7bc2566ec18ade1aa74b998aae4e93a9ebbaa849
pyproject_hooks==1.2.0
python-docs-theme==2024.6
pytz==2021.1
requests==2.32.3
six==1.16.0
snowballstemmer==2.2.0
Sphinx==7.3.7
sphinxcontrib-applehelp==2.0.0
sphinxcontrib-devhelp==2.0.0
sphinxcontrib-htmlhelp==2.1.0
sphinxcontrib-jsmath==1.0.1
sphinxcontrib-qthelp==2.0.0
sphinxcontrib-serializinghtml==2.0.0
sqlglot==4.6.0
sqlparse==0.4.1
urllib3==1.26.5
webencodings==0.5.1
# /home/qianhuiwang/cpython/build-purecap/python -m pip freeze
alabaster==0.7.16
asgiref==3.6.0
babel==2.17.0
build==1.2.2.post1
certifi==2021.5.30
Chameleon==3.9.1
charset-normalizer==3.4.1
coverage==7.3.2
Django==4.2
docutils==0.21.2
dulwich==0.20.23
Genshi==0.7.7
html5lib==1.1
idna==3.10
imagesize==1.4.1
Jinja2==3.1.6
legacy-cgi==2.6
Mako==1.1.4
MarkupSafe==2.0.1
networkx==3.4.2
packaging==24.2
psutil==7.0.0
pyaes==1.6.1
Pygments==2.19.1
pyperf==2.9.0
pyperformance @ file:///home/qianhuiwang/cpython/site-packages/pyperformance/dist/pyperformance-1.11.0-py3-none-any.whl#sha256=5e7db3719781f5aaaa31704d7bc2566ec18ade1aa74b998aae4e93a9ebbaa849
pyproject_hooks==1.2.0
python-docs-theme==2024.6
pytz==2021.1
requests==2.32.3
six==1.16.0
snowballstemmer==2.2.0
Sphinx==7.3.7
sphinxcontrib-applehelp==2.0.0
sphinxcontrib-devhelp==2.0.0
sphinxcontrib-htmlhelp==2.1.0
sphinxcontrib-jsmath==1.0.1
sphinxcontrib-qthelp==2.0.0
sphinxcontrib-serializinghtml==2.0.0
sqlglot==4.6.0
sqlparse==0.4.1
urllib3==1.26.5
webencodings==0.5.1

==================================================
(82/83) creating venv for benchmark (unpickle_pure_python)

(trying common venv first)
Installing requirements into the virtual environment /home/qianhuiwang/cpython/build-purecap
# /home/qianhuiwang/cpython/build-purecap/python -m pip install pyperf==2.9.0
Requirement already satisfied: pyperf==2.9.0 in ./lib/python3.12/site-packages (2.9.0)
Requirement already satisfied: psutil>=5.9.0 in ./lib/python3.12/site-packages (from pyperf==2.9.0) (7.0.0)
Installing requirements into the virtual environment /home/qianhuiwang/cpython/build-purecap
# /home/qianhuiwang/cpython/build-purecap/python -m pip install psutil
Requirement already satisfied: psutil in ./lib/python3.12/site-packages (7.0.0)
# /home/qianhuiwang/cpython/build-purecap/python -m pip freeze
alabaster==0.7.16
asgiref==3.6.0
babel==2.17.0
build==1.2.2.post1
certifi==2021.5.30
Chameleon==3.9.1
charset-normalizer==3.4.1
coverage==7.3.2
Django==4.2
docutils==0.21.2
dulwich==0.20.23
Genshi==0.7.7
html5lib==1.1
idna==3.10
imagesize==1.4.1
Jinja2==3.1.6
legacy-cgi==2.6
Mako==1.1.4
MarkupSafe==2.0.1
networkx==3.4.2
packaging==24.2
psutil==7.0.0
pyaes==1.6.1
Pygments==2.19.1
pyperf==2.9.0
pyperformance @ file:///home/qianhuiwang/cpython/site-packages/pyperformance/dist/pyperformance-1.11.0-py3-none-any.whl#sha256=5e7db3719781f5aaaa31704d7bc2566ec18ade1aa74b998aae4e93a9ebbaa849
pyproject_hooks==1.2.0
python-docs-theme==2024.6
pytz==2021.1
requests==2.32.3
six==1.16.0
snowballstemmer==2.2.0
Sphinx==7.3.7
sphinxcontrib-applehelp==2.0.0
sphinxcontrib-devhelp==2.0.0
sphinxcontrib-htmlhelp==2.1.0
sphinxcontrib-jsmath==1.0.1
sphinxcontrib-qthelp==2.0.0
sphinxcontrib-serializinghtml==2.0.0
sqlglot==4.6.0
sqlparse==0.4.1
urllib3==1.26.5
webencodings==0.5.1
# /home/qianhuiwang/cpython/build-purecap/python -m pip freeze
alabaster==0.7.16
asgiref==3.6.0
babel==2.17.0
build==1.2.2.post1
certifi==2021.5.30
Chameleon==3.9.1
charset-normalizer==3.4.1
coverage==7.3.2
Django==4.2
docutils==0.21.2
dulwich==0.20.23
Genshi==0.7.7
html5lib==1.1
idna==3.10
imagesize==1.4.1
Jinja2==3.1.6
legacy-cgi==2.6
Mako==1.1.4
MarkupSafe==2.0.1
networkx==3.4.2
packaging==24.2
psutil==7.0.0
pyaes==1.6.1
Pygments==2.19.1
pyperf==2.9.0
pyperformance @ file:///home/qianhuiwang/cpython/site-packages/pyperformance/dist/pyperformance-1.11.0-py3-none-any.whl#sha256=5e7db3719781f5aaaa31704d7bc2566ec18ade1aa74b998aae4e93a9ebbaa849
pyproject_hooks==1.2.0
python-docs-theme==2024.6
pytz==2021.1
requests==2.32.3
six==1.16.0
snowballstemmer==2.2.0
Sphinx==7.3.7
sphinxcontrib-applehelp==2.0.0
sphinxcontrib-devhelp==2.0.0
sphinxcontrib-htmlhelp==2.1.0
sphinxcontrib-jsmath==1.0.1
sphinxcontrib-qthelp==2.0.0
sphinxcontrib-serializinghtml==2.0.0
sqlglot==4.6.0
sqlparse==0.4.1
urllib3==1.26.5
webencodings==0.5.1

==================================================
(83/83) creating venv for benchmark (xml_etree)

(trying common venv first)
Installing requirements into the virtual environment /home/qianhuiwang/cpython/build-purecap
# /home/qianhuiwang/cpython/build-purecap/python -m pip install pyperf==2.9.0
Requirement already satisfied: pyperf==2.9.0 in ./lib/python3.12/site-packages (2.9.0)
Requirement already satisfied: psutil>=5.9.0 in ./lib/python3.12/site-packages (from pyperf==2.9.0) (7.0.0)
Installing requirements into the virtual environment /home/qianhuiwang/cpython/build-purecap
# /home/qianhuiwang/cpython/build-purecap/python -m pip install psutil
Requirement already satisfied: psutil in ./lib/python3.12/site-packages (7.0.0)
# /home/qianhuiwang/cpython/build-purecap/python -m pip freeze
alabaster==0.7.16
asgiref==3.6.0
babel==2.17.0
build==1.2.2.post1
certifi==2021.5.30
Chameleon==3.9.1
charset-normalizer==3.4.1
coverage==7.3.2
Django==4.2
docutils==0.21.2
dulwich==0.20.23
Genshi==0.7.7
html5lib==1.1
idna==3.10
imagesize==1.4.1
Jinja2==3.1.6
legacy-cgi==2.6
Mako==1.1.4
MarkupSafe==2.0.1
networkx==3.4.2
packaging==24.2
psutil==7.0.0
pyaes==1.6.1
Pygments==2.19.1
pyperf==2.9.0
pyperformance @ file:///home/qianhuiwang/cpython/site-packages/pyperformance/dist/pyperformance-1.11.0-py3-none-any.whl#sha256=5e7db3719781f5aaaa31704d7bc2566ec18ade1aa74b998aae4e93a9ebbaa849
pyproject_hooks==1.2.0
python-docs-theme==2024.6
pytz==2021.1
requests==2.32.3
six==1.16.0
snowballstemmer==2.2.0
Sphinx==7.3.7
sphinxcontrib-applehelp==2.0.0
sphinxcontrib-devhelp==2.0.0
sphinxcontrib-htmlhelp==2.1.0
sphinxcontrib-jsmath==1.0.1
sphinxcontrib-qthelp==2.0.0
sphinxcontrib-serializinghtml==2.0.0
sqlglot==4.6.0
sqlparse==0.4.1
urllib3==1.26.5
webencodings==0.5.1
# /home/qianhuiwang/cpython/build-purecap/python -m pip freeze
alabaster==0.7.16
asgiref==3.6.0
babel==2.17.0
build==1.2.2.post1
certifi==2021.5.30
Chameleon==3.9.1
charset-normalizer==3.4.1
coverage==7.3.2
Django==4.2
docutils==0.21.2
dulwich==0.20.23
Genshi==0.7.7
html5lib==1.1
idna==3.10
imagesize==1.4.1
Jinja2==3.1.6
legacy-cgi==2.6
Mako==1.1.4
MarkupSafe==2.0.1
networkx==3.4.2
packaging==24.2
psutil==7.0.0
pyaes==1.6.1
Pygments==2.19.1
pyperf==2.9.0
pyperformance @ file:///home/qianhuiwang/cpython/site-packages/pyperformance/dist/pyperformance-1.11.0-py3-none-any.whl#sha256=5e7db3719781f5aaaa31704d7bc2566ec18ade1aa74b998aae4e93a9ebbaa849
pyproject_hooks==1.2.0
python-docs-theme==2024.6
pytz==2021.1
requests==2.32.3
six==1.16.0
snowballstemmer==2.2.0
Sphinx==7.3.7
sphinxcontrib-applehelp==2.0.0
sphinxcontrib-devhelp==2.0.0
sphinxcontrib-htmlhelp==2.1.0
sphinxcontrib-jsmath==1.0.1
sphinxcontrib-qthelp==2.0.0
sphinxcontrib-serializinghtml==2.0.0
sqlglot==4.6.0
sqlparse==0.4.1
urllib3==1.26.5
webencodings==0.5.1

[ 1/83] argparse...
# /home/qianhuiwang/cpython/build-purecap/python -u /home/qianhuiwang/cpython/build-purecap/lib/python3.12/site-packages/pyperformance/data-files/benchmarks/bm_argparse/run_benchmark.py many_optionals --output /tmp/tmpp0wsv93s --inherit-environ PYPERFORMANCE_RUNID
.....................
many_optionals: Mean +- std dev: 4.43 ms +- 0.12 ms
[ 2/83] argparse_subparsers...
# /home/qianhuiwang/cpython/build-purecap/python -u /home/qianhuiwang/cpython/build-purecap/lib/python3.12/site-packages/pyperformance/data-files/benchmarks/bm_argparse/run_benchmark.py subparsers --output /tmp/tmp6eseg4hm --inherit-environ PYPERFORMANCE_RUNID
.....................
WARNING: the benchmark result may be unstable
* Not enough samples to get a stable result (95% certainly of less than 1% variation)

Try to rerun the benchmark with more runs, values and/or loops.
Run 'python -m pyperf system tune' command to reduce the system jitter.
Use pyperf stats, pyperf dump and pyperf hist to analyze results.
Use --quiet option to hide these warnings.

subparsers: Mean +- std dev: 650 ms +- 31 ms
[ 3/83] async_generators...
# /home/qianhuiwang/cpython/build-purecap/python -u /home/qianhuiwang/cpython/build-purecap/lib/python3.12/site-packages/pyperformance/data-files/benchmarks/bm_async_generators/run_benchmark.py --output /tmp/tmphqrz5vbq --inherit-environ PYPERFORMANCE_RUNID
.....................
async_generators: Mean +- std dev: 4.08 sec +- 0.03 sec
[ 4/83] async_tree...
# /home/qianhuiwang/cpython/build-purecap/python -u /home/qianhuiwang/cpython/build-purecap/lib/python3.12/site-packages/pyperformance/data-files/benchmarks/bm_async_tree/run_benchmark.py none --output /tmp/tmp75a_3mcc --inherit-environ PYPERFORMANCE_RUNID
.....................
async_tree_none: Mean +- std dev: 6.90 sec +- 0.07 sec
[ 5/83] async_tree_cpu_io_mixed...
# /home/qianhuiwang/cpython/build-purecap/python -u /home/qianhuiwang/cpython/build-purecap/lib/python3.12/site-packages/pyperformance/data-files/benchmarks/bm_async_tree/run_benchmark.py cpu_io_mixed --output /tmp/tmpe433y82c --inherit-environ PYPERFORMANCE_RUNID
.....................
async_tree_cpu_io_mixed: Mean +- std dev: 9.04 sec +- 0.06 sec
[ 6/83] async_tree_cpu_io_mixed_tg...
# /home/qianhuiwang/cpython/build-purecap/python -u /home/qianhuiwang/cpython/build-purecap/lib/python3.12/site-packages/pyperformance/data-files/benchmarks/bm_async_tree/run_benchmark.py cpu_io_mixed --task-groups --output /tmp/tmpxbz99pjr --inherit-environ PYPERFORMANCE_RUNID
.....................
async_tree_cpu_io_mixed_tg: Mean +- std dev: 8.74 sec +- 0.10 sec
[ 7/83] async_tree_eager...
# /home/qianhuiwang/cpython/build-purecap/python -u /home/qianhuiwang/cpython/build-purecap/lib/python3.12/site-packages/pyperformance/data-files/benchmarks/bm_async_tree/run_benchmark.py eager --output /tmp/tmpn2zcsirc --inherit-environ PYPERFORMANCE_RUNID
.....................
async_tree_eager: Mean +- std dev: 1.03 sec +- 0.03 sec
[ 8/83] async_tree_eager_cpu_io_mixed...
# /home/qianhuiwang/cpython/build-purecap/python -u /home/qianhuiwang/cpython/build-purecap/lib/python3.12/site-packages/pyperformance/data-files/benchmarks/bm_async_tree/run_benchmark.py eager_cpu_io_mixed --output /tmp/tmpltdxv7u7 --inherit-environ PYPERFORMANCE_RUNID
.....................
async_tree_eager_cpu_io_mixed: Mean +- std dev: 3.39 sec +- 0.11 sec
[ 9/83] async_tree_eager_cpu_io_mixed_tg...
# /home/qianhuiwang/cpython/build-purecap/python -u /home/qianhuiwang/cpython/build-purecap/lib/python3.12/site-packages/pyperformance/data-files/benchmarks/bm_async_tree/run_benchmark.py eager_cpu_io_mixed --task-groups --output /tmp/tmp_pza8pk7 --inherit-environ PYPERFORMANCE_RUNID
.....................
async_tree_eager_cpu_io_mixed_tg: Mean +- std dev: 2.85 sec +- 0.05 sec
[10/83] async_tree_eager_io...
# /home/qianhuiwang/cpython/build-purecap/python -u /home/qianhuiwang/cpython/build-purecap/lib/python3.12/site-packages/pyperformance/data-files/benchmarks/bm_async_tree/run_benchmark.py eager_io --output /tmp/tmpe6mc1l_r --inherit-environ PYPERFORMANCE_RUNID
.....................
WARNING: the benchmark result may be unstable
* Not enough samples to get a stable result (95% certainly of less than 1% variation)

Try to rerun the benchmark with more runs, values and/or loops.
Run 'python -m pyperf system tune' command to reduce the system jitter.
Use pyperf stats, pyperf dump and pyperf hist to analyze results.
Use --quiet option to hide these warnings.

async_tree_eager_io: Mean +- std dev: 21.3 sec +- 0.3 sec
[11/83] async_tree_eager_io_tg...
# /home/qianhuiwang/cpython/build-purecap/python -u /home/qianhuiwang/cpython/build-purecap/lib/python3.12/site-packages/pyperformance/data-files/benchmarks/bm_async_tree/run_benchmark.py eager_io --task-groups --output /tmp/tmpwzqqudmf --inherit-environ PYPERFORMANCE_RUNID
.....................
async_tree_eager_io_tg: Mean +- std dev: 22.3 sec +- 0.2 sec
[12/83] async_tree_eager_memoization...
# /home/qianhuiwang/cpython/build-purecap/python -u /home/qianhuiwang/cpython/build-purecap/lib/python3.12/site-packages/pyperformance/data-files/benchmarks/bm_async_tree/run_benchmark.py eager_memoization --output /tmp/tmp5e45npys --inherit-environ PYPERFORMANCE_RUNID
.....................
async_tree_eager_memoization: Mean +- std dev: 3.25 sec +- 0.11 sec
[13/83] async_tree_eager_memoization_tg...
# /home/qianhuiwang/cpython/build-purecap/python -u /home/qianhuiwang/cpython/build-purecap/lib/python3.12/site-packages/pyperformance/data-files/benchmarks/bm_async_tree/run_benchmark.py eager_memoization --task-groups --output /tmp/tmpuydjw1hu --inherit-environ PYPERFORMANCE_RUNID
.....................
WARNING: the benchmark result may be unstable
* Not enough samples to get a stable result (95% certainly of less than 1% variation)

Try to rerun the benchmark with more runs, values and/or loops.
Run 'python -m pyperf system tune' command to reduce the system jitter.
Use pyperf stats, pyperf dump and pyperf hist to analyze results.
Use --quiet option to hide these warnings.

async_tree_eager_memoization_tg: Mean +- std dev: 2.35 sec +- 0.11 sec
[14/83] async_tree_eager_tg...
# /home/qianhuiwang/cpython/build-purecap/python -u /home/qianhuiwang/cpython/build-purecap/lib/python3.12/site-packages/pyperformance/data-files/benchmarks/bm_async_tree/run_benchmark.py eager --task-groups --output /tmp/tmpnbbsz4si --inherit-environ PYPERFORMANCE_RUNID
.....................
async_tree_eager_tg: Mean +- std dev: 764 ms +- 24 ms
[15/83] async_tree_io...
# /home/qianhuiwang/cpython/build-purecap/python -u /home/qianhuiwang/cpython/build-purecap/lib/python3.12/site-packages/pyperformance/data-files/benchmarks/bm_async_tree/run_benchmark.py io --output /tmp/tmprtya0wle --inherit-environ PYPERFORMANCE_RUNID
.....................
async_tree_io: Mean +- std dev: 17.9 sec +- 0.2 sec
[16/83] async_tree_io_tg...
# /home/qianhuiwang/cpython/build-purecap/python -u /home/qianhuiwang/cpython/build-purecap/lib/python3.12/site-packages/pyperformance/data-files/benchmarks/bm_async_tree/run_benchmark.py io --task-groups --output /tmp/tmpn65z7m9o --inherit-environ PYPERFORMANCE_RUNID
.....................
async_tree_io_tg: Mean +- std dev: 18.2 sec +- 0.2 sec
[17/83] async_tree_memoization...
# /home/qianhuiwang/cpython/build-purecap/python -u /home/qianhuiwang/cpython/build-purecap/lib/python3.12/site-packages/pyperformance/data-files/benchmarks/bm_async_tree/run_benchmark.py memoization --output /tmp/tmpaqcj12ry --inherit-environ PYPERFORMANCE_RUNID
.....................
async_tree_memoization: Mean +- std dev: 8.39 sec +- 0.11 sec
[18/83] async_tree_memoization_tg...
# /home/qianhuiwang/cpython/build-purecap/python -u /home/qianhuiwang/cpython/build-purecap/lib/python3.12/site-packages/pyperformance/data-files/benchmarks/bm_async_tree/run_benchmark.py memoization --task-groups --output /tmp/tmpk5dqx3cy --inherit-environ PYPERFORMANCE_RUNID
.....................
async_tree_memoization_tg: Mean +- std dev: 8.25 sec +- 0.12 sec
[19/83] async_tree_tg...
# /home/qianhuiwang/cpython/build-purecap/python -u /home/qianhuiwang/cpython/build-purecap/lib/python3.12/site-packages/pyperformance/data-files/benchmarks/bm_async_tree/run_benchmark.py none --task-groups --output /tmp/tmprvbfhso8 --inherit-environ PYPERFORMANCE_RUNID
.....................
async_tree_none_tg: Mean +- std dev: 6.44 sec +- 0.08 sec
[20/83] bpe_tokeniser...
# /home/qianhuiwang/cpython/build-purecap/python -u /home/qianhuiwang/cpython/build-purecap/lib/python3.12/site-packages/pyperformance/data-files/benchmarks/bm_bpe_tokeniser/run_benchmark.py --output /tmp/tmprupdb4hs --inherit-environ PYPERFORMANCE_RUNID
.....................
WARNING: the benchmark result may be unstable
* Not enough samples to get a stable result (95% certainly of less than 1% variation)

Try to rerun the benchmark with more runs, values and/or loops.
Run 'python -m pyperf system tune' command to reduce the system jitter.
Use pyperf stats, pyperf dump and pyperf hist to analyze results.
Use --quiet option to hide these warnings.

bpe_tokeniser: Mean +- std dev: 50.9 sec +- 0.9 sec
[21/83] chameleon...
# /home/qianhuiwang/cpython/build-purecap/python -u /home/qianhuiwang/cpython/build-purecap/lib/python3.12/site-packages/pyperformance/data-files/benchmarks/bm_chameleon/run_benchmark.py --output /tmp/tmpbzgrxqvy --inherit-environ PYPERFORMANCE_RUNID
Traceback (most recent call last):
  File "/home/qianhuiwang/cpython/build-purecap/lib/python3.12/site-packages/pyperformance/data-files/benchmarks/bm_chameleon/run_benchmark.py", line 5, in <module>
    from chameleon import PageTemplate
  File "/home/qianhuiwang/cpython/build-purecap/lib/python3.12/site-packages/chameleon/__init__.py", line 1, in <module>
    from .zpt.template import PageTemplate
  File "/home/qianhuiwang/cpython/build-purecap/lib/python3.12/site-packages/chameleon/zpt/template.py", line 17, in <module>
    from ..template import BaseTemplate
  File "/home/qianhuiwang/cpython/build-purecap/lib/python3.12/site-packages/chameleon/template.py", line 48, in <module>
    from .loader import ModuleLoader
  File "/home/qianhuiwang/cpython/build-purecap/lib/python3.12/site-packages/chameleon/loader.py", line 9, in <module>
    import pkg_resources
ModuleNotFoundError: No module named 'pkg_resources'
Traceback (most recent call last):
  File "/home/qianhuiwang/cpython/build-purecap/lib/python3.12/site-packages/pyperformance/run.py", line 173, in run_benchmarks
    result = bench.run(
             ^^^^^^^^^^
  File "/home/qianhuiwang/cpython/build-purecap/lib/python3.12/site-packages/pyperformance/_benchmark.py", line 189, in run
    bench = _run_perf_script(
            ^^^^^^^^^^^^^^^^^
  File "/home/qianhuiwang/cpython/build-purecap/lib/python3.12/site-packages/pyperformance/_benchmark.py", line 240, in _run_perf_script
    raise RuntimeError("Benchmark died")
RuntimeError: Benchmark died
Command failed with exit code 1
ERROR: Benchmark chameleon failed: Benchmark died
[22/83] chaos...
# /home/qianhuiwang/cpython/build-purecap/python -u /home/qianhuiwang/cpython/build-purecap/lib/python3.12/site-packages/pyperformance/data-files/benchmarks/bm_chaos/run_benchmark.py --output /tmp/tmpaqt4y7ms --inherit-environ PYPERFORMANCE_RUNID
.....................
chaos: Mean +- std dev: 603 ms +- 2 ms
[23/83] comprehensions...
# /home/qianhuiwang/cpython/build-purecap/python -u /home/qianhuiwang/cpython/build-purecap/lib/python3.12/site-packages/pyperformance/data-files/benchmarks/bm_comprehensions/run_benchmark.py --output /tmp/tmpzqg2nalm --inherit-environ PYPERFORMANCE_RUNID
.....................
comprehensions: Mean +- std dev: 208 us +- 2 us
[24/83] concurrent_imap...
# /home/qianhuiwang/cpython/build-purecap/python -u /home/qianhuiwang/cpython/build-purecap/lib/python3.12/site-packages/pyperformance/data-files/benchmarks/bm_concurrent_imap/run_benchmark.py --output /tmp/tmpss692_1w --inherit-environ PYPERFORMANCE_RUNID
.....................
WARNING: the benchmark result may be unstable
* the standard deviation (19.0 ms) is 27% of the mean (69.4 ms)

Try to rerun the benchmark with more runs, values and/or loops.
Run 'python -m pyperf system tune' command to reduce the system jitter.
Use pyperf stats, pyperf dump and pyperf hist to analyze results.
Use --quiet option to hide these warnings.

bench_mp_pool: Mean +- std dev: 69.4 ms +- 19.0 ms
.....................
WARNING: the benchmark result may be unstable
* Not enough samples to get a stable result (95% certainly of less than 1% variation)

Try to rerun the benchmark with more runs, values and/or loops.
Run 'python -m pyperf system tune' command to reduce the system jitter.
Use pyperf stats, pyperf dump and pyperf hist to analyze results.
Use --quiet option to hide these warnings.

bench_thread_pool: Mean +- std dev: 6.58 ms +- 0.26 ms
[25/83] coroutines...
# /home/qianhuiwang/cpython/build-purecap/python -u /home/qianhuiwang/cpython/build-purecap/lib/python3.12/site-packages/pyperformance/data-files/benchmarks/bm_coroutines/run_benchmark.py --output /tmp/tmpf19egyww --inherit-environ PYPERFORMANCE_RUNID
.....................
coroutines: Mean +- std dev: 224 ms +- 2 ms
[26/83] coverage...
# /home/qianhuiwang/cpython/build-purecap/python -u /home/qianhuiwang/cpython/build-purecap/lib/python3.12/site-packages/pyperformance/data-files/benchmarks/bm_coverage/run_benchmark.py --output /tmp/tmp2r7_5uy3 --inherit-environ PYPERFORMANCE_RUNID
.....................
coverage: Mean +- std dev: 406 ms +- 2 ms
[27/83] crypto_pyaes...
# /home/qianhuiwang/cpython/build-purecap/python -u /home/qianhuiwang/cpython/build-purecap/lib/python3.12/site-packages/pyperformance/data-files/benchmarks/bm_crypto_pyaes/run_benchmark.py --output /tmp/tmpgybc_z9z --inherit-environ PYPERFORMANCE_RUNID
.....................
crypto_pyaes: Mean +- std dev: 745 ms +- 7 ms
[28/83] deepcopy...
# /home/qianhuiwang/cpython/build-purecap/python -u /home/qianhuiwang/cpython/build-purecap/lib/python3.12/site-packages/pyperformance/data-files/benchmarks/bm_deepcopy/run_benchmark.py --output /tmp/tmpzfmvwgv4 --inherit-environ PYPERFORMANCE_RUNID
.....................
deepcopy: Mean +- std dev: 3.35 ms +- 0.04 ms
.....................
deepcopy_reduce: Mean +- std dev: 30.8 us +- 0.2 us
.....................
deepcopy_memo: Mean +- std dev: 421 us +- 3 us
[29/83] deltablue...
# /home/qianhuiwang/cpython/build-purecap/python -u /home/qianhuiwang/cpython/build-purecap/lib/python3.12/site-packages/pyperformance/data-files/benchmarks/bm_deltablue/run_benchmark.py --output /tmp/tmpizmm_ya3 --inherit-environ PYPERFORMANCE_RUNID
.....................
WARNING: the benchmark result may be unstable
* Not enough samples to get a stable result (95% certainly of less than 1% variation)

Try to rerun the benchmark with more runs, values and/or loops.
Run 'python -m pyperf system tune' command to reduce the system jitter.
Use pyperf stats, pyperf dump and pyperf hist to analyze results.
Use --quiet option to hide these warnings.

deltablue: Mean +- std dev: 37.9 ms +- 1.1 ms
[30/83] django_template...
# /home/qianhuiwang/cpython/build-purecap/python -u /home/qianhuiwang/cpython/build-purecap/lib/python3.12/site-packages/pyperformance/data-files/benchmarks/bm_django_template/run_benchmark.py --output /tmp/tmp28hzj_dk --inherit-environ PYPERFORMANCE_RUNID
.....................
django_template: Mean +- std dev: 310 ms +- 1 ms
[31/83] dulwich_log...
# /home/qianhuiwang/cpython/build-purecap/python -u /home/qianhuiwang/cpython/build-purecap/lib/python3.12/site-packages/pyperformance/data-files/benchmarks/bm_dulwich_log/run_benchmark.py --output /tmp/tmplclujyvu --inherit-environ PYPERFORMANCE_RUNID
.....................
dulwich_log: Mean +- std dev: 384 ms +- 10 ms
[32/83] fannkuch...
# /home/qianhuiwang/cpython/build-purecap/python -u /home/qianhuiwang/cpython/build-purecap/lib/python3.12/site-packages/pyperformance/data-files/benchmarks/bm_fannkuch/run_benchmark.py --output /tmp/tmpds9devsw --inherit-environ PYPERFORMANCE_RUNID
.....................
fannkuch: Mean +- std dev: 2.91 sec +- 0.00 sec
[33/83] float...
# /home/qianhuiwang/cpython/build-purecap/python -u /home/qianhuiwang/cpython/build-purecap/lib/python3.12/site-packages/pyperformance/data-files/benchmarks/bm_float/run_benchmark.py --output /tmp/tmpe2kih5h8 --inherit-environ PYPERFORMANCE_RUNID
.....................
float: Mean +- std dev: 1.02 sec +- 0.01 sec
[34/83] gc_collect...
# /home/qianhuiwang/cpython/build-purecap/python -u /home/qianhuiwang/cpython/build-purecap/lib/python3.12/site-packages/pyperformance/data-files/benchmarks/bm_gc_collect/run_benchmark.py --output /tmp/tmpzj8h2g6k --inherit-environ PYPERFORMANCE_RUNID
.....................
create_gc_cycles: Mean +- std dev: 16.6 ms +- 0.2 ms
[35/83] gc_traversal...
# /home/qianhuiwang/cpython/build-purecap/python -u /home/qianhuiwang/cpython/build-purecap/lib/python3.12/site-packages/pyperformance/data-files/benchmarks/bm_gc_traversal/run_benchmark.py --output /tmp/tmpwa81i9x9 --inherit-environ PYPERFORMANCE_RUNID
.....................
gc_traversal: Mean +- std dev: 28.3 ms +- 0.2 ms
[36/83] generators...
# /home/qianhuiwang/cpython/build-purecap/python -u /home/qianhuiwang/cpython/build-purecap/lib/python3.12/site-packages/pyperformance/data-files/benchmarks/bm_generators/run_benchmark.py --output /tmp/tmpi9la3m4d --inherit-environ PYPERFORMANCE_RUNID
.....................
WARNING: the benchmark result may be unstable
* Not enough samples to get a stable result (95% certainly of less than 1% variation)

Try to rerun the benchmark with more runs, values and/or loops.
Run 'python -m pyperf system tune' command to reduce the system jitter.
Use pyperf stats, pyperf dump and pyperf hist to analyze results.
Use --quiet option to hide these warnings.

generators: Mean +- std dev: 350 ms +- 14 ms
[37/83] genshi...
# /home/qianhuiwang/cpython/build-purecap/python -u /home/qianhuiwang/cpython/build-purecap/lib/python3.12/site-packages/pyperformance/data-files/benchmarks/bm_genshi/run_benchmark.py --output /tmp/tmpe2sb886n --inherit-environ PYPERFORMANCE_RUNID
.....................
genshi_text: Mean +- std dev: 232 ms +- 3 ms
.....................
genshi_xml: Mean +- std dev: 502 ms +- 11 ms
[38/83] go...
# /home/qianhuiwang/cpython/build-purecap/python -u /home/qianhuiwang/cpython/build-purecap/lib/python3.12/site-packages/pyperformance/data-files/benchmarks/bm_go/run_benchmark.py --output /tmp/tmpjaivsfhs --inherit-environ PYPERFORMANCE_RUNID
.....................
go: Mean +- std dev: 1.14 sec +- 0.01 sec
[39/83] hexiom...
# /home/qianhuiwang/cpython/build-purecap/python -u /home/qianhuiwang/cpython/build-purecap/lib/python3.12/site-packages/pyperformance/data-files/benchmarks/bm_hexiom/run_benchmark.py --output /tmp/tmpz1bxecd3 --inherit-environ PYPERFORMANCE_RUNID
.....................
WARNING: the benchmark result may be unstable
* Not enough samples to get a stable result (95% certainly of less than 1% variation)

Try to rerun the benchmark with more runs, values and/or loops.
Run 'python -m pyperf system tune' command to reduce the system jitter.
Use pyperf stats, pyperf dump and pyperf hist to analyze results.
Use --quiet option to hide these warnings.

hexiom: Mean +- std dev: 55.4 ms +- 0.8 ms
[40/83] html5lib...
# /home/qianhuiwang/cpython/build-purecap/python -u /home/qianhuiwang/cpython/build-purecap/lib/python3.12/site-packages/pyperformance/data-files/benchmarks/bm_html5lib/run_benchmark.py --output /tmp/tmp2hdjf2i6 --inherit-environ PYPERFORMANCE_RUNID
.....................
WARNING: the benchmark result may be unstable
* the standard deviation (49.2 ms) is 10% of the mean (481 ms)

Try to rerun the benchmark with more runs, values and/or loops.
Run 'python -m pyperf system tune' command to reduce the system jitter.
Use pyperf stats, pyperf dump and pyperf hist to analyze results.
Use --quiet option to hide these warnings.

html5lib: Mean +- std dev: 481 ms +- 49 ms
[41/83] json_dumps...
# /home/qianhuiwang/cpython/build-purecap/python -u /home/qianhuiwang/cpython/build-purecap/lib/python3.12/site-packages/pyperformance/data-files/benchmarks/bm_json_dumps/run_benchmark.py --output /tmp/tmp9wur45h3 --inherit-environ PYPERFORMANCE_RUNID
.....................
json_dumps: Mean +- std dev: 89.7 ms +- 1.0 ms
[42/83] json_loads...
# /home/qianhuiwang/cpython/build-purecap/python -u /home/qianhuiwang/cpython/build-purecap/lib/python3.12/site-packages/pyperformance/data-files/benchmarks/bm_json_loads/run_benchmark.py --output /tmp/tmp7qvgddvj --inherit-environ PYPERFORMANCE_RUNID
.....................
json_loads: Mean +- std dev: 241 us +- 3 us
[43/83] logging...
# /home/qianhuiwang/cpython/build-purecap/python -u /home/qianhuiwang/cpython/build-purecap/lib/python3.12/site-packages/pyperformance/data-files/benchmarks/bm_logging/run_benchmark.py --output /tmp/tmpxkkyivgv --inherit-environ PYPERFORMANCE_RUNID
.....................
logging_format: Mean +- std dev: 58.4 us +- 1.2 us
.....................
WARNING: the benchmark result may be unstable
* Not enough samples to get a stable result (95% certainly of less than 1% variation)

Try to rerun the benchmark with more runs, values and/or loops.
Run 'python -m pyperf system tune' command to reduce the system jitter.
Use pyperf stats, pyperf dump and pyperf hist to analyze results.
Use --quiet option to hide these warnings.

logging_silent: Mean +- std dev: 1.12 us +- 0.01 us
.....................
logging_simple: Mean +- std dev: 53.7 us +- 1.1 us
[44/83] mako...
# /home/qianhuiwang/cpython/build-purecap/python -u /home/qianhuiwang/cpython/build-purecap/lib/python3.12/site-packages/pyperformance/data-files/benchmarks/bm_mako/run_benchmark.py --output /tmp/tmpslcqwxb6 --inherit-environ PYPERFORMANCE_RUNID
.....................
mako: Mean +- std dev: 113 ms +- 1 ms
[45/83] mdp...
# /home/qianhuiwang/cpython/build-purecap/python -u /home/qianhuiwang/cpython/build-purecap/lib/python3.12/site-packages/pyperformance/data-files/benchmarks/bm_mdp/run_benchmark.py --output /tmp/tmpo3n4x3vw --inherit-environ PYPERFORMANCE_RUNID
.....................
mdp: Mean +- std dev: 18.7 sec +- 0.1 sec
[46/83] meteor_contest...
# /home/qianhuiwang/cpython/build-purecap/python -u /home/qianhuiwang/cpython/build-purecap/lib/python3.12/site-packages/pyperformance/data-files/benchmarks/bm_meteor_contest/run_benchmark.py --output /tmp/tmpleq9223y --inherit-environ PYPERFORMANCE_RUNID
.....................
meteor_contest: Mean +- std dev: 728 ms +- 2 ms
[47/83] nbody...
# /home/qianhuiwang/cpython/build-purecap/python -u /home/qianhuiwang/cpython/build-purecap/lib/python3.12/site-packages/pyperformance/data-files/benchmarks/bm_nbody/run_benchmark.py --output /tmp/tmpe63f3zj7 --inherit-environ PYPERFORMANCE_RUNID
.....................
nbody: Mean +- std dev: 1.17 sec +- 0.00 sec
[48/83] networkx...
# /home/qianhuiwang/cpython/build-purecap/python -u /home/qianhuiwang/cpython/build-purecap/lib/python3.12/site-packages/pyperformance/data-files/benchmarks/bm_networkx/run_benchmark.py shortest_path --output /tmp/tmp9j3hw3m9 --inherit-environ PYPERFORMANCE_RUNID
.....................
WARNING: the benchmark result may be unstable
* the standard deviation (374 ms) is 13% of the mean (2.90 sec)

Try to rerun the benchmark with more runs, values and/or loops.
Run 'python -m pyperf system tune' command to reduce the system jitter.
Use pyperf stats, pyperf dump and pyperf hist to analyze results.
Use --quiet option to hide these warnings.

shortest_path: Mean +- std dev: 2.90 sec +- 0.37 sec
[49/83] networkx_connected_components...
# /home/qianhuiwang/cpython/build-purecap/python -u /home/qianhuiwang/cpython/build-purecap/lib/python3.12/site-packages/pyperformance/data-files/benchmarks/bm_networkx/run_benchmark.py connected_components --output /tmp/tmp322oikh8 --inherit-environ PYPERFORMANCE_RUNID
.....................
connected_components: Mean +- std dev: 2.18 sec +- 0.11 sec
[50/83] networkx_k_core...
# /home/qianhuiwang/cpython/build-purecap/python -u /home/qianhuiwang/cpython/build-purecap/lib/python3.12/site-packages/pyperformance/data-files/benchmarks/bm_networkx/run_benchmark.py k_core --output /tmp/tmp1g8lj_kq --inherit-environ PYPERFORMANCE_RUNID
.....................
k_core: Mean +- std dev: 14.7 sec +- 0.1 sec
[51/83] nqueens...
# /home/qianhuiwang/cpython/build-purecap/python -u /home/qianhuiwang/cpython/build-purecap/lib/python3.12/site-packages/pyperformance/data-files/benchmarks/bm_nqueens/run_benchmark.py --output /tmp/tmp3b8wez9k --inherit-environ PYPERFORMANCE_RUNID
.....................
nqueens: Mean +- std dev: 774 ms +- 11 ms
[52/83] pathlib...
# /home/qianhuiwang/cpython/build-purecap/python -u /home/qianhuiwang/cpython/build-purecap/lib/python3.12/site-packages/pyperformance/data-files/benchmarks/bm_pathlib/run_benchmark.py --output /tmp/tmp4p73aiw7 --inherit-environ PYPERFORMANCE_RUNID
.....................
pathlib: Mean +- std dev: 168 ms +- 1 ms
[53/83] pickle...
# /home/qianhuiwang/cpython/build-purecap/python -u /home/qianhuiwang/cpython/build-purecap/lib/python3.12/site-packages/pyperformance/data-files/benchmarks/bm_pickle/run_benchmark.py pickle --output /tmp/tmp5tce7qe5 --inherit-environ PYPERFORMANCE_RUNID
.....................
pickle: Mean +- std dev: 113 us +- 9 us
[54/83] pickle_dict...
# /home/qianhuiwang/cpython/build-purecap/python -u /home/qianhuiwang/cpython/build-purecap/lib/python3.12/site-packages/pyperformance/data-files/benchmarks/bm_pickle/run_benchmark.py pickle_dict --output /tmp/tmpsozteg4b --inherit-environ PYPERFORMANCE_RUNID
.....................
pickle_dict: Mean +- std dev: 153 us +- 3 us
[55/83] pickle_list...
# /home/qianhuiwang/cpython/build-purecap/python -u /home/qianhuiwang/cpython/build-purecap/lib/python3.12/site-packages/pyperformance/data-files/benchmarks/bm_pickle/run_benchmark.py pickle_list --output /tmp/tmpellajgmg --inherit-environ PYPERFORMANCE_RUNID
.....................
pickle_list: Mean +- std dev: 30.7 us +- 2.0 us
[56/83] pickle_pure_python...
# /home/qianhuiwang/cpython/build-purecap/python -u /home/qianhuiwang/cpython/build-purecap/lib/python3.12/site-packages/pyperformance/data-files/benchmarks/bm_pickle/run_benchmark.py --pure-python pickle --output /tmp/tmpq6qcm0s6 --inherit-environ PYPERFORMANCE_RUNID
.....................
pickle_pure_python: Mean +- std dev: 2.96 ms +- 0.02 ms
[57/83] pidigits...
# /home/qianhuiwang/cpython/build-purecap/python -u /home/qianhuiwang/cpython/build-purecap/lib/python3.12/site-packages/pyperformance/data-files/benchmarks/bm_pidigits/run_benchmark.py --output /tmp/tmpm8fxa23j --inherit-environ PYPERFORMANCE_RUNID
.....................
WARNING: the benchmark result may be unstable
* Not enough samples to get a stable result (95% certainly of less than 1% variation)

Try to rerun the benchmark with more runs, values and/or loops.
Run 'python -m pyperf system tune' command to reduce the system jitter.
Use pyperf stats, pyperf dump and pyperf hist to analyze results.
Use --quiet option to hide these warnings.

pidigits: Mean +- std dev: 1.35 sec +- 0.05 sec
[58/83] pprint...
# /home/qianhuiwang/cpython/build-purecap/python -u /home/qianhuiwang/cpython/build-purecap/lib/python3.12/site-packages/pyperformance/data-files/benchmarks/bm_pprint/run_benchmark.py --output /tmp/tmpch383ixc --inherit-environ PYPERFORMANCE_RUNID
.....................
pprint_safe_repr: Mean +- std dev: 6.70 sec +- 0.04 sec
.....................
pprint_pformat: Mean +- std dev: 13.7 sec +- 0.1 sec
[59/83] pyflate...
# /home/qianhuiwang/cpython/build-purecap/python -u /home/qianhuiwang/cpython/build-purecap/lib/python3.12/site-packages/pyperformance/data-files/benchmarks/bm_pyflate/run_benchmark.py --output /tmp/tmpv6h1cf9p --inherit-environ PYPERFORMANCE_RUNID
.....................
pyflate: Mean +- std dev: 4.79 sec +- 0.06 sec
[60/83] python_startup...
# /home/qianhuiwang/cpython/build-purecap/python -u /home/qianhuiwang/cpython/build-purecap/lib/python3.12/site-packages/pyperformance/data-files/benchmarks/bm_python_startup/run_benchmark.py --output /tmp/tmpxjmzh5ma --inherit-environ PYPERFORMANCE_RUNID
.....................
python_startup: Mean +- std dev: 69.2 ms +- 0.4 ms
[61/83] python_startup_no_site...
# /home/qianhuiwang/cpython/build-purecap/python -u /home/qianhuiwang/cpython/build-purecap/lib/python3.12/site-packages/pyperformance/data-files/benchmarks/bm_python_startup/run_benchmark.py --no-site --output /tmp/tmpj5q1oxi2 --inherit-environ PYPERFORMANCE_RUNID
.....................
python_startup_no_site: Mean +- std dev: 44.0 ms +- 0.3 ms
[62/83] raytrace...
# /home/qianhuiwang/cpython/build-purecap/python -u /home/qianhuiwang/cpython/build-purecap/lib/python3.12/site-packages/pyperformance/data-files/benchmarks/bm_raytrace/run_benchmark.py --output /tmp/tmpfutcexxg --inherit-environ PYPERFORMANCE_RUNID
.....................
raytrace: Mean +- std dev: 3.31 sec +- 0.02 sec
[63/83] regex_compile...
# /home/qianhuiwang/cpython/build-purecap/python -u /home/qianhuiwang/cpython/build-purecap/lib/python3.12/site-packages/pyperformance/data-files/benchmarks/bm_regex_compile/run_benchmark.py --output /tmp/tmpoxwva91d --inherit-environ PYPERFORMANCE_RUNID
.....................
regex_compile: Mean +- std dev: 1.10 sec +- 0.01 sec
[64/83] regex_dna...
# /home/qianhuiwang/cpython/build-purecap/python -u /home/qianhuiwang/cpython/build-purecap/lib/python3.12/site-packages/pyperformance/data-files/benchmarks/bm_regex_dna/run_benchmark.py --output /tmp/tmplppnxwvd --inherit-environ PYPERFORMANCE_RUNID
.....................
regex_dna: Mean +- std dev: 622 ms +- 22 ms
[65/83] regex_effbot...
# /home/qianhuiwang/cpython/build-purecap/python -u /home/qianhuiwang/cpython/build-purecap/lib/python3.12/site-packages/pyperformance/data-files/benchmarks/bm_regex_effbot/run_benchmark.py --output /tmp/tmpp6q4yo1a --inherit-environ PYPERFORMANCE_RUNID
.....................
WARNING: the benchmark result may be unstable
* Not enough samples to get a stable result (95% certainly of less than 1% variation)

Try to rerun the benchmark with more runs, values and/or loops.
Run 'python -m pyperf system tune' command to reduce the system jitter.
Use pyperf stats, pyperf dump and pyperf hist to analyze results.
Use --quiet option to hide these warnings.

regex_effbot: Mean +- std dev: 20.5 ms +- 0.7 ms
[66/83] regex_v8...
# /home/qianhuiwang/cpython/build-purecap/python -u /home/qianhuiwang/cpython/build-purecap/lib/python3.12/site-packages/pyperformance/data-files/benchmarks/bm_regex_v8/run_benchmark.py --output /tmp/tmpnlyoquid --inherit-environ PYPERFORMANCE_RUNID
.....................
WARNING: the benchmark result may be unstable
* the standard deviation (50.2 ms) is 19% of the mean (262 ms)

Try to rerun the benchmark with more runs, values and/or loops.
Run 'python -m pyperf system tune' command to reduce the system jitter.
Use pyperf stats, pyperf dump and pyperf hist to analyze results.
Use --quiet option to hide these warnings.

regex_v8: Mean +- std dev: 262 ms +- 50 ms
[67/83] richards...
# /home/qianhuiwang/cpython/build-purecap/python -u /home/qianhuiwang/cpython/build-purecap/lib/python3.12/site-packages/pyperformance/data-files/benchmarks/bm_richards/run_benchmark.py --output /tmp/tmppv82iv7j --inherit-environ PYPERFORMANCE_RUNID
.....................
richards: Mean +- std dev: 401 ms +- 4 ms
[68/83] richards_super...
# /home/qianhuiwang/cpython/build-purecap/python -u /home/qianhuiwang/cpython/build-purecap/lib/python3.12/site-packages/pyperformance/data-files/benchmarks/bm_richards_super/run_benchmark.py --output /tmp/tmp1khqzgvi --inherit-environ PYPERFORMANCE_RUNID
.....................
richards_super: Mean +- std dev: 452 ms +- 3 ms
[69/83] scimark...
# /home/qianhuiwang/cpython/build-purecap/python -u /home/qianhuiwang/cpython/build-purecap/lib/python3.12/site-packages/pyperformance/data-files/benchmarks/bm_scimark/run_benchmark.py --output /tmp/tmpynhin5x3 --inherit-environ PYPERFORMANCE_RUNID
.....................
scimark_fft: Mean +- std dev: 3.65 sec +- 0.04 sec
.....................
scimark_lu: Mean +- std dev: 967 ms +- 10 ms
.....................
scimark_monte_carlo: Mean +- std dev: 591 ms +- 5 ms
.....................
WARNING: the benchmark result may be unstable
* Not enough samples to get a stable result (95% certainly of less than 1% variation)

Try to rerun the benchmark with more runs, values and/or loops.
Run 'python -m pyperf system tune' command to reduce the system jitter.
Use pyperf stats, pyperf dump and pyperf hist to analyze results.
Use --quiet option to hide these warnings.

scimark_sor: Mean +- std dev: 1.28 sec +- 0.03 sec
.....................
WARNING: the benchmark result may be unstable
* Not enough samples to get a stable result (95% certainly of less than 1% variation)

Try to rerun the benchmark with more runs, values and/or loops.
Run 'python -m pyperf system tune' command to reduce the system jitter.
Use pyperf stats, pyperf dump and pyperf hist to analyze results.
Use --quiet option to hide these warnings.

scimark_sparse_mat_mult: Mean +- std dev: 63.7 ms +- 1.0 ms
[70/83] spectral_norm...
# /home/qianhuiwang/cpython/build-purecap/python -u /home/qianhuiwang/cpython/build-purecap/lib/python3.12/site-packages/pyperformance/data-files/benchmarks/bm_spectral_norm/run_benchmark.py --output /tmp/tmpmrwzlxr9 --inherit-environ PYPERFORMANCE_RUNID
.....................
WARNING: the benchmark result may be unstable
* Not enough samples to get a stable result (95% certainly of less than 1% variation)

Try to rerun the benchmark with more runs, values and/or loops.
Run 'python -m pyperf system tune' command to reduce the system jitter.
Use pyperf stats, pyperf dump and pyperf hist to analyze results.
Use --quiet option to hide these warnings.

spectral_norm: Mean +- std dev: 1.25 sec +- 0.02 sec
[71/83] sphinx...
# /home/qianhuiwang/cpython/build-purecap/python -u /home/qianhuiwang/cpython/build-purecap/lib/python3.12/site-packages/pyperformance/data-files/benchmarks/bm_sphinx/run_benchmark.py --output /tmp/tmpbcateky2 --inherit-environ PYPERFORMANCE_RUNID
/home/qianhuiwang/cpython/build-purecap/lib/python3.12/site-packages/pytz/tzinfo.py:27: DeprecationWarning: datetime.datetime.utcfromtimestamp() is deprecated and scheduled for removal in a future version. Use timezone-aware objects to represent datetimes in UTC: datetime.datetime.fromtimestamp(timestamp, datetime.UTC).
  _epoch = datetime.utcfromtimestamp(0)
/home/qianhuiwang/cpython/build-purecap/lib/python3.12/site-packages/pytz/tzinfo.py:27: DeprecationWarning: datetime.datetime.utcfromtimestamp() is deprecated and scheduled for removal in a future version. Use timezone-aware objects to represent datetimes in UTC: datetime.datetime.fromtimestamp(timestamp, datetime.UTC).
  _epoch = datetime.utcfromtimestamp(0)
/home/qianhuiwang/cpython/build-purecap/lib/python3.12/site-packages/certifi/core.py:36: DeprecationWarning: path is deprecated. Use files() instead. Refer to https://importlib-resources.readthedocs.io/en/latest/using.html#migrating-from-legacy for migration advice.
  _CACERT_CTX = get_path("certifi", "cacert.pem")
Traceback (most recent call last):
  File "/home/qianhuiwang/cpython/build-purecap/lib/python3.12/site-packages/pyperformance/data-files/benchmarks/bm_sphinx/run_benchmark.py", line 127, in <module>
    runner.bench_time_func("sphinx", bench_sphinx, DOC_ROOT)
  File "/home/qianhuiwang/cpython/build-purecap/lib/python3.12/site-packages/pyperf/_runner.py", line 499, in bench_time_func
    result = self._main(task)
             ^^^^^^^^^^^^^^^^
  File "/home/qianhuiwang/cpython/build-purecap/lib/python3.12/site-packages/pyperf/_runner.py", line 465, in _main
    bench = self._manager()
            ^^^^^^^^^^^^^^^
  File "/home/qianhuiwang/cpython/build-purecap/lib/python3.12/site-packages/pyperf/_runner.py", line 678, in _manager
    bench = Manager(self).create_bench()
            ^^^^^^^^^^^^^^^^^^^^^^^^^^^^
  File "/home/qianhuiwang/cpython/build-purecap/lib/python3.12/site-packages/pyperf/_manager.py", line 243, in create_bench
    worker_bench, run = self.create_worker_bench()
                        ^^^^^^^^^^^^^^^^^^^^^^^^^^
  File "/home/qianhuiwang/cpython/build-purecap/lib/python3.12/site-packages/pyperf/_manager.py", line 142, in create_worker_bench
    suite = self.create_suite()
            ^^^^^^^^^^^^^^^^^^^
  File "/home/qianhuiwang/cpython/build-purecap/lib/python3.12/site-packages/pyperf/_manager.py", line 132, in create_suite
    suite = self.spawn_worker(self.calibrate_loops, 0)
            ^^^^^^^^^^^^^^^^^^^^^^^^^^^^^^^^^^^^^^^^^^
  File "/home/qianhuiwang/cpython/build-purecap/lib/python3.12/site-packages/pyperf/_manager.py", line 118, in spawn_worker
    raise RuntimeError("%s failed with exit code %s"
RuntimeError: /home/qianhuiwang/cpython/build-purecap/python failed with exit code -34
Traceback (most recent call last):
  File "/home/qianhuiwang/cpython/build-purecap/lib/python3.12/site-packages/pyperformance/run.py", line 173, in run_benchmarks
    result = bench.run(
             ^^^^^^^^^^
  File "/home/qianhuiwang/cpython/build-purecap/lib/python3.12/site-packages/pyperformance/_benchmark.py", line 189, in run
    bench = _run_perf_script(
            ^^^^^^^^^^^^^^^^^
  File "/home/qianhuiwang/cpython/build-purecap/lib/python3.12/site-packages/pyperformance/_benchmark.py", line 240, in _run_perf_script
    raise RuntimeError("Benchmark died")
RuntimeError: Benchmark died
Command failed with exit code 1
ERROR: Benchmark sphinx failed: Benchmark died
[72/83] sqlglot_v2...
# /home/qianhuiwang/cpython/build-purecap/python -u /home/qianhuiwang/cpython/build-purecap/lib/python3.12/site-packages/pyperformance/data-files/benchmarks/bm_sqlglot_v2/run_benchmark.py normalize --output /tmp/tmp5qq6y5jo --inherit-environ PYPERFORMANCE_RUNID
.....................
WARNING: the benchmark result may be unstable
* Not enough samples to get a stable result (95% certainly of less than 1% variation)

Try to rerun the benchmark with more runs, values and/or loops.
Run 'python -m pyperf system tune' command to reduce the system jitter.
Use pyperf stats, pyperf dump and pyperf hist to analyze results.
Use --quiet option to hide these warnings.

sqlglot_v2_normalize: Mean +- std dev: 1.11 sec +- 0.02 sec
[73/83] sqlglot_v2_optimize...
# /home/qianhuiwang/cpython/build-purecap/python -u /home/qianhuiwang/cpython/build-purecap/lib/python3.12/site-packages/pyperformance/data-files/benchmarks/bm_sqlglot_v2/run_benchmark.py optimize --output /tmp/tmp0xciwvif --inherit-environ PYPERFORMANCE_RUNID
.....................
sqlglot_v2_optimize: Mean +- std dev: 505 ms +- 6 ms
[74/83] sqlglot_v2_parse...
# /home/qianhuiwang/cpython/build-purecap/python -u /home/qianhuiwang/cpython/build-purecap/lib/python3.12/site-packages/pyperformance/data-files/benchmarks/bm_sqlglot_v2/run_benchmark.py parse --output /tmp/tmp8nsixlw1 --inherit-environ PYPERFORMANCE_RUNID
.....................
sqlglot_v2_parse: Mean +- std dev: 12.1 ms +- 0.3 ms
[75/83] sqlglot_v2_transpile...
# /home/qianhuiwang/cpython/build-purecap/python -u /home/qianhuiwang/cpython/build-purecap/lib/python3.12/site-packages/pyperformance/data-files/benchmarks/bm_sqlglot_v2/run_benchmark.py transpile --output /tmp/tmpwope5w6y --inherit-environ PYPERFORMANCE_RUNID
.....................
sqlglot_v2_transpile: Mean +- std dev: 14.3 ms +- 0.4 ms
[76/83] sqlite_synth...
# /home/qianhuiwang/cpython/build-purecap/python -u /home/qianhuiwang/cpython/build-purecap/lib/python3.12/site-packages/pyperformance/data-files/benchmarks/bm_sqlite_synth/run_benchmark.py --output /tmp/tmpnnxetuou --inherit-environ PYPERFORMANCE_RUNID
.....................
sqlite_synth: Mean +- std dev: 20.3 us +- 0.1 us
[77/83] telco...
# /home/qianhuiwang/cpython/build-purecap/python -u /home/qianhuiwang/cpython/build-purecap/lib/python3.12/site-packages/pyperformance/data-files/benchmarks/bm_telco/run_benchmark.py --output /tmp/tmp5nse2w83 --inherit-environ PYPERFORMANCE_RUNID
.....................
telco: Mean +- std dev: 60.2 ms +- 0.3 ms
[78/83] typing_runtime_protocols...
# /home/qianhuiwang/cpython/build-purecap/python -u /home/qianhuiwang/cpython/build-purecap/lib/python3.12/site-packages/pyperformance/data-files/benchmarks/bm_typing_runtime_protocols/run_benchmark.py --output /tmp/tmpl9er9jcw --inherit-environ PYPERFORMANCE_RUNID
.....................
WARNING: the benchmark result may be unstable
* Not enough samples to get a stable result (95% certainly of less than 1% variation)

Try to rerun the benchmark with more runs, values and/or loops.
Run 'python -m pyperf system tune' command to reduce the system jitter.
Use pyperf stats, pyperf dump and pyperf hist to analyze results.
Use --quiet option to hide these warnings.

typing_runtime_protocols: Mean +- std dev: 1.10 ms +- 0.02 ms
[79/83] unpack_sequence...
# /home/qianhuiwang/cpython/build-purecap/python -u /home/qianhuiwang/cpython/build-purecap/lib/python3.12/site-packages/pyperformance/data-files/benchmarks/bm_unpack_sequence/run_benchmark.py --output /tmp/tmpr4jm__xw --inherit-environ PYPERFORMANCE_RUNID
.....................
unpack_sequence: Mean +- std dev: 325 ns +- 1 ns
[80/83] unpickle...
# /home/qianhuiwang/cpython/build-purecap/python -u /home/qianhuiwang/cpython/build-purecap/lib/python3.12/site-packages/pyperformance/data-files/benchmarks/bm_pickle/run_benchmark.py unpickle --output /tmp/tmpyo7qqpmy --inherit-environ PYPERFORMANCE_RUNID
.....................
unpickle: Mean +- std dev: 174 us +- 3 us
[81/83] unpickle_list...
# /home/qianhuiwang/cpython/build-purecap/python -u /home/qianhuiwang/cpython/build-purecap/lib/python3.12/site-packages/pyperformance/data-files/benchmarks/bm_pickle/run_benchmark.py unpickle_list --output /tmp/tmpuhvuhqib --inherit-environ PYPERFORMANCE_RUNID
.....................
unpickle_list: Mean +- std dev: 42.8 us +- 0.2 us
[82/83] unpickle_pure_python...
# /home/qianhuiwang/cpython/build-purecap/python -u /home/qianhuiwang/cpython/build-purecap/lib/python3.12/site-packages/pyperformance/data-files/benchmarks/bm_pickle/run_benchmark.py --pure-python unpickle --output /tmp/tmpfgatwzsx --inherit-environ PYPERFORMANCE_RUNID
.....................
unpickle_pure_python: Mean +- std dev: 2.02 ms +- 0.02 ms
[83/83] xml_etree...
# /home/qianhuiwang/cpython/build-purecap/python -u /home/qianhuiwang/cpython/build-purecap/lib/python3.12/site-packages/pyperformance/data-files/benchmarks/bm_xml_etree/run_benchmark.py --output /tmp/tmp1i8ahhnn --inherit-environ PYPERFORMANCE_RUNID
.....................
xml_etree_parse: Mean +- std dev: 1.16 sec +- 0.02 sec
.....................
xml_etree_iterparse: Mean +- std dev: 919 ms +- 9 ms
.....................
xml_etree_generate: Mean +- std dev: 871 ms +- 24 ms
.....................
xml_etree_process: Mean +- std dev: 591 ms +- 13 ms

Performance version: 1.11.0
Report on FreeBSD-15.0-CURRENT-arm64-aarch64c-64bit-ELF
Number of logical CPUs: 4
Start date: 2025-04-07 19:39:59.483982
End date: 2025-04-08 03:52:57.558888

### many_optionals ###
Mean +- std dev: 4.43 ms +- 0.12 ms

### subparsers ###
Mean +- std dev: 650 ms +- 31 ms

### async_generators ###
Mean +- std dev: 4.08 sec +- 0.03 sec

### async_tree_none ###
Mean +- std dev: 6.90 sec +- 0.07 sec

### async_tree_cpu_io_mixed ###
Mean +- std dev: 9.04 sec +- 0.06 sec

### async_tree_cpu_io_mixed_tg ###
Mean +- std dev: 8.74 sec +- 0.10 sec

### async_tree_eager ###
Mean +- std dev: 1.03 sec +- 0.03 sec

### async_tree_eager_cpu_io_mixed ###
Mean +- std dev: 3.39 sec +- 0.11 sec

### async_tree_eager_cpu_io_mixed_tg ###
Mean +- std dev: 2.85 sec +- 0.05 sec

### async_tree_eager_io ###
Mean +- std dev: 21.3 sec +- 0.3 sec

### async_tree_eager_io_tg ###
Mean +- std dev: 22.3 sec +- 0.2 sec

### async_tree_eager_memoization ###
Mean +- std dev: 3.25 sec +- 0.11 sec

### async_tree_eager_memoization_tg ###
Mean +- std dev: 2.35 sec +- 0.11 sec

### async_tree_eager_tg ###
Mean +- std dev: 764 ms +- 24 ms

### async_tree_io ###
Mean +- std dev: 17.9 sec +- 0.2 sec

### async_tree_io_tg ###
Mean +- std dev: 18.2 sec +- 0.2 sec

### async_tree_memoization ###
Mean +- std dev: 8.39 sec +- 0.11 sec

### async_tree_memoization_tg ###
Mean +- std dev: 8.25 sec +- 0.12 sec

### async_tree_none_tg ###
Mean +- std dev: 6.44 sec +- 0.08 sec

### bpe_tokeniser ###
Mean +- std dev: 50.9 sec +- 0.9 sec

### chaos ###
Mean +- std dev: 603 ms +- 2 ms

### comprehensions ###
Mean +- std dev: 208 us +- 2 us

### bench_mp_pool ###
Mean +- std dev: 69.4 ms +- 19.0 ms

### bench_thread_pool ###
Mean +- std dev: 6.58 ms +- 0.26 ms

### coroutines ###
Mean +- std dev: 224 ms +- 2 ms

### coverage ###
Mean +- std dev: 406 ms +- 2 ms

### crypto_pyaes ###
Mean +- std dev: 745 ms +- 7 ms

### deepcopy ###
Mean +- std dev: 3.35 ms +- 0.04 ms

### deepcopy_reduce ###
Mean +- std dev: 30.8 us +- 0.2 us

### deepcopy_memo ###
Mean +- std dev: 421 us +- 3 us

### deltablue ###
Mean +- std dev: 37.9 ms +- 1.1 ms

### django_template ###
Mean +- std dev: 310 ms +- 1 ms

### dulwich_log ###
Mean +- std dev: 384 ms +- 10 ms

### fannkuch ###
Mean +- std dev: 2.91 sec +- 0.00 sec

### float ###
Mean +- std dev: 1.02 sec +- 0.01 sec

### create_gc_cycles ###
Mean +- std dev: 16.6 ms +- 0.2 ms

### gc_traversal ###
Mean +- std dev: 28.3 ms +- 0.2 ms

### generators ###
Mean +- std dev: 350 ms +- 14 ms

### genshi_text ###
Mean +- std dev: 232 ms +- 3 ms

### genshi_xml ###
Mean +- std dev: 502 ms +- 11 ms

### go ###
Mean +- std dev: 1.14 sec +- 0.01 sec

### hexiom ###
Mean +- std dev: 55.4 ms +- 0.8 ms

### html5lib ###
Mean +- std dev: 481 ms +- 49 ms

### json_dumps ###
Mean +- std dev: 89.7 ms +- 1.0 ms

### json_loads ###
Mean +- std dev: 241 us +- 3 us

### logging_format ###
Mean +- std dev: 58.4 us +- 1.2 us

### logging_silent ###
Mean +- std dev: 1.12 us +- 0.01 us

### logging_simple ###
Mean +- std dev: 53.7 us +- 1.1 us

### mako ###
Mean +- std dev: 113 ms +- 1 ms

### mdp ###
Mean +- std dev: 18.7 sec +- 0.1 sec

### meteor_contest ###
Mean +- std dev: 728 ms +- 2 ms

### nbody ###
Mean +- std dev: 1.17 sec +- 0.00 sec

### shortest_path ###
Mean +- std dev: 2.90 sec +- 0.37 sec

### connected_components ###
Mean +- std dev: 2.18 sec +- 0.11 sec

### k_core ###
Mean +- std dev: 14.7 sec +- 0.1 sec

### nqueens ###
Mean +- std dev: 774 ms +- 11 ms

### pathlib ###
Mean +- std dev: 168 ms +- 1 ms

### pickle ###
Mean +- std dev: 113 us +- 9 us

### pickle_dict ###
Mean +- std dev: 153 us +- 3 us

### pickle_list ###
Mean +- std dev: 30.7 us +- 2.0 us

### pickle_pure_python ###
Mean +- std dev: 2.96 ms +- 0.02 ms

### pidigits ###
Mean +- std dev: 1.35 sec +- 0.05 sec

### pprint_safe_repr ###
Mean +- std dev: 6.70 sec +- 0.04 sec

### pprint_pformat ###
Mean +- std dev: 13.7 sec +- 0.1 sec

### pyflate ###
Mean +- std dev: 4.79 sec +- 0.06 sec

### python_startup ###
Mean +- std dev: 69.2 ms +- 0.4 ms

### python_startup_no_site ###
Mean +- std dev: 44.0 ms +- 0.3 ms

### raytrace ###
Mean +- std dev: 3.31 sec +- 0.02 sec

### regex_compile ###
Mean +- std dev: 1.10 sec +- 0.01 sec

### regex_dna ###
Mean +- std dev: 622 ms +- 22 ms

### regex_effbot ###
Mean +- std dev: 20.5 ms +- 0.7 ms

### regex_v8 ###
Mean +- std dev: 262 ms +- 50 ms

### richards ###
Mean +- std dev: 401 ms +- 4 ms

### richards_super ###
Mean +- std dev: 452 ms +- 3 ms

### scimark_fft ###
Mean +- std dev: 3.65 sec +- 0.04 sec

### scimark_lu ###
Mean +- std dev: 967 ms +- 10 ms

### scimark_monte_carlo ###
Mean +- std dev: 591 ms +- 5 ms

### scimark_sor ###
Mean +- std dev: 1.28 sec +- 0.03 sec

### scimark_sparse_mat_mult ###
Mean +- std dev: 63.7 ms +- 1.0 ms

### spectral_norm ###
Mean +- std dev: 1.25 sec +- 0.02 sec

### sqlglot_v2_normalize ###
Mean +- std dev: 1.11 sec +- 0.02 sec

### sqlglot_v2_optimize ###
Mean +- std dev: 505 ms +- 6 ms

### sqlglot_v2_parse ###
Mean +- std dev: 12.1 ms +- 0.3 ms

### sqlglot_v2_transpile ###
Mean +- std dev: 14.3 ms +- 0.4 ms

### sqlite_synth ###
Mean +- std dev: 20.3 us +- 0.1 us

### telco ###
Mean +- std dev: 60.2 ms +- 0.3 ms

### typing_runtime_protocols ###
Mean +- std dev: 1.10 ms +- 0.02 ms

### unpack_sequence ###
Mean +- std dev: 325 ns +- 1 ns

### unpickle ###
Mean +- std dev: 174 us +- 3 us

### unpickle_list ###
Mean +- std dev: 42.8 us +- 0.2 us

### unpickle_pure_python ###
Mean +- std dev: 2.02 ms +- 0.02 ms

### xml_etree_parse ###
Mean +- std dev: 1.16 sec +- 0.02 sec

### xml_etree_iterparse ###
Mean +- std dev: 919 ms +- 9 ms

### xml_etree_generate ###
Mean +- std dev: 871 ms +- 24 ms

### xml_etree_process ###
Mean +- std dev: 591 ms +- 13 ms

2 benchmarks failed:
- chameleon (Benchmark died)
- sphinx (Benchmark died)

